,timestamp,GPS_INPUT.sysid,GPS_INPUT.compid,GPS_INPUT.time_usec,GPS_INPUT.gps_id,GPS_INPUT.ignore_flags,GPS_INPUT.time_week_ms,GPS_INPUT.time_week,GPS_INPUT.fix_type,GPS_INPUT.lat,GPS_INPUT.lon,GPS_INPUT.alt,GPS_INPUT.hdop,GPS_INPUT.vdop,GPS_INPUT.vn,GPS_INPUT.ve,GPS_INPUT.vd,GPS_INPUT.speed_accuracy,GPS_INPUT.horiz_accuracy,GPS_INPUT.vert_accuracy,GPS_INPUT.satellites_visible,GPS_INPUT.yaw,GPS_INPUT.lat_deg,GPS_INPUT.lon_deg,GPS_INPUT.rate
0,1728412351.6799998,1,220,0,0,185,0,0,3,476198486,-1223631430,0.0,0.6000000238418579,9.393320083618164,0.0,0.0,0.0,0.0,9.393320083618164,0.0,28,10800,47.6198486,-122.363143,3.195909045260515
1,1728412351.9429998,1,220,0,0,185,0,0,3,476198515,-1223631332,0.0,0.6000000238418579,8.949588775634766,0.0,0.0,0.0,0.0,8.949588775634766,0.0,28,10800,47.6198515,-122.3631332,3.223915422620667
2,1728412352.1769998,1,220,0,0,185,0,0,3,476198515,-1223631332,0.0,0.6000000238418579,8.949588775634766,0.0,0.0,0.0,0.0,8.949588775634766,0.0,28,10800,47.6198515,-122.3631332,3.275109139617372
3,1728412352.47,1,220,0,0,185,0,0,3,476198515,-1223631332,0.0,0.6000000238418579,8.949588775634766,0.0,0.0,0.0,0.0,8.949588775634766,0.0,28,10800,47.6198515,-122.3631332,3.296146039842622
4,1728412352.707,1,220,0,0,185,0,0,3,476198574,-1223631206,0.0,0.6000000238418579,8.767355918884277,0.0,0.0,0.0,0.0,8.767355918884277,0.0,28,10800,47.6198574,-122.3631206,3.352490326520401
5,1728412352.9529998,1,220,0,0,185,0,0,3,476198574,-1223631206,0.0,0.6000000238418579,8.038518905639648,0.0,0.0,0.0,0.0,8.038518905639648,0.0,28,10800,47.6198574,-122.3631206,3.375337529407328
6,1728412353.21,1,220,0,0,185,0,0,3,476198445,-1223631393,0.0,0.6000000238418579,8.038518905639648,0.0,0.0,0.0,0.0,8.038518905639648,0.0,28,10800,47.6198445,-122.3631393,3.207055469426772
7,1728412353.4959998,1,220,0,0,185,0,0,3,476198423,-1223631379,0.0,0.6000000238418579,8.011452674865723,0.0,0.0,0.0,0.0,8.011452674865723,0.0,28,10800,47.6198423,-122.3631379,3.24551345906522
8,1728412353.7549999,1,220,0,0,185,0,0,3,476198423,-1223631379,0.0,0.6000000238418579,8.011452674865723,0.0,0.0,0.0,0.0,8.011452674865723,0.0,28,10800,47.6198423,-122.3631379,3.263234208518831
9,1728412354.5679998,1,220,0,0,185,0,0,3,476198452,-1223631297,0.0,0.6000000238418579,8.57742977142334,0.0,0.0,0.0,0.0,8.57742977142334,0.0,28,10800,47.6198452,-122.3631297,3.294607134813196
10,1728412354.809,1,220,0,0,185,0,0,3,476198452,-1223631297,0.0,0.6000000238418579,8.57742977142334,0.0,0.0,0.0,0.0,8.57742977142334,0.0,28,10800,47.6198452,-122.3631297,3.328340787236794
11,1728412355.092,1,220,0,0,185,0,0,3,476198522,-1223631169,0.0,0.6000000238418579,8.239449501037598,0.0,0.0,0.0,0.0,8.239449501037598,0.0,28,10800,47.6198522,-122.3631169,3.304692638586116
12,1728412355.3439999,1,220,0,0,185,0,0,3,476198522,-1223631169,0.0,0.6000000238418579,8.239449501037598,0.0,0.0,0.0,0.0,8.239449501037598,0.0,28,10800,47.6198522,-122.3631169,3.304692638586116
13,1728412355.6239998,1,220,0,0,185,0,0,3,476198514,-1223631115,0.0,0.6000000238418579,7.835799217224121,0.0,0.0,0.0,0.0,7.835799217224121,0.0,28,10800,47.6198514,-122.3631115,3.3074252070618266
14,1728412355.856,1,220,0,0,185,0,0,3,476198514,-1223631115,0.0,0.6000000238418579,7.835799217224121,0.0,0.0,0.0,0.0,7.835799217224121,0.0,28,10800,47.6198514,-122.3631115,3.2965222167843065
15,1728412356.1239998,1,220,0,0,185,0,0,3,476198514,-1223631115,0.0,0.6000000238418579,7.835799217224121,0.0,0.0,0.0,0.0,7.835799217224121,0.0,28,10800,47.6198514,-122.3631115,3.282994086499137
16,1728412356.669,1,220,0,0,185,0,0,3,476198509,-1223631062,0.0,0.6000000238418579,8.060039520263672,0.0,0.0,0.0,0.0,8.060039520263672,0.0,28,10899,47.6198509,-122.3631062,3.2862307119329244
17,1728412356.918,1,220,0,0,185,0,0,3,476198509,-1223631062,0.0,0.6000000238418579,8.060039520263672,0.0,0.0,0.0,0.0,8.060039520263672,0.0,28,10899,47.6198509,-122.3631062,3.2900148071311746
18,1728412357.1959999,1,220,0,0,185,0,0,3,476198540,-1223630966,0.0,0.6000000238418579,7.576021671295166,0.0,0.0,0.0,0.0,7.576021671295166,0.0,28,11000,47.619854,-122.3630966,3.294350135605228
19,1728412357.447,1,220,0,0,185,0,0,3,476198528,-1223630936,0.0,0.6000000238418579,7.2992424964904785,0.0,0.0,0.0,0.0,7.2992424964904785,0.0,28,11400,47.6198528,-122.3630936,3.6456434155099497
20,1728412357.689,1,220,0,0,185,0,0,3,476198528,-1223630936,0.0,0.6000000238418579,7.2992424964904785,0.0,0.0,0.0,0.0,7.2992424964904785,0.0,28,11400,47.6198528,-122.3630936,3.6277888551574917
21,1728412357.995,1,220,0,0,185,0,0,3,476198354,-1223631287,0.0,0.6000000238418579,6.746914863586426,0.0,0.0,0.0,0.0,6.746914863586426,0.0,28,11600,47.6198354,-122.3631287,3.633060935589173
22,1728412358.2289999,1,220,0,0,185,0,0,3,476198354,-1223631287,0.0,0.6000000238418579,6.746914863586426,0.0,0.0,0.0,0.0,6.746914863586426,0.0,28,11600,47.6198354,-122.3631287,3.631741440136545
23,1728412358.517,1,220,0,0,185,0,0,3,476198299,-1223631382,0.0,0.6000000238418579,6.7407307624816895,0.0,0.0,0.0,0.0,6.7407307624816895,0.0,28,11900,47.6198299,-122.3631382,3.6483034639626757
24,1728412358.774,1,220,0,0,185,0,0,3,476198299,-1223631382,0.0,0.6000000238418579,6.7407307624816895,0.0,0.0,0.0,0.0,6.7407307624816895,0.0,28,11900,47.6198299,-122.3631382,3.6225322100439645
25,1728412359.0449998,1,220,0,0,185,0,0,3,476198272,-1223631434,0.0,0.6000000238418579,6.715064525604248,0.0,0.0,0.0,0.0,6.715064525604248,0.0,28,12200,47.6198272,-122.3631434,3.4506556222975835
26,1728412359.296,1,220,0,0,185,0,0,3,476198272,-1223631434,0.0,0.6000000238418579,6.715064525604248,0.0,0.0,0.0,0.0,6.715064525604248,0.0,28,12200,47.6198272,-122.3631434,3.631741440136545
27,1728412359.5749998,1,220,0,0,185,0,0,3,476198295,-1223631405,0.0,0.6000000238418579,6.626967430114746,0.0,0.0,0.0,0.0,6.626967430114746,0.0,28,12300,47.6198295,-122.3631405,3.629764071618172
28,1728412359.826,1,220,0,0,185,0,0,3,476198344,-1223631332,0.0,0.6000000238418579,6.568425178527832,0.0,0.0,0.0,0.0,6.568425178527832,0.0,28,12400,47.6198344,-122.3631332,3.649635023793565
29,1728412360.054,1,220,0,0,185,0,0,3,476198344,-1223631332,0.0,0.6000000238418579,6.568425178527832,0.0,0.0,0.0,0.0,6.568425178527832,0.0,28,12400,47.6198344,-122.3631332,3.631741440136545
30,1728412360.322,1,220,0,0,185,0,0,3,476198344,-1223631332,0.0,0.6000000238418579,6.568425178527832,0.0,0.0,0.0,0.0,6.568425178527832,0.0,28,12400,47.6198344,-122.3631332,3.61990943977892
31,1728412360.597,1,220,0,0,185,0,0,3,476198398,-1223631244,0.0,0.6000000238418579,6.565752029418945,0.0,0.0,0.0,0.0,6.565752029418945,0.0,28,12400,47.6198398,-122.3631244,3.642323844337459
32,1728412360.8509998,1,220,0,0,185,0,0,3,476198398,-1223631244,0.0,0.6000000238418579,6.495129585266113,0.0,0.0,0.0,0.0,6.495129585266113,0.0,28,12400,47.6198398,-122.3631244,3.6264731857783903
33,1728412361.106,1,220,0,0,185,0,0,3,476198443,-1223631152,0.0,0.6000000238418579,6.495129585266113,0.0,0.0,0.0,0.0,6.495129585266113,0.0,28,12400,47.6198443,-122.3631152,3.6489692017653677
34,1728412361.3769999,1,220,0,0,185,0,0,3,476198443,-1223631152,0.0,0.6000000238418579,6.495129585266113,0.0,0.0,0.0,0.0,6.495129585266113,0.0,28,12400,47.6198443,-122.3631152,3.642323844337459
35,1728412361.9199998,1,220,0,0,185,0,0,3,476198443,-1223631152,0.0,0.6000000238418579,7.076256275177002,0.0,0.0,0.0,0.0,7.076256275177002,0.0,28,12400,47.6198443,-122.3631152,3.650301088849234
36,1728412362.1759999,1,220,0,0,185,0,0,3,476198525,-1223630989,0.0,0.6000000238418579,7.076256275177002,0.0,0.0,0.0,0.0,7.076256275177002,0.0,28,12400,47.6198525,-122.3630989,3.6536353824671313
37,1728412362.428,1,220,0,0,185,0,0,3,476198482,-1223631004,0.0,0.6000000238418579,6.602659702301025,0.0,0.0,0.0,0.0,6.602659702301025,0.0,28,12400,47.6198482,-122.3631004,3.652967941084702
38,1728412362.6759999,1,220,0,0,185,0,0,3,476198482,-1223631004,0.0,0.6000000238418579,6.602659702301025,0.0,0.0,0.0,0.0,6.602659702301025,0.0,28,12400,47.6198482,-122.3631004,3.6324009893894638
39,1728412362.954,1,220,0,0,185,0,0,3,476198470,-1223630989,0.0,0.6000000238418579,6.3527727127075195,0.0,0.0,0.0,0.0,6.3527727127075195,0.0,28,12400,47.619847,-122.3630989,3.6231884183164556
40,1728412363.214,1,220,0,0,185,0,0,3,476198470,-1223630989,0.0,0.6000000238418579,6.3527727127075195,0.0,0.0,0.0,0.0,6.3527727127075195,0.0,28,12400,47.619847,-122.3630989,3.629105479521808
41,1728412363.4859998,1,220,0,0,185,0,0,3,476198496,-1223630923,0.0,0.6000000238418579,6.280755519866943,0.0,0.0,0.0,0.0,6.280755519866943,0.0,28,12400,47.6198496,-122.3630923,3.633720964231625
42,1728412363.744,1,220,0,0,185,0,0,3,476198496,-1223630923,0.0,0.6000000238418579,6.280755519866943,0.0,0.0,0.0,0.0,6.280755519866943,0.0,28,12400,47.6198496,-122.3630923,3.63504174123386
43,1728412363.998,1,220,0,0,185,0,0,3,476198511,-1223630870,0.0,0.6000000238418579,6.333973407745361,0.0,0.0,0.0,0.0,6.333973407745361,0.0,28,12400,47.6198511,-122.363087,3.63504174123386
44,1728412364.2649999,1,220,0,0,185,0,0,3,476198511,-1223630870,0.0,0.6000000238418579,6.333973407745361,0.0,0.0,0.0,0.0,6.333973407745361,0.0,28,12400,47.6198511,-122.363087,3.6396723473634096
45,1728412364.524,1,220,0,0,185,0,0,3,476198511,-1223630839,0.0,0.6000000238418579,6.323299407958984,0.0,0.0,0.0,0.0,6.323299407958984,0.0,28,12400,47.6198511,-122.3630839,3.4686090682501916
46,1728412364.77,1,220,0,0,185,0,0,3,476198511,-1223630839,0.0,0.6000000238418579,6.323299407958984,0.0,0.0,0.0,0.0,6.323299407958984,0.0,28,12400,47.6198511,-122.3630839,3.46140526086388
47,1728412365.05,1,220,0,0,185,0,0,3,476198499,-1223630834,0.0,0.6000000238418579,6.334141731262207,0.0,0.0,0.0,0.0,6.334141731262207,0.0,28,12400,47.6198499,-122.3630834,3.453038641056922
48,1728412365.332,1,220,0,0,185,0,0,3,476198499,-1223630834,0.0,0.6000000238418579,6.334141731262207,0.0,0.0,0.0,0.0,6.334141731262207,0.0,28,12400,47.6198499,-122.3630834,3.454828101811693
49,1728412365.574,1,220,0,0,185,0,0,3,476198352,-1223631103,0.0,0.6000000238418579,6.239299297332764,0.0,0.0,0.0,0.0,6.239299297332764,0.0,28,12400,47.6198352,-122.3631103,3.4764470584149554
50,1728412365.833,1,220,0,0,185,0,0,3,476198352,-1223631103,0.0,0.6000000238418579,6.346604824066162,0.0,0.0,0.0,0.0,6.346604824066162,0.0,28,12400,47.6198352,-122.3631103,3.466204517523848
51,1728412366.1009998,1,220,0,0,185,0,0,3,476198276,-1223631249,0.0,0.6000000238418579,6.346604824066162,0.0,0.0,0.0,0.0,6.346604824066162,0.0,28,12400,47.6198276,-122.3631249,3.474635137977503
52,1728412366.353,1,220,0,0,185,0,0,3,476198276,-1223631249,0.0,0.6000000238418579,6.346604824066162,0.0,0.0,0.0,0.0,6.346604824066162,0.0,28,12400,47.6198276,-122.3631249,3.4578147090250417
53,1728412366.608,1,220,0,0,185,0,0,3,476198221,-1223631369,0.0,0.6000000238418579,6.421209335327148,0.0,0.0,0.0,0.0,6.421209335327148,0.0,28,12400,47.6198221,-122.3631369,3.4758429230101484
54,1728412366.872,1,220,0,0,185,0,0,3,476198221,-1223631369,0.0,0.6000000238418579,6.421209335327148,0.0,0.0,0.0,0.0,6.421209335327148,0.0,28,12400,47.6198221,-122.3631369,3.4429333701953877
55,1728412367.6859999,1,220,0,0,185,0,0,3,476198268,-1223631335,0.0,0.6000000238418579,7.172510147094727,0.0,0.0,0.0,0.0,7.172510147094727,0.0,28,12499,47.6198268,-122.3631335,3.454828101811693
56,1728412367.954,1,220,0,0,185,0,0,3,476198110,-1223631678,0.0,0.6000000238418579,6.6199541091918945,0.0,0.0,0.0,0.0,6.6199541091918945,0.0,28,12499,47.619811,-122.3631678,3.4500604169220024
57,1728412368.22,1,220,0,0,185,0,0,3,476198110,-1223631678,0.0,0.6000000238418579,6.6199541091918945,0.0,0.0,0.0,0.0,6.6199541091918945,0.0,28,12499,47.619811,-122.3631678,3.4488704801661356
58,1728412368.465,1,220,0,0,185,0,0,3,476198188,-1223631602,0.0,0.6000000238418579,6.439929485321045,0.0,0.0,0.0,0.0,6.439929485321045,0.0,28,12600,47.6198188,-122.3631602,3.480682326942172
59,1728412368.707,1,220,0,0,185,0,0,3,476198188,-1223631602,0.0,0.6000000238418579,6.439929485321045,0.0,0.0,0.0,0.0,6.439929485321045,0.0,28,12600,47.6198188,-122.3631602,3.4722222279711272
60,1728412368.984,1,220,0,0,185,0,0,3,476198305,-1223631455,0.0,0.6000000238418579,6.345246315002441,0.0,0.0,0.0,0.0,6.345246315002441,0.0,28,12900,47.6198305,-122.3631455,3.460806341612359
61,1728412369.2419999,1,220,0,0,185,0,0,3,476198305,-1223631455,0.0,0.6000000238418579,6.345246315002441,0.0,0.0,0.0,0.0,6.345246315002441,0.0,28,12900,47.6198305,-122.3631455,3.474031488230915
62,1728412369.5279999,1,220,0,0,185,0,0,3,476198169,-1223631713,0.0,0.6000000238418579,6.252882480621338,0.0,0.0,0.0,0.0,6.252882480621338,0.0,28,13200,47.6198169,-122.3631713,3.4740316321033577
63,1728412369.7519999,1,220,0,0,185,0,0,3,476198169,-1223631713,0.0,0.6000000238418579,6.252882480621338,0.0,0.0,0.0,0.0,6.252882480621338,0.0,28,13200,47.6198169,-122.3631713,3.4596091246722156
64,1728412370.074,1,220,0,0,185,0,0,3,476198284,-1223631553,0.0,0.6000000238418579,6.124485492706299,0.0,0.0,0.0,0.0,6.124485492706299,0.0,28,13600,47.6198284,-122.3631553,3.15357930872597
65,1728412370.313,1,220,0,0,185,0,0,3,476198284,-1223631553,0.0,0.6000000238418579,6.124485492706299,0.0,0.0,0.0,0.0,6.124485492706299,0.0,28,13600,47.6198284,-122.3631553,3.474635137977503
66,1728412370.567,1,220,0,0,185,0,0,3,476198362,-1223631410,0.0,0.6000000238418579,6.098667144775391,0.0,0.0,0.0,0.0,6.098667144775391,0.0,28,13900,47.6198362,-122.363141,3.480682326942172
67,1728412370.849,1,220,0,0,185,0,0,3,476198362,-1223631410,0.0,0.6000000238418579,6.122848033905029,0.0,0.0,0.0,0.0,6.122848033905029,0.0,28,13900,47.6198362,-122.363141,3.4632035489896524
68,1728412371.0779998,1,220,0,0,185,0,0,3,476198382,-1223631337,0.0,0.6000000238418579,6.122848033905029,0.0,0.0,0.0,0.0,6.122848033905029,0.0,28,14100,47.6198382,-122.3631337,3.4710169574280916
69,1728412371.3339999,1,220,0,0,185,0,0,3,476198382,-1223631337,0.0,0.6000000238418579,6.122848033905029,0.0,0.0,0.0,0.0,6.122848033905029,0.0,28,14100,47.6198382,-122.3631337,3.4596091246722156
70,1728412371.612,1,220,0,0,185,0,0,3,476198384,-1223631294,0.0,0.6000000238418579,6.185669898986816,0.0,0.0,0.0,0.0,6.185669898986816,0.0,28,14300,47.6198384,-122.3631294,3.460207629584314
71,1728412371.858,1,220,0,0,185,0,0,3,476198270,-1223631471,0.0,0.6000000238418579,6.20598840713501,0.0,0.0,0.0,0.0,6.20598840713501,0.0,28,14300,47.619827,-122.3631471,3.459608981991871
72,1728412372.11,1,220,0,0,185,0,0,3,476198270,-1223631471,0.0,0.6000000238418579,6.20598840713501,0.0,0.0,0.0,0.0,6.20598840713501,0.0,28,14300,47.619827,-122.3631471,3.4800765743892312
73,1728412372.389,1,220,0,0,185,0,0,3,476198270,-1223631471,0.0,0.6000000238418579,6.20598840713501,0.0,0.0,0.0,0.0,6.20598840713501,0.0,28,14300,47.619827,-122.3631471,3.436426015480821
74,1728412373.214,1,220,0,0,185,0,0,3,476198186,-1223631606,0.0,0.6000000238418579,6.895420074462891,0.0,0.0,0.0,0.0,6.895420074462891,0.0,28,14100,47.6198186,-122.3631606,3.4788658458609185
75,1728412373.442,1,220,0,0,185,0,0,3,476198156,-1223631667,0.0,0.6000000238418579,6.527289390563965,0.0,0.0,0.0,0.0,6.527289390563965,0.0,28,14100,47.6198156,-122.3631667,3.4716195599250685
76,1728412373.6999998,1,220,0,0,185,0,0,3,476198156,-1223631667,0.0,0.6000000238418579,6.527289390563965,0.0,0.0,0.0,0.0,6.527289390563965,0.0,28,14100,47.6198156,-122.3631667,3.4429333701953877
77,1728412373.995,1,220,0,0,185,0,0,3,476198140,-1223631707,0.0,0.6000000238418579,6.424914836883545,0.0,0.0,0.0,0.0,6.424914836883545,0.0,28,14400,47.619814,-122.3631707,3.4698126668599163
78,1728412374.227,1,220,0,0,185,0,0,3,476198140,-1223631707,0.0,0.6000000238418579,6.424914836883545,0.0,0.0,0.0,0.0,6.424914836883545,0.0,28,14400,47.619814,-122.3631707,3.445305731266327
79,1728412374.488,1,220,0,0,185,0,0,3,476198368,-1223631451,0.0,0.6000000238418579,6.208319187164307,0.0,0.0,0.0,0.0,6.208319187164307,0.0,28,14500,47.6198368,-122.3631451,3.4376073790262383
80,1728412374.764,1,220,0,0,185,0,0,3,476198368,-1223631451,0.0,0.6000000238418579,6.208319187164307,0.0,0.0,0.0,0.0,6.208319187164307,0.0,28,14500,47.6198368,-122.3631451,3.439381018608663
81,1728412375.023,1,220,0,0,185,0,0,3,476198461,-1223631266,0.0,0.6000000238418579,6.301451206207275,0.0,0.0,0.0,0.0,6.301451206207275,0.0,28,14600,47.6198461,-122.3631266,3.442933511503584
82,1728412375.2749999,1,220,0,0,185,0,0,3,476198461,-1223631266,0.0,0.6000000238418579,6.301451206207275,0.0,0.0,0.0,0.0,6.301451206207275,0.0,28,14600,47.6198461,-122.3631266,3.4258307292631276
83,1728412375.572,1,220,0,0,185,0,0,3,476198464,-1223631186,0.0,0.6000000238418579,6.350568771362305,0.0,0.0,0.0,0.0,6.350568771362305,0.0,28,14900,47.6198464,-122.3631186,3.2986970343960977
84,1728412375.823,1,220,0,0,185,0,0,3,476198464,-1223631186,0.0,0.6000000238418579,6.351880073547363,0.0,0.0,0.0,0.0,6.351880073547363,0.0,28,14900,47.6198464,-122.3631186,3.6416606870284185
85,1728412376.074,1,220,0,0,185,0,0,3,476198459,-1223631128,0.0,0.6000000238418579,6.351880073547363,0.0,0.0,0.0,0.0,6.351880073547363,0.0,28,15000,47.6198459,-122.3631128,3.615328952557203
86,1728412376.376,1,220,0,0,185,0,0,3,476198455,-1223631079,0.0,0.6000000238418579,6.329133987426758,0.0,0.0,0.0,0.0,6.329133987426758,0.0,28,14900,47.6198455,-122.3631079,3.6264731857783903
87,1728412376.613,1,220,0,0,185,0,0,3,476198455,-1223631079,0.0,0.6000000238418579,6.329133987426758,0.0,0.0,0.0,0.0,6.329133987426758,0.0,28,14900,47.6198455,-122.3631079,3.617944931088708
88,1728412376.883,1,220,0,0,185,0,0,3,476198455,-1223631030,0.0,0.6000000238418579,6.268736362457275,0.0,0.0,0.0,0.0,6.268736362457275,0.0,28,14800,47.6198455,-122.363103,3.616636546740109
89,1728412377.152,1,220,0,0,185,0,0,3,476198455,-1223631030,0.0,0.6000000238418579,6.268736362457275,0.0,0.0,0.0,0.0,6.268736362457275,0.0,28,14800,47.6198455,-122.363103,3.59259930217489
90,1728412377.4269998,1,220,0,0,185,0,0,3,476198343,-1223631200,0.0,0.6000000238418579,6.1864213943481445,0.0,0.0,0.0,0.0,6.1864213943481445,0.0,28,14500,47.6198343,-122.36312,3.606852971112526
91,1728412377.6669998,1,220,0,0,185,0,0,3,476198343,-1223631200,0.0,0.6000000238418579,6.1864213943481445,0.0,0.0,0.0,0.0,6.1864213943481445,0.0,28,14500,47.6198343,-122.36312,3.6159827093722297
92,1728412377.948,1,220,0,0,185,0,0,3,476198343,-1223631200,0.0,0.6000000238418579,6.1864213943481445,0.0,0.0,0.0,0.0,6.1864213943481445,0.0,28,14500,47.6198343,-122.36312,3.6101083281073474
93,1728412378.452,1,220,0,0,185,0,0,3,476198287,-1223631292,0.0,0.6000000238418579,6.699100017547607,0.0,0.0,0.0,0.0,6.699100017547607,0.0,28,14700,47.6198287,-122.3631292,3.632401146678224
94,1728412378.7059999,1,220,0,0,185,0,0,3,476198287,-1223631292,0.0,0.6000000238418579,6.699100017547607,0.0,0.0,0.0,0.0,6.699100017547607,0.0,28,14700,47.6198287,-122.3631292,3.642323844337459
95,1728412378.974,1,220,0,0,185,0,0,3,476198305,-1223631268,0.0,0.6000000238418579,6.2679219245910645,0.0,0.0,0.0,0.0,6.2679219245910645,0.0,28,14800,47.6198305,-122.3631268,3.6146755878506753
96,1728412379.215,1,220,0,0,185,0,0,3,476198305,-1223631268,0.0,0.6000000238418579,6.2679219245910645,0.0,0.0,0.0,0.0,6.2679219245910645,0.0,28,14800,47.6198305,-122.3631268,3.6010083466250764
97,1728412379.523,1,220,0,0,185,0,0,3,476198322,-1223631237,0.0,0.6000000238418579,6.099857807159424,0.0,0.0,0.0,0.0,6.099857807159424,0.0,28,14800,47.6198322,-122.3631237,3.644979048972749
98,1728412379.757,1,220,0,0,185,0,0,3,476198322,-1223631237,0.0,0.6000000238418579,6.099857807159424,0.0,0.0,0.0,0.0,6.099857807159424,0.0,28,14800,47.6198322,-122.3631237,3.573342784313191
99,1728412380.0549998,1,220,0,0,185,0,0,3,476198289,-1223631288,0.0,0.6000000238418579,6.000058174133301,0.0,0.0,0.0,0.0,6.000058174133301,0.0,28,14800,47.6198289,-122.3631288,3.629105479521808
100,1728412380.309,1,220,0,0,185,0,0,3,476198289,-1223631288,0.0,0.6000000238418579,6.000058174133301,0.0,0.0,0.0,0.0,6.000058174133301,0.0,28,14800,47.6198289,-122.3631288,3.63504174123386
101,1728412380.554,1,220,0,0,185,0,0,3,476198335,-1223631211,0.0,0.6000000238418579,5.974667072296143,0.0,0.0,0.0,0.0,5.974667072296143,0.0,28,14700,47.6198335,-122.3631211,3.637686335519545
102,1728412380.8149998,1,220,0,0,185,0,0,3,476198335,-1223631211,0.0,0.6000000238418579,5.974667072296143,0.0,0.0,0.0,0.0,5.974667072296143,0.0,28,14700,47.6198335,-122.3631211,3.651634107534223
103,1728412381.0779998,1,220,0,0,185,0,0,3,476198359,-1223631158,0.0,0.6000000238418579,6.001956462860107,0.0,0.0,0.0,0.0,6.001956462860107,0.0,28,14600,47.6198359,-122.3631158,3.6343812327362617
104,1728412381.314,1,220,0,0,185,0,0,3,476198359,-1223631158,0.0,0.6000000238418579,6.001956462860107,0.0,0.0,0.0,0.0,6.001956462860107,0.0,28,14600,47.6198359,-122.3631158,3.6231884183164556
105,1728412381.6069999,1,220,0,0,185,0,0,3,476198367,-1223631123,0.0,0.6000000238418579,6.021787166595459,0.0,0.0,0.0,0.0,6.021787166595459,0.0,28,14500,47.6198367,-122.3631123,3.633060935589173
106,1728412381.9299998,1,220,0,0,185,0,0,3,476198367,-1223631123,0.0,0.6000000238418579,5.992318153381348,0.0,0.0,0.0,0.0,5.992318153381348,0.0,28,14500,47.6198367,-122.3631123,3.640334938615678
107,1728412382.1,1,220,0,0,185,0,0,3,476198368,-1223631100,0.0,0.6000000238418579,5.992318153381348,0.0,0.0,0.0,0.0,5.992318153381348,0.0,28,14400,47.6198368,-122.36311,3.6376864932663664
108,1728412382.48,1,220,0,0,185,0,0,3,476198368,-1223631100,0.0,0.6000000238418579,5.999443054199219,0.0,0.0,0.0,0.0,5.999443054199219,0.0,28,14400,47.6198368,-122.36311,3.640334938615678
109,1728412382.6629999,1,220,0,0,185,0,0,3,476198361,-1223631089,0.0,0.6000000238418579,5.999443054199219,0.0,0.0,0.0,0.0,5.999443054199219,0.0,28,14400,47.6198361,-122.3631089,3.643650883797114
110,1728412382.929,1,220,0,0,185,0,0,3,476198354,-1223631081,0.0,0.6000000238418579,5.971977233886719,0.0,0.0,0.0,0.0,5.971977233886719,0.0,28,14500,47.6198354,-122.3631081,3.656975772940062
111,1728412383.165,1,220,0,0,185,0,0,3,476198354,-1223631081,0.0,0.6000000238418579,5.971977233886719,0.0,0.0,0.0,0.0,5.971977233886719,0.0,28,14500,47.6198354,-122.3631081,3.633720964231625
112,1728412383.425,1,220,0,0,185,0,0,3,476198354,-1223631081,0.0,0.6000000238418579,5.971977233886719,0.0,0.0,0.0,0.0,5.971977233886719,0.0,28,14500,47.6198354,-122.3631081,3.651634107534223
113,1728412383.955,1,220,0,0,185,0,0,3,476198386,-1223631007,0.0,0.6000000238418579,6.558387279510498,0.0,0.0,0.0,0.0,6.558387279510498,0.0,28,14600,47.6198386,-122.3631007,3.629764071618172
114,1728412384.2259998,1,220,0,0,185,0,0,3,476198386,-1223631007,0.0,0.6000000238418579,6.558387279510498,0.0,0.0,0.0,0.0,6.558387279510498,0.0,28,14600,47.6198386,-122.3631007,3.629764071618172
115,1728412384.4789999,1,220,0,0,185,0,0,3,476198392,-1223630967,0.0,0.6000000238418579,6.184682369232178,0.0,0.0,0.0,0.0,6.184682369232178,0.0,28,14600,47.6198392,-122.3630967,3.646973033962953
116,1728412384.7089999,1,220,0,0,185,0,0,3,476198392,-1223630967,0.0,0.6000000238418579,6.184682369232178,0.0,0.0,0.0,0.0,6.184682369232178,0.0,28,14600,47.6198392,-122.3630967,3.6812073765908506
117,1728412385.021,1,220,0,0,185,0,0,3,476198323,-1223631067,0.0,0.6000000238418579,6.110559463500977,0.0,0.0,0.0,0.0,6.110559463500977,0.0,28,14500,47.6198323,-122.3631067,3.6264731857783903
118,1728412385.251,1,220,0,0,185,0,0,3,476198323,-1223631067,0.0,0.6000000238418579,6.110559463500977,0.0,0.0,0.0,0.0,6.110559463500977,0.0,28,14500,47.6198323,-122.3631067,3.6989089406352713
119,1728412385.544,1,220,0,0,185,0,0,3,476198284,-1223631131,0.0,0.6000000238418579,6.06425666809082,0.0,0.0,0.0,0.0,6.06425666809082,0.0,28,14500,47.6198284,-122.3631131,3.650301088849234
120,1728412385.7779999,1,220,0,0,185,0,0,3,476198284,-1223631131,0.0,0.6000000238418579,6.06425666809082,0.0,0.0,0.0,0.0,6.06425666809082,0.0,28,14500,47.6198284,-122.3631131,3.644979048972749
121,1728412386.0579998,1,220,0,0,185,0,0,3,476198264,-1223631168,0.0,0.6000000238418579,6.0401482582092285,0.0,0.0,0.0,0.0,6.0401482582092285,0.0,28,14600,47.6198264,-122.3631168,3.6370248656830646
122,1728412386.2919998,1,220,0,0,185,0,0,3,476198264,-1223631168,0.0,0.6000000238418579,6.0401482582092285,0.0,0.0,0.0,0.0,6.0401482582092285,0.0,28,14600,47.6198264,-122.3631168,3.644979048972749
123,1728412386.5879998,1,220,0,0,185,0,0,3,476198243,-1223631209,0.0,0.6000000238418579,6.011963367462158,0.0,0.0,0.0,0.0,6.011963367462158,0.0,28,14700,47.6198243,-122.3631209,3.6324009893894638
124,1728412386.824,1,220,0,0,185,0,0,3,476198243,-1223631209,0.0,0.6000000238418579,6.068363666534424,0.0,0.0,0.0,0.0,6.068363666534424,0.0,28,14700,47.6198243,-122.3631209,3.638348203808547
125,1728412387.0909998,1,220,0,0,185,0,0,3,476198258,-1223631193,0.0,0.6000000238418579,6.068363666534424,0.0,0.0,0.0,0.0,6.068363666534424,0.0,28,14700,47.6198258,-122.3631193,3.631081973179469
126,1728412387.363,1,220,0,0,185,0,0,3,476198258,-1223631193,0.0,0.6000000238418579,6.09475040435791,0.0,0.0,0.0,0.0,6.09475040435791,0.0,28,14700,47.6198258,-122.3631193,3.6127167542928156
127,1728412387.615,1,220,0,0,185,0,0,3,476198255,-1223631196,0.0,0.6000000238418579,6.09475040435791,0.0,0.0,0.0,0.0,6.09475040435791,0.0,28,14700,47.6198255,-122.3631196,3.6390101551304133
128,1728412387.8869998,1,220,0,0,185,0,0,3,476198254,-1223631198,0.0,0.6000000238418579,6.122477054595947,0.0,0.0,0.0,0.0,6.122477054595947,0.0,28,14700,47.6198254,-122.3631198,3.642323844337459
129,1728412388.142,1,220,0,0,185,0,0,3,476198254,-1223631198,0.0,0.6000000238418579,6.122477054595947,0.0,0.0,0.0,0.0,6.122477054595947,0.0,28,14700,47.6198254,-122.3631198,3.6549706786982066
130,1728412388.416,1,220,0,0,185,0,0,3,476198245,-1223631212,0.0,0.6000000238418579,6.180687427520752,0.0,0.0,0.0,0.0,6.180687427520752,0.0,28,14700,47.6198245,-122.3631212,3.1908104017748564
131,1728412388.664,1,220,0,0,185,0,0,3,476198245,-1223631212,0.0,0.6000000238418579,6.180687427520752,0.0,0.0,0.0,0.0,6.180687427520752,0.0,28,14700,47.6198245,-122.3631212,3.338340746820409
132,1728412388.912,1,220,0,0,185,0,0,3,476198245,-1223631212,0.0,0.6000000238418579,6.180687427520752,0.0,0.0,0.0,0.0,6.180687427520752,0.0,28,14700,47.6198245,-122.3631212,3.474031488230915
133,1728412389.461,1,220,0,0,185,0,0,3,476198245,-1223631212,0.0,0.6000000238418579,6.8085713386535645,0.0,0.0,0.0,0.0,6.8085713386535645,0.0,28,14700,47.6198245,-122.3631212,3.650301088849234
134,1728412389.7229998,1,220,0,0,185,0,0,3,476198319,-1223631098,0.0,0.6000000238418579,6.8085713386535645,0.0,0.0,0.0,0.0,6.8085713386535645,0.0,28,14700,47.6198319,-122.3631098,3.629764071618172
135,1728412389.987,1,220,0,0,185,0,0,3,476198304,-1223631099,0.0,0.6000000238418579,6.560428619384766,0.0,0.0,0.0,0.0,6.560428619384766,0.0,28,14700,47.6198304,-122.3631099,3.6416605289367303
136,1728412390.245,1,220,0,0,185,0,0,3,476198304,-1223631099,0.0,0.6000000238418579,6.560428619384766,0.0,0.0,0.0,0.0,6.560428619384766,0.0,28,14700,47.6198304,-122.3631099,3.671071983856156
137,1728412390.517,1,220,0,0,185,0,0,3,476198286,-1223631108,0.0,0.6000000238418579,6.534030914306641,0.0,0.0,0.0,0.0,6.534030914306641,0.0,28,14600,47.6198286,-122.3631108,3.6357026474301026
138,1728412390.7419999,1,220,0,0,185,0,0,3,476198286,-1223631108,0.0,0.6000000238418579,6.534030914306641,0.0,0.0,0.0,0.0,6.534030914306641,0.0,28,14600,47.6198286,-122.3631108,3.6589827491554807
139,1728412391.016,1,220,0,0,185,0,0,3,476198268,-1223631123,0.0,0.6000000238418579,6.5811357498168945,0.0,0.0,0.0,0.0,6.5811357498168945,0.0,28,14600,47.6198268,-122.3631123,3.667033372568504
140,1728412392.046,1,220,0,0,185,0,0,3,476198268,-1223631123,0.0,0.6000000238418579,6.5811357498168945,0.0,0.0,0.0,0.0,6.5811357498168945,0.0,28,14600,47.6198268,-122.3631123,3.6724200579804553
141,1728412392.049,1,220,0,0,185,0,0,3,476198275,-1223631102,0.0,0.6000000238418579,6.574760437011719,0.0,0.0,0.0,0.0,6.574760437011719,0.0,28,14600,47.6198275,-122.3631102,3.654303067793343
142,1728412392.049,1,220,0,0,185,0,0,3,476198275,-1223631102,0.0,0.6000000238418579,6.574760437011719,0.0,0.0,0.0,0.0,6.574760437011719,0.0,28,14600,47.6198275,-122.3631102,3.6697247385346583
143,1728412392.067,1,220,0,0,185,0,0,3,476198264,-1223631111,0.0,0.6000000238418579,6.60107946395874,0.0,0.0,0.0,0.0,6.60107946395874,0.0,28,14600,47.6198264,-122.3631111,3.644314924534089
144,1728412392.3339999,1,220,0,0,185,0,0,3,476198264,-1223631111,0.0,0.6000000238418579,6.60107946395874,0.0,0.0,0.0,0.0,6.60107946395874,0.0,28,14600,47.6198264,-122.3631111,3.6805299859844625
145,1728412392.583,1,220,0,0,185,0,0,3,476198245,-1223631132,0.0,0.6000000238418579,6.657926082611084,0.0,0.0,0.0,0.0,6.657926082611084,0.0,28,14600,47.6198245,-122.3631132,3.6778227534540116
146,1728412392.8109999,1,220,0,0,185,0,0,3,476198245,-1223631132,0.0,0.6000000238418579,6.657926082611084,0.0,0.0,0.0,0.0,6.657926082611084,0.0,28,14600,47.6198245,-122.3631132,3.675119339623489
147,1728412393.116,1,220,0,0,185,0,0,3,476198231,-1223631150,0.0,0.6000000238418579,6.6800007820129395,0.0,0.0,0.0,0.0,6.6800007820129395,0.0,28,14600,47.6198231,-122.363115,3.6463081827735553
148,1728412393.353,1,220,0,0,185,0,0,3,476198231,-1223631150,0.0,0.6000000238418579,6.736012935638428,0.0,0.0,0.0,0.0,6.736012935638428,0.0,28,14600,47.6198231,-122.363115,3.6343812327362617
149,1728412393.596,1,220,0,0,185,0,0,3,476198201,-1223631197,0.0,0.6000000238418579,6.736012935638428,0.0,0.0,0.0,0.0,6.736012935638428,0.0,28,14600,47.6198201,-122.3631197,3.631741440136545
150,1728412393.862,1,220,0,0,185,0,0,3,476198201,-1223631197,0.0,0.6000000238418579,6.748961925506592,0.0,0.0,0.0,0.0,6.748961925506592,0.0,28,14600,47.6198201,-122.3631197,4.24088224583838
151,1728412394.1369998,1,220,0,0,185,0,0,3,476198171,-1223631248,0.0,0.6000000238418579,6.748961925506592,0.0,0.0,0.0,0.0,6.748961925506592,0.0,28,14600,47.6198171,-122.3631248,4.010427119690334
152,1728412394.362,1,220,0,0,185,0,0,3,476198171,-1223631248,0.0,0.6000000238418579,6.748961925506592,0.0,0.0,0.0,0.0,6.748961925506592,0.0,28,14600,47.6198171,-122.3631248,3.8109756776246386
153,1728412394.949,1,220,0,0,185,0,0,3,476198171,-1223631248,0.0,0.6000000238418579,7.339132785797119,0.0,0.0,0.0,0.0,7.339132785797119,0.0,28,14600,47.6198171,-122.3631248,3.6277888551574917
154,1728412395.1569998,1,220,0,0,185,0,0,3,476198092,-1223631382,0.0,0.6000000238418579,7.339132785797119,0.0,0.0,0.0,0.0,7.339132785797119,0.0,28,14600,47.6198092,-122.3631382,3.649635023793565
155,1728412395.425,1,220,0,0,185,0,0,3,476198044,-1223631483,0.0,0.6000000238418579,7.015774726867676,0.0,0.0,0.0,0.0,7.015774726867676,0.0,28,14600,47.6198044,-122.3631483,3.6343812327362617
156,1728412395.687,1,220,0,0,185,0,0,3,476198044,-1223631483,0.0,0.6000000238418579,7.015774726867676,0.0,0.0,0.0,0.0,7.015774726867676,0.0,28,14600,47.6198044,-122.3631483,3.6205646980992463
157,1728412396.0019999,1,220,0,0,185,0,0,3,476198016,-1223631559,0.0,0.6000000238418579,6.9138970375061035,0.0,0.0,0.0,0.0,6.9138970375061035,0.0,28,14600,47.6198016,-122.3631559,3.6357026474301026
158,1728412396.245,1,220,0,0,185,0,0,3,476198016,-1223631559,0.0,0.6000000238418579,6.9138970375061035,0.0,0.0,0.0,0.0,6.9138970375061035,0.0,28,14600,47.6198016,-122.3631559,3.6212203500077984
159,1728412396.523,1,220,0,0,185,0,0,3,476197995,-1223631619,0.0,0.6000000238418579,6.819632053375244,0.0,0.0,0.0,0.0,6.819632053375244,0.0,28,14600,47.6197995,-122.3631619,3.6159827093722297
160,1728412396.7619998,1,220,0,0,185,0,0,3,476197995,-1223631619,0.0,0.6000000238418579,6.819632053375244,0.0,0.0,0.0,0.0,6.819632053375244,0.0,28,14600,47.6197995,-122.3631619,3.6179450871280188
161,1728412397.036,1,220,0,0,185,0,0,3,476197966,-1223631688,0.0,0.6000000238418579,6.813765048980713,0.0,0.0,0.0,0.0,6.813765048980713,0.0,28,14600,47.6197966,-122.3631688,3.6363636363636362
162,1728412397.297,1,220,0,0,185,0,0,3,476197966,-1223631688,0.0,0.6000000238418579,6.813765048980713,0.0,0.0,0.0,0.0,6.813765048980713,0.0,28,14600,47.6197966,-122.3631688,3.6212203500077984
163,1728412397.58,1,220,0,0,185,0,0,3,476198143,-1223631517,0.0,0.6000000238418579,6.774113178253174,0.0,0.0,0.0,0.0,6.774113178253174,0.0,28,14600,47.6198143,-122.3631517,3.4482758904183806
164,1728412397.814,1,220,0,0,185,0,0,3,476198143,-1223631517,0.0,0.6000000238418579,6.774113178253174,0.0,0.0,0.0,0.0,6.774113178253174,0.0,28,14600,47.6198143,-122.3631517,3.42348510336886
165,1728412398.086,1,220,0,0,185,0,0,3,476198186,-1223631441,0.0,0.6000000238418579,7.010660171508789,0.0,0.0,0.0,0.0,7.010660171508789,0.0,28,14600,47.6198186,-122.3631441,3.442340825640675
166,1728412398.335,1,220,0,0,185,0,0,3,476198186,-1223631441,0.0,0.6000000238418579,7.010660171508789,0.0,0.0,0.0,0.0,7.010660171508789,0.0,28,14600,47.6198186,-122.3631441,3.4193879429412855
167,1728412398.6169999,1,220,0,0,185,0,0,3,476198264,-1223631315,0.0,0.6000000238418579,7.090662479400635,0.0,0.0,0.0,0.0,7.090662479400635,0.0,28,14500,47.6198264,-122.3631315,3.472825105298088
168,1728412398.876,1,220,0,0,185,0,0,3,476198264,-1223631315,0.0,0.6000000238418579,7.271795749664307,0.0,0.0,0.0,0.0,7.271795749664307,0.0,28,14500,47.6198264,-122.3631315,3.4620045303244744
169,1728412399.1269999,1,220,0,0,185,0,0,3,476198255,-1223631290,0.0,0.6000000238418579,7.271795749664307,0.0,0.0,0.0,0.0,7.271795749664307,0.0,28,14500,47.6198255,-122.363129,3.4800765743892312
170,1728412399.3899999,1,220,0,0,185,0,0,3,476198255,-1223631290,0.0,0.6000000238418579,7.379363059997559,0.0,0.0,0.0,0.0,7.379363059997559,0.0,28,14500,47.6198255,-122.363129,3.4716194162523415
171,1728412399.6369998,1,220,0,0,185,0,0,3,476198296,-1223631201,0.0,0.6000000238418579,7.379363059997559,0.0,0.0,0.0,0.0,7.379363059997559,0.0,28,14500,47.6198296,-122.3631201,3.477656103644218
172,1728412399.885,1,220,0,0,185,0,0,3,476198296,-1223631201,0.0,0.6000000238418579,7.379363059997559,0.0,0.0,0.0,0.0,7.379363059997559,0.0,28,14500,47.6198296,-122.3631201,3.4752389975416165
173,1728412400.7489998,1,220,0,0,185,0,0,3,476198319,-1223631118,0.0,0.6000000238418579,8.015678405761719,0.0,0.0,0.0,0.0,8.015678405761719,0.0,28,14600,47.6198319,-122.3631118,3.4843205517022526
174,1728412400.9989998,1,220,0,0,185,0,0,3,476198302,-1223631092,0.0,0.6000000238418579,7.755022048950195,0.0,0.0,0.0,0.0,7.755022048950195,0.0,28,14800,47.6198302,-122.3631092,3.454828101811693
175,1728412401.235,1,220,0,0,185,0,0,3,476198302,-1223631092,0.0,0.6000000238418579,7.755022048950195,0.0,0.0,0.0,0.0,7.755022048950195,0.0,28,14800,47.6198302,-122.3631092,3.488574892772981
176,1728412401.536,1,220,0,0,185,0,0,3,476198376,-1223630955,0.0,0.6000000238418579,7.430947780609131,0.0,0.0,0.0,0.0,7.430947780609131,0.0,28,15300,47.6198376,-122.3630955,3.4867504565013476
177,1728412401.761,1,220,0,0,185,0,0,3,476198376,-1223630955,0.0,0.6000000238418579,7.430947780609131,0.0,0.0,0.0,0.0,7.430947780609131,0.0,28,15300,47.6198376,-122.3630955,3.4843205517022526
178,1728412402.0219998,1,220,0,0,185,0,0,3,476198387,-1223630882,0.0,0.6000000238418579,7.425318241119385,0.0,0.0,0.0,0.0,7.425318241119385,0.0,28,15699,47.6198387,-122.3630882,3.498950265868412
179,1728412402.27,1,220,0,0,185,0,0,3,476198387,-1223630882,0.0,0.6000000238418579,7.425318241119385,0.0,0.0,0.0,0.0,7.425318241119385,0.0,28,15699,47.6198387,-122.3630882,3.473428192014982
180,1728412402.523,1,220,0,0,185,0,0,3,476198376,-1223630846,0.0,0.6000000238418579,7.53253698348999,0.0,0.0,0.0,0.0,7.53253698348999,0.0,28,15699,47.6198376,-122.3630846,3.4867503115735095
181,1728412402.787,1,220,0,0,185,0,0,3,476198376,-1223630846,0.0,0.6000000238418579,7.53253698348999,0.0,0.0,0.0,0.0,7.53253698348999,0.0,28,15699,47.6198376,-122.3630846,3.4873582448801117
182,1728412403.0519998,1,220,0,0,185,0,0,3,476198345,-1223630846,0.0,0.6000000238418579,7.562326908111572,0.0,0.0,0.0,0.0,7.562326908111572,0.0,28,15500,47.6198345,-122.3630846,2.9351335954071636
183,1728412403.32,1,220,0,0,185,0,0,3,476198345,-1223630846,0.0,0.6000000238418579,7.562326908111572,0.0,0.0,0.0,0.0,7.562326908111572,0.0,28,15500,47.6198345,-122.3630846,3.222687675008205
184,1728412403.603,1,220,0,0,185,0,0,3,476198337,-1223630826,0.0,0.6000000238418579,7.4601030349731445,0.0,0.0,0.0,0.0,7.4601030349731445,0.0,28,15400,47.6198337,-122.3630826,3.223207006839443
185,1728412403.819,1,220,0,0,185,0,0,3,476198337,-1223630826,0.0,0.6000000238418579,7.4601030349731445,0.0,0.0,0.0,0.0,7.4601030349731445,0.0,28,15400,47.6198337,-122.3630826,3.2056418876560513
186,1728412404.0709999,1,220,0,0,185,0,0,3,476198321,-1223630819,0.0,0.6000000238418579,7.4274582862854,0.0,0.0,0.0,0.0,7.4274582862854,0.0,28,15500,47.6198321,-122.3630819,3.2221685105023057
187,1728412404.3569999,1,220,0,0,185,0,0,3,476198321,-1223630819,0.0,0.6000000238418579,7.4516777992248535,0.0,0.0,0.0,0.0,7.4516777992248535,0.0,28,15500,47.6198321,-122.3630819,3.2097576908071828
188,1728412404.592,1,220,0,0,185,0,0,3,476198309,-1223630814,0.0,0.6000000238418579,7.4516777992248535,0.0,0.0,0.0,0.0,7.4516777992248535,0.0,28,15500,47.6198309,-122.3630814,3.214400451240298
189,1728412404.885,1,220,0,0,185,0,0,3,476198283,-1223630839,0.0,0.6000000238418579,7.453857898712158,0.0,0.0,0.0,0.0,7.453857898712158,0.0,28,15500,47.6198283,-122.3630839,3.199488119004398
190,1728412405.126,1,220,0,0,185,0,0,3,476198283,-1223630839,0.0,0.6000000238418579,7.453857898712158,0.0,0.0,0.0,0.0,7.453857898712158,0.0,28,15500,47.6198283,-122.3630839,3.2107883242181954
191,1728412405.372,1,220,0,0,185,0,0,3,476198283,-1223630839,0.0,0.6000000238418579,7.453857898712158,0.0,0.0,0.0,0.0,7.453857898712158,0.0,28,15500,47.6198283,-122.3630839,3.20512820022973
192,1728412406.699,1,220,0,0,185,0,0,3,476198492,-1223630589,0.0,0.6000000238418579,8.488262176513672,0.0,0.0,0.0,0.0,8.488262176513672,0.0,28,15500,47.6198492,-122.3630589,3.214400451240298
193,1728412406.955,1,220,0,0,185,0,0,3,476198514,-1223630474,0.0,0.6000000238418579,8.047528266906738,0.0,0.0,0.0,0.0,8.047528266906738,0.0,28,15500,47.6198514,-122.3630474,3.206155862307039
194,1728412407.204,1,220,0,0,185,0,0,3,476198514,-1223630474,0.0,0.6000000238418579,8.047528266906738,0.0,0.0,0.0,0.0,8.047528266906738,0.0,28,15500,47.6198514,-122.3630474,3.2336297793095845
195,1728412407.474,1,220,0,0,185,0,0,3,476198515,-1223630410,0.0,0.6000000238418579,8.024799346923828,0.0,0.0,0.0,0.0,8.024799346923828,0.0,28,15500,47.6198515,-122.363041,3.2030749734795605
196,1728412407.743,1,220,0,0,185,0,0,3,476198515,-1223630410,0.0,0.6000000238418579,8.024799346923828,0.0,0.0,0.0,0.0,8.024799346923828,0.0,28,15500,47.6198515,-122.363041,3.1969309248483757
197,1728412407.9919999,1,220,0,0,185,0,0,3,476198509,-1223630357,0.0,0.6000000238418579,7.905138969421387,0.0,0.0,0.0,0.0,7.905138969421387,0.0,28,15500,47.6198509,-122.3630357,3.209242560791476
198,1728412408.244,1,220,0,0,185,0,0,3,476198509,-1223630357,0.0,0.6000000238418579,7.905138969421387,0.0,0.0,0.0,0.0,7.905138969421387,0.0,28,15500,47.6198509,-122.3630357,3.1913196310557113
199,1728412408.521,1,220,0,0,185,0,0,3,476198490,-1223630325,0.0,0.6000000238418579,7.896862030029297,0.0,0.0,0.0,0.0,7.896862030029297,0.0,28,15500,47.619849,-122.3630325,3.208213042031773
200,1728412408.7519999,1,220,0,0,185,0,0,3,476198490,-1223630325,0.0,0.6000000238418579,7.896862030029297,0.0,0.0,0.0,0.0,7.896862030029297,0.0,28,15500,47.619849,-122.3630325,3.215434068811205
201,1728412409.027,1,220,0,0,185,0,0,3,476198482,-1223630296,0.0,0.6000000238418579,7.890967845916748,0.0,0.0,0.0,0.0,7.890967845916748,0.0,28,15600,47.6198482,-122.3630296,2.9420418380775173
202,1728412409.274,1,220,0,0,185,0,0,3,476198482,-1223630296,0.0,0.6000000238418579,7.890967845916748,0.0,0.0,0.0,0.0,7.890967845916748,0.0,28,15600,47.6198482,-122.3630296,3.5118525433610976
203,1728412409.5579998,1,220,0,0,185,0,0,3,476198456,-1223630294,0.0,0.6000000238418579,7.891141891479492,0.0,0.0,0.0,0.0,7.891141891479492,0.0,28,15600,47.6198456,-122.3630294,2.835672774099055
204,1728412409.7879999,1,220,0,0,185,0,0,3,476198456,-1223630294,0.0,0.6000000238418579,7.891141891479492,0.0,0.0,0.0,0.0,7.891141891479492,0.0,28,15600,47.6198456,-122.3630294,2.839295890762319
205,1728412410.063,1,220,0,0,185,0,0,3,476198432,-1223630304,0.0,0.6000000238418579,7.9091010093688965,0.0,0.0,0.0,0.0,7.9091010093688965,0.0,28,15600,47.6198432,-122.3630304,2.330187595117083
206,1728412410.327,1,220,0,0,185,0,0,3,476198432,-1223630304,0.0,0.6000000238418579,7.9091010093688965,0.0,0.0,0.0,0.0,7.9091010093688965,0.0,28,15600,47.6198432,-122.3630304,2.330187595117083
207,1728412410.589,1,220,0,0,185,0,0,3,476198411,-1223630312,0.0,0.6000000238418579,7.894458293914795,0.0,0.0,0.0,0.0,7.894458293914795,0.0,28,15500,47.6198411,-122.3630312,1.9586720269557993
208,1728412410.859,1,220,0,0,185,0,0,3,476198411,-1223630312,0.0,0.6000000238418579,7.894458293914795,0.0,0.0,0.0,0.0,7.894458293914795,0.0,28,15500,47.6198411,-122.3630312,1.959823630526475
209,1728412411.119,1,220,0,0,185,0,0,3,476198401,-1223630318,0.0,0.6000000238418579,7.942555904388428,0.0,0.0,0.0,0.0,7.942555904388428,0.0,28,15500,47.6198401,-122.3630318,1.9648295701813518
210,1728412411.346,1,220,0,0,185,0,0,3,476198401,-1223630318,0.0,0.6000000238418579,7.942555904388428,0.0,0.0,0.0,0.0,7.942555904388428,0.0,28,15500,47.6198401,-122.3630318,1.693766925084029
211,1728412412.1699998,1,220,0,0,185,0,0,3,476198327,-1223630411,0.0,0.6000000238418579,8.655049324035645,0.0,0.0,0.0,0.0,8.655049324035645,0.0,28,15400,47.6198327,-122.3630411,1.6960651209451632
212,1728412412.3939998,1,220,0,0,185,0,0,3,476198327,-1223630411,0.0,0.6000000238418579,8.655049324035645,0.0,0.0,0.0,0.0,8.655049324035645,0.0,28,15400,47.6198327,-122.3630411,1.6934801098138619
213,1728412414.008,1,220,0,0,185,0,0,3,476198351,-1223630389,0.0,0.6000000238418579,10.092207908630371,0.0,0.0,0.0,0.0,10.092207908630371,0.0,28,15400,47.6198351,-122.3630389,1.698081151505451
214,1728412414.248,1,220,0,0,185,0,0,3,476198351,-1223630389,0.0,0.6000000238418579,10.092207908630371,0.0,0.0,0.0,0.0,10.092207908630371,0.0,28,15400,47.6198351,-122.3630389,1.6923337170128037
215,1728412416.057,1,220,0,0,185,0,0,3,476198413,-1223630277,0.0,0.6000000238418579,9.623290061950684,0.0,0.0,0.0,0.0,9.623290061950684,0.0,28,15400,47.6198413,-122.3630277,1.6957775268796533
216,1728412416.326,1,220,0,0,185,0,0,3,476198413,-1223630277,0.0,0.6000000238418579,9.623290061950684,0.0,0.0,0.0,0.0,9.623290061950684,0.0,28,15400,47.6198413,-122.3630277,1.6943409156259182
217,1728412418.2029998,1,220,0,0,185,0,0,3,476198469,-1223630148,0.0,0.6000000238418579,9.708356857299805,0.0,0.0,0.0,0.0,9.708356857299805,0.0,28,15400,47.6198469,-122.3630148,1.695489996060717
218,1728412418.449,1,220,0,0,185,0,0,3,476198469,-1223630148,0.0,0.6000000238418579,8.296586036682129,0.0,0.0,0.0,0.0,8.296586036682129,0.0,28,15400,47.6198469,-122.3630148,1.4683209694136847
219,1728412418.6999998,1,220,0,0,185,0,0,3,476198322,-1223630464,0.0,0.6000000238418579,8.296586036682129,0.0,0.0,0.0,0.0,8.296586036682129,0.0,28,15300,47.6198322,-122.3630464,1.4706963772087336
220,1728412420.56,1,220,0,0,185,0,0,3,476198192,-1223630674,0.0,0.6000000238418579,9.700675964355469,0.0,0.0,0.0,0.0,9.700675964355469,0.0,28,15200,47.6198192,-122.3630674,1.463914513728448
221,1728412420.819,1,220,0,0,185,0,0,3,476198192,-1223630674,0.0,0.6000000238418579,9.700675964355469,0.0,0.0,0.0,0.0,9.700675964355469,0.0,28,15200,47.6198192,-122.3630674,1.5289350862272015
222,1728412421.0839999,1,220,0,0,185,0,0,3,476198164,-1223630775,0.0,0.6000000238418579,8.768552780151367,0.0,0.0,0.0,0.0,8.768552780151367,0.0,28,15200,47.6198164,-122.3630775,1.520103359536484
223,1728412421.336,1,220,0,0,185,0,0,3,476198164,-1223630775,0.0,0.6000000238418579,8.768552780151367,0.0,0.0,0.0,0.0,8.768552780151367,0.0,28,15200,47.6198164,-122.3630775,1.6941973644133947
224,1728412421.606,1,220,0,0,185,0,0,3,476198148,-1223630846,0.0,0.6000000238418579,8.34414291381836,0.0,0.0,0.0,0.0,8.34414291381836,0.0,28,15200,47.6198148,-122.3630846,1.6206142022668175
225,1728412421.8569999,1,220,0,0,185,0,0,3,476198148,-1223630846,0.0,0.6000000238418579,8.34414291381836,0.0,0.0,0.0,0.0,8.34414291381836,0.0,28,15200,47.6198148,-122.3630846,1.851851860028072
226,1728412422.1309998,1,220,0,0,185,0,0,3,476198202,-1223630819,0.0,0.6000000238418579,8.102516174316406,0.0,0.0,0.0,0.0,8.102516174316406,0.0,28,15200,47.6198202,-122.3630819,1.8521948751088924
227,1728412422.385,1,220,0,0,185,0,0,3,476198202,-1223630819,0.0,0.6000000238418579,8.102516174316406,0.0,0.0,0.0,0.0,8.102516174316406,0.0,28,15200,47.6198202,-122.3630819,2.1762785501058044
228,1728412424.48,1,220,0,0,185,0,0,3,476198056,-1223631073,0.0,0.6000000238418579,10.88513469696045,0.0,0.0,0.0,0.0,10.88513469696045,0.0,28,15100,47.6198056,-122.3631073,2.175805012200666
229,1728412424.718,1,220,0,0,185,0,0,3,476198056,-1223631073,0.0,0.6000000238418579,10.88513469696045,0.0,0.0,0.0,0.0,10.88513469696045,0.0,28,15100,47.6198056,-122.3631073,2.1781746516030025
230,1728412425.008,1,220,0,0,185,0,0,3,476198038,-1223631175,0.0,0.6000000238418579,9.521732330322266,0.0,0.0,0.0,0.0,9.521732330322266,0.0,28,15000,47.6198038,-122.3631175,2.4582104475924984
231,1728412425.251,1,220,0,0,185,0,0,3,476198038,-1223631175,0.0,0.6000000238418579,9.521732330322266,0.0,0.0,0.0,0.0,9.521732330322266,0.0,28,15000,47.6198038,-122.3631175,2.46062991490821
232,1728412425.5509999,1,220,0,0,185,0,0,3,476198246,-1223631072,0.0,0.6000000238418579,8.533435821533203,0.0,0.0,0.0,0.0,8.533435821533203,0.0,28,14700,47.6198246,-122.3631072,2.4630541495857523
233,1728412425.813,1,220,0,0,185,0,0,3,476198246,-1223631072,0.0,0.6000000238418579,8.533435821533203,0.0,0.0,0.0,0.0,8.533435821533203,0.0,28,14700,47.6198246,-122.3631072,2.4585126027592135
234,1728412426.589,1,220,0,0,185,0,0,3,476198286,-1223630985,0.0,0.6000000238418579,8.852584838867188,0.0,0.0,0.0,0.0,8.852584838867188,0.0,28,14300,47.6198286,-122.3630985,2.4636609909848524
235,1728412426.8569999,1,220,0,0,185,0,0,3,476198286,-1223630985,0.0,0.6000000238418579,8.45905876159668,0.0,0.0,0.0,0.0,8.45905876159668,0.0,28,14300,47.6198286,-122.3630985,2.4591171359869723
236,1728412427.1239998,1,220,0,0,185,0,0,3,476198267,-1223630974,0.0,0.6000000238418579,8.45905876159668,0.0,0.0,0.0,0.0,8.45905876159668,0.0,28,14200,47.6198267,-122.3630974,2.4670037896113555
237,1728412427.393,1,220,0,0,185,0,0,3,476198267,-1223630974,0.0,0.6000000238418579,8.048824310302734,0.0,0.0,0.0,0.0,8.048824310302734,0.0,28,14200,47.6198267,-122.3630974,2.451280818282728
238,1728412427.641,1,220,0,0,185,0,0,3,476198107,-1223631339,0.0,0.6000000238418579,8.048824310302734,0.0,0.0,0.0,0.0,8.048824310302734,0.0,28,14100,47.6198107,-122.3631339,3.1725888824023034
239,1728412427.882,1,220,0,0,185,0,0,3,476198107,-1223631339,0.0,0.6000000238418579,8.048824310302734,0.0,0.0,0.0,0.0,8.048824310302734,0.0,28,14100,47.6198107,-122.3631339,3.13283204931261
240,1728412428.6959999,1,220,0,0,185,0,0,3,476198349,-1223631113,0.0,0.6000000238418579,7.961989402770996,0.0,0.0,0.0,0.0,7.961989402770996,0.0,28,14200,47.6198349,-122.3631113,3.1655586819324495
241,1728412428.947,1,220,0,0,185,0,0,3,476198418,-1223630936,0.0,0.6000000238418579,7.774822235107422,0.0,0.0,0.0,0.0,7.774822235107422,0.0,28,14200,47.6198418,-122.3630936,3.162555403856726
242,1728412429.204,1,220,0,0,185,0,0,3,476198418,-1223630936,0.0,0.6000000238418579,7.774822235107422,0.0,0.0,0.0,0.0,7.774822235107422,0.0,28,14200,47.6198418,-122.3630936,3.1776294132910587
243,1728412429.471,1,220,0,0,185,0,0,3,476198419,-1223630834,0.0,0.6000000238418579,7.645993232727051,0.0,0.0,0.0,0.0,7.645993232727051,0.0,28,14200,47.6198419,-122.3630834,3.1640563898990632
244,1728412429.724,1,220,0,0,185,0,0,3,476198419,-1223630834,0.0,0.6000000238418579,7.645993232727051,0.0,0.0,0.0,0.0,7.645993232727051,0.0,28,14200,47.6198419,-122.3630834,3.4716195599250685
245,1728412429.99,1,220,0,0,185,0,0,3,476198381,-1223630806,0.0,0.6000000238418579,7.566048622131348,0.0,0.0,0.0,0.0,7.566048622131348,0.0,28,14200,47.6198381,-122.3630806,3.4500604169220024
246,1728412430.238,1,220,0,0,185,0,0,3,476198381,-1223630806,0.0,0.6000000238418579,7.566048622131348,0.0,0.0,0.0,0.0,7.566048622131348,0.0,28,14200,47.6198381,-122.3630806,2.931691574569831
247,1728412430.544,1,220,0,0,185,0,0,3,476198340,-1223630803,0.0,0.6000000238418579,7.528185844421387,0.0,0.0,0.0,0.0,7.528185844421387,0.0,28,14200,47.619834,-122.3630803,2.936857587084925
248,1728412430.784,1,220,0,0,185,0,0,3,476198340,-1223630803,0.0,0.6000000238418579,7.528185844421387,0.0,0.0,0.0,0.0,7.528185844421387,0.0,28,14200,47.619834,-122.3630803,2.9269720711107756
249,1728412431.102,1,220,0,0,185,0,0,3,476198296,-1223630828,0.0,0.6000000238418579,7.448450565338135,0.0,0.0,0.0,0.0,7.448450565338135,0.0,28,14200,47.6198296,-122.3630828,2.9244041583630658
250,1728412431.326,1,220,0,0,185,0,0,3,476198296,-1223630828,0.0,0.6000000238418579,7.448450565338135,0.0,0.0,0.0,0.0,7.448450565338135,0.0,28,14200,47.6198296,-122.3630828,3.1665611222795897
251,1728412431.5749998,1,220,0,0,185,0,0,3,476198242,-1223630887,0.0,0.6000000238418579,7.406832218170166,0.0,0.0,0.0,0.0,7.406832218170166,0.0,28,14200,47.6198242,-122.3630887,3.1720857326763845
252,1728412431.845,1,220,0,0,185,0,0,3,476198242,-1223630887,0.0,0.6000000238418579,7.406832218170166,0.0,0.0,0.0,0.0,7.406832218170166,0.0,28,14200,47.6198242,-122.3630887,3.159058674772271
253,1728412432.1339998,1,220,0,0,185,0,0,3,476198185,-1223630978,0.0,0.6000000238418579,7.4078049659729,0.0,0.0,0.0,0.0,7.4078049659729,0.0,28,14300,47.6198185,-122.3630978,3.1771246636385424
254,1728412432.35,1,220,0,0,185,0,0,3,476198185,-1223630978,0.0,0.6000000238418579,7.4078049659729,0.0,0.0,0.0,0.0,7.4078049659729,0.0,28,14300,47.6198185,-122.3630978,3.1685677891591086
255,1728412432.6539998,1,220,0,0,185,0,0,3,476198134,-1223631063,0.0,0.6000000238418579,7.495261192321777,0.0,0.0,0.0,0.0,7.495261192321777,0.0,28,14300,47.6198134,-122.3631063,3.1585596882153713
256,1728412433.9459999,1,220,0,0,185,0,0,3,476198134,-1223631063,0.0,0.6000000238418579,8.859045028686523,0.0,0.0,0.0,0.0,8.859045028686523,0.0,28,14300,47.6198134,-122.3631063,3.151591575521152
257,1728412434.2029998,1,220,0,0,185,0,0,3,476198037,-1223631219,0.0,0.6000000238418579,8.859045028686523,0.0,0.0,0.0,0.0,8.859045028686523,0.0,28,14400,47.6198037,-122.3631219,3.1746031986312504
258,1728412434.474,1,220,0,0,185,0,0,3,476198001,-1223631313,0.0,0.6000000238418579,8.41894817352295,0.0,0.0,0.0,0.0,8.41894817352295,0.0,28,14400,47.6198001,-122.3631313,3.1715826226051287
259,1728412434.721,1,220,0,0,185,0,0,3,476198001,-1223631313,0.0,0.6000000238418579,8.41894817352295,0.0,0.0,0.0,0.0,8.41894817352295,0.0,28,14400,47.6198001,-122.3631313,3.2015367483865718
260,1728412435.0119998,1,220,0,0,185,0,0,3,476197977,-1223631394,0.0,0.6000000238418579,8.166526794433594,0.0,0.0,0.0,0.0,8.166526794433594,0.0,28,14500,47.6197977,-122.3631394,3.1710797919744005
261,1728412435.2519999,1,220,0,0,185,0,0,3,476197977,-1223631394,0.0,0.6000000238418579,8.166526794433594,0.0,0.0,0.0,0.0,8.166526794433594,0.0,28,14500,47.6197977,-122.3631394,3.159058555805556
262,1728412435.5349998,1,220,0,0,185,0,0,3,476197937,-1223631502,0.0,0.6000000238418579,7.953701972961426,0.0,0.0,0.0,0.0,7.953701972961426,0.0,28,14500,47.6197937,-122.3631502,3.1746031986312504
263,1728412435.766,1,220,0,0,185,0,0,3,476197937,-1223631502,0.0,0.6000000238418579,7.953701972961426,0.0,0.0,0.0,0.0,7.953701972961426,0.0,28,14500,47.6197937,-122.3631502,3.1877589201379104
264,1728412436.036,1,220,0,0,185,0,0,3,476197885,-1223631633,0.0,0.6000000238418579,7.834128379821777,0.0,0.0,0.0,0.0,7.834128379821777,0.0,28,14500,47.6197885,-122.3631633,3.156565673669836
265,1728412436.322,1,220,0,0,185,0,0,3,476197885,-1223631633,0.0,0.6000000238418579,7.834128379821777,0.0,0.0,0.0,0.0,7.834128379821777,0.0,28,14500,47.6197885,-122.3631633,3.197441987862798
266,1728412436.5839999,1,220,0,0,185,0,0,3,476197853,-1223631736,0.0,0.6000000238418579,7.734583377838135,0.0,0.0,0.0,0.0,7.734583377838135,0.0,28,14500,47.6197853,-122.3631736,3.474635137977503
267,1728412436.8439999,1,220,0,0,185,0,0,3,476197853,-1223631736,0.0,0.6000000238418579,7.678066730499268,0.0,0.0,0.0,0.0,7.678066730499268,0.0,28,14500,47.6197853,-122.3631736,3.474635137977503
268,1728412437.09,1,220,0,0,185,0,0,3,476197841,-1223631802,0.0,0.6000000238418579,7.678066730499268,0.0,0.0,0.0,0.0,7.678066730499268,0.0,28,14400,47.6197841,-122.3631802,3.490401384542038
269,1728412437.349,1,220,0,0,185,0,0,3,476197841,-1223631802,0.0,0.6000000238418579,7.678066730499268,0.0,0.0,0.0,0.0,7.678066730499268,0.0,28,14400,47.6197841,-122.3631802,3.4698126668599163
270,1728412437.633,1,220,0,0,185,0,0,3,476197826,-1223631871,0.0,0.6000000238418579,7.655422210693359,0.0,0.0,0.0,0.0,7.655422210693359,0.0,28,14400,47.6197826,-122.3631871,3.508771900471705
271,1728412437.906,1,220,0,0,185,0,0,3,476197791,-1223631971,0.0,0.6000000238418579,7.617589950561523,0.0,0.0,0.0,0.0,7.617589950561523,0.0,28,14400,47.6197791,-122.3631971,3.477655959471413
272,1728412438.145,1,220,0,0,185,0,0,3,476197791,-1223631971,0.0,0.6000000238418579,7.617589950561523,0.0,0.0,0.0,0.0,7.617589950561523,0.0,28,14400,47.6197791,-122.3631971,3.500787640995292
273,1728412438.408,1,220,0,0,185,0,0,3,476197743,-1223632094,0.0,0.6000000238418579,7.566582202911377,0.0,0.0,0.0,0.0,7.566582202911377,0.0,28,14500,47.6197743,-122.3632094,3.4674064476767725
274,1728412438.6859999,1,220,0,0,185,0,0,3,476197743,-1223632094,0.0,0.6000000238418579,7.566582202911377,0.0,0.0,0.0,0.0,7.566582202911377,0.0,28,14500,47.6197743,-122.3632094,3.493449839853509
275,1728412438.909,1,220,0,0,185,0,0,3,476197743,-1223632094,0.0,0.6000000238418579,7.566582202911377,0.0,0.0,0.0,0.0,7.566582202911377,0.0,28,14500,47.6197743,-122.3632094,3.505082460824099
276,1728412439.702,1,220,0,0,185,0,0,3,476197982,-1223631885,0.0,0.6000000238418579,7.9136962890625,0.0,0.0,0.0,0.0,7.9136962890625,0.0,28,14500,47.6197982,-122.3631885,3.490401384542038
277,1728412439.9589999,1,220,0,0,185,0,0,3,476198180,-1223631672,0.0,0.6000000238418579,7.43325138092041,0.0,0.0,0.0,0.0,7.43325138092041,0.0,28,14500,47.619818,-122.3631672,3.4971148184085488
278,1728412440.204,1,220,0,0,185,0,0,3,476198180,-1223631672,0.0,0.6000000238418579,7.43325138092041,0.0,0.0,0.0,0.0,7.43325138092041,0.0,28,14500,47.619818,-122.3631672,3.5044681864099907
279,1728412440.485,1,220,0,0,185,0,0,3,476198404,-1223631400,0.0,0.6000000238418579,6.889525890350342,0.0,0.0,0.0,0.0,6.889525890350342,0.0,28,14500,47.6198404,-122.36314,3.488574892772981
280,1728412440.712,1,220,0,0,185,0,0,3,476198404,-1223631400,0.0,0.6000000238418579,6.889525890350342,0.0,0.0,0.0,0.0,6.889525890350342,0.0,28,14500,47.6198404,-122.36314,3.5118525433610976
281,1728412441.003,1,220,0,0,185,0,0,3,476198485,-1223631137,0.0,0.6000000238418579,7.023102283477783,0.0,0.0,0.0,0.0,7.023102283477783,0.0,28,14400,47.6198485,-122.3631137,3.508771900471705
282,1728412441.248,1,220,0,0,185,0,0,3,476198485,-1223631137,0.0,0.6000000238418579,7.023102283477783,0.0,0.0,0.0,0.0,7.023102283477783,0.0,28,14400,47.6198485,-122.3631137,3.4843205517022526
283,1728412441.534,1,220,0,0,185,0,0,3,476198505,-1223630936,0.0,0.6000000238418579,7.119617938995361,0.0,0.0,0.0,0.0,7.119617938995361,0.0,28,14400,47.6198505,-122.3630936,3.494670742598286
284,1728412441.761,1,220,0,0,185,0,0,3,476198505,-1223630936,0.0,0.6000000238418579,7.119617938995361,0.0,0.0,0.0,0.0,7.119617938995361,0.0,28,14400,47.6198505,-122.3630936,3.5112358939164587
285,1728412442.0279999,1,220,0,0,185,0,0,3,476198490,-1223630811,0.0,0.6000000238418579,7.253364562988281,0.0,0.0,0.0,0.0,7.253364562988281,0.0,28,14400,47.619849,-122.3630811,3.3206043489401376
286,1728412442.314,1,220,0,0,185,0,0,3,476198490,-1223630811,0.0,0.6000000238418579,7.253364562988281,0.0,0.0,0.0,0.0,7.253364562988281,0.0,28,14400,47.619849,-122.3630811,3.638348203808547
287,1728412442.563,1,220,0,0,185,0,0,3,476198456,-1223630736,0.0,0.6000000238418579,7.313003063201904,0.0,0.0,0.0,0.0,7.313003063201904,0.0,28,14400,47.6198456,-122.3630736,3.6231884183164556
288,1728412442.797,1,220,0,0,185,0,0,3,476198456,-1223630736,0.0,0.6000000238418579,7.313003063201904,0.0,0.0,0.0,0.0,7.313003063201904,0.0,28,14400,47.6198456,-122.3630736,3.629764071618172
289,1728412443.082,1,220,0,0,185,0,0,3,476198415,-1223630692,0.0,0.6000000238418579,7.310884475708008,0.0,0.0,0.0,0.0,7.310884475708008,0.0,28,14400,47.6198415,-122.3630692,3.637686335519545
290,1728412443.3279998,1,220,0,0,185,0,0,3,476198415,-1223630692,0.0,0.6000000238418579,7.310884475708008,0.0,0.0,0.0,0.0,7.310884475708008,0.0,28,14400,47.6198415,-122.3630692,3.620564854364616
291,1728412443.606,1,220,0,0,185,0,0,3,476198378,-1223630674,0.0,0.6000000238418579,7.32016658782959,0.0,0.0,0.0,0.0,7.32016658782959,0.0,28,14400,47.6198378,-122.3630674,3.625815943962123
292,1728412443.885,1,220,0,0,185,0,0,3,476198378,-1223630674,0.0,0.6000000238418579,7.371486186981201,0.0,0.0,0.0,0.0,7.371486186981201,0.0,28,14400,47.6198378,-122.3630674,3.6416605289367303
293,1728412444.1309998,1,220,0,0,185,0,0,3,476198341,-1223630673,0.0,0.6000000238418579,7.371486186981201,0.0,0.0,0.0,0.0,7.371486186981201,0.0,28,14400,47.6198341,-122.3630673,3.6483034639626757
294,1728412444.382,1,220,0,0,185,0,0,3,476198341,-1223630673,0.0,0.6000000238418579,7.371486186981201,0.0,0.0,0.0,0.0,7.371486186981201,0.0,28,14400,47.6198341,-122.3630673,3.640334938615678
295,1728412444.932,1,220,0,0,185,0,0,3,476198341,-1223630673,0.0,0.6000000238418579,8.009921073913574,0.0,0.0,0.0,0.0,8.009921073913574,0.0,28,14400,47.6198341,-122.3630673,3.625815787243145
296,1728412445.199,1,220,0,0,185,0,0,3,476198274,-1223630726,0.0,0.6000000238418579,8.009921073913574,0.0,0.0,0.0,0.0,8.009921073913574,0.0,28,14400,47.6198274,-122.3630726,3.6589827491554807
297,1728412445.4789999,1,220,0,0,185,0,0,3,476198232,-1223630775,0.0,0.6000000238418579,7.696597576141357,0.0,0.0,0.0,0.0,7.696597576141357,0.0,28,14400,47.6198232,-122.3630775,3.6409976131231696
298,1728412445.714,1,220,0,0,185,0,0,3,476198232,-1223630775,0.0,0.6000000238418579,7.696597576141357,0.0,0.0,0.0,0.0,7.696597576141357,0.0,28,14400,47.6198232,-122.3630775,3.629764071618172
299,1728412445.983,1,220,0,0,185,0,0,3,476198194,-1223630833,0.0,0.6000000238418579,7.547241687774658,0.0,0.0,0.0,0.0,7.547241687774658,0.0,28,14400,47.6198194,-122.3630833,3.6376864932663664
300,1728412446.2359998,1,220,0,0,185,0,0,3,476198194,-1223630833,0.0,0.6000000238418579,7.547241687774658,0.0,0.0,0.0,0.0,7.547241687774658,0.0,28,14400,47.6198194,-122.3630833,3.6409976131231696
301,1728412446.5189998,1,220,0,0,185,0,0,3,476198144,-1223630922,0.0,0.6000000238418579,7.493762969970703,0.0,0.0,0.0,0.0,7.493762969970703,0.0,28,14400,47.6198144,-122.3630922,3.642323844337459
302,1728412446.74,1,220,0,0,185,0,0,3,476198144,-1223630922,0.0,0.6000000238418579,7.493762969970703,0.0,0.0,0.0,0.0,7.493762969970703,0.0,28,14400,47.6198144,-122.3630922,3.676470710692938
303,1728412447.016,1,220,0,0,185,0,0,3,476198100,-1223631007,0.0,0.6000000238418579,7.520479679107666,0.0,0.0,0.0,0.0,7.520479679107666,0.0,28,14400,47.61981,-122.3631007,3.648969043038489
304,1728412447.2549999,1,220,0,0,185,0,0,3,476198100,-1223631007,0.0,0.6000000238418579,7.520479679107666,0.0,0.0,0.0,0.0,7.520479679107666,0.0,28,14400,47.61981,-122.3631007,3.6127167542928156
305,1728412447.544,1,220,0,0,185,0,0,3,476198311,-1223630858,0.0,0.6000000238418579,7.029446125030518,0.0,0.0,0.0,0.0,7.029446125030518,0.0,28,14400,47.6198311,-122.3630858,3.6101083281073474
306,1728412447.78,1,220,0,0,185,0,0,3,476198311,-1223630858,0.0,0.6000000238418579,7.029446125030518,0.0,0.0,0.0,0.0,7.029446125030518,0.0,28,14400,47.6198311,-122.3630858,3.6284469694282677
307,1728412448.056,1,220,0,0,185,0,0,3,476198409,-1223630705,0.0,0.6000000238418579,7.316999912261963,0.0,0.0,0.0,0.0,7.316999912261963,0.0,28,14400,47.6198409,-122.3630705,3.629764071618172
308,1728412448.307,1,220,0,0,185,0,0,3,476198409,-1223630705,0.0,0.6000000238418579,7.316999912261963,0.0,0.0,0.0,0.0,7.316999912261963,0.0,28,14400,47.6198409,-122.3630705,3.629105479521808
309,1728412448.58,1,220,0,0,185,0,0,3,476198436,-1223630595,0.0,0.6000000238418579,7.539139270782471,0.0,0.0,0.0,0.0,7.539139270782471,0.0,28,14400,47.6198436,-122.3630595,3.629764071618172
310,1728412448.8209999,1,220,0,0,185,0,0,3,476198436,-1223630595,0.0,0.6000000238418579,7.539139270782471,0.0,0.0,0.0,0.0,7.539139270782471,0.0,28,14400,47.6198436,-122.3630595,3.629764071618172
311,1728412449.097,1,220,0,0,185,0,0,3,476198424,-1223630538,0.0,0.6000000238418579,7.756111145019531,0.0,0.0,0.0,0.0,7.756111145019531,0.0,28,14400,47.6198424,-122.3630538,3.647638127648428
312,1728412449.3249998,1,220,0,0,185,0,0,3,476198424,-1223630538,0.0,0.6000000238418579,7.756111145019531,0.0,0.0,0.0,0.0,7.756111145019531,0.0,28,14400,47.6198424,-122.3630538,3.618599634421966
313,1728412449.612,1,220,0,0,185,0,0,3,476198392,-1223630522,0.0,0.6000000238418579,7.864963531494141,0.0,0.0,0.0,0.0,7.864963531494141,0.0,28,14400,47.6198392,-122.3630522,3.618599634421966
314,1728412449.918,1,220,0,0,185,0,0,3,476198392,-1223630522,0.0,0.6000000238418579,7.864963531494141,0.0,0.0,0.0,0.0,7.864963531494141,0.0,28,14400,47.6198392,-122.3630522,3.6159825535021453
315,1728412450.472,1,220,0,0,185,0,0,3,476198392,-1223630522,0.0,0.6000000238418579,8.656704902648926,0.0,0.0,0.0,0.0,8.656704902648926,0.0,28,14400,47.6198392,-122.3630522,3.642323844337459
316,1728412450.711,1,220,0,0,185,0,0,3,476198333,-1223630555,0.0,0.6000000238418579,8.656704902648926,0.0,0.0,0.0,0.0,8.656704902648926,0.0,28,14400,47.6198333,-122.3630555,3.6245017049434782
317,1728412450.9889998,1,220,0,0,185,0,0,3,476198281,-1223630607,0.0,0.6000000238418579,8.335880279541016,0.0,0.0,0.0,0.0,8.335880279541016,0.0,28,14400,47.6198281,-122.3630607,3.6324009893894638
318,1728412451.225,1,220,0,0,185,0,0,3,476198281,-1223630607,0.0,0.6000000238418579,8.335880279541016,0.0,0.0,0.0,0.0,8.335880279541016,0.0,28,14400,47.6198281,-122.3630607,3.6127167542928156
319,1728412451.493,1,220,0,0,185,0,0,3,476198226,-1223630687,0.0,0.6000000238418579,8.070467948913574,0.0,0.0,0.0,0.0,8.070467948913574,0.0,28,14400,47.6198226,-122.3630687,3.6225322100439645
320,1728412451.7459998,1,220,0,0,185,0,0,3,476198226,-1223630687,0.0,0.6000000238418579,8.070467948913574,0.0,0.0,0.0,0.0,8.070467948913574,0.0,28,14400,47.6198226,-122.3630687,3.6172906206028235
321,1728412452.0019999,1,220,0,0,185,0,0,3,476198226,-1223630687,0.0,0.6000000238418579,8.070467948913574,0.0,0.0,0.0,0.0,8.070467948913574,0.0,28,14400,47.6198226,-122.3630687,3.6172906206028235
322,1728412452.267,1,220,0,0,185,0,0,3,476198173,-1223630785,0.0,0.6000000238418579,7.822890281677246,0.0,0.0,0.0,0.0,7.822890281677246,0.0,28,14400,47.6198173,-122.3630785,3.608805449365887
323,1728412452.543,1,220,0,0,185,0,0,3,476197978,-1223631275,0.0,0.6000000238418579,7.410318851470947,0.0,0.0,0.0,0.0,7.410318851470947,0.0,28,14400,47.6197978,-122.3631275,3.594536375052829
324,1728412452.786,1,220,0,0,185,0,0,3,476197978,-1223631275,0.0,0.6000000238418579,7.410318851470947,0.0,0.0,0.0,0.0,7.410318851470947,0.0,28,14400,47.6197978,-122.3631275,3.644314924534089
325,1728412453.0349998,1,220,0,0,185,0,0,3,476197978,-1223631275,0.0,0.6000000238418579,7.410318851470947,0.0,0.0,0.0,0.0,7.410318851470947,0.0,28,14400,47.6197978,-122.3631275,3.8535645047200906
326,1728412453.2979999,1,220,0,0,185,0,0,3,476197978,-1223631275,0.0,0.6000000238418579,7.410318851470947,0.0,0.0,0.0,0.0,7.410318851470947,0.0,28,14400,47.6197978,-122.3631275,3.310710207954206
327,1728412453.562,1,220,0,0,185,0,0,3,476197978,-1223631275,0.0,0.6000000238418579,7.410318851470947,0.0,0.0,0.0,0.0,7.410318851470947,0.0,28,14400,47.6197978,-122.3631275,3.3428045906913306
328,1728412453.843,1,220,0,0,185,0,0,3,476197711,-1223631808,0.0,0.6000000238418579,8.935153007507324,0.0,0.0,0.0,0.0,8.935153007507324,0.0,28,14500,47.6197711,-122.3631808,3.3206043489401376
329,1728412454.1009998,1,220,0,0,185,0,0,3,476197711,-1223631808,0.0,0.6000000238418579,8.029756546020508,0.0,0.0,0.0,0.0,8.029756546020508,0.0,28,14500,47.6197711,-122.3631808,3.306878384051815
330,1728412454.35,1,220,0,0,185,0,0,3,476197645,-1223632038,0.0,0.6000000238418579,8.029756546020508,0.0,0.0,0.0,0.0,8.029756546020508,0.0,28,14500,47.6197645,-122.3632038,3.32889473189002
331,1728412454.626,1,220,0,0,185,0,0,3,476197927,-1223631871,0.0,0.6000000238418579,7.1090497970581055,0.0,0.0,0.0,0.0,7.1090497970581055,0.0,28,14400,47.6197927,-122.3631871,3.3025099106501177
332,1728412454.8669999,1,220,0,0,185,0,0,3,476197927,-1223631871,0.0,0.6000000238418579,7.1090497970581055,0.0,0.0,0.0,0.0,7.1090497970581055,0.0,28,14400,47.6197927,-122.3631871,3.318400558248385
333,1728412455.1759999,1,220,0,0,185,0,0,3,476198011,-1223631761,0.0,0.6000000238418579,7.181471824645996,0.0,0.0,0.0,0.0,7.181471824645996,0.0,28,14400,47.6198011,-122.3631761,3.3311126201777173
334,1728412455.406,1,220,0,0,185,0,0,3,476198011,-1223631761,0.0,0.6000000238418579,7.181471824645996,0.0,0.0,0.0,0.0,7.181471824645996,0.0,28,14400,47.6198011,-122.3631761,3.3300034389281024
335,1728412455.662,1,220,0,0,185,0,0,3,476198011,-1223631761,0.0,0.6000000238418579,7.181471824645996,0.0,0.0,0.0,0.0,7.181471824645996,0.0,28,14400,47.6198011,-122.3631761,3.3239155946712953
336,1728412456.7519999,1,220,0,0,185,0,0,3,476197948,-1223631837,0.0,0.6000000238418579,7.989370822906494,0.0,0.0,0.0,0.0,7.989370822906494,0.0,28,14400,47.6197948,-122.3631837,3.30961443932042
337,1728412456.972,1,220,0,0,185,0,0,3,476197880,-1223631944,0.0,0.6000000238418579,7.7827467918396,0.0,0.0,0.0,0.0,7.7827467918396,0.0,28,14400,47.619788,-122.3631944,3.312355156662688
338,1728412457.248,1,220,0,0,185,0,0,3,476197848,-1223631998,0.0,0.6000000238418579,7.681833267211914,0.0,0.0,0.0,0.0,7.681833267211914,0.0,28,14400,47.6197848,-122.3631998,3.3244680671882256
339,1728412457.541,1,220,0,0,185,0,0,3,476197848,-1223631998,0.0,0.6000000238418579,7.681833267211914,0.0,0.0,0.0,0.0,7.681833267211914,0.0,28,14400,47.6197848,-122.3631998,3.3167496011431123
340,1728412457.754,1,220,0,0,185,0,0,3,476197848,-1223631998,0.0,0.6000000238418579,7.681833267211914,0.0,0.0,0.0,0.0,7.681833267211914,0.0,28,14400,47.6197848,-122.3631998,3.3161996908030003
341,1728412458.0579998,1,220,0,0,185,0,0,3,476197848,-1223631998,0.0,0.6000000238418579,7.681833267211914,0.0,0.0,0.0,0.0,7.681833267211914,0.0,28,14400,47.6197848,-122.3631998,3.3156498317275522
342,1728412458.294,1,220,0,0,185,0,0,3,476197713,-1223632224,0.0,0.6000000238418579,9.167010307312012,0.0,0.0,0.0,0.0,9.167010307312012,0.0,28,14500,47.6197713,-122.3632224,3.3145507913943777
343,1728412458.547,1,220,0,0,185,0,0,3,476197665,-1223632337,0.0,0.6000000238418579,8.343025207519531,0.0,0.0,0.0,0.0,8.343025207519531,0.0,28,14500,47.6197665,-122.3632337,3.348961753380977
344,1728412458.7919998,1,220,0,0,185,0,0,3,476197665,-1223632337,0.0,0.6000000238418579,8.343025207519531,0.0,0.0,0.0,0.0,8.343025207519531,0.0,28,14500,47.6197665,-122.3632337,3.0595074469790373
345,1728412459.0519998,1,220,0,0,185,0,0,3,476198088,-1223632128,0.0,0.6000000238418579,6.788362503051758,0.0,0.0,0.0,0.0,6.788362503051758,0.0,28,14500,47.6198088,-122.3632128,3.070310130088557
346,1728412459.3409998,1,220,0,0,185,0,0,3,476198088,-1223632128,0.0,0.6000000238418579,6.788362503051758,0.0,0.0,0.0,0.0,6.788362503051758,0.0,28,14500,47.6198088,-122.3632128,3.510003538202038
347,1728412459.6,1,220,0,0,185,0,0,3,476198192,-1223631895,0.0,0.6000000238418579,6.94444465637207,0.0,0.0,0.0,0.0,6.94444465637207,0.0,28,14400,47.6198192,-122.3631895,3.4922297898831673
348,1728412459.859,1,220,0,0,185,0,0,3,476198192,-1223631895,0.0,0.6000000238418579,6.94444465637207,0.0,0.0,0.0,0.0,6.94444465637207,0.0,28,14400,47.6198192,-122.3631895,3.493449839853509
349,1728412460.1309998,1,220,0,0,185,0,0,3,476198208,-1223631751,0.0,0.6000000238418579,7.090899467468262,0.0,0.0,0.0,0.0,7.090899467468262,0.0,28,14400,47.6198208,-122.3631751,3.5161744246527493
350,1728412460.3809998,1,220,0,0,185,0,0,3,476198208,-1223631751,0.0,0.6000000238418579,7.090899467468262,0.0,0.0,0.0,0.0,7.090899467468262,0.0,28,14400,47.6198208,-122.3631751,3.4740316321033577
351,1728412460.658,1,220,0,0,185,0,0,3,476198183,-1223631670,0.0,0.6000000238418579,7.137297630310059,0.0,0.0,0.0,0.0,7.137297630310059,0.0,28,14400,47.6198183,-122.363167,3.5032404295760644
352,1728412460.901,1,220,0,0,185,0,0,3,476198183,-1223631670,0.0,0.6000000238418579,7.137297630310059,0.0,0.0,0.0,0.0,7.137297630310059,0.0,28,14400,47.6198183,-122.363167,3.4965034790147262
353,1728412461.148,1,220,0,0,185,0,0,3,476198183,-1223631670,0.0,0.6000000238418579,7.137297630310059,0.0,0.0,0.0,0.0,7.137297630310059,0.0,28,14400,47.6198183,-122.363167,3.4910105917941063
354,1728412461.9429998,1,220,0,0,185,0,0,3,476198183,-1223631670,0.0,0.6000000238418579,7.8013834953308105,0.0,0.0,0.0,0.0,7.8013834953308105,0.0,28,14400,47.6198183,-122.363167,3.4710169574280916
355,1728412462.1759999,1,220,0,0,185,0,0,3,476197963,-1223631985,0.0,0.6000000238418579,7.8013834953308105,0.0,0.0,0.0,0.0,7.8013834953308105,0.0,28,14400,47.6197963,-122.3631985,3.4843205517022526
356,1728412462.4499998,1,220,0,0,185,0,0,3,476197848,-1223632149,0.0,0.6000000238418579,7.606057167053223,0.0,0.0,0.0,0.0,7.606057167053223,0.0,28,14400,47.6197848,-122.3632149,3.500787640995292
357,1728412462.699,1,220,0,0,185,0,0,3,476197848,-1223632149,0.0,0.6000000238418579,7.606057167053223,0.0,0.0,0.0,0.0,7.606057167053223,0.0,28,14400,47.6197848,-122.3632149,3.4965034790147262
358,1728412462.9729998,1,220,0,0,185,0,0,3,476197948,-1223632009,0.0,0.6000000238418579,7.216957092285156,0.0,0.0,0.0,0.0,7.216957092285156,0.0,28,14400,47.6197948,-122.3632009,3.4831070135298603
359,1728412463.2289999,1,220,0,0,185,0,0,3,476197948,-1223632009,0.0,0.6000000238418579,7.216957092285156,0.0,0.0,0.0,0.0,7.216957092285156,0.0,28,14400,47.6197948,-122.3632009,3.4965034790147262
360,1728412463.511,1,220,0,0,185,0,0,3,476197957,-1223631955,0.0,0.6000000238418579,7.250865459442139,0.0,0.0,0.0,0.0,7.250865459442139,0.0,28,14400,47.6197957,-122.3631955,3.4806821825183416
361,1728412463.767,1,220,0,0,185,0,0,3,476197957,-1223631955,0.0,0.6000000238418579,7.273453235626221,0.0,0.0,0.0,0.0,7.273453235626221,0.0,28,14400,47.6197957,-122.3631955,3.5044681864099907
362,1728412464.014,1,220,0,0,185,0,0,3,476197966,-1223631903,0.0,0.6000000238418579,7.273453235626221,0.0,0.0,0.0,0.0,7.273453235626221,0.0,28,14400,47.6197966,-122.3631903,3.4867504565013476
363,1728412464.276,1,220,0,0,185,0,0,3,476197966,-1223631903,0.0,0.6000000238418579,7.273453235626221,0.0,0.0,0.0,0.0,7.273453235626221,0.0,28,14400,47.6197966,-122.3631903,3.1928480515446966
364,1728412464.554,1,220,0,0,185,0,0,3,476197966,-1223631903,0.0,0.6000000238418579,8.75654125213623,0.0,0.0,0.0,0.0,8.75654125213623,0.0,28,14400,47.6197966,-122.3631903,3.490401384542038
365,1728412464.7919998,1,220,0,0,185,0,0,3,476198189,-1223631584,0.0,0.6000000238418579,8.75654125213623,0.0,0.0,0.0,0.0,8.75654125213623,0.0,28,14400,47.6198189,-122.3631584,3.4849276379474134
366,1728412465.054,1,220,0,0,185,0,0,3,476198189,-1223631584,0.0,0.6000000238418579,8.75654125213623,0.0,0.0,0.0,0.0,8.75654125213623,0.0,28,14400,47.6198189,-122.3631584,3.492839635610142
367,1728412465.32,1,220,0,0,185,0,0,3,476198226,-1223631414,0.0,0.6000000238418579,8.006539344787598,0.0,0.0,0.0,0.0,8.006539344787598,0.0,28,14400,47.6198226,-122.3631414,3.482500416806986
368,1728412465.6009998,1,220,0,0,185,0,0,3,476198195,-1223631343,0.0,0.6000000238418579,7.596980571746826,0.0,0.0,0.0,0.0,7.596980571746826,0.0,28,14400,47.6198195,-122.3631343,3.494670597011282
369,1728412465.8509998,1,220,0,0,185,0,0,3,476198195,-1223631343,0.0,0.6000000238418579,7.596980571746826,0.0,0.0,0.0,0.0,7.596980571746826,0.0,28,14400,47.6198195,-122.3631343,3.4794710326411122
370,1728412466.1269999,1,220,0,0,185,0,0,3,476198071,-1223631507,0.0,0.6000000238418579,7.387289047241211,0.0,0.0,0.0,0.0,7.387289047241211,0.0,28,14400,47.6198071,-122.3631507,3.5032404295760644
371,1728412466.365,1,220,0,0,185,0,0,3,476198071,-1223631507,0.0,0.6000000238418579,7.387289047241211,0.0,0.0,0.0,0.0,7.387289047241211,0.0,28,14400,47.6198071,-122.3631507,3.5118525433610976
372,1728412466.6369998,1,220,0,0,185,0,0,3,476198071,-1223631507,0.0,0.6000000238418579,7.387289047241211,0.0,0.0,0.0,0.0,7.387289047241211,0.0,28,14400,47.6198071,-122.3631507,3.463203406012673
373,1728412467.412,1,220,0,0,185,0,0,3,476198071,-1223631507,0.0,0.6000000238418579,7.703594207763672,0.0,0.0,0.0,0.0,7.703594207763672,0.0,28,14400,47.6198071,-122.3631507,3.4782608695652173
374,1728412467.6729999,1,220,0,0,185,0,0,3,476198039,-1223631496,0.0,0.6000000238418579,7.703594207763672,0.0,0.0,0.0,0.0,7.703594207763672,0.0,28,14400,47.6198039,-122.3631496,3.502013678905988
375,1728412467.915,1,220,0,0,185,0,0,3,476198022,-1223631480,0.0,0.6000000238418579,7.1574482917785645,0.0,0.0,0.0,0.0,7.1574482917785645,0.0,28,14400,47.6198022,-122.363148,3.4800764300156657
376,1728412468.1759999,1,220,0,0,185,0,0,3,476198022,-1223631480,0.0,0.6000000238418579,7.1574482917785645,0.0,0.0,0.0,0.0,7.1574482917785645,0.0,28,14400,47.6198022,-122.363148,3.4831068689047453
377,1728412468.442,1,220,0,0,185,0,0,3,476198024,-1223631438,0.0,0.6000000238418579,6.86090612411499,0.0,0.0,0.0,0.0,6.86090612411499,0.0,28,14400,47.6198024,-122.3631438,3.472825105298088
378,1728412468.6959999,1,220,0,0,185,0,0,3,476198018,-1223631420,0.0,0.6000000238418579,6.764777660369873,0.0,0.0,0.0,0.0,6.764777660369873,0.0,28,14400,47.6198018,-122.363142,3.495281295583698
379,1728412468.977,1,220,0,0,185,0,0,3,476198018,-1223631420,0.0,0.6000000238418579,6.764777660369873,0.0,0.0,0.0,0.0,6.764777660369873,0.0,28,14400,47.6198018,-122.363142,3.4800765743892312
380,1728412469.22,1,220,0,0,185,0,0,3,476198018,-1223631420,0.0,0.6000000238418579,6.764777660369873,0.0,0.0,0.0,0.0,6.764777660369873,0.0,28,14400,47.6198018,-122.363142,3.506311362793744
381,1728412469.462,1,220,0,0,185,0,0,3,476198018,-1223631420,0.0,0.6000000238418579,6.764777660369873,0.0,0.0,0.0,0.0,6.764777660369873,0.0,28,14400,47.6198018,-122.363142,3.4698126668599163
382,1728412469.789,1,220,0,0,185,0,0,3,476198065,-1223631310,0.0,0.6000000238418579,8.243653297424316,0.0,0.0,0.0,0.0,8.243653297424316,0.0,28,14400,47.6198065,-122.363131,2.8284542100788985
383,1728412470.026,1,220,0,0,185,0,0,3,476198132,-1223631158,0.0,0.6000000238418579,7.368921279907227,0.0,0.0,0.0,0.0,7.368921279907227,0.0,28,14400,47.6198132,-122.3631158,3.064194906075791
384,1728412470.2649999,1,220,0,0,185,0,0,3,476198132,-1223631158,0.0,0.6000000238418579,7.368921279907227,0.0,0.0,0.0,0.0,7.368921279907227,0.0,28,14400,47.6198132,-122.3631158,3.0590394116334263
385,1728412470.539,1,220,0,0,185,0,0,3,476198132,-1223631158,0.0,0.6000000238418579,7.368921279907227,0.0,0.0,0.0,0.0,7.368921279907227,0.0,28,14400,47.6198132,-122.3631158,3.0529690683641904
386,1728412470.796,1,220,0,0,185,0,0,3,476198132,-1223631158,0.0,0.6000000238418579,7.368921279907227,0.0,0.0,0.0,0.0,7.368921279907227,0.0,28,14400,47.6198132,-122.3631158,3.0381285383637153
387,1728412471.079,1,220,0,0,185,0,0,3,476198154,-1223631037,0.0,0.6000000238418579,8.425516128540039,0.0,0.0,0.0,0.0,8.425516128540039,0.0,28,14400,47.6198154,-122.3631037,3.028467553412404
388,1728412471.323,1,220,0,0,185,0,0,3,476198154,-1223631037,0.0,0.6000000238418579,8.425516128540039,0.0,0.0,0.0,0.0,8.425516128540039,0.0,28,14400,47.6198154,-122.3631037,3.044603437749831
389,1728412471.5979998,1,220,0,0,185,0,0,3,476198134,-1223630998,0.0,0.6000000238418579,7.519604682922363,0.0,0.0,0.0,0.0,7.519604682922363,0.0,28,14300,47.6198134,-122.3630998,3.046458576087215
390,1728412471.8309999,1,220,0,0,185,0,0,3,476198134,-1223630998,0.0,0.6000000238418579,7.519604682922363,0.0,0.0,0.0,0.0,7.519604682922363,0.0,28,14300,47.6198134,-122.3630998,3.044603437749831
391,1728412472.129,1,220,0,0,185,0,0,3,476198134,-1223630998,0.0,0.6000000238418579,7.519604682922363,0.0,0.0,0.0,0.0,7.519604682922363,0.0,28,14300,47.6198134,-122.3630998,3.030302964622982
392,1728412473.708,1,220,0,0,185,0,0,3,476198136,-1223630900,0.0,0.6000000238418579,9.005622863769531,0.0,0.0,0.0,0.0,9.005622863769531,0.0,28,14300,47.6198136,-122.36309,3.064194906075791
393,1728412473.939,1,220,0,0,185,0,0,3,476198136,-1223630900,0.0,0.6000000238418579,9.005622863769531,0.0,0.0,0.0,0.0,9.005622863769531,0.0,28,14300,47.6198136,-122.36309,3.0358227905730133
394,1728412474.211,1,220,0,0,185,0,0,3,476198180,-1223630735,0.0,0.6000000238418579,7.5131120681762695,0.0,0.0,0.0,0.0,7.5131120681762695,0.0,28,14300,47.619818,-122.3630735,3.0197794899980837
395,1728412474.4659998,1,220,0,0,185,0,0,3,476198180,-1223630735,0.0,0.6000000238418579,7.5131120681762695,0.0,0.0,0.0,0.0,7.5131120681762695,0.0,28,14300,47.619818,-122.3630735,3.0409001514068565
396,1728412474.7589998,1,220,0,0,185,0,0,3,476198196,-1223630620,0.0,0.6000000238418579,6.850790023803711,0.0,0.0,0.0,0.0,6.850790023803711,0.0,28,14300,47.6198196,-122.363062,3.0436768260220295
397,1728412475.046,1,220,0,0,185,0,0,3,476198199,-1223630549,0.0,0.6000000238418579,6.6396307945251465,0.0,0.0,0.0,0.0,6.6396307945251465,0.0,28,14300,47.6198199,-122.3630549,3.0459945242884845
398,1728412475.2649999,1,220,0,0,185,0,0,3,476198199,-1223630549,0.0,0.6000000238418579,6.6396307945251465,0.0,0.0,0.0,0.0,6.6396307945251465,0.0,28,14300,47.6198199,-122.3630549,3.044603437749831
399,1728412475.5419998,1,220,0,0,185,0,0,3,476198199,-1223630549,0.0,0.6000000238418579,6.6396307945251465,0.0,0.0,0.0,0.0,6.6396307945251465,0.0,28,14300,47.6198199,-122.3630549,3.046458465450152
400,1728412475.789,1,220,0,0,185,0,0,3,476198199,-1223630549,0.0,0.6000000238418579,6.6396307945251465,0.0,0.0,0.0,0.0,6.6396307945251465,0.0,28,14300,47.6198199,-122.3630549,2.8101727849601126
401,1728412476.062,1,220,0,0,185,0,0,3,476198065,-1223630709,0.0,0.6000000238418579,7.982964992523193,0.0,0.0,0.0,0.0,7.982964992523193,0.0,28,14200,47.6198065,-122.3630709,2.83165795025035
402,1728412476.316,1,220,0,0,185,0,0,3,476198065,-1223630709,0.0,0.6000000238418579,7.982964992523193,0.0,0.0,0.0,0.0,7.982964992523193,0.0,28,14200,47.6198065,-122.3630709,3.4758429230101484
403,1728412476.6139998,1,220,0,0,185,0,0,3,476198136,-1223630582,0.0,0.6000000238418579,6.987645149230957,0.0,0.0,0.0,0.0,6.987645149230957,0.0,28,14100,47.6198136,-122.3630582,3.4674063043525525
404,1728412476.888,1,220,0,0,185,0,0,3,476198136,-1223630582,0.0,0.6000000238418579,6.987645149230957,0.0,0.0,0.0,0.0,6.987645149230957,0.0,28,14100,47.6198136,-122.3630582,3.4536350167609378
405,1728412477.116,1,220,0,0,185,0,0,3,476198144,-1223630536,0.0,0.6000000238418579,6.676674842834473,0.0,0.0,0.0,0.0,6.676674842834473,0.0,28,14100,47.6198144,-122.3630536,3.445305731266327
406,1728412477.3669999,1,220,0,0,185,0,0,3,476198144,-1223630536,0.0,0.6000000238418579,6.676674842834473,0.0,0.0,0.0,0.0,6.676674842834473,0.0,28,14100,47.6198144,-122.3630536,3.4806821825183416
407,1728412477.645,1,220,0,0,185,0,0,3,476198142,-1223630510,0.0,0.6000000238418579,6.538221836090088,0.0,0.0,0.0,0.0,6.538221836090088,0.0,28,14100,47.6198142,-122.363051,3.4837136769332284
408,1728412477.892,1,220,0,0,185,0,0,3,476198142,-1223630510,0.0,0.6000000238418579,6.538221836090088,0.0,0.0,0.0,0.0,6.538221836090088,0.0,28,14100,47.6198142,-122.363051,3.4782608695652173
409,1728412478.1629999,1,220,0,0,185,0,0,3,476198142,-1223630510,0.0,0.6000000238418579,6.538221836090088,0.0,0.0,0.0,0.0,6.538221836090088,0.0,28,14100,47.6198142,-122.363051,3.4650034203482654
410,1728412478.948,1,220,0,0,185,0,0,3,476198145,-1223630468,0.0,0.6000000238418579,7.0966668128967285,0.0,0.0,0.0,0.0,7.0966668128967285,0.0,28,14200,47.6198145,-122.3630468,3.472825249070627
411,1728412479.192,1,220,0,0,185,0,0,3,476198145,-1223630468,0.0,0.6000000238418579,7.0966668128967285,0.0,0.0,0.0,0.0,7.0966668128967285,0.0,28,14200,47.6198145,-122.3630468,3.4812881459359115
412,1728412479.462,1,220,0,0,185,0,0,3,476198008,-1223630716,0.0,0.6000000238418579,6.611921787261963,0.0,0.0,0.0,0.0,6.611921787261963,0.0,28,14200,47.6198008,-122.3630716,3.477656103644218
413,1728412479.707,1,220,0,0,185,0,0,3,476198008,-1223630716,0.0,0.6000000238418579,6.611921787261963,0.0,0.0,0.0,0.0,6.611921787261963,0.0,28,14200,47.6198008,-122.3630716,3.494060111805152
414,1728412480.0019999,1,220,0,0,185,0,0,3,476198005,-1223630737,0.0,0.6000000238418579,6.468207359313965,0.0,0.0,0.0,0.0,6.468207359313965,0.0,28,14200,47.6198005,-122.3630737,3.5130863451356324
415,1728412480.271,1,220,0,0,185,0,0,3,476198001,-1223630752,0.0,0.6000000238418579,6.349828243255615,0.0,0.0,0.0,0.0,6.349828243255615,0.0,28,14200,47.6198001,-122.3630752,3.4800765743892312
416,1728412480.5049999,1,220,0,0,185,0,0,3,476198001,-1223630752,0.0,0.6000000238418579,6.349828243255615,0.0,0.0,0.0,0.0,6.349828243255615,0.0,28,14200,47.6198001,-122.3630752,3.445899297071884
417,1728412480.787,1,220,0,0,185,0,0,3,476198002,-1223630752,0.0,0.6000000238418579,6.324905872344971,0.0,0.0,0.0,0.0,6.324905872344971,0.0,28,14200,47.6198002,-122.3630752,3.4812881459359115
418,1728412481.0149999,1,220,0,0,185,0,0,3,476198002,-1223630752,0.0,0.6000000238418579,6.324905872344971,0.0,0.0,0.0,0.0,6.324905872344971,0.0,28,14200,47.6198002,-122.3630752,3.4752389975416165
419,1728412481.314,1,220,0,0,185,0,0,3,476198008,-1223630743,0.0,0.6000000238418579,6.294759273529053,0.0,0.0,0.0,0.0,6.294759273529053,0.0,28,14100,47.6198008,-122.3630743,3.473428192014982
420,1728412481.5479999,1,220,0,0,185,0,0,3,476198008,-1223630743,0.0,0.6000000238418579,6.294759273529053,0.0,0.0,0.0,0.0,6.294759273529053,0.0,28,14100,47.6198008,-122.3630743,3.8189803405966702
421,1728412481.807,1,220,0,0,185,0,0,3,476198066,-1223630649,0.0,0.6000000238418579,6.292726516723633,0.0,0.0,0.0,0.0,6.292726516723633,0.0,28,14100,47.6198066,-122.3630649,3.807348166784439
422,1728412482.067,1,220,0,0,185,0,0,3,476198066,-1223630649,0.0,0.6000000238418579,6.318636894226074,0.0,0.0,0.0,0.0,6.318636894226074,0.0,28,14100,47.6198066,-122.3630649,3.7957866383152634
423,1728412482.3379998,1,220,0,0,185,0,0,3,476198095,-1223630574,0.0,0.6000000238418579,6.318636894226074,0.0,0.0,0.0,0.0,6.318636894226074,0.0,28,14100,47.6198095,-122.3630574,3.777861794232693
424,1728412482.5809999,1,220,0,0,185,0,0,3,476198095,-1223630574,0.0,0.6000000238418579,6.318636894226074,0.0,0.0,0.0,0.0,6.318636894226074,0.0,28,14100,47.6198095,-122.3630574,3.833620849291124
425,1728412482.863,1,220,0,0,185,0,0,3,476198112,-1223630511,0.0,0.6000000238418579,6.410904884338379,0.0,0.0,0.0,0.0,6.410904884338379,0.0,28,14100,47.6198112,-122.3630511,3.827751266036901
426,1728412483.171,1,220,0,0,185,0,0,3,476198121,-1223630459,0.0,0.6000000238418579,6.469217777252197,0.0,0.0,0.0,0.0,6.469217777252197,0.0,28,14100,47.6198121,-122.3630459,3.8117019401510746
427,1728412483.3899999,1,220,0,0,185,0,0,3,476198121,-1223630459,0.0,0.6000000238418579,6.469217777252197,0.0,0.0,0.0,0.0,6.469217777252197,0.0,28,14100,47.6198121,-122.3630459,3.8167938861832473
428,1728412483.6469998,1,220,0,0,185,0,0,3,476198121,-1223630459,0.0,0.6000000238418579,6.469217777252197,0.0,0.0,0.0,0.0,6.469217777252197,0.0,28,14100,47.6198121,-122.3630459,3.8058990607896135
429,1728412483.921,1,220,0,0,185,0,0,3,476198118,-1223630396,0.0,0.6000000238418579,7.931783199310303,0.0,0.0,0.0,0.0,7.931783199310303,0.0,28,13799,47.6198118,-122.3630396,3.8240917642564507
430,1728412484.185,1,220,0,0,185,0,0,3,476198118,-1223630396,0.0,0.6000000238418579,7.931783199310303,0.0,0.0,0.0,0.0,7.931783199310303,0.0,28,13799,47.6198118,-122.3630396,3.8248230349640453
431,1728412484.445,1,220,0,0,185,0,0,3,476198118,-1223630396,0.0,0.6000000238418579,7.931783199310303,0.0,0.0,0.0,0.0,7.931783199310303,0.0,28,13799,47.6198118,-122.3630396,3.803004327938654
432,1728412484.731,1,220,0,0,185,0,0,3,476198116,-1223630348,0.0,0.6000000238418579,7.154482841491699,0.0,0.0,0.0,0.0,7.154482841491699,0.0,28,13700,47.6198116,-122.3630348,3.8008361233411514
433,1728412485.001,1,220,0,0,185,0,0,3,476198123,-1223630298,0.0,0.6000000238418579,6.904870986938477,0.0,0.0,0.0,0.0,6.904870986938477,0.0,28,13799,47.6198123,-122.3630298,3.8066233895061523
434,1728412485.2189999,1,220,0,0,185,0,0,3,476198123,-1223630298,0.0,0.6000000238418579,6.904870986938477,0.0,0.0,0.0,0.0,6.904870986938477,0.0,28,13799,47.6198123,-122.3630298,3.790032079654664
435,1728412485.4959998,1,220,0,0,185,0,0,3,476198123,-1223630298,0.0,0.6000000238418579,6.904870986938477,0.0,0.0,0.0,0.0,6.904870986938477,0.0,28,13799,47.6198123,-122.3630298,3.8022813757150913
436,1728412485.7519999,1,220,0,0,185,0,0,3,476198123,-1223630298,0.0,0.6000000238418579,6.904870986938477,0.0,0.0,0.0,0.0,6.904870986938477,0.0,28,13799,47.6198123,-122.3630298,3.82628659026173
437,1728412486.027,1,220,0,0,185,0,0,3,476198123,-1223630298,0.0,0.6000000238418579,8.175680160522461,0.0,0.0,0.0,0.0,8.175680160522461,0.0,28,13799,47.6198123,-122.3630298,3.8233607731197656
438,1728412486.27,1,220,0,0,185,0,0,3,476197979,-1223630495,0.0,0.6000000238418579,8.175680160522461,0.0,0.0,0.0,0.0,8.175680160522461,0.0,27,13799,47.6197979,-122.3630495,3.8153375824174627
439,1728412486.544,1,220,0,0,185,0,0,3,476197967,-1223630537,0.0,0.6000000238418579,7.34181022644043,0.0,0.0,0.0,0.0,7.34181022644043,0.0,27,13799,47.6197967,-122.3630537,3.8189803405966702
440,1728412486.777,1,220,0,0,185,0,0,3,476197967,-1223630537,0.0,0.6000000238418579,7.34181022644043,0.0,0.0,0.0,0.0,7.34181022644043,0.0,27,13799,47.6197967,-122.3630537,3.8299502959800993
441,1728412487.066,1,220,0,0,185,0,0,3,476197967,-1223630537,0.0,0.6000000238418579,7.004229545593262,0.0,0.0,0.0,0.0,7.004229545593262,0.0,27,13799,47.6197967,-122.3630537,3.8066235622449702
442,1728412487.329,1,220,0,0,185,0,0,3,476198001,-1223630496,0.0,0.6000000238418579,7.004229545593262,0.0,0.0,0.0,0.0,7.004229545593262,0.0,27,13600,47.6198001,-122.3630496,3.834355769331857
443,1728412487.592,1,220,0,0,185,0,0,3,476197982,-1223630526,0.0,0.6000000238418579,6.806070804595947,0.0,0.0,0.0,0.0,6.806070804595947,0.0,27,13600,47.6197982,-122.3630526,3.829216888781363
444,1728412487.858,1,220,0,0,185,0,0,3,476197982,-1223630526,0.0,0.6000000238418579,6.806070804595947,0.0,0.0,0.0,0.0,6.806070804595947,0.0,27,13600,47.6197982,-122.3630526,3.797949084096426
445,1728412488.123,1,220,0,0,185,0,0,3,476197973,-1223630539,0.0,0.6000000238418579,6.706802845001221,0.0,0.0,0.0,0.0,6.706802845001221,0.0,27,13600,47.6197973,-122.3630539,3.7785753190971065
446,1728412488.398,1,220,0,0,185,0,0,3,476197938,-1223630597,0.0,0.6000000238418579,6.729452133178711,0.0,0.0,0.0,0.0,6.729452133178711,0.0,27,13500,47.6197938,-122.3630597,3.7957866383152634
447,1728412488.6209998,1,220,0,0,185,0,0,3,476197938,-1223630597,0.0,0.6000000238418579,6.729452133178711,0.0,0.0,0.0,0.0,6.729452133178711,0.0,27,13500,47.6197938,-122.3630597,3.8138825629360946
448,1728412488.889,1,220,0,0,185,0,0,3,476197938,-1223630597,0.0,0.6000000238418579,6.729452133178711,0.0,0.0,0.0,0.0,6.729452133178711,0.0,27,13500,47.6197938,-122.3630597,3.77928945407327
449,1728412489.158,1,220,0,0,185,0,0,3,476197938,-1223630597,0.0,0.6000000238418579,6.729452133178711,0.0,0.0,0.0,0.0,6.729452133178711,0.0,27,13500,47.6197938,-122.3630597,3.8138825629360946
450,1728412489.4069998,1,220,0,0,185,0,0,3,476197938,-1223630597,0.0,0.6000000238418579,6.729452133178711,0.0,0.0,0.0,0.0,6.729452133178711,0.0,27,13500,47.6197938,-122.3630597,3.7807183637472512
451,1728412489.699,1,220,0,0,185,0,0,3,476197974,-1223630551,0.0,0.6000000238418579,8.25075626373291,0.0,0.0,0.0,0.0,8.25075626373291,0.0,27,13399,47.6197974,-122.3630551,3.797949084096426
452,1728412489.947,1,220,0,0,185,0,0,3,476197974,-1223630551,0.0,0.6000000238418579,8.25075626373291,0.0,0.0,0.0,0.0,8.25075626373291,0.0,27,13399,47.6197974,-122.3630551,3.7957868100719705
453,1728412490.224,1,220,0,0,185,0,0,3,476197908,-1223630667,0.0,0.6000000238418579,7.3099751472473145,0.0,0.0,0.0,0.0,7.3099751472473145,0.0,27,13399,47.6197908,-122.3630667,3.8087983767013602
454,1728412490.485,1,220,0,0,185,0,0,3,476197908,-1223630667,0.0,0.6000000238418579,7.3099751472473145,0.0,0.0,0.0,0.0,7.3099751472473145,0.0,27,13399,47.6197908,-122.3630667,3.7900322508909863
455,1728412490.789,1,220,0,0,185,0,0,3,476197884,-1223630719,0.0,0.6000000238418579,6.924798965454102,0.0,0.0,0.0,0.0,6.924798965454102,0.0,27,13399,47.6197884,-122.3630719,3.8001139951569725
456,1728412491.021,1,220,0,0,185,0,0,3,476197884,-1223630719,0.0,0.6000000238418579,6.692447185516357,0.0,0.0,0.0,0.0,6.692447185516357,0.0,27,13399,47.6197884,-122.3630719,3.803004500349173
457,1728412491.271,1,220,0,0,185,0,0,3,476197914,-1223630684,0.0,0.6000000238418579,6.692447185516357,0.0,0.0,0.0,0.0,6.692447185516357,0.0,27,13399,47.6197914,-122.3630684,3.7936266536048984
458,1728412491.562,1,220,0,0,185,0,0,3,476197907,-1223630693,0.0,0.6000000238418579,6.51185941696167,0.0,0.0,0.0,0.0,6.51185941696167,0.0,28,13399,47.6197907,-122.3630693,3.791469125766318
459,1728412491.7879999,1,220,0,0,185,0,0,3,476197907,-1223630693,0.0,0.6000000238418579,6.51185941696167,0.0,0.0,0.0,0.0,6.51185941696167,0.0,28,13399,47.6197907,-122.3630693,3.7921881432730222
460,1728412492.067,1,220,0,0,185,0,0,3,476197894,-1223630709,0.0,0.6000000238418579,6.409582138061523,0.0,0.0,0.0,0.0,6.409582138061523,0.0,28,13399,47.6197894,-122.3630709,3.7707389658702284
461,1728412492.332,1,220,0,0,185,0,0,3,476197894,-1223630709,0.0,0.6000000238418579,6.409582138061523,0.0,0.0,0.0,0.0,6.409582138061523,0.0,28,13399,47.6197894,-122.3630709,3.4512510330785924
462,1728412492.5979998,1,220,0,0,185,0,0,3,476197894,-1223630709,0.0,0.6000000238418579,6.257528305053711,0.0,0.0,0.0,0.0,6.257528305053711,0.0,28,13399,47.6197894,-122.3630709,3.466204517523848
463,1728412492.843,1,220,0,0,185,0,0,3,476197861,-1223630770,0.0,0.6000000238418579,6.257528305053711,0.0,0.0,0.0,0.0,6.257528305053711,0.0,28,13399,47.6197861,-122.363077,3.453038641056922
464,1728412493.135,1,220,0,0,185,0,0,3,476197860,-1223630780,0.0,0.6000000238418579,6.192834377288818,0.0,0.0,0.0,0.0,6.192834377288818,0.0,28,13399,47.619786,-122.363078,3.437016666151097
465,1728412493.386,1,220,0,0,185,0,0,3,476197860,-1223630780,0.0,0.6000000238418579,6.192834377288818,0.0,0.0,0.0,0.0,6.192834377288818,0.0,28,13399,47.619786,-122.363078,3.472825249070627
466,1728412493.6569998,1,220,0,0,185,0,0,3,476197862,-1223630780,0.0,0.6000000238418579,6.130094528198242,0.0,0.0,0.0,0.0,6.130094528198242,0.0,28,13399,47.6197862,-122.363078,3.4698126668599163
467,1728412493.893,1,220,0,0,185,0,0,3,476197862,-1223630780,0.0,0.6000000238418579,6.130094528198242,0.0,0.0,0.0,0.0,6.130094528198242,0.0,28,13399,47.6197862,-122.363078,3.4506556222975835
468,1728412494.164,1,220,0,0,185,0,0,3,476197869,-1223630771,0.0,0.6000000238418579,6.091061592102051,0.0,0.0,0.0,0.0,6.091061592102051,0.0,28,13399,47.6197869,-122.3630771,3.4794711769644513
469,1728412494.432,1,220,0,0,185,0,0,3,476197869,-1223630771,0.0,0.6000000238418579,6.091061592102051,0.0,0.0,0.0,0.0,6.091061592102051,0.0,28,13399,47.6197869,-122.3630771,3.4470871841097677
470,1728412494.711,1,220,0,0,185,0,0,3,476197869,-1223630771,0.0,0.6000000238418579,6.091061592102051,0.0,0.0,0.0,0.0,6.091061592102051,0.0,28,13399,47.6197869,-122.3630771,3.4650034203482654
471,1728412495.494,1,220,0,0,185,0,0,3,476197874,-1223630747,0.0,0.6000000238418579,6.633940696716309,0.0,0.0,0.0,0.0,6.633940696716309,0.0,28,13399,47.6197874,-122.3630747,3.4740316321033577
472,1728412495.717,1,220,0,0,185,0,0,3,476197874,-1223630747,0.0,0.6000000238418579,6.633940696716309,0.0,0.0,0.0,0.0,6.633940696716309,0.0,28,13399,47.6197874,-122.3630747,3.474031488230915
473,1728412496.016,1,220,0,0,185,0,0,3,476197887,-1223630713,0.0,0.6000000238418579,6.415951251983643,0.0,0.0,0.0,0.0,6.415951251983643,0.0,28,13399,47.6197887,-122.3630713,3.4620045303244744
474,1728412496.304,1,220,0,0,185,0,0,3,476197896,-1223630681,0.0,0.6000000238418579,6.351924419403076,0.0,0.0,0.0,0.0,6.351924419403076,0.0,28,13399,47.6197896,-122.3630681,3.474635137977503
475,1728412496.5479999,1,220,0,0,185,0,0,3,476197904,-1223630647,0.0,0.6000000238418579,6.415658473968506,0.0,0.0,0.0,0.0,6.415658473968506,0.0,28,13399,47.6197904,-122.3630647,3.4590106841376107
476,1728412496.7849998,1,220,0,0,185,0,0,3,476197904,-1223630647,0.0,0.6000000238418579,6.415658473968506,0.0,0.0,0.0,0.0,6.415658473968506,0.0,28,13399,47.6197904,-122.3630647,3.469210691425033
477,1728412497.067,1,220,0,0,185,0,0,3,476197904,-1223630647,0.0,0.6000000238418579,6.415658473968506,0.0,0.0,0.0,0.0,6.415658473968506,0.0,28,13399,47.6197904,-122.3630647,3.4512510330785924
478,1728412497.31,1,220,0,0,185,0,0,3,476197904,-1223630647,0.0,0.6000000238418579,6.415658473968506,0.0,0.0,0.0,0.0,6.415658473968506,0.0,28,13399,47.6197904,-122.3630647,3.460207629584314
479,1728412497.59,1,220,0,0,185,0,0,3,476197962,-1223630513,0.0,0.6000000238418579,7.807979106903076,0.0,0.0,0.0,0.0,7.807979106903076,0.0,28,13399,47.6197962,-122.3630513,3.474635137977503
480,1728412497.839,1,220,0,0,185,0,0,3,476197962,-1223630513,0.0,0.6000000238418579,7.071793556213379,0.0,0.0,0.0,0.0,7.071793556213379,0.0,28,13399,47.6197962,-122.3630513,3.4524426133721913
481,1728412498.089,1,220,0,0,185,0,0,3,476197964,-1223630448,0.0,0.6000000238418579,7.071793556213379,0.0,0.0,0.0,0.0,7.071793556213379,0.0,28,13399,47.6197964,-122.3630448,3.7850114124171323
482,1728412498.355,1,220,0,0,185,0,0,3,476197964,-1223630448,0.0,0.6000000238418579,7.071793556213379,0.0,0.0,0.0,0.0,7.071793556213379,0.0,28,13399,47.6197964,-122.3630448,3.762227249324122
483,1728412498.62,1,220,0,0,185,0,0,3,476197964,-1223630448,0.0,0.6000000238418579,7.071793556213379,0.0,0.0,0.0,0.0,7.071793556213379,0.0,28,13399,47.6197964,-122.3630448,3.761519716010599
484,1728412498.891,1,220,0,0,185,0,0,3,476197964,-1223630448,0.0,0.6000000238418579,7.071793556213379,0.0,0.0,0.0,0.0,7.071793556213379,0.0,28,13399,47.6197964,-122.3630448,3.8146099339285415
485,1728412499.168,1,220,0,0,185,0,0,3,476197944,-1223630415,0.0,0.6000000238418579,8.127197265625,0.0,0.0,0.0,0.0,8.127197265625,0.0,28,13399,47.6197944,-122.3630415,3.78859629357795
486,1728412499.422,1,220,0,0,185,0,0,3,476197944,-1223630415,0.0,0.6000000238418579,7.1984453201293945,0.0,0.0,0.0,0.0,7.1984453201293945,0.0,28,13399,47.6197944,-122.3630415,3.775009368211928
487,1728412499.688,1,220,0,0,185,0,0,3,476197929,-1223630391,0.0,0.6000000238418579,7.1984453201293945,0.0,0.0,0.0,0.0,7.1984453201293945,0.0,28,13399,47.6197929,-122.3630391,3.7921881432730222
488,1728412499.944,1,220,0,0,185,0,0,3,476197929,-1223630391,0.0,0.6000000238418579,7.1984453201293945,0.0,0.0,0.0,0.0,7.1984453201293945,0.0,28,13399,47.6197929,-122.3630391,3.7814331386225746
489,1728412500.188,1,220,0,0,185,0,0,3,476197929,-1223630391,0.0,0.6000000238418579,7.1984453201293945,0.0,0.0,0.0,0.0,7.1984453201293945,0.0,28,13399,47.6197929,-122.3630391,3.7864444820995136
490,1728412500.504,1,220,0,0,185,0,0,3,476197929,-1223630391,0.0,0.6000000238418579,7.1984453201293945,0.0,0.0,0.0,0.0,7.1984453201293945,0.0,28,13399,47.6197929,-122.3630391,3.7764350425970625
491,1728412500.7779999,1,220,0,0,185,0,0,3,476197828,-1223630529,0.0,0.6000000238418579,8.104126930236816,0.0,0.0,0.0,0.0,8.104126930236816,0.0,28,13300,47.6197828,-122.3630529,3.7771483687193195
492,1728412501.033,1,220,0,0,185,0,0,3,476197828,-1223630529,0.0,0.6000000238418579,8.104126930236816,0.0,0.0,0.0,0.0,8.104126930236816,0.0,28,13300,47.6197828,-122.3630529,3.779289624340249
493,1728412501.333,1,220,0,0,185,0,0,3,476197823,-1223630548,0.0,0.6000000238418579,7.120450496673584,0.0,0.0,0.0,0.0,7.120450496673584,0.0,28,13300,47.6197823,-122.3630548,3.7965071226417355
494,1728412501.547,1,220,0,0,185,0,0,3,476197823,-1223630548,0.0,0.6000000238418579,7.120450496673584,0.0,0.0,0.0,0.0,7.120450496673584,0.0,28,13300,47.6197823,-122.3630548,3.7814333090827654
495,1728412501.827,1,220,0,0,185,0,0,3,476197853,-1223630501,0.0,0.6000000238418579,6.694617748260498,0.0,0.0,0.0,0.0,6.694617748260498,0.0,28,13200,47.6197853,-122.3630501,3.7914692971325183
496,1728412502.083,1,220,0,0,185,0,0,3,476197845,-1223630506,0.0,0.6000000238418579,6.486349105834961,0.0,0.0,0.0,0.0,6.486349105834961,0.0,28,13200,47.6197845,-122.3630506,3.7650602152777926
497,1728412502.3409998,1,220,0,0,185,0,0,3,476197845,-1223630506,0.0,0.6000000238418579,6.486349105834961,0.0,0.0,0.0,0.0,6.486349105834961,0.0,28,13200,47.6197845,-122.3630506,3.7921881432730222
498,1728412502.599,1,220,0,0,185,0,0,3,476197803,-1223630576,0.0,0.6000000238418579,6.3661580085754395,0.0,0.0,0.0,0.0,6.3661580085754395,0.0,28,13200,47.6197803,-122.3630576,3.7742970195158136
499,1728412502.872,1,220,0,0,185,0,0,3,476197803,-1223630576,0.0,0.6000000238418579,6.3661580085754395,0.0,0.0,0.0,0.0,6.3661580085754395,0.0,28,13200,47.6197803,-122.3630576,3.7467215770821594
500,1728412503.135,1,220,0,0,185,0,0,3,476197793,-1223630597,0.0,0.6000000238418579,6.347766399383545,0.0,0.0,0.0,0.0,6.347766399383545,0.0,28,13200,47.6197793,-122.3630597,3.2765399246434814
501,1728412503.3839998,1,220,0,0,185,0,0,3,476197793,-1223630597,0.0,0.6000000238418579,6.347766399383545,0.0,0.0,0.0,0.0,6.347766399383545,0.0,28,13200,47.6197793,-122.3630597,3.3041467186899447
502,1728412503.6469998,1,220,0,0,185,0,0,3,476197797,-1223630591,0.0,0.6000000238418579,6.294717311859131,0.0,0.0,0.0,0.0,6.294717311859131,0.0,28,13200,47.6197797,-122.3630591,3.304692638586116
503,1728412503.888,1,220,0,0,185,0,0,3,476197797,-1223630591,0.0,0.6000000238418579,6.294717311859131,0.0,0.0,0.0,0.0,6.294717311859131,0.0,28,13200,47.6197797,-122.3630591,3.314550922360652
504,1728412504.1799998,1,220,0,0,185,0,0,3,476197829,-1223630538,0.0,0.6000000238418579,6.312104225158691,0.0,0.0,0.0,0.0,6.312104225158691,0.0,28,13200,47.6197829,-122.3630538,3.2965222167843065
505,1728412504.4429998,1,220,0,0,185,0,0,3,476197829,-1223630538,0.0,0.6000000238418579,6.312104225158691,0.0,0.0,0.0,0.0,6.312104225158691,0.0,28,13200,47.6197829,-122.3630538,3.290556066807411
506,1728412504.734,1,220,0,0,185,0,0,3,476197852,-1223630487,0.0,0.6000000238418579,6.355674743652344,0.0,0.0,0.0,0.0,6.355674743652344,0.0,28,13000,47.6197852,-122.3630487,3.2997855845539057
507,1728412504.962,1,220,0,0,185,0,0,3,476197852,-1223630487,0.0,0.6000000238418579,6.355674743652344,0.0,0.0,0.0,0.0,6.355674743652344,0.0,28,13000,47.6197852,-122.3630487,3.3107100772912683
508,1728412505.243,1,220,0,0,185,0,0,3,476197848,-1223630468,0.0,0.6000000238418579,6.398984432220459,0.0,0.0,0.0,0.0,6.398984432220459,0.0,28,12900,47.6197848,-122.3630468,3.3052388691401915
509,1728412505.526,1,220,0,0,185,0,0,3,476197848,-1223630468,0.0,0.6000000238418579,6.398984432220459,0.0,0.0,0.0,0.0,6.398984432220459,0.0,28,12900,47.6197848,-122.3630468,3.308519526284949
510,1728412506.608,1,220,0,0,185,0,0,3,476197848,-1223630468,0.0,0.6000000238418579,8.246788024902344,0.0,0.0,0.0,0.0,8.246788024902344,0.0,28,12800,47.6197848,-122.3630468,3.3025099106501177
511,1728412506.8309999,1,220,0,0,185,0,0,3,476197791,-1223630520,0.0,0.6000000238418579,8.246788024902344,0.0,0.0,0.0,0.0,8.246788024902344,0.0,28,12800,47.6197791,-122.363052,3.3129036617569896
512,1728412507.085,1,220,0,0,185,0,0,3,476197791,-1223630520,0.0,0.6000000238418579,8.246788024902344,0.0,0.0,0.0,0.0,8.246788024902344,0.0,28,12800,47.6197791,-122.363052,3.3101621676439317
513,1728412507.3669999,1,220,0,0,185,0,0,3,476197805,-1223630487,0.0,0.6000000238418579,7.365600109100342,0.0,0.0,0.0,0.0,7.365600109100342,0.0,28,12800,47.6197805,-122.3630487,3.3156499627806926
514,1728412507.6139998,1,220,0,0,185,0,0,3,476197805,-1223630487,0.0,0.6000000238418579,7.365600109100342,0.0,0.0,0.0,0.0,7.365600109100342,0.0,28,12800,47.6197805,-122.3630487,3.3129036617569896
515,1728412507.905,1,220,0,0,185,0,0,3,476197761,-1223630554,0.0,0.6000000238418579,6.876437187194824,0.0,0.0,0.0,0.0,6.876437187194824,0.0,28,12800,47.6197761,-122.3630554,3.3145507913943777
516,1728412508.1439998,1,220,0,0,185,0,0,3,476197739,-1223630590,0.0,0.6000000238418579,6.680412292480469,0.0,0.0,0.0,0.0,6.680412292480469,0.0,28,12800,47.6197739,-122.363059,3.3134526102983157
517,1728412508.382,1,220,0,0,185,0,0,3,476197739,-1223630590,0.0,0.6000000238418579,6.680412292480469,0.0,0.0,0.0,0.0,6.680412292480469,0.0,28,12800,47.6197739,-122.363059,3.3195020221456626
518,1728412508.6499999,1,220,0,0,185,0,0,3,476197739,-1223630590,0.0,0.6000000238418579,6.680412292480469,0.0,0.0,0.0,0.0,6.680412292480469,0.0,28,12800,47.6197739,-122.363059,2.9205608281954207
519,1728412508.9169998,1,220,0,0,185,0,0,3,476197739,-1223630590,0.0,0.6000000238418579,6.680412292480469,0.0,0.0,0.0,0.0,6.680412292480469,0.0,28,12800,47.6197739,-122.363059,2.939447426740249
520,1728412509.191,1,220,0,0,185,0,0,3,476197759,-1223630556,0.0,0.6000000238418579,7.960031509399414,0.0,0.0,0.0,0.0,7.960031509399414,0.0,28,12700,47.6197759,-122.3630556,3.338898291187508
521,1728412509.421,1,220,0,0,185,0,0,3,476197759,-1223630556,0.0,0.6000000238418579,7.960031509399414,0.0,0.0,0.0,0.0,7.960031509399414,0.0,28,12700,47.6197759,-122.3630556,3.3239155946712953
522,1728412509.689,1,220,0,0,185,0,0,3,476197719,-1223630623,0.0,0.6000000238418579,7.007014274597168,0.0,0.0,0.0,0.0,7.007014274597168,0.0,28,12300,47.6197719,-122.3630623,3.3140017407914724
523,1728412509.9199998,1,220,0,0,185,0,0,3,476197719,-1223630623,0.0,0.6000000238418579,7.007014274597168,0.0,0.0,0.0,0.0,7.007014274597168,0.0,28,12300,47.6197719,-122.3630623,3.340571244067113
524,1728412510.217,1,220,0,0,185,0,0,3,476197713,-1223630635,0.0,0.6000000238418579,6.644364833831787,0.0,0.0,0.0,0.0,6.644364833831787,0.0,28,11999,47.6197713,-122.3630635,3.328340787236794
525,1728412510.477,1,220,0,0,185,0,0,3,476197713,-1223630635,0.0,0.6000000238418579,6.644364833831787,0.0,0.0,0.0,0.0,6.644364833831787,0.0,28,11999,47.6197713,-122.3630635,3.341129267636761
526,1728412510.77,1,220,0,0,185,0,0,3,476197691,-1223630672,0.0,0.6000000238418579,6.494394779205322,0.0,0.0,0.0,0.0,6.494394779205322,0.0,28,11999,47.6197691,-122.3630672,3.3206043489401376
527,1728412510.987,1,220,0,0,185,0,0,3,476197691,-1223630672,0.0,0.6000000238418579,6.494394779205322,0.0,0.0,0.0,0.0,6.494394779205322,0.0,28,11999,47.6197691,-122.3630672,3.3167496011431123
528,1728412512.0909998,1,220,0,0,185,0,0,3,476197784,-1223630511,0.0,0.6000000238418579,8.0929536819458,0.0,0.0,0.0,0.0,8.0929536819458,0.0,28,11999,47.6197784,-122.3630511,3.322811068706221
529,1728412512.33,1,220,0,0,185,0,0,3,476197784,-1223630511,0.0,0.6000000238418579,8.0929536819458,0.0,0.0,0.0,0.0,8.0929536819458,0.0,28,11999,47.6197784,-122.3630511,3.3101621676439317
530,1728412512.5979998,1,220,0,0,185,0,0,3,476197784,-1223630511,0.0,0.6000000238418579,7.217823028564453,0.0,0.0,0.0,0.0,7.217823028564453,0.0,28,11999,47.6197784,-122.3630511,3.3140017407914724
531,1728412512.8479998,1,220,0,0,185,0,0,3,476197781,-1223630464,0.0,0.6000000238418579,7.217823028564453,0.0,0.0,0.0,0.0,7.217823028564453,0.0,28,11800,47.6197781,-122.3630464,3.308519526284949
532,1728412513.12,1,220,0,0,185,0,0,3,476197805,-1223630386,0.0,0.6000000238418579,6.876983165740967,0.0,0.0,0.0,0.0,6.876983165740967,0.0,28,11700,47.6197805,-122.3630386,3.2986970343960977
533,1728412513.3539999,1,220,0,0,185,0,0,3,476197805,-1223630386,0.0,0.6000000238418579,6.876983165740967,0.0,0.0,0.0,0.0,6.876983165740967,0.0,28,11700,47.6197805,-122.3630386,3.294350135605228
534,1728412513.623,1,220,0,0,185,0,0,3,476197805,-1223630386,0.0,0.6000000238418579,6.876983165740967,0.0,0.0,0.0,0.0,6.876983165740967,0.0,28,11700,47.6197805,-122.3630386,3.303600979130852
535,1728412513.891,1,220,0,0,185,0,0,3,476197805,-1223630386,0.0,0.6000000238418579,6.876983165740967,0.0,0.0,0.0,0.0,6.876983165740967,0.0,28,11700,47.6197805,-122.3630386,3.314550922360652
536,1728412514.1669998,1,220,0,0,185,0,0,3,476197840,-1223630272,0.0,0.6000000238418579,8.259456634521484,0.0,0.0,0.0,0.0,8.259456634521484,0.0,28,11600,47.619784,-122.3630272,3.3333333333333335
537,1728412514.412,1,220,0,0,185,0,0,3,476197840,-1223630272,0.0,0.6000000238418579,8.259456634521484,0.0,0.0,0.0,0.0,8.259456634521484,0.0,28,11600,47.619784,-122.3630272,2.9351335954071636
538,1728412514.669,1,220,0,0,185,0,0,3,476197841,-1223630210,0.0,0.6000000238418579,7.49746561050415,0.0,0.0,0.0,0.0,7.49746561050415,0.0,28,11600,47.6197841,-122.363021,3.356267767865209
539,1728412514.9589999,1,220,0,0,185,0,0,3,476197841,-1223630210,0.0,0.6000000238418579,7.49746561050415,0.0,0.0,0.0,0.0,7.49746561050415,0.0,28,11600,47.6197841,-122.363021,3.322811068706221
540,1728412515.2259998,1,220,0,0,185,0,0,3,476197735,-1223630394,0.0,0.6000000238418579,6.922185897827148,0.0,0.0,0.0,0.0,6.922185897827148,0.0,28,11700,47.6197735,-122.3630394,3.3416874776669316
541,1728412515.4659998,1,220,0,0,185,0,0,3,476197735,-1223630394,0.0,0.6000000238418579,6.922185897827148,0.0,0.0,0.0,0.0,6.922185897827148,0.0,28,11700,47.6197735,-122.3630394,3.325020723390099
542,1728412515.7519999,1,220,0,0,185,0,0,3,476197735,-1223630394,0.0,0.6000000238418579,6.849582672119141,0.0,0.0,0.0,0.0,6.849582672119141,0.0,28,11700,47.6197735,-122.3630394,3.3327779106077715
543,1728412515.991,1,220,0,0,185,0,0,3,476197700,-1223630452,0.0,0.6000000238418579,6.849582672119141,0.0,0.0,0.0,0.0,6.849582672119141,0.0,28,11700,47.61977,-122.3630452,3.3090667616974803
544,1728412516.271,1,220,0,0,185,0,0,3,476197697,-1223630459,0.0,0.6000000238418579,6.817925930023193,0.0,0.0,0.0,0.0,6.817925930023193,0.0,28,11700,47.6197697,-122.3630459,3.3195020221456626
545,1728412516.511,1,220,0,0,185,0,0,3,476197697,-1223630459,0.0,0.6000000238418579,6.817925930023193,0.0,0.0,0.0,0.0,6.817925930023193,0.0,28,11700,47.6197697,-122.3630459,3.3140017407914724
546,1728412516.77,1,220,0,0,185,0,0,3,476197697,-1223630459,0.0,0.6000000238418579,6.817925930023193,0.0,0.0,0.0,0.0,6.817925930023193,0.0,28,11700,47.6197697,-122.3630459,3.3129036617569896
547,1728412517.8009999,1,220,0,0,185,0,0,3,476197754,-1223630368,0.0,0.6000000238418579,8.692309379577637,0.0,0.0,0.0,0.0,8.692309379577637,0.0,28,11800,47.6197754,-122.3630368,3.309066892230738
548,1728412518.05,1,220,0,0,185,0,0,3,476197754,-1223630368,0.0,0.6000000238418579,8.692309379577637,0.0,0.0,0.0,0.0,8.692309379577637,0.0,28,11800,47.6197754,-122.3630368,3.3101621676439317
549,1728412518.349,1,220,0,0,185,0,0,3,476197775,-1223630301,0.0,0.6000000238418579,7.789623260498047,0.0,0.0,0.0,0.0,7.789623260498047,0.0,28,11800,47.6197775,-122.3630301,3.3333333333333335
550,1728412518.583,1,220,0,0,185,0,0,3,476197775,-1223630301,0.0,0.6000000238418579,7.789623260498047,0.0,0.0,0.0,0.0,7.789623260498047,0.0,28,11800,47.6197775,-122.3630301,3.325020723390099
551,1728412518.863,1,220,0,0,185,0,0,3,476197697,-1223630423,0.0,0.6000000238418579,7.248232364654541,0.0,0.0,0.0,0.0,7.248232364654541,0.0,27,11900,47.6197697,-122.3630423,3.3195020221456626
552,1728412519.1209998,1,220,0,0,185,0,0,3,476197680,-1223630446,0.0,0.6000000238418579,7.079864978790283,0.0,0.0,0.0,0.0,7.079864978790283,0.0,27,11999,47.619768,-122.3630446,3.3333333333333335
553,1728412519.398,1,220,0,0,185,0,0,3,476197680,-1223630446,0.0,0.6000000238418579,7.079864978790283,0.0,0.0,0.0,0.0,7.079864978790283,0.0,27,11999,47.619768,-122.3630446,3.332222540581507
554,1728412519.648,1,220,0,0,185,0,0,3,476197680,-1223630446,0.0,0.6000000238418579,7.079864978790283,0.0,0.0,0.0,0.0,7.079864978790283,0.0,27,11999,47.619768,-122.3630446,3.3428045906913306
555,1728412519.9259999,1,220,0,0,185,0,0,3,476197570,-1223630664,0.0,0.6000000238418579,6.870396614074707,0.0,0.0,0.0,0.0,6.870396614074707,0.0,27,12200,47.619757,-122.3630664,3.0698387840308667
556,1728412520.204,1,220,0,0,185,0,0,3,476197570,-1223630664,0.0,0.6000000238418579,6.8884100914001465,0.0,0.0,0.0,0.0,6.8884100914001465,0.0,27,12200,47.619757,-122.3630664,3.0721966250842936
557,1728412520.4559999,1,220,0,0,185,0,0,3,476197565,-1223630696,0.0,0.6000000238418579,6.8884100914001465,0.0,0.0,0.0,0.0,6.8884100914001465,0.0,27,12200,47.6197565,-122.3630696,3.4800765743892312
558,1728412520.711,1,220,0,0,185,0,0,3,476197584,-1223630684,0.0,0.6000000238418579,6.955677509307861,0.0,0.0,0.0,0.0,6.955677509307861,0.0,27,12100,47.6197584,-122.3630684,3.477656103644218
559,1728412520.9589999,1,220,0,0,185,0,0,3,476197584,-1223630684,0.0,0.6000000238418579,6.955677509307861,0.0,0.0,0.0,0.0,6.955677509307861,0.0,27,12100,47.6197584,-122.3630684,3.5032405758779777
560,1728412521.241,1,220,0,0,185,0,0,3,476197584,-1223630684,0.0,0.6000000238418579,6.995758533477783,0.0,0.0,0.0,0.0,6.995758533477783,0.0,27,12100,47.6197584,-122.3630684,3.4788658458609185
561,1728412521.491,1,220,0,0,185,0,0,3,476197615,-1223630651,0.0,0.6000000238418579,6.995758533477783,0.0,0.0,0.0,0.0,6.995758533477783,0.0,27,12100,47.6197615,-122.3630651,3.4910105917941063
562,1728412521.7519999,1,220,0,0,185,0,0,3,476197629,-1223630629,0.0,0.6000000238418579,6.99661111831665,0.0,0.0,0.0,0.0,6.99661111831665,0.0,27,12100,47.6197629,-122.3630629,3.482500416806986
563,1728412521.993,1,220,0,0,185,0,0,3,476197629,-1223630629,0.0,0.6000000238418579,6.99661111831665,0.0,0.0,0.0,0.0,6.99661111831665,0.0,27,12100,47.6197629,-122.3630629,3.5198874120485306
564,1728412522.254,1,220,0,0,185,0,0,3,476197629,-1223630629,0.0,0.6000000238418579,6.99661111831665,0.0,0.0,0.0,0.0,6.99661111831665,0.0,27,12100,47.6197629,-122.3630629,3.4928397810446317
565,1728412523.026,1,220,0,0,185,0,0,3,476197683,-1223630537,0.0,0.6000000238418579,7.52507209777832,0.0,0.0,0.0,0.0,7.52507209777832,0.0,27,12100,47.6197683,-122.3630537,3.498950265868412
566,1728412523.28,1,220,0,0,185,0,0,3,476197581,-1223630693,0.0,0.6000000238418579,7.0926642417907715,0.0,0.0,0.0,0.0,7.0926642417907715,0.0,27,12100,47.6197581,-122.3630693,3.5298271073934755
567,1728412523.5479999,1,220,0,0,185,0,0,3,476197581,-1223630693,0.0,0.6000000238418579,7.0926642417907715,0.0,0.0,0.0,0.0,7.0926642417907715,0.0,27,12100,47.6197581,-122.3630693,3.5292041300138948
568,1728412523.8009999,1,220,0,0,185,0,0,3,476197581,-1223630693,0.0,0.6000000238418579,7.0926642417907715,0.0,0.0,0.0,0.0,7.0926642417907715,0.0,27,12100,47.6197581,-122.3630693,3.524850178463071
569,1728412524.0579998,1,220,0,0,185,0,0,3,476197581,-1223630693,0.0,0.6000000238418579,7.0926642417907715,0.0,0.0,0.0,0.0,7.0926642417907715,0.0,27,12100,47.6197581,-122.3630693,3.5032404295760644
570,1728412524.332,1,220,0,0,185,0,0,3,476197579,-1223630695,0.0,0.6000000238418579,8.465522766113281,0.0,0.0,0.0,0.0,8.465522766113281,0.0,27,12100,47.6197579,-122.3630695,3.52174684791237
571,1728412524.592,1,220,0,0,185,0,0,3,476197579,-1223630695,0.0,0.6000000238418579,8.465522766113281,0.0,0.0,0.0,0.0,8.465522766113281,0.0,27,12100,47.6197579,-122.3630695,3.5155564039738665
572,1728412524.8639998,1,220,0,0,185,0,0,3,476197581,-1223630686,0.0,0.6000000238418579,7.687104225158691,0.0,0.0,0.0,0.0,7.687104225158691,0.0,27,12100,47.6197581,-122.3630686,3.52422910450191
573,1728412525.08,1,220,0,0,185,0,0,3,476197581,-1223630686,0.0,0.6000000238418579,7.687104225158691,0.0,0.0,0.0,0.0,7.687104225158691,0.0,27,12100,47.6197581,-122.3630686,3.3411294007118224
574,1728412525.3739998,1,220,0,0,185,0,0,3,476197597,-1223630653,0.0,0.6000000238418579,7.2403693199157715,0.0,0.0,0.0,0.0,7.2403693199157715,0.0,27,12100,47.6197597,-122.3630653,3.3450409255314195
575,1728412525.642,1,220,0,0,185,0,0,3,476197597,-1223630653,0.0,0.6000000238418579,7.2403693199157715,0.0,0.0,0.0,0.0,7.2403693199157715,0.0,27,12100,47.6197597,-122.3630653,3.6456435739476367
576,1728412525.87,1,220,0,0,185,0,0,3,476197623,-1223630598,0.0,0.6000000238418579,7.006378650665283,0.0,0.0,0.0,0.0,7.006378650665283,0.0,27,12100,47.6197623,-122.3630598,3.6529681001596686
577,1728412526.123,1,220,0,0,185,0,0,3,476197623,-1223630598,0.0,0.6000000238418579,7.006378650665283,0.0,0.0,0.0,0.0,7.006378650665283,0.0,27,12100,47.6197623,-122.3630598,3.6370248656830646
578,1728412526.385,1,220,0,0,185,0,0,3,476197651,-1223630532,0.0,0.6000000238418579,6.884769439697266,0.0,0.0,0.0,0.0,6.884769439697266,0.0,27,12100,47.6197651,-122.3630532,3.6291053225183334
579,1728412526.668,1,220,0,0,185,0,0,3,476197672,-1223630467,0.0,0.6000000238418579,6.882640361785889,0.0,0.0,0.0,0.0,6.882640361785889,0.0,28,12100,47.6197672,-122.3630467,3.6390101551304133
580,1728412526.9199998,1,220,0,0,185,0,0,3,476197681,-1223630419,0.0,0.6000000238418579,6.904198169708252,0.0,0.0,0.0,0.0,6.904198169708252,0.0,28,12100,47.6197681,-122.3630419,3.660322117289636
581,1728412527.1799998,1,220,0,0,185,0,0,3,476197681,-1223630419,0.0,0.6000000238418579,6.904198169708252,0.0,0.0,0.0,0.0,6.904198169708252,0.0,28,12100,47.6197681,-122.3630419,3.644979048972749
582,1728412527.4269998,1,220,0,0,185,0,0,3,476197681,-1223630419,0.0,0.6000000238418579,6.904198169708252,0.0,0.0,0.0,0.0,6.904198169708252,0.0,28,12100,47.6197681,-122.3630419,3.6710718232005513
583,1728412527.9789999,1,220,0,0,185,0,0,3,476197641,-1223630435,0.0,0.6000000238418579,7.530882835388184,0.0,0.0,0.0,0.0,7.530882835388184,0.0,28,12100,47.6197641,-122.3630435,3.618599634421966
584,1728412528.233,1,220,0,0,185,0,0,3,476197641,-1223630435,0.0,0.6000000238418579,7.530882835388184,0.0,0.0,0.0,0.0,7.530882835388184,0.0,28,12100,47.6197641,-122.3630435,3.6443147662118656
585,1728412528.5119998,1,220,0,0,185,0,0,3,476197553,-1223630569,0.0,0.6000000238418579,7.174260139465332,0.0,0.0,0.0,0.0,7.174260139465332,0.0,28,12100,47.6197553,-122.3630569,3.6343812327362617
586,1728412528.7549999,1,220,0,0,185,0,0,3,476197553,-1223630569,0.0,0.6000000238418579,7.174260139465332,0.0,0.0,0.0,0.0,7.174260139465332,0.0,28,12100,47.6197553,-122.3630569,3.6343812327362617
587,1728412529.047,1,220,0,0,185,0,0,3,476197460,-1223630742,0.0,0.6000000238418579,6.9684529304504395,0.0,0.0,0.0,0.0,6.9684529304504395,0.0,28,12100,47.619746,-122.3630742,3.606852971112526
588,1728412529.312,1,220,0,0,185,0,0,3,476197460,-1223630742,0.0,0.6000000238418579,6.9684529304504395,0.0,0.0,0.0,0.0,6.9684529304504395,0.0,28,12100,47.619746,-122.3630742,3.623845020920054
589,1728412529.554,1,220,0,0,185,0,0,3,476197445,-1223630781,0.0,0.6000000238418579,7.020401477813721,0.0,0.0,0.0,0.0,7.020401477813721,0.0,28,12100,47.6197445,-122.3630781,3.6503012476920196
590,1728412529.796,1,220,0,0,185,0,0,3,476197445,-1223630781,0.0,0.6000000238418579,7.020401477813721,0.0,0.0,0.0,0.0,7.020401477813721,0.0,28,12100,47.6197445,-122.3630781,3.6337208068285434
591,1728412530.079,1,220,0,0,185,0,0,3,476197477,-1223630752,0.0,0.6000000238418579,7.023810863494873,0.0,0.0,0.0,0.0,7.023810863494873,0.0,28,12100,47.6197477,-122.3630752,3.6390101551304133
592,1728412530.312,1,220,0,0,185,0,0,3,476197477,-1223630752,0.0,0.6000000238418579,7.023810863494873,0.0,0.0,0.0,0.0,7.023810863494873,0.0,28,12100,47.6197477,-122.3630752,3.6324009893894638
593,1728412530.6069999,1,220,0,0,185,0,0,3,476197524,-1223630688,0.0,0.6000000238418579,6.9293622970581055,0.0,0.0,0.0,0.0,6.9293622970581055,0.0,28,12100,47.6197524,-122.3630688,3.4674063043525525
594,1728412530.862,1,220,0,0,185,0,0,3,476197524,-1223630688,0.0,0.6000000238418579,6.9293622970581055,0.0,0.0,0.0,0.0,6.9293622970581055,0.0,28,12100,47.6197524,-122.3630688,3.463803298310907
595,1728412531.145,1,220,0,0,185,0,0,3,476197564,-1223630618,0.0,0.6000000238418579,6.872481346130371,0.0,0.0,0.0,0.0,6.872481346130371,0.0,28,12100,47.6197564,-122.3630618,3.4849276379474134
596,1728412531.373,1,220,0,0,185,0,0,3,476197564,-1223630618,0.0,0.6000000238418579,6.872481346130371,0.0,0.0,0.0,0.0,6.872481346130371,0.0,28,12100,47.6197564,-122.3630618,3.477656103644218
597,1728412531.668,1,220,0,0,185,0,0,3,476197594,-1223630543,0.0,0.6000000238418579,6.7991623878479,0.0,0.0,0.0,0.0,6.7991623878479,0.0,28,12100,47.6197594,-122.3630543,3.5026269468275633
598,1728412531.9039998,1,220,0,0,185,0,0,3,476197631,-1223630448,0.0,0.6000000238418579,6.753807544708252,0.0,0.0,0.0,0.0,6.753807544708252,0.0,28,12100,47.6197631,-122.3630448,3.491620157075723
599,1728412532.1469998,1,220,0,0,185,0,0,3,476197631,-1223630448,0.0,0.6000000238418579,6.753807544708252,0.0,0.0,0.0,0.0,6.753807544708252,0.0,28,12100,47.6197631,-122.3630448,3.495281295583698
600,1728412532.424,1,220,0,0,185,0,0,3,476197631,-1223630448,0.0,0.6000000238418579,6.753807544708252,0.0,0.0,0.0,0.0,6.753807544708252,0.0,28,12100,47.6197631,-122.3630448,3.4644032553944526
601,1728412532.6759999,1,220,0,0,185,0,0,3,476197672,-1223630344,0.0,0.6000000238418579,6.807663440704346,0.0,0.0,0.0,0.0,6.807663440704346,0.0,28,12100,47.6197672,-122.3630344,3.4800765743892312
602,1728412532.9329998,1,220,0,0,185,0,0,3,476197672,-1223630344,0.0,0.6000000238418579,6.807663440704346,0.0,0.0,0.0,0.0,6.807663440704346,0.0,28,12100,47.6197672,-122.3630344,3.4512511750703765
603,1728412533.747,1,220,0,0,185,0,0,3,476197614,-1223630361,0.0,0.6000000238418579,7.192522048950195,0.0,0.0,0.0,0.0,7.192522048950195,0.0,28,12100,47.6197614,-122.3630361,3.4782608695652173
604,1728412534.007,1,220,0,0,185,0,0,3,476197627,-1223630291,0.0,0.6000000238418579,6.855921745300293,0.0,0.0,0.0,0.0,6.855921745300293,0.0,28,12100,47.6197627,-122.3630291,3.460207629584314
605,1728412534.251,1,220,0,0,185,0,0,3,476197627,-1223630291,0.0,0.6000000238418579,6.855921745300293,0.0,0.0,0.0,0.0,6.855921745300293,0.0,28,12100,47.6197627,-122.3630291,3.4782608695652173
606,1728412534.5059998,1,220,0,0,185,0,0,3,476197651,-1223630201,0.0,0.6000000238418579,6.7206525802612305,0.0,0.0,0.0,0.0,6.7206525802612305,0.0,28,12100,47.6197651,-122.3630201,3.4560221538529485
607,1728412534.757,1,220,0,0,185,0,0,3,476197651,-1223630201,0.0,0.6000000238418579,6.7206525802612305,0.0,0.0,0.0,0.0,6.7206525802612305,0.0,28,12100,47.6197651,-122.3630201,3.489183607682469
608,1728412535.04,1,220,0,0,185,0,0,3,476197631,-1223630175,0.0,0.6000000238418579,6.607784271240234,0.0,0.0,0.0,0.0,6.607784271240234,0.0,28,12100,47.6197631,-122.3630175,3.4849276379474134
609,1728412535.276,1,220,0,0,185,0,0,3,476197631,-1223630175,0.0,0.6000000238418579,6.607784271240234,0.0,0.0,0.0,0.0,6.607784271240234,0.0,28,12100,47.6197631,-122.3630175,3.4518466493713755
610,1728412535.569,1,220,0,0,185,0,0,3,476197644,-1223630106,0.0,0.6000000238418579,6.540130615234375,0.0,0.0,0.0,0.0,6.540130615234375,0.0,28,12100,47.6197644,-122.3630106,3.4782608695652173
611,1728412535.826,1,220,0,0,185,0,0,3,476197644,-1223630106,0.0,0.6000000238418579,6.540130615234375,0.0,0.0,0.0,0.0,6.540130615234375,0.0,28,12100,47.6197644,-122.3630106,3.4668053067867257
612,1728412536.1069999,1,220,0,0,185,0,0,3,476197597,-1223630141,0.0,0.6000000238418579,6.528412818908691,0.0,0.0,0.0,0.0,6.528412818908691,0.0,28,12100,47.6197597,-122.3630141,2.931261927917708
613,1728412536.3569999,1,220,0,0,185,0,0,3,476197597,-1223630141,0.0,0.6000000238418579,6.528412818908691,0.0,0.0,0.0,0.0,6.528412818908691,0.0,28,12100,47.6197597,-122.3630141,3.1913196310557113
614,1728412536.642,1,220,0,0,185,0,0,3,476197599,-1223630108,0.0,0.6000000238418579,6.543076515197754,0.0,0.0,0.0,0.0,6.543076515197754,0.0,28,12300,47.6197599,-122.3630108,3.1928480515446966
615,1728412536.895,1,220,0,0,185,0,0,3,476197599,-1223630108,0.0,0.6000000238418579,6.543076515197754,0.0,0.0,0.0,0.0,6.543076515197754,0.0,28,12300,47.6197599,-122.3630108,3.1791448659508474
616,1728412537.1599998,1,220,0,0,185,0,0,3,476197630,-1223630025,0.0,0.6000000238418579,6.542248249053955,0.0,0.0,0.0,0.0,6.542248249053955,0.0,28,12700,47.619763,-122.3630025,3.1735956608575564
617,1728412537.3999999,1,220,0,0,185,0,0,3,476197630,-1223630025,0.0,0.6000000238418579,6.537105083465576,0.0,0.0,0.0,0.0,6.537105083465576,0.0,28,12700,47.619763,-122.3630025,3.151591575521152
618,1728412537.643,1,220,0,0,185,0,0,3,476197665,-1223629924,0.0,0.6000000238418579,6.537105083465576,0.0,0.0,0.0,0.0,6.537105083465576,0.0,28,13000,47.6197665,-122.3629924,3.1776295336606015
619,1728412537.941,1,220,0,0,185,0,0,3,476197695,-1223629813,0.0,0.6000000238418579,6.52275276184082,0.0,0.0,0.0,0.0,6.52275276184082,0.0,28,13100,47.6197695,-122.3629813,3.155071784528278
620,1728412538.174,1,220,0,0,185,0,0,3,476197695,-1223629813,0.0,0.6000000238418579,6.52275276184082,0.0,0.0,0.0,0.0,6.52275276184082,0.0,28,13100,47.6197695,-122.3629813,3.1882671758200005
621,1728412538.445,1,220,0,0,185,0,0,3,476197695,-1223629813,0.0,0.6000000238418579,6.52275276184082,0.0,0.0,0.0,0.0,6.52275276184082,0.0,28,13100,47.6197695,-122.3629813,3.180155810274768
622,1728412539.7559998,1,220,0,0,185,0,0,3,476197586,-1223629914,0.0,0.6000000238418579,7.366415023803711,0.0,0.0,0.0,0.0,7.366415023803711,0.0,28,13399,47.6197586,-122.3629914,3.2071840609764304
623,1728412540.014,1,220,0,0,185,0,0,3,476197621,-1223629818,0.0,0.6000000238418579,6.811736583709717,0.0,0.0,0.0,0.0,6.811736583709717,0.0,28,13399,47.6197621,-122.3629818,3.184206266950456
624,1728412540.271,1,220,0,0,185,0,0,3,476197621,-1223629818,0.0,0.6000000238418579,6.811736583709717,0.0,0.0,0.0,0.0,6.811736583709717,0.0,28,13399,47.6197621,-122.3629818,3.2030749734795605
625,1728412540.5419998,1,220,0,0,185,0,0,3,476197651,-1223629719,0.0,0.6000000238418579,6.597905158996582,0.0,0.0,0.0,0.0,6.597905158996582,0.0,28,13399,47.6197651,-122.3629719,3.214917238552526
626,1728412540.8079998,1,220,0,0,185,0,0,3,476197651,-1223629719,0.0,0.6000000238418579,6.597905158996582,0.0,0.0,0.0,0.0,6.597905158996582,0.0,28,13399,47.6197651,-122.3629719,3.2005120448118567
627,1728412541.103,1,220,0,0,185,0,0,3,476197681,-1223629601,0.0,0.6000000238418579,6.448692798614502,0.0,0.0,0.0,0.0,6.448692798614502,0.0,28,13399,47.6197681,-122.3629601,3.2041011967298534
628,1728412541.3339999,1,220,0,0,185,0,0,3,476197681,-1223629601,0.0,0.6000000238418579,6.448692798614502,0.0,0.0,0.0,0.0,6.448692798614502,0.0,28,13399,47.6197681,-122.3629601,3.1710797919744005
629,1728412541.615,1,220,0,0,185,0,0,3,476197701,-1223629479,0.0,0.6000000238418579,6.331757545471191,0.0,0.0,0.0,0.0,6.331757545471191,0.0,28,13399,47.6197701,-122.3629479,3.2076985303129057
630,1728412541.842,1,220,0,0,185,0,0,3,476197701,-1223629479,0.0,0.6000000238418579,6.331757545471191,0.0,0.0,0.0,0.0,6.331757545471191,0.0,28,13399,47.6197701,-122.3629479,3.187251068675685
631,1728412542.115,1,220,0,0,185,0,0,3,476197618,-1223629591,0.0,0.6000000238418579,6.094274997711182,0.0,0.0,0.0,0.0,6.094274997711182,0.0,28,13399,47.6197618,-122.3629591,3.0707815084995693
632,1728412542.343,1,220,0,0,185,0,0,3,476197618,-1223629591,0.0,0.6000000238418579,6.094274997711182,0.0,0.0,0.0,0.0,6.094274997711182,0.0,28,13399,47.6197618,-122.3629591,3.644978890592817
633,1728412542.638,1,220,0,0,185,0,0,3,476197550,-1223629710,0.0,0.6000000238418579,6.031520366668701,0.0,0.0,0.0,0.0,6.031520366668701,0.0,28,13399,47.619755,-122.362971,3.6416606870284185
634,1728412542.886,1,220,0,0,185,0,0,3,476197550,-1223629710,0.0,0.6000000238418579,6.041218280792236,0.0,0.0,0.0,0.0,6.041218280792236,0.0,28,13399,47.619755,-122.362971,3.660322117289636
635,1728412543.116,1,220,0,0,185,0,0,3,476197576,-1223629659,0.0,0.6000000238418579,6.041218280792236,0.0,0.0,0.0,0.0,6.041218280792236,0.0,28,13399,47.6197576,-122.3629659,3.652967941084702
636,1728412543.409,1,220,0,0,185,0,0,3,476197569,-1223629656,0.0,0.6000000238418579,5.99287748336792,0.0,0.0,0.0,0.0,5.99287748336792,0.0,28,13399,47.6197569,-122.3629656,3.662332929085556
637,1728412543.642,1,220,0,0,185,0,0,3,476197569,-1223629656,0.0,0.6000000238418579,5.99287748336792,0.0,0.0,0.0,0.0,5.99287748336792,0.0,28,13399,47.6197569,-122.3629656,3.6798528446297825
638,1728412543.9499998,1,220,0,0,185,0,0,3,476197578,-1223629625,0.0,0.6000000238418579,6.038525581359863,0.0,0.0,0.0,0.0,6.038525581359863,0.0,28,13399,47.6197578,-122.3629625,3.6489692017653677
639,1728412544.1759999,1,220,0,0,185,0,0,3,476197578,-1223629625,0.0,0.6000000238418579,6.038525581359863,0.0,0.0,0.0,0.0,6.038525581359863,0.0,28,13399,47.6197578,-122.3629625,3.6690515668640775
640,1728412544.449,1,220,0,0,185,0,0,3,476197578,-1223629625,0.0,0.6000000238418579,6.038525581359863,0.0,0.0,0.0,0.0,6.038525581359863,0.0,28,13399,47.6197578,-122.3629625,3.642323844337459
641,1728412544.958,1,220,0,0,185,0,0,3,476197578,-1223629625,0.0,0.6000000238418579,6.570075988769531,0.0,0.0,0.0,0.0,6.570075988769531,0.0,28,13300,47.6197578,-122.3629625,3.6563071106749936
642,1728412545.243,1,220,0,0,185,0,0,3,476197608,-1223629546,0.0,0.6000000238418579,6.570075988769531,0.0,0.0,0.0,0.0,6.570075988769531,0.0,28,13399,47.6197608,-122.3629546,3.6370248656830646
643,1728412545.5059998,1,220,0,0,185,0,0,3,476197631,-1223629458,0.0,0.6000000238418579,6.280367851257324,0.0,0.0,0.0,0.0,6.280367851257324,0.0,28,13399,47.6197631,-122.3629458,3.6556388521969088
644,1728412545.735,1,220,0,0,185,0,0,3,476197631,-1223629458,0.0,0.6000000238418579,6.280367851257324,0.0,0.0,0.0,0.0,6.280367851257324,0.0,28,13399,47.6197631,-122.3629458,3.6549706786982066
645,1728412546.017,1,220,0,0,185,0,0,3,476197542,-1223629609,0.0,0.6000000238418579,5.961827754974365,0.0,0.0,0.0,0.0,5.961827754974365,0.0,28,13399,47.6197542,-122.3629609,3.6159827093722297
646,1728412546.2689998,1,220,0,0,185,0,0,3,476197542,-1223629609,0.0,0.6000000238418579,5.961827754974365,0.0,0.0,0.0,0.0,5.961827754974365,0.0,28,13399,47.6197542,-122.3629609,3.6523009025292525
647,1728412546.5379999,1,220,0,0,185,0,0,3,476197511,-1223629669,0.0,0.6000000238418579,5.950938701629639,0.0,0.0,0.0,0.0,5.950938701629639,0.0,28,13399,47.6197511,-122.3629669,3.6324009893894638
648,1728412546.8149998,1,220,0,0,185,0,0,3,476197511,-1223629669,0.0,0.6000000238418579,5.950938701629639,0.0,0.0,0.0,0.0,5.950938701629639,0.0,28,13399,47.6197511,-122.3629669,3.6523009025292525
649,1728412547.066,1,220,0,0,185,0,0,3,476197543,-1223629612,0.0,0.6000000238418579,5.912217140197754,0.0,0.0,0.0,0.0,5.912217140197754,0.0,28,13399,47.6197543,-122.3629612,3.657644520336085
650,1728412547.333,1,220,0,0,185,0,0,3,476197543,-1223629612,0.0,0.6000000238418579,5.912217140197754,0.0,0.0,0.0,0.0,5.912217140197754,0.0,28,13399,47.6197543,-122.3629612,3.667033372568504
651,1728412547.585,1,220,0,0,185,0,0,3,476197565,-1223629559,0.0,0.6000000238418579,5.872159957885742,0.0,0.0,0.0,0.0,5.872159957885742,0.0,28,13399,47.6197565,-122.3629559,3.4800765743892312
652,1728412547.842,1,220,0,0,185,0,0,3,476197565,-1223629559,0.0,0.6000000238418579,5.872159957885742,0.0,0.0,0.0,0.0,5.872159957885742,0.0,28,13399,47.6197565,-122.3629559,3.4971149641992754
653,1728412548.109,1,220,0,0,185,0,0,3,476197578,-1223629509,0.0,0.6000000238418579,5.822593688964844,0.0,0.0,0.0,0.0,5.822593688964844,0.0,28,13399,47.6197578,-122.3629509,3.510619607908784
654,1728412548.358,1,220,0,0,185,0,0,3,476197578,-1223629509,0.0,0.6000000238418579,5.822593688964844,0.0,0.0,0.0,0.0,5.822593688964844,0.0,28,13399,47.6197578,-122.3629509,3.481894175854125
655,1728412548.6469998,1,220,0,0,185,0,0,3,476197583,-1223629469,0.0,0.6000000238418579,5.801279067993164,0.0,0.0,0.0,0.0,5.801279067993164,0.0,28,13399,47.6197583,-122.3629469,3.494060111805152
656,1728412548.885,1,220,0,0,185,0,0,3,476197583,-1223629469,0.0,0.6000000238418579,5.787991523742676,0.0,0.0,0.0,0.0,5.787991523742676,0.0,28,13399,47.6197583,-122.3629469,3.4958922076342787
657,1728412549.148,1,220,0,0,185,0,0,3,476197575,-1223629449,0.0,0.6000000238418579,5.787991523742676,0.0,0.0,0.0,0.0,5.787991523742676,0.0,28,13399,47.6197575,-122.3629449,3.5124692623641534
658,1728412549.4259999,1,220,0,0,185,0,0,3,476197568,-1223629438,0.0,0.6000000238418579,5.798436641693115,0.0,0.0,0.0,0.0,5.798436641693115,0.0,28,13399,47.6197568,-122.3629438,3.497726371616665
659,1728412549.6439998,1,220,0,0,185,0,0,3,476197568,-1223629438,0.0,0.6000000238418579,5.798436641693115,0.0,0.0,0.0,0.0,5.798436641693115,0.0,28,13399,47.6197568,-122.3629438,3.5112360408869456
660,1728412549.9029999,1,220,0,0,185,0,0,3,476197568,-1223629438,0.0,0.6000000238418579,5.798436641693115,0.0,0.0,0.0,0.0,5.798436641693115,0.0,28,13399,47.6197568,-122.3629438,3.4983382846440088
661,1728412550.705,1,220,0,0,185,0,0,3,476197556,-1223629433,0.0,0.6000000238418579,6.529902458190918,0.0,0.0,0.0,0.0,6.529902458190918,0.0,28,13399,47.6197556,-122.3629433,3.494670742598286
662,1728412550.962,1,220,0,0,185,0,0,3,476197546,-1223629437,0.0,0.6000000238418579,6.235880374908447,0.0,0.0,0.0,0.0,6.235880374908447,0.0,28,13399,47.6197546,-122.3629437,3.493449839853509
663,1728412551.2029998,1,220,0,0,185,0,0,3,476197546,-1223629437,0.0,0.6000000238418579,6.235880374908447,0.0,0.0,0.0,0.0,6.235880374908447,0.0,28,13399,47.6197546,-122.3629437,3.490401384542038
664,1728412551.4789999,1,220,0,0,185,0,0,3,476197538,-1223629443,0.0,0.6000000238418579,6.106164455413818,0.0,0.0,0.0,0.0,6.106164455413818,0.0,28,13399,47.6197538,-122.3629443,3.502013678905988
665,1728412551.741,1,220,0,0,185,0,0,3,476197538,-1223629443,0.0,0.6000000238418579,6.106164455413818,0.0,0.0,0.0,0.0,6.106164455413818,0.0,28,13399,47.6197538,-122.3629443,3.525471471366215
666,1728412551.99,1,220,0,0,185,0,0,3,476197530,-1223629454,0.0,0.6000000238418579,6.052036762237549,0.0,0.0,0.0,0.0,6.052036762237549,0.0,28,13399,47.619753,-122.3629454,3.5124692623641534
667,1728412552.2319999,1,220,0,0,185,0,0,3,476197530,-1223629454,0.0,0.6000000238418579,6.052036762237549,0.0,0.0,0.0,0.0,6.052036762237549,0.0,28,13399,47.619753,-122.3629454,3.52174684791237
668,1728412552.533,1,220,0,0,185,0,0,3,476197511,-1223629483,0.0,0.6000000238418579,6.0202717781066895,0.0,0.0,0.0,0.0,6.0202717781066895,0.0,28,13399,47.6197511,-122.3629483,3.525471471366215
669,1728412552.7619998,1,220,0,0,185,0,0,3,476197511,-1223629483,0.0,0.6000000238418579,6.0202717781066895,0.0,0.0,0.0,0.0,6.0202717781066895,0.0,28,13399,47.6197511,-122.3629483,3.50815633232362
670,1728412553.05,1,220,0,0,185,0,0,3,476197488,-1223629527,0.0,0.6000000238418579,6.045094966888428,0.0,0.0,0.0,0.0,6.045094966888428,0.0,28,13399,47.6197488,-122.3629527,3.2
671,1728412553.3079998,1,220,0,0,185,0,0,3,476197488,-1223629527,0.0,0.6000000238418579,6.045094966888428,0.0,0.0,0.0,0.0,6.045094966888428,0.0,28,13399,47.6197488,-122.3629527,3.4867503115735095
672,1728412553.567,1,220,0,0,185,0,0,3,476197477,-1223629560,0.0,0.6000000238418579,6.03110408782959,0.0,0.0,0.0,0.0,6.03110408782959,0.0,28,13399,47.6197477,-122.362956,3.505082314368304
673,1728412553.839,1,220,0,0,185,0,0,3,476197477,-1223629560,0.0,0.6000000238418579,6.03110408782959,0.0,0.0,0.0,0.0,6.03110408782959,0.0,28,13399,47.6197477,-122.362956,3.489792244694417
674,1728412554.069,1,220,0,0,185,0,0,3,476197466,-1223629595,0.0,0.6000000238418579,6.042530059814453,0.0,0.0,0.0,0.0,6.042530059814453,0.0,28,13399,47.6197466,-122.3629595,3.453634874572933
675,1728412554.32,1,220,0,0,185,0,0,3,476197466,-1223629595,0.0,0.6000000238418579,6.042530059814453,0.0,0.0,0.0,0.0,6.042530059814453,0.0,28,13399,47.6197466,-122.3629595,3.5032405758779777
676,1728412554.579,1,220,0,0,185,0,0,3,476197447,-1223629646,0.0,0.6000000238418579,5.987611293792725,0.0,0.0,0.0,0.0,5.987611293792725,0.0,28,13399,47.6197447,-122.3629646,3.4861425901857652
677,1728412554.827,1,220,0,0,185,0,0,3,476197447,-1223629646,0.0,0.6000000238418579,5.987611293792725,0.0,0.0,0.0,0.0,5.987611293792725,0.0,28,13399,47.6197447,-122.3629646,3.4794710326411122
678,1728412555.099,1,220,0,0,185,0,0,3,476197439,-1223629680,0.0,0.6000000238418579,6.037962436676025,0.0,0.0,0.0,0.0,6.037962436676025,0.0,28,13399,47.6197439,-122.362968,3.5032405758779777
679,1728412555.345,1,220,0,0,185,0,0,3,476197439,-1223629680,0.0,0.6000000238418579,6.037962436676025,0.0,0.0,0.0,0.0,6.037962436676025,0.0,28,13399,47.6197439,-122.362968,3.4710169574280916
680,1728412556.1529999,1,220,0,0,185,0,0,3,476197408,-1223629757,0.0,0.6000000238418579,6.665343761444092,0.0,0.0,0.0,0.0,6.665343761444092,0.0,28,13399,47.6197408,-122.3629757,3.5044681864099907
681,1728412556.441,1,220,0,0,185,0,0,3,476197399,-1223629800,0.0,0.6000000238418579,6.498356342315674,0.0,0.0,0.0,0.0,6.498356342315674,0.0,28,13200,47.6197399,-122.36298,3.4782608695652173
682,1728412556.668,1,220,0,0,185,0,0,3,476197399,-1223629800,0.0,0.6000000238418579,6.498356342315674,0.0,0.0,0.0,0.0,6.498356342315674,0.0,28,13200,47.6197399,-122.36298,3.495281295583698
683,1728412556.934,1,220,0,0,185,0,0,3,476197399,-1223629800,0.0,0.6000000238418579,6.488717079162598,0.0,0.0,0.0,0.0,6.488717079162598,0.0,28,13200,47.6197399,-122.36298,3.4983382846440088
684,1728412557.27,1,220,0,0,185,0,0,3,476197387,-1223629845,0.0,0.6000000238418579,6.488717079162598,0.0,0.0,0.0,0.0,6.488717079162598,0.0,28,13000,47.6197387,-122.3629845,3.4843205517022526
685,1728412557.4499998,1,220,0,0,185,0,0,3,476197387,-1223629845,0.0,0.6000000238418579,6.595218658447266,0.0,0.0,0.0,0.0,6.595218658447266,0.0,28,13000,47.6197387,-122.3629845,3.4722222279711272
686,1728412557.727,1,220,0,0,185,0,0,3,476197369,-1223629899,0.0,0.6000000238418579,6.595218658447266,0.0,0.0,0.0,0.0,6.595218658447266,0.0,28,13000,47.6197369,-122.3629899,3.4788659901340573
687,1728412557.98,1,220,0,0,185,0,0,3,476197421,-1223629849,0.0,0.6000000238418579,6.56532621383667,0.0,0.0,0.0,0.0,6.56532621383667,0.0,28,13000,47.6197421,-122.3629849,2.9133284737387233
688,1728412558.2419999,1,220,0,0,185,0,0,3,476197421,-1223629849,0.0,0.6000000238418579,6.56532621383667,0.0,0.0,0.0,0.0,6.56532621383667,0.0,28,13000,47.6197421,-122.3629849,2.931691574569831
689,1728412558.524,1,220,0,0,185,0,0,3,476197447,-1223629818,0.0,0.6000000238418579,6.5812554359436035,0.0,0.0,0.0,0.0,6.5812554359436035,0.0,28,13000,47.6197447,-122.3629818,2.922694752233863
690,1728412558.757,1,220,0,0,185,0,0,3,476197447,-1223629818,0.0,0.6000000238418579,6.5812554359436035,0.0,0.0,0.0,0.0,6.5812554359436035,0.0,28,13000,47.6197447,-122.3629818,3.180155810274768
691,1728412559.0579998,1,220,0,0,185,0,0,3,476197446,-1223629811,0.0,0.6000000238418579,6.598761081695557,0.0,0.0,0.0,0.0,6.598761081695557,0.0,28,13000,47.6197446,-122.3629811,3.199488119004398
692,1728412559.289,1,220,0,0,185,0,0,3,476197446,-1223629811,0.0,0.6000000238418579,6.598761081695557,0.0,0.0,0.0,0.0,6.598761081695557,0.0,28,13000,47.6197446,-122.3629811,3.178639514332416
693,1728412559.556,1,220,0,0,185,0,0,3,476197442,-1223629811,0.0,0.6000000238418579,6.626166820526123,0.0,0.0,0.0,0.0,6.626166820526123,0.0,28,13000,47.6197442,-122.3629811,3.1892840523022925
694,1728412559.809,1,220,0,0,185,0,0,3,476197442,-1223629811,0.0,0.6000000238418579,6.626166820526123,0.0,0.0,0.0,0.0,6.626166820526123,0.0,28,13000,47.6197442,-122.3629811,3.2310177407301586
695,1728412560.08,1,220,0,0,185,0,0,3,476197436,-1223629819,0.0,0.6000000238418579,6.66185188293457,0.0,0.0,0.0,0.0,6.66185188293457,0.0,28,13000,47.6197436,-122.3629819,3.1892839310481778
696,1728412560.3279998,1,220,0,0,185,0,0,3,476197436,-1223629819,0.0,0.6000000238418579,6.66185188293457,0.0,0.0,0.0,0.0,6.66185188293457,0.0,28,13000,47.6197436,-122.3629819,3.1781344437559658
697,1728412561.692,1,220,0,0,185,0,0,3,476197214,-1223630213,0.0,0.6000000238418579,7.57540225982666,0.0,0.0,0.0,0.0,7.57540225982666,0.0,28,12700,47.6197214,-122.3630213,3.183699546735223
698,1728412561.921,1,220,0,0,185,0,0,3,476197214,-1223630213,0.0,0.6000000238418579,7.57540225982666,0.0,0.0,0.0,0.0,7.57540225982666,0.0,28,12700,47.6197214,-122.3630213,3.189792673180298
699,1728412562.188,1,220,0,0,185,0,0,3,476197320,-1223630146,0.0,0.6000000238418579,7.032116413116455,0.0,0.0,0.0,0.0,7.032116413116455,0.0,28,12700,47.619732,-122.3630146,3.192338334415065
700,1728412562.442,1,220,0,0,185,0,0,3,476197320,-1223630146,0.0,0.6000000238418579,7.032116413116455,0.0,0.0,0.0,0.0,7.032116413116455,0.0,28,12700,47.619732,-122.3630146,3.182179870415611
701,1728412562.692,1,220,0,0,185,0,0,3,476197371,-1223630090,0.0,0.6000000238418579,6.936760425567627,0.0,0.0,0.0,0.0,6.936760425567627,0.0,28,12700,47.6197371,-122.363009,3.211819496728129
702,1728412562.96,1,220,0,0,185,0,0,3,476197396,-1223630051,0.0,0.6000000238418579,6.879611968994141,0.0,0.0,0.0,0.0,6.879611968994141,0.0,28,12700,47.6197396,-122.3630051,3.1842063878187803
703,1728412563.205,1,220,0,0,185,0,0,3,476197396,-1223630051,0.0,0.6000000238418579,6.879611968994141,0.0,0.0,0.0,0.0,6.879611968994141,0.0,28,12700,47.6197396,-122.3630051,3.1816735535348513
704,1728412563.46,1,220,0,0,185,0,0,3,476197396,-1223630051,0.0,0.6000000238418579,6.702541351318359,0.0,0.0,0.0,0.0,6.702541351318359,0.0,28,12700,47.6197396,-122.3630051,3.1974421097380326
705,1728412563.721,1,220,0,0,185,0,0,3,476197270,-1223630302,0.0,0.6000000238418579,6.702541351318359,0.0,0.0,0.0,0.0,6.702541351318359,0.0,28,12700,47.619727,-122.3630302,3.199488119004398
706,1728412564.02,1,220,0,0,185,0,0,3,476197345,-1223630225,0.0,0.6000000238418579,6.623743534088135,0.0,0.0,0.0,0.0,6.623743534088135,0.0,28,12700,47.6197345,-122.3630225,3.1959091670189164
707,1728412564.2619998,1,220,0,0,185,0,0,3,476197345,-1223630225,0.0,0.6000000238418579,6.623743534088135,0.0,0.0,0.0,0.0,6.623743534088135,0.0,28,12700,47.6197345,-122.3630225,3.667705803806827
708,1728412564.5119998,1,220,0,0,185,0,0,3,476197384,-1223630161,0.0,0.6000000238418579,6.628279685974121,0.0,0.0,0.0,0.0,6.628279685974121,0.0,28,12700,47.6197384,-122.3630161,3.638348203808547
709,1728412564.789,1,220,0,0,185,0,0,3,476197384,-1223630161,0.0,0.6000000238418579,6.628279685974121,0.0,0.0,0.0,0.0,6.628279685974121,0.0,28,12700,47.6197384,-122.3630161,3.6563071106749936
710,1728412565.0419998,1,220,0,0,185,0,0,3,476197408,-1223630104,0.0,0.6000000238418579,6.601994514465332,0.0,0.0,0.0,0.0,6.601994514465332,0.0,28,12700,47.6197408,-122.3630104,3.650301088849234
711,1728412565.2849998,1,220,0,0,185,0,0,3,476197408,-1223630104,0.0,0.6000000238418579,6.601994514465332,0.0,0.0,0.0,0.0,6.601994514465332,0.0,28,12700,47.6197408,-122.3630104,3.651634107534223
712,1728412565.57,1,220,0,0,185,0,0,3,476197297,-1223630302,0.0,0.6000000238418579,6.4273295402526855,0.0,0.0,0.0,0.0,6.4273295402526855,0.0,28,12700,47.6197297,-122.3630302,3.6476382862595407
713,1728412565.842,1,220,0,0,185,0,0,3,476197297,-1223630302,0.0,0.6000000238418579,6.453958988189697,0.0,0.0,0.0,0.0,6.453958988189697,0.0,28,12700,47.6197297,-122.3630302,3.649635023793565
714,1728412566.064,1,220,0,0,185,0,0,3,476197243,-1223630408,0.0,0.6000000238418579,6.453958988189697,0.0,0.0,0.0,0.0,6.453958988189697,0.0,28,12700,47.6197243,-122.3630408,3.6277890120470797
715,1728412566.3309999,1,220,0,0,185,0,0,3,476197243,-1223630408,0.0,0.6000000238418579,6.453958988189697,0.0,0.0,0.0,0.0,6.453958988189697,0.0,28,12700,47.6197243,-122.3630408,3.6231884183164556
716,1728412566.586,1,220,0,0,185,0,0,3,476197243,-1223630408,0.0,0.6000000238418579,6.453958988189697,0.0,0.0,0.0,0.0,6.453958988189697,0.0,28,12700,47.6197243,-122.3630408,3.6376864932663664
717,1728412567.145,1,220,0,0,185,0,0,3,476197227,-1223630462,0.0,0.6000000238418579,7.0229363441467285,0.0,0.0,0.0,0.0,7.0229363441467285,0.0,28,12700,47.6197227,-122.3630462,3.631081973179469
718,1728412567.418,1,220,0,0,185,0,0,3,476197227,-1223630462,0.0,0.6000000238418579,6.435996055603027,0.0,0.0,0.0,0.0,6.435996055603027,0.0,28,12700,47.6197227,-122.3630462,3.6205646980992463
719,1728412567.658,1,220,0,0,185,0,0,3,476197367,-1223630288,0.0,0.6000000238418579,6.435996055603027,0.0,0.0,0.0,0.0,6.435996055603027,0.0,28,12700,47.6197367,-122.3630288,3.6350418987514006
720,1728412567.921,1,220,0,0,185,0,0,3,476197367,-1223630288,0.0,0.6000000238418579,6.012384414672852,0.0,0.0,0.0,0.0,6.012384414672852,0.0,28,12700,47.6197367,-122.3630288,3.6277888551574917
721,1728412568.169,1,220,0,0,185,0,0,3,476197535,-1223629995,0.0,0.6000000238418579,6.012384414672852,0.0,0.0,0.0,0.0,6.012384414672852,0.0,28,12700,47.6197535,-122.3629995,3.6225320536087247
722,1728412568.4429998,1,220,0,0,185,0,0,3,476197614,-1223629704,0.0,0.6000000238418579,6.130870342254639,0.0,0.0,0.0,0.0,6.130870342254639,0.0,28,12700,47.6197614,-122.3629704,3.6212203500077984
723,1728412568.685,1,220,0,0,185,0,0,3,476197614,-1223629704,0.0,0.6000000238418579,6.130870342254639,0.0,0.0,0.0,0.0,6.130870342254639,0.0,28,12700,47.6197614,-122.3629704,3.6107601980333457
724,1728412568.9729998,1,220,0,0,185,0,0,3,476197650,-1223629447,0.0,0.6000000238418579,6.228684902191162,0.0,0.0,0.0,0.0,6.228684902191162,0.0,28,12700,47.619765,-122.3629447,3.600359992736281
725,1728412569.241,1,220,0,0,185,0,0,3,476197650,-1223629447,0.0,0.6000000238418579,6.228684902191162,0.0,0.0,0.0,0.0,6.228684902191162,0.0,28,12700,47.619765,-122.3629447,3.6146755878506753
726,1728412569.518,1,220,0,0,185,0,0,3,476197668,-1223629235,0.0,0.6000000238418579,6.303896427154541,0.0,0.0,0.0,0.0,6.303896427154541,0.0,28,12700,47.6197668,-122.3629235,3.2679739173186166
727,1728412569.77,1,220,0,0,185,0,0,3,476197668,-1223629235,0.0,0.6000000238418579,6.303896427154541,0.0,0.0,0.0,0.0,6.303896427154541,0.0,28,12700,47.6197668,-122.3629235,3.4252440564706186
728,1728412570.036,1,220,0,0,185,0,0,3,476197669,-1223629054,0.0,0.6000000238418579,6.341248035430908,0.0,0.0,0.0,0.0,6.341248035430908,0.0,28,12700,47.6197669,-122.3629054,3.460806341612359
729,1728412570.291,1,220,0,0,185,0,0,3,476197669,-1223629054,0.0,0.6000000238418579,6.341248035430908,0.0,0.0,0.0,0.0,6.341248035430908,0.0,28,12700,47.6197669,-122.3629054,3.444712369912298
730,1728412570.5549998,1,220,0,0,185,0,0,3,476197666,-1223628886,0.0,0.6000000238418579,6.328578472137451,0.0,0.0,0.0,0.0,6.328578472137451,0.0,28,12700,47.6197666,-122.3628886,3.4417484850101134
731,1728412570.806,1,220,0,0,185,0,0,3,476197666,-1223628886,0.0,0.6000000238418579,6.328578472137451,0.0,0.0,0.0,0.0,6.328578472137451,0.0,28,12700,47.6197666,-122.3628886,3.4258307292631276
732,1728412571.093,1,220,0,0,185,0,0,3,476197663,-1223628731,0.0,0.6000000238418579,6.36824893951416,0.0,0.0,0.0,0.0,6.36824893951416,0.0,28,12700,47.6197663,-122.3628731,3.4494652750006938
733,1728412571.3809998,1,220,0,0,185,0,0,3,476197663,-1223628731,0.0,0.6000000238418579,6.36824893951416,0.0,0.0,0.0,0.0,6.36824893951416,0.0,28,12700,47.6197663,-122.3628731,3.434655702769373
734,1728412571.619,1,220,0,0,185,0,0,3,476197518,-1223629008,0.0,0.6000000238418579,5.905549049377441,0.0,0.0,0.0,0.0,5.905549049377441,0.0,28,12700,47.6197518,-122.3629008,3.469812523336707
735,1728412571.8639998,1,220,0,0,185,0,0,3,476197518,-1223629008,0.0,0.6000000238418579,5.905549049377441,0.0,0.0,0.0,0.0,5.905549049377441,0.0,28,12700,47.6197518,-122.3629008,3.4566194182248795
736,1728412572.7059999,1,220,0,0,185,0,0,3,476197472,-1223629112,0.0,0.6000000238418579,6.750402450561523,0.0,0.0,0.0,0.0,6.750402450561523,0.0,28,12600,47.6197472,-122.3629112,3.4867503115735095
737,1728412572.984,1,220,0,0,185,0,0,3,476197472,-1223629112,0.0,0.6000000238418579,6.554544448852539,0.0,0.0,0.0,0.0,6.554544448852539,0.0,28,12600,47.6197472,-122.3629112,3.462603864395306
738,1728412573.197,1,220,0,0,185,0,0,3,476197452,-1223629192,0.0,0.6000000238418579,6.554544448852539,0.0,0.0,0.0,0.0,6.554544448852539,0.0,28,12600,47.6197452,-122.3629192,3.472825249070627
739,1728412573.464,1,220,0,0,185,0,0,3,476197507,-1223629123,0.0,0.6000000238418579,6.424501419067383,0.0,0.0,0.0,0.0,6.424501419067383,0.0,28,12600,47.6197507,-122.3629123,3.4740316321033577
740,1728412573.7319999,1,220,0,0,185,0,0,3,476197507,-1223629123,0.0,0.6000000238418579,6.424501419067383,0.0,0.0,0.0,0.0,6.424501419067383,0.0,28,12600,47.6197507,-122.3629123,3.4770514038655227
741,1728412574.007,1,220,0,0,185,0,0,3,476197456,-1223629234,0.0,0.6000000238418579,6.263822555541992,0.0,0.0,0.0,0.0,6.263822555541992,0.0,28,12600,47.6197456,-122.3629234,3.4698126668599163
742,1728412574.241,1,220,0,0,185,0,0,3,476197456,-1223629234,0.0,0.6000000238418579,6.263822555541992,0.0,0.0,0.0,0.0,6.263822555541992,0.0,28,12600,47.6197456,-122.3629234,3.487966535245389
743,1728412574.508,1,220,0,0,185,0,0,3,476197442,-1223629285,0.0,0.6000000238418579,6.34704065322876,0.0,0.0,0.0,0.0,6.34704065322876,0.0,28,12499,47.6197442,-122.3629285,3.500174870883034
744,1728412574.737,1,220,0,0,185,0,0,3,476197442,-1223629285,0.0,0.6000000238418579,6.34704065322876,0.0,0.0,0.0,0.0,6.34704065322876,0.0,28,12499,47.6197442,-122.3629285,3.492839635610142
745,1728412575.027,1,220,0,0,185,0,0,3,476197464,-1223629279,0.0,0.6000000238418579,6.503580570220947,0.0,0.0,0.0,0.0,6.503580570220947,0.0,28,12499,47.6197464,-122.3629279,3.1705770009226057
746,1728412575.254,1,220,0,0,185,0,0,3,476197464,-1223629279,0.0,0.6000000238418579,6.503580570220947,0.0,0.0,0.0,0.0,6.503580570220947,0.0,28,12499,47.6197464,-122.3629279,3.475238853569153
747,1728412575.546,1,220,0,0,185,0,0,3,476197475,-1223629275,0.0,0.6000000238418579,6.58218240737915,0.0,0.0,0.0,0.0,6.58218240737915,0.0,28,12499,47.6197475,-122.3629275,3.491620157075723
748,1728412575.7949998,1,220,0,0,185,0,0,3,476197475,-1223629275,0.0,0.6000000238418579,6.58218240737915,0.0,0.0,0.0,0.0,6.58218240737915,0.0,28,12499,47.6197475,-122.3629275,3.4536350167609378
749,1728412576.0479999,1,220,0,0,185,0,0,3,476197482,-1223629270,0.0,0.6000000238418579,6.629342079162598,0.0,0.0,0.0,0.0,6.629342079162598,0.0,28,12499,47.6197482,-122.362927,3.4710171010509576
750,1728412576.307,1,220,0,0,185,0,0,3,476197482,-1223629270,0.0,0.6000000238418579,6.629342079162598,0.0,0.0,0.0,0.0,6.629342079162598,0.0,28,12499,47.6197482,-122.362927,3.4620045303244744
751,1728412576.57,1,220,0,0,185,0,0,3,476197395,-1223629438,0.0,0.6000000238418579,6.552748680114746,0.0,0.0,0.0,0.0,6.552748680114746,0.0,28,12499,47.6197395,-122.3629438,3.4873583898584926
752,1728412576.827,1,220,0,0,185,0,0,3,476197395,-1223629438,0.0,0.6000000238418579,6.552748680114746,0.0,0.0,0.0,0.0,6.552748680114746,0.0,28,12499,47.6197395,-122.3629438,3.4584125931844363
753,1728412577.095,1,220,0,0,185,0,0,3,476197357,-1223629540,0.0,0.6000000238418579,6.63448429107666,0.0,0.0,0.0,0.0,6.63448429107666,0.0,28,12499,47.6197357,-122.362954,3.472825105298088
754,1728412577.345,1,220,0,0,185,0,0,3,476197357,-1223629540,0.0,0.6000000238418579,6.63448429107666,0.0,0.0,0.0,0.0,6.63448429107666,0.0,28,12499,47.6197357,-122.362954,3.4328870726262037
755,1728412578.172,1,220,0,0,185,0,0,3,476197463,-1223629439,0.0,0.6000000238418579,7.1511616706848145,0.0,0.0,0.0,0.0,7.1511616706848145,0.0,28,12600,47.6197463,-122.3629439,3.4554250958462895
756,1728412578.461,1,220,0,0,185,0,0,3,476197545,-1223629275,0.0,0.6000000238418579,6.751209735870361,0.0,0.0,0.0,0.0,6.751209735870361,0.0,28,12600,47.6197545,-122.3629275,3.4270048179672505
757,1728412578.712,1,220,0,0,185,0,0,3,476197545,-1223629275,0.0,0.6000000238418579,6.751209735870361,0.0,0.0,0.0,0.0,6.751209735870361,0.0,28,12600,47.6197545,-122.3629275,3.451846791412174
758,1728412578.988,1,220,0,0,185,0,0,3,476197573,-1223629153,0.0,0.6000000238418579,6.6522722244262695,0.0,0.0,0.0,0.0,6.6522722244262695,0.0,28,12499,47.6197573,-122.3629153,3.436426015480821
759,1728412579.2259998,1,220,0,0,185,0,0,3,476197573,-1223629153,0.0,0.6000000238418579,6.6522722244262695,0.0,0.0,0.0,0.0,6.6522722244262695,0.0,28,12499,47.6197573,-122.3629153,3.445305731266327
760,1728412579.5089998,1,220,0,0,185,0,0,3,476197573,-1223629074,0.0,0.6000000238418579,6.590167999267578,0.0,0.0,0.0,0.0,6.590167999267578,0.0,28,12499,47.6197573,-122.3629074,3.429943353202093
761,1728412579.7419999,1,220,0,0,185,0,0,3,476197573,-1223629074,0.0,0.6000000238418579,6.590167999267578,0.0,0.0,0.0,0.0,6.590167999267578,0.0,28,12499,47.6197573,-122.3629074,3.43642615625536
762,1728412580.024,1,220,0,0,185,0,0,3,476197561,-1223629029,0.0,0.6000000238418579,6.535830020904541,0.0,0.0,0.0,0.0,6.535830020904541,0.0,28,12499,47.6197561,-122.3629029,3.4281795716066936
763,1728412580.267,1,220,0,0,185,0,0,3,476197561,-1223629029,0.0,0.6000000238418579,6.535830020904541,0.0,0.0,0.0,0.0,6.535830020904541,0.0,28,12499,47.6197561,-122.3629029,3.43524574498376
764,1728412580.563,1,220,0,0,185,0,0,3,476197546,-1223629013,0.0,0.6000000238418579,6.497447490692139,0.0,0.0,0.0,0.0,6.497447490692139,0.0,28,12499,47.6197546,-122.3629013,3.1392247036233565
765,1728412580.8149998,1,220,0,0,185,0,0,3,476197546,-1223629013,0.0,0.6000000238418579,6.497447490692139,0.0,0.0,0.0,0.0,6.497447490692139,0.0,28,12499,47.6197546,-122.3629013,3.4524426133721913
766,1728412581.09,1,220,0,0,185,0,0,3,476197523,-1223629039,0.0,0.6000000238418579,6.514909267425537,0.0,0.0,0.0,0.0,6.514909267425537,0.0,28,12499,47.6197523,-122.3629039,3.4566194182248795
767,1728412581.34,1,220,0,0,185,0,0,3,476197523,-1223629039,0.0,0.6000000238418579,6.514909267425537,0.0,0.0,0.0,0.0,6.514909267425537,0.0,28,12499,47.6197523,-122.3629039,3.4512510330785924
768,1728412581.615,1,220,0,0,185,0,0,3,476197495,-1223629087,0.0,0.6000000238418579,6.532329559326172,0.0,0.0,0.0,0.0,6.532329559326172,0.0,28,12600,47.6197495,-122.3629087,3.4590106841376107
769,1728412581.853,1,220,0,0,185,0,0,3,476197495,-1223629087,0.0,0.6000000238418579,6.532329559326172,0.0,0.0,0.0,0.0,6.532329559326172,0.0,28,12600,47.6197495,-122.3629087,3.4488704801661356
770,1728412582.138,1,220,0,0,185,0,0,3,476197469,-1223629146,0.0,0.6000000238418579,6.568117618560791,0.0,0.0,0.0,0.0,6.568117618560791,0.0,28,12600,47.6197469,-122.3629146,3.475238853569153
771,1728412582.3899999,1,220,0,0,185,0,0,3,476197469,-1223629146,0.0,0.6000000238418579,6.568117618560791,0.0,0.0,0.0,0.0,6.568117618560791,0.0,28,12600,47.6197469,-122.3629146,3.4305316370199512
772,1728412582.661,1,220,0,0,185,0,0,3,476197434,-1223629228,0.0,0.6000000238418579,6.594508171081543,0.0,0.0,0.0,0.0,6.594508171081543,0.0,28,12600,47.6197434,-122.3629228,3.4668053067867257
773,1728412582.9169998,1,220,0,0,185,0,0,3,476197434,-1223629228,0.0,0.6000000238418579,6.594508171081543,0.0,0.0,0.0,0.0,6.594508171081543,0.0,28,12600,47.6197434,-122.3629228,3.443526260136433
774,1728412583.7159998,1,220,0,0,185,0,0,3,476197372,-1223629371,0.0,0.6000000238418579,7.219940185546875,0.0,0.0,0.0,0.0,7.219940185546875,0.0,28,12499,47.6197372,-122.3629371,3.477656103644218
775,1728412583.965,1,220,0,0,185,0,0,3,476197372,-1223629371,0.0,0.6000000238418579,7.219940185546875,0.0,0.0,0.0,0.0,7.219940185546875,0.0,28,12499,47.6197372,-122.3629371,3.462603864395306
776,1728412584.247,1,220,0,0,185,0,0,3,476197329,-1223629506,0.0,0.6000000238418579,6.974405288696289,0.0,0.0,0.0,0.0,6.974405288696289,0.0,28,12499,47.6197329,-122.3629506,3.4770514038655227
777,1728412584.507,1,220,0,0,185,0,0,3,476197329,-1223629506,0.0,0.6000000238418579,6.974405288696289,0.0,0.0,0.0,0.0,6.974405288696289,0.0,28,12499,47.6197329,-122.3629506,3.4698126668599163
778,1728412584.77,1,220,0,0,185,0,0,3,476197317,-1223629592,0.0,0.6000000238418579,6.845465660095215,0.0,0.0,0.0,0.0,6.845465660095215,0.0,28,12499,47.6197317,-122.3629592,3.4861425901857652
779,1728412585.0249999,1,220,0,0,185,0,0,3,476197296,-1223629698,0.0,0.6000000238418579,6.654670238494873,0.0,0.0,0.0,0.0,6.654670238494873,0.0,28,12499,47.6197296,-122.3629698,3.4524426133721913
780,1728412585.264,1,220,0,0,185,0,0,3,476197296,-1223629698,0.0,0.6000000238418579,6.654670238494873,0.0,0.0,0.0,0.0,6.654670238494873,0.0,28,12499,47.6197296,-122.3629698,3.4831070135298603
781,1728412585.572,1,220,0,0,185,0,0,3,476197274,-1223629802,0.0,0.6000000238418579,6.549612998962402,0.0,0.0,0.0,0.0,6.549612998962402,0.0,28,12499,47.6197274,-122.3629802,3.4722222279711272
782,1728412585.793,1,220,0,0,185,0,0,3,476197274,-1223629802,0.0,0.6000000238418579,6.549612998962402,0.0,0.0,0.0,0.0,6.549612998962402,0.0,28,12499,47.6197274,-122.3629802,3.4831070135298603
783,1728412586.0749998,1,220,0,0,185,0,0,3,476197345,-1223629762,0.0,0.6000000238418579,6.448967456817627,0.0,0.0,0.0,0.0,6.448967456817627,0.0,28,12499,47.6197345,-122.3629762,3.317849969139666
784,1728412586.314,1,220,0,0,185,0,0,3,476197345,-1223629762,0.0,0.6000000238418579,6.448967456817627,0.0,0.0,0.0,0.0,6.448967456817627,0.0,28,12499,47.6197345,-122.3629762,3.6409976131231696
785,1728412586.5909998,1,220,0,0,185,0,0,3,476197359,-1223629773,0.0,0.6000000238418579,6.50706672668457,0.0,0.0,0.0,0.0,6.50706672668457,0.0,28,12600,47.6197359,-122.3629773,3.6264731857783903
786,1728412586.842,1,220,0,0,185,0,0,3,476197359,-1223629773,0.0,0.6000000238418579,6.50706672668457,0.0,0.0,0.0,0.0,6.50706672668457,0.0,28,12600,47.6197359,-122.3629773,3.654302908602088
787,1728412587.1039999,1,220,0,0,185,0,0,3,476197346,-1223629821,0.0,0.6000000238418579,6.571310997009277,0.0,0.0,0.0,0.0,6.571310997009277,0.0,28,12600,47.6197346,-122.3629821,3.6363636363636362
788,1728412587.352,1,220,0,0,185,0,0,3,476197346,-1223629821,0.0,0.6000000238418579,6.571310997009277,0.0,0.0,0.0,0.0,6.571310997009277,0.0,28,12600,47.6197346,-122.3629821,3.6643459513899543
789,1728412587.646,1,220,0,0,185,0,0,3,476197432,-1223629721,0.0,0.6000000238418579,6.399618148803711,0.0,0.0,0.0,0.0,6.399618148803711,0.0,28,12600,47.6197432,-122.3629721,3.6549706786982066
790,1728412587.8799999,1,220,0,0,185,0,0,3,476197432,-1223629721,0.0,0.6000000238418579,6.399618148803711,0.0,0.0,0.0,0.0,6.399618148803711,0.0,28,12600,47.6197432,-122.3629721,3.642987243216351
791,1728412588.1499999,1,220,0,0,185,0,0,3,476197456,-1223629659,0.0,0.6000000238418579,6.453482627868652,0.0,0.0,0.0,0.0,6.453482627868652,0.0,28,12600,47.6197456,-122.3629659,3.6717460578972427
792,1728412588.4029999,1,220,0,0,185,0,0,3,476197456,-1223629659,0.0,0.6000000238418579,6.453482627868652,0.0,0.0,0.0,0.0,6.453482627868652,0.0,28,12600,47.6197456,-122.3629659,3.6363636363636362
793,1728412588.945,1,220,0,0,185,0,0,3,476197456,-1223629659,0.0,0.6000000238418579,7.019435405731201,0.0,0.0,0.0,0.0,7.019435405731201,0.0,28,12499,47.6197456,-122.3629659,3.6569756135158613
794,1728412589.2089999,1,220,0,0,185,0,0,3,476197436,-1223629663,0.0,0.6000000238418579,7.019435405731201,0.0,0.0,0.0,0.0,7.019435405731201,0.0,28,12499,47.6197436,-122.3629663,3.6556388521969088
795,1728412589.48,1,220,0,0,185,0,0,3,476197415,-1223629688,0.0,0.6000000238418579,6.646342754364014,0.0,0.0,0.0,0.0,6.646342754364014,0.0,28,12400,47.6197415,-122.3629688,3.6596522308474633
796,1728412589.72,1,220,0,0,185,0,0,3,476197415,-1223629688,0.0,0.6000000238418579,6.646342754364014,0.0,0.0,0.0,0.0,6.646342754364014,0.0,28,12400,47.6197415,-122.3629688,3.64365104206166
797,1728412590.007,1,220,0,0,185,0,0,3,476197390,-1223629736,0.0,0.6000000238418579,6.401309967041016,0.0,0.0,0.0,0.0,6.401309967041016,0.0,28,12400,47.619739,-122.3629736,3.649635023793565
798,1728412590.228,1,220,0,0,185,0,0,3,476197390,-1223629736,0.0,0.6000000238418579,6.401309967041016,0.0,0.0,0.0,0.0,6.401309967041016,0.0,28,12400,47.619739,-122.3629736,3.6549708379476464
799,1728412590.497,1,220,0,0,185,0,0,3,476197369,-1223629785,0.0,0.6000000238418579,6.2437357902526855,0.0,0.0,0.0,0.0,6.2437357902526855,0.0,28,12400,47.6197369,-122.3629785,3.6818851781900195
800,1728412590.754,1,220,0,0,185,0,0,3,476197369,-1223629785,0.0,0.6000000238418579,6.2437357902526855,0.0,0.0,0.0,0.0,6.2437357902526855,0.0,28,12400,47.6197369,-122.3629785,3.6589827491554807
801,1728412591.0189998,1,220,0,0,185,0,0,3,476197358,-1223629827,0.0,0.6000000238418579,6.118833541870117,0.0,0.0,0.0,0.0,6.118833541870117,0.0,28,12400,47.6197358,-122.3629827,3.6416605289367303
802,1728412591.293,1,220,0,0,185,0,0,3,476197358,-1223629827,0.0,0.6000000238418579,6.118833541870117,0.0,0.0,0.0,0.0,6.118833541870117,0.0,28,12400,47.6197358,-122.3629827,3.650967555966238
803,1728412591.544,1,220,0,0,185,0,0,3,476197335,-1223629891,0.0,0.6000000238418579,6.063165664672852,0.0,0.0,0.0,0.0,6.063165664672852,0.0,28,12400,47.6197335,-122.3629891,3.472825105298088
804,1728412591.7849998,1,220,0,0,185,0,0,3,476197335,-1223629891,0.0,0.6000000238418579,6.063165664672852,0.0,0.0,0.0,0.0,6.063165664672852,0.0,28,12400,47.6197335,-122.3629891,3.497726517458386
805,1728412592.056,1,220,0,0,185,0,0,3,476197302,-1223629981,0.0,0.6000000238418579,6.055015563964844,0.0,0.0,0.0,0.0,6.055015563964844,0.0,28,12400,47.6197302,-122.3629981,3.50754127344709
806,1728412592.3309999,1,220,0,0,185,0,0,3,476197302,-1223629981,0.0,0.6000000238418579,6.055015563964844,0.0,0.0,0.0,0.0,6.055015563964844,0.0,28,12400,47.6197302,-122.3629981,3.4910107370763206
807,1728412592.5839999,1,220,0,0,185,0,0,3,476197339,-1223629954,0.0,0.6000000238418579,6.068206787109375,0.0,0.0,0.0,0.0,6.068206787109375,0.0,28,12400,47.6197339,-122.3629954,3.4983382846440088
808,1728412592.824,1,220,0,0,185,0,0,3,476197339,-1223629954,0.0,0.6000000238418579,6.068206787109375,0.0,0.0,0.0,0.0,6.068206787109375,0.0,28,12400,47.6197339,-122.3629954,3.4812881459359115
809,1728412593.0779998,1,220,0,0,185,0,0,3,476197344,-1223629957,0.0,0.6000000238418579,6.158935070037842,0.0,0.0,0.0,0.0,6.158935070037842,0.0,28,12400,47.6197344,-122.3629957,3.4910107370763206
810,1728412593.346,1,220,0,0,185,0,0,3,476197344,-1223629957,0.0,0.6000000238418579,6.158935070037842,0.0,0.0,0.0,0.0,6.158935070037842,0.0,28,12400,47.6197344,-122.3629957,3.4740316321033577
811,1728412593.642,1,220,0,0,185,0,0,3,476197336,-1223629979,0.0,0.6000000238418579,6.229010581970215,0.0,0.0,0.0,0.0,6.229010581970215,0.0,28,12400,47.6197336,-122.3629979,3.489792244694417
812,1728412593.8809998,1,220,0,0,185,0,0,3,476197336,-1223629979,0.0,0.6000000238418579,6.229010581970215,0.0,0.0,0.0,0.0,6.229010581970215,0.0,28,12400,47.6197336,-122.3629979,3.4782608695652173
813,1728412594.704,1,220,0,0,185,0,0,3,476197308,-1223630039,0.0,0.6000000238418579,6.925982475280762,0.0,0.0,0.0,0.0,6.925982475280762,0.0,28,12400,47.6197308,-122.3630039,3.492839635610142
814,1728412594.9269998,1,220,0,0,185,0,0,3,476197259,-1223630154,0.0,0.6000000238418579,6.6549811363220215,0.0,0.0,0.0,0.0,6.6549811363220215,0.0,28,12400,47.6197259,-122.3630154,3.4686090682501916
815,1728412595.182,1,220,0,0,185,0,0,3,476197259,-1223630154,0.0,0.6000000238418579,6.6549811363220215,0.0,0.0,0.0,0.0,6.6549811363220215,0.0,28,12400,47.6197259,-122.3630154,3.4782608695652173
816,1728412595.449,1,220,0,0,185,0,0,3,476197224,-1223630254,0.0,0.6000000238418579,6.511864185333252,0.0,0.0,0.0,0.0,6.511864185333252,0.0,28,12300,47.6197224,-122.3630254,3.482500416806986
817,1728412595.724,1,220,0,0,185,0,0,3,476197224,-1223630254,0.0,0.6000000238418579,6.511864185333252,0.0,0.0,0.0,0.0,6.511864185333252,0.0,28,12300,47.6197224,-122.3630254,3.4722222279711272
818,1728412595.9729998,1,220,0,0,185,0,0,3,476197211,-1223630318,0.0,0.6000000238418579,6.451416492462158,0.0,0.0,0.0,0.0,6.451416492462158,0.0,28,12300,47.6197211,-122.3630318,3.463803298310907
819,1728412596.2259998,1,220,0,0,185,0,0,3,476197211,-1223630318,0.0,0.6000000238418579,6.451416492462158,0.0,0.0,0.0,0.0,6.451416492462158,0.0,28,12300,47.6197211,-122.3630318,3.4668053067867257
820,1728412596.511,1,220,0,0,185,0,0,3,476197195,-1223630382,0.0,0.6000000238418579,6.43005895614624,0.0,0.0,0.0,0.0,6.43005895614624,0.0,28,12300,47.6197195,-122.3630382,3.460207629584314
821,1728412596.75,1,220,0,0,185,0,0,3,476197195,-1223630382,0.0,0.6000000238418579,6.43005895614624,0.0,0.0,0.0,0.0,6.43005895614624,0.0,28,12300,47.6197195,-122.3630382,3.487966535245389
822,1728412597.043,1,220,0,0,185,0,0,3,476197180,-1223630444,0.0,0.6000000238418579,6.428884029388428,0.0,0.0,0.0,0.0,6.428884029388428,0.0,28,12300,47.619718,-122.3630444,3.303055289760078
823,1728412597.27,1,220,0,0,185,0,0,3,476197180,-1223630444,0.0,0.6000000238418579,6.428884029388428,0.0,0.0,0.0,0.0,6.428884029388428,0.0,28,12300,47.619718,-122.3630444,3.6529681001596686
824,1728412597.5509999,1,220,0,0,185,0,0,3,476197163,-1223630513,0.0,0.6000000238418579,6.519579887390137,0.0,0.0,0.0,0.0,6.519579887390137,0.0,28,12300,47.6197163,-122.3630513,3.6185994783261903
825,1728412597.806,1,220,0,0,185,0,0,3,476197163,-1223630513,0.0,0.6000000238418579,6.519579887390137,0.0,0.0,0.0,0.0,6.519579887390137,0.0,28,12300,47.6197163,-122.3630513,3.620564854364616
826,1728412598.074,1,220,0,0,185,0,0,3,476197139,-1223630590,0.0,0.6000000238418579,6.597170352935791,0.0,0.0,0.0,0.0,6.597170352935791,0.0,28,12400,47.6197139,-122.363059,3.608154440183669
827,1728412598.3439999,1,220,0,0,185,0,0,3,476197139,-1223630590,0.0,0.6000000238418579,6.597170352935791,0.0,0.0,0.0,0.0,6.597170352935791,0.0,28,12400,47.6197139,-122.363059,3.6212203500077984
828,1728412598.5979998,1,220,0,0,185,0,0,3,476197334,-1223630422,0.0,0.6000000238418579,6.221077919006348,0.0,0.0,0.0,0.0,6.221077919006348,0.0,28,12400,47.6197334,-122.3630422,3.6146755878506753
829,1728412598.847,1,220,0,0,185,0,0,3,476197334,-1223630422,0.0,0.6000000238418579,6.221077919006348,0.0,0.0,0.0,0.0,6.221077919006348,0.0,28,12400,47.6197334,-122.3630422,3.61990943977892
830,1728412599.126,1,220,0,0,185,0,0,3,476197412,-1223630275,0.0,0.6000000238418579,6.3683695793151855,0.0,0.0,0.0,0.0,6.3683695793151855,0.0,28,12300,47.6197412,-122.3630275,3.6390101551304133
831,1728412599.376,1,220,0,0,185,0,0,3,476197412,-1223630275,0.0,0.6000000238418579,6.3683695793151855,0.0,0.0,0.0,0.0,6.3683695793151855,0.0,28,12300,47.6197412,-122.3630275,3.6350418987514006
832,1728412599.9359999,1,220,0,0,185,0,0,3,476197412,-1223630275,0.0,0.6000000238418579,7.004118919372559,0.0,0.0,0.0,0.0,7.004118919372559,0.0,28,12400,47.6197412,-122.3630275,3.646973033962953
833,1728412600.179,1,220,0,0,185,0,0,3,476197507,-1223630068,0.0,0.6000000238418579,7.004118919372559,0.0,0.0,0.0,0.0,7.004118919372559,0.0,28,12400,47.6197507,-122.3630068,3.6284471263747835
834,1728412600.454,1,220,0,0,185,0,0,3,476197541,-1223629907,0.0,0.6000000238418579,6.773871421813965,0.0,0.0,0.0,0.0,6.773871421813965,0.0,28,12300,47.6197541,-122.3629907,3.642323844337459
835,1728412600.7059999,1,220,0,0,185,0,0,3,476197541,-1223629907,0.0,0.6000000238418579,6.773871421813965,0.0,0.0,0.0,0.0,6.773871421813965,0.0,28,12300,47.6197541,-122.3629907,3.6357026474301026
836,1728412600.9919999,1,220,0,0,185,0,0,3,476197534,-1223629807,0.0,0.6000000238418579,6.651801109313965,0.0,0.0,0.0,0.0,6.651801109313965,0.0,28,12300,47.6197534,-122.3629807,3.646308024278096
837,1728412601.247,1,220,0,0,185,0,0,3,476197534,-1223629807,0.0,0.6000000238418579,6.651801109313965,0.0,0.0,0.0,0.0,6.651801109313965,0.0,28,12300,47.6197534,-122.3629807,3.658313512363139
838,1728412601.5059998,1,220,0,0,185,0,0,3,476197516,-1223629746,0.0,0.6000000238418579,6.573227405548096,0.0,0.0,0.0,0.0,6.573227405548096,0.0,28,12300,47.6197516,-122.3629746,3.6483034639626757
839,1728412601.751,1,220,0,0,185,0,0,3,476197516,-1223629746,0.0,0.6000000238418579,6.573227405548096,0.0,0.0,0.0,0.0,6.573227405548096,0.0,28,12300,47.6197516,-122.3629746,3.62713097957608
840,1728412602.007,1,220,0,0,185,0,0,3,476197500,-1223629705,0.0,0.6000000238418579,6.5518035888671875,0.0,0.0,0.0,0.0,6.5518035888671875,0.0,28,12300,47.61975,-122.3629705,3.6245017049434782
841,1728412602.2519999,1,220,0,0,185,0,0,3,476197500,-1223629705,0.0,0.6000000238418579,6.5518035888671875,0.0,0.0,0.0,0.0,6.5518035888671875,0.0,28,12300,47.61975,-122.3629705,3.6264731857783903
842,1728412602.527,1,220,0,0,185,0,0,3,476197554,-1223629559,0.0,0.6000000238418579,6.454303741455078,0.0,0.0,0.0,0.0,6.454303741455078,0.0,28,12400,47.6197554,-122.3629559,3.1928480515446966
843,1728412602.7819998,1,220,0,0,185,0,0,3,476197554,-1223629559,0.0,0.6000000238418579,6.454303741455078,0.0,0.0,0.0,0.0,6.454303741455078,0.0,28,12400,47.6197554,-122.3629559,3.184206266950456
844,1728412603.0419998,1,220,0,0,185,0,0,3,476197564,-1223629464,0.0,0.6000000238418579,6.518524646759033,0.0,0.0,0.0,0.0,6.518524646759033,0.0,28,12400,47.6197564,-122.3629464,3.193357809908178
845,1728412603.307,1,220,0,0,185,0,0,3,476197564,-1223629464,0.0,0.6000000238418579,6.518524646759033,0.0,0.0,0.0,0.0,6.518524646759033,0.0,28,12400,47.6197564,-122.3629464,3.164556876070856
846,1728412603.559,1,220,0,0,185,0,0,3,476197549,-1223629419,0.0,0.6000000238418579,6.545871257781982,0.0,0.0,0.0,0.0,6.545871257781982,0.0,28,12400,47.6197549,-122.3629419,3.1872509475761057
847,1728412603.8109999,1,220,0,0,185,0,0,3,476197549,-1223629419,0.0,0.6000000238418579,6.545871257781982,0.0,0.0,0.0,0.0,6.545871257781982,0.0,28,12400,47.6197549,-122.3629419,3.186743136880376
848,1728412604.08,1,220,0,0,185,0,0,3,476197536,-1223629384,0.0,0.6000000238418579,6.5492634773254395,0.0,0.0,0.0,0.0,6.5492634773254395,0.0,28,12400,47.6197536,-122.3629384,3.20102425351862
849,1728412604.3609998,1,220,0,0,185,0,0,3,476197536,-1223629384,0.0,0.6000000238418579,6.5492634773254395,0.0,0.0,0.0,0.0,6.5492634773254395,0.0,28,12400,47.6197536,-122.3629384,3.1938677310699384
850,1728412604.6439998,1,220,0,0,185,0,0,3,476197529,-1223629354,0.0,0.6000000238418579,6.525488376617432,0.0,0.0,0.0,0.0,6.525488376617432,0.0,28,12400,47.6197529,-122.3629354,3.1943779367497322
851,1728412604.891,1,220,0,0,185,0,0,3,476197529,-1223629354,0.0,0.6000000238418579,6.525488376617432,0.0,0.0,0.0,0.0,6.525488376617432,0.0,28,12400,47.6197529,-122.3629354,3.182686106961993
852,1728412606.1999998,1,220,0,0,185,0,0,3,476197467,-1223629430,0.0,0.6000000238418579,7.420711994171143,0.0,0.0,0.0,0.0,7.420711994171143,0.0,28,12400,47.6197467,-122.362943,3.1877590412760934
853,1728412606.46,1,220,0,0,185,0,0,3,476197452,-1223629464,0.0,0.6000000238418579,6.844873428344727,0.0,0.0,0.0,0.0,6.844873428344727,0.0,28,12400,47.6197452,-122.3629464,3.1685677891591086
854,1728412606.717,1,220,0,0,185,0,0,3,476197452,-1223629464,0.0,0.6000000238418579,6.844873428344727,0.0,0.0,0.0,0.0,6.844873428344727,0.0,28,12400,47.6197452,-122.3629464,3.08356457166114
855,1728412607.026,1,220,0,0,185,0,0,3,476197444,-1223629490,0.0,0.6000000238418579,6.615097522735596,0.0,0.0,0.0,0.0,6.615097522735596,0.0,28,12400,47.6197444,-122.362949,3.1545741751986234
856,1728412607.267,1,220,0,0,185,0,0,3,476197444,-1223629490,0.0,0.6000000238418579,6.615097522735596,0.0,0.0,0.0,0.0,6.615097522735596,0.0,28,12400,47.6197444,-122.362949,3.1555696695747115
857,1728412607.523,1,220,0,0,185,0,0,3,476197434,-1223629521,0.0,0.6000000238418579,6.49013614654541,0.0,0.0,0.0,0.0,6.49013614654541,0.0,28,12600,47.6197434,-122.3629521,3.161055722117368
858,1728412607.754,1,220,0,0,185,0,0,3,476197434,-1223629521,0.0,0.6000000238418579,6.49013614654541,0.0,0.0,0.0,0.0,6.49013614654541,0.0,28,12600,47.6197434,-122.3629521,3.1505985891238915
859,1728412608.013,1,220,0,0,185,0,0,3,476197427,-1223629558,0.0,0.6000000238418579,6.4570231437683105,0.0,0.0,0.0,0.0,6.4570231437683105,0.0,28,12800,47.6197427,-122.3629558,3.182686106961993
860,1728412608.268,1,220,0,0,185,0,0,3,476197427,-1223629558,0.0,0.6000000238418579,6.4570231437683105,0.0,0.0,0.0,0.0,6.4570231437683105,0.0,28,12800,47.6197427,-122.3629558,3.1908104017748564
861,1728412608.536,1,220,0,0,185,0,0,3,476197414,-1223629605,0.0,0.6000000238418579,6.413555145263672,0.0,0.0,0.0,0.0,6.413555145263672,0.0,28,12800,47.6197414,-122.3629605,3.0529690683641904
862,1728412608.8009999,1,220,0,0,185,0,0,3,476197414,-1223629605,0.0,0.6000000238418579,6.413555145263672,0.0,0.0,0.0,0.0,6.413555145263672,0.0,28,12800,47.6197414,-122.3629605,3.6277888551574917
863,1728412609.0939999,1,220,0,0,185,0,0,3,476197391,-1223629672,0.0,0.6000000238418579,6.403743743896484,0.0,0.0,0.0,0.0,6.403743743896484,0.0,28,12800,47.6197391,-122.3629672,3.625158627008024
864,1728412609.5279999,1,220,0,0,185,0,0,3,476197391,-1223629672,0.0,0.6000000238418579,6.403743743896484,0.0,0.0,0.0,0.0,6.403743743896484,0.0,28,12800,47.6197391,-122.3629672,3.6277888551574917
865,1728412609.6469998,1,220,0,0,185,0,0,3,476197364,-1223629744,0.0,0.6000000238418579,6.386326313018799,0.0,0.0,0.0,0.0,6.386326313018799,0.0,28,12800,47.6197364,-122.3629744,3.6596523905051206
866,1728412609.8969998,1,220,0,0,185,0,0,3,476197347,-1223629803,0.0,0.6000000238418579,6.350103378295898,0.0,0.0,0.0,0.0,6.350103378295898,0.0,28,12900,47.6197347,-122.3629803,3.6463081827735553
867,1728412610.138,1,220,0,0,185,0,0,3,476197347,-1223629803,0.0,0.6000000238418579,6.350103378295898,0.0,0.0,0.0,0.0,6.350103378295898,0.0,28,12900,47.6197347,-122.3629803,3.6114121479392054
868,1728412610.428,1,220,0,0,185,0,0,3,476197345,-1223629854,0.0,0.6000000238418579,6.3243842124938965,0.0,0.0,0.0,0.0,6.3243842124938965,0.0,28,13100,47.6197345,-122.3629854,3.616636546740109
869,1728412610.645,1,220,0,0,185,0,0,3,476197345,-1223629854,0.0,0.6000000238418579,6.3243842124938965,0.0,0.0,0.0,0.0,6.3243842124938965,0.0,28,13100,47.6197345,-122.3629854,3.6159827093722297
870,1728412610.912,1,220,0,0,185,0,0,3,476197345,-1223629854,0.0,0.6000000238418579,6.3243842124938965,0.0,0.0,0.0,0.0,6.3243842124938965,0.0,28,13100,47.6197345,-122.3629854,3.6140224592545054
871,1728412611.442,1,220,0,0,185,0,0,3,476197288,-1223629998,0.0,0.6000000238418579,6.887516498565674,0.0,0.0,0.0,0.0,6.887516498565674,0.0,28,13100,47.6197288,-122.3629998,3.6153291083709447
872,1728412611.7129998,1,220,0,0,185,0,0,3,476197288,-1223629998,0.0,0.6000000238418579,6.887516498565674,0.0,0.0,0.0,0.0,6.887516498565674,0.0,28,13100,47.6197288,-122.3629998,3.629764071618172
873,1728412611.977,1,220,0,0,185,0,0,3,476197370,-1223629925,0.0,0.6000000238418579,6.453482151031494,0.0,0.0,0.0,0.0,6.453482151031494,0.0,28,13100,47.619737,-122.3629925,3.6370248656830646
874,1728412612.23,1,220,0,0,185,0,0,3,476197370,-1223629925,0.0,0.6000000238418579,6.453482151031494,0.0,0.0,0.0,0.0,6.453482151031494,0.0,28,13100,47.619737,-122.3629925,3.741114882925372
875,1728412612.491,1,220,0,0,185,0,0,3,476197404,-1223629879,0.0,0.6000000238418579,6.393734455108643,0.0,0.0,0.0,0.0,6.393734455108643,0.0,28,13200,47.6197404,-122.3629879,3.665017397303611
876,1728412612.7519999,1,220,0,0,185,0,0,3,476197404,-1223629879,0.0,0.6000000238418579,6.393734455108643,0.0,0.0,0.0,0.0,6.393734455108643,0.0,28,13200,47.6197404,-122.3629879,3.654302908602088
877,1728412613.0609999,1,220,0,0,185,0,0,3,476197400,-1223629887,0.0,0.6000000238418579,6.344345569610596,0.0,0.0,0.0,0.0,6.344345569610596,0.0,28,13300,47.61974,-122.3629887,3.5631570103388626
878,1728412613.284,1,220,0,0,185,0,0,3,476197400,-1223629887,0.0,0.6000000238418579,6.344345569610596,0.0,0.0,0.0,0.0,6.344345569610596,0.0,28,13300,47.61974,-122.3629887,3.6357026474301026
879,1728412613.544,1,220,0,0,185,0,0,3,476197372,-1223629948,0.0,0.6000000238418579,6.290976047515869,0.0,0.0,0.0,0.0,6.290976047515869,0.0,28,13300,47.6197372,-122.3629948,3.6192544185960625
880,1728412613.8019998,1,220,0,0,185,0,0,3,476197372,-1223629948,0.0,0.6000000238418579,6.290976047515869,0.0,0.0,0.0,0.0,6.290976047515869,0.0,28,13300,47.6197372,-122.3629948,3.6225322100439645
881,1728412614.0679998,1,220,0,0,185,0,0,3,476197393,-1223629933,0.0,0.6000000238418579,6.271638870239258,0.0,0.0,0.0,0.0,6.271638870239258,0.0,28,13300,47.6197393,-122.3629933,3.6140224592545054
882,1728412614.3109999,1,220,0,0,185,0,0,3,476197393,-1223629933,0.0,0.6000000238418579,6.271638870239258,0.0,0.0,0.0,0.0,6.271638870239258,0.0,28,13300,47.6197393,-122.3629933,3.6264731857783903
883,1728412614.593,1,220,0,0,185,0,0,3,476197461,-1223629822,0.0,0.6000000238418579,6.208959102630615,0.0,0.0,0.0,0.0,6.208959102630615,0.0,28,13200,47.6197461,-122.3629822,3.6127167542928156
884,1728412614.8739998,1,220,0,0,185,0,0,3,476197480,-1223629754,0.0,0.6000000238418579,6.238960266113281,0.0,0.0,0.0,0.0,6.238960266113281,0.0,28,13300,47.619748,-122.3629754,3.6264733425542026
885,1728412615.1039999,1,220,0,0,185,0,0,3,476197480,-1223629754,0.0,0.6000000238418579,6.238960266113281,0.0,0.0,0.0,0.0,6.238960266113281,0.0,28,13300,47.619748,-122.3629754,3.6140224592545054
886,1728412615.37,1,220,0,0,185,0,0,3,476197480,-1223629754,0.0,0.6000000238418579,6.238960266113281,0.0,0.0,0.0,0.0,6.238960266113281,0.0,28,13300,47.619748,-122.3629754,3.6231884183164556
887,1728412615.751,1,220,0,0,185,0,0,3,476197473,-1223629731,0.0,0.6000000238418579,6.1936774253845215,0.0,0.0,0.0,0.0,6.1936774253845215,0.0,28,13399,47.6197473,-122.3629731,3.640334938615678
888,1728412615.929,1,220,0,0,185,0,0,3,476197560,-1223629525,0.0,0.6000000238418579,5.889892578125,0.0,0.0,0.0,0.0,5.889892578125,0.0,28,13399,47.619756,-122.3629525,3.629105479521808
889,1728412616.171,1,220,0,0,185,0,0,3,476197560,-1223629525,0.0,0.6000000238418579,5.889892578125,0.0,0.0,0.0,0.0,5.889892578125,0.0,28,13399,47.619756,-122.3629525,3.631741440136545
890,1728412616.4329998,1,220,0,0,185,0,0,3,476197560,-1223629525,0.0,0.6000000238418579,5.889892578125,0.0,0.0,0.0,0.0,5.889892578125,0.0,28,13399,47.619756,-122.3629525,3.6304229027939896
891,1728412616.9759998,1,220,0,0,185,0,0,3,476197576,-1223629399,0.0,0.6000000238418579,6.515457630157471,0.0,0.0,0.0,0.0,6.515457630157471,0.0,28,13399,47.6197576,-122.3629399,3.6133694109958476
892,1728412617.228,1,220,0,0,185,0,0,3,476197576,-1223629399,0.0,0.6000000238418579,6.515457630157471,0.0,0.0,0.0,0.0,6.515457630157471,0.0,28,13399,47.6197576,-122.3629399,3.6062026661095254
893,1728412617.513,1,220,0,0,185,0,0,3,476197558,-1223629346,0.0,0.6000000238418579,6.226001739501953,0.0,0.0,0.0,0.0,6.226001739501953,0.0,28,13399,47.6197558,-122.3629346,3.6277888551574917
894,1728412617.745,1,220,0,0,185,0,0,3,476197558,-1223629346,0.0,0.6000000238418579,6.226001739501953,0.0,0.0,0.0,0.0,6.226001739501953,0.0,28,13399,47.6197558,-122.3629346,3.643650883797114
895,1728412618.0249999,1,220,0,0,185,0,0,3,476197546,-1223629321,0.0,0.6000000238418579,6.081892013549805,0.0,0.0,0.0,0.0,6.081892013549805,0.0,28,13399,47.6197546,-122.3629321,3.6205646980992463
896,1728412618.2719998,1,220,0,0,185,0,0,3,476197546,-1223629321,0.0,0.6000000238418579,6.081892013549805,0.0,0.0,0.0,0.0,6.081892013549805,0.0,28,13399,47.6197546,-122.3629321,3.6140224592545054
897,1728412618.5549998,1,220,0,0,185,0,0,3,476197529,-1223629342,0.0,0.6000000238418579,6.053102016448975,0.0,0.0,0.0,0.0,6.053102016448975,0.0,28,13399,47.6197529,-122.3629342,3.703017943944574
898,1728412618.7949998,1,220,0,0,185,0,0,3,476197529,-1223629342,0.0,0.6000000238418579,6.053102016448975,0.0,0.0,0.0,0.0,6.053102016448975,0.0,28,13399,47.6197529,-122.3629342,3.6264731857783903
899,1728412619.0509999,1,220,0,0,185,0,0,3,476197488,-1223629418,0.0,0.6000000238418579,6.075811386108398,0.0,0.0,0.0,0.0,6.075811386108398,0.0,28,13399,47.6197488,-122.3629418,3.6264733425542026
900,1728412619.3109999,1,220,0,0,185,0,0,3,476197488,-1223629418,0.0,0.6000000238418579,6.075811386108398,0.0,0.0,0.0,0.0,6.075811386108398,0.0,28,13399,47.6197488,-122.3629418,3.650301088849234
901,1728412619.603,1,220,0,0,185,0,0,3,476197437,-1223629525,0.0,0.6000000238418579,6.107712745666504,0.0,0.0,0.0,0.0,6.107712745666504,0.0,28,13399,47.6197437,-122.3629525,3.650301088849234
902,1728412619.8569999,1,220,0,0,185,0,0,3,476197437,-1223629525,0.0,0.6000000238418579,6.063757419586182,0.0,0.0,0.0,0.0,6.063757419586182,0.0,28,13399,47.6197437,-122.3629525,3.650967555966238
903,1728412620.106,1,220,0,0,185,0,0,3,476197402,-1223629621,0.0,0.6000000238418579,6.063757419586182,0.0,0.0,0.0,0.0,6.063757419586182,0.0,28,13399,47.6197402,-122.3629621,3.646973033962953
904,1728412620.363,1,220,0,0,185,0,0,3,476197402,-1223629621,0.0,0.6000000238418579,6.040788173675537,0.0,0.0,0.0,0.0,6.040788173675537,0.0,28,13399,47.6197402,-122.3629621,3.6569756135158613
905,1728412620.628,1,220,0,0,185,0,0,3,476197384,-1223629709,0.0,0.6000000238418579,6.040788173675537,0.0,0.0,0.0,0.0,6.040788173675537,0.0,28,13500,47.6197384,-122.3629709,3.6616623064993417
906,1728412620.9039998,1,220,0,0,185,0,0,3,476197384,-1223629709,0.0,0.6000000238418579,5.959326267242432,0.0,0.0,0.0,0.0,5.959326267242432,0.0,28,13500,47.6197384,-122.3629709,3.657644360853572
907,1728412621.152,1,220,0,0,185,0,0,3,476197443,-1223629655,0.0,0.6000000238418579,5.959326267242432,0.0,0.0,0.0,0.0,5.959326267242432,0.0,28,13500,47.6197443,-122.3629655,3.665017397303611
908,1728412621.444,1,220,0,0,185,0,0,3,476197446,-1223629669,0.0,0.6000000238418579,6.017087459564209,0.0,0.0,0.0,0.0,6.017087459564209,0.0,28,13600,47.6197446,-122.3629669,3.649635023793565
909,1728412621.6859999,1,220,0,0,185,0,0,3,476197446,-1223629669,0.0,0.6000000238418579,6.017087459564209,0.0,0.0,0.0,0.0,6.017087459564209,0.0,28,13600,47.6197446,-122.3629669,3.63504174123386
910,1728412621.912,1,220,0,0,185,0,0,3,476197446,-1223629669,0.0,0.6000000238418579,6.017087459564209,0.0,0.0,0.0,0.0,6.017087459564209,0.0,28,13600,47.6197446,-122.3629669,3.6556388521969088
911,1728412622.455,1,220,0,0,185,0,0,3,476197387,-1223629781,0.0,0.6000000238418579,6.6946187019348145,0.0,0.0,0.0,0.0,6.6946187019348145,0.0,28,13799,47.6197387,-122.3629781,3.6463081827735553
912,1728412622.7059999,1,220,0,0,185,0,0,3,476197387,-1223629781,0.0,0.6000000238418579,6.6946187019348145,0.0,0.0,0.0,0.0,6.6946187019348145,0.0,28,13799,47.6197387,-122.3629781,3.647638127648428
913,1728412622.997,1,220,0,0,185,0,0,3,476197410,-1223629776,0.0,0.6000000238418579,6.323054313659668,0.0,0.0,0.0,0.0,6.323054313659668,0.0,28,14000,47.619741,-122.3629776,3.647638127648428
914,1728412623.214,1,220,0,0,185,0,0,3,476197410,-1223629776,0.0,0.6000000238418579,6.323054313659668,0.0,0.0,0.0,0.0,6.323054313659668,0.0,28,14000,47.619741,-122.3629776,3.638348203808547
915,1728412623.487,1,220,0,0,185,0,0,3,476197412,-1223629806,0.0,0.6000000238418579,6.190598011016846,0.0,0.0,0.0,0.0,6.190598011016846,0.0,28,14200,47.6197412,-122.3629806,3.642987243216351
916,1728412623.74,1,220,0,0,185,0,0,3,476197412,-1223629806,0.0,0.6000000238418579,6.190598011016846,0.0,0.0,0.0,0.0,6.190598011016846,0.0,28,14200,47.6197412,-122.3629806,3.644978890592817
917,1728412624.0119998,1,220,0,0,185,0,0,3,476197478,-1223629721,0.0,0.6000000238418579,6.114421367645264,0.0,0.0,0.0,0.0,6.114421367645264,0.0,28,14200,47.6197478,-122.3629721,3.660322117289636
918,1728412624.2749999,1,220,0,0,185,0,0,3,476197478,-1223629721,0.0,0.6000000238418579,6.114421367645264,0.0,0.0,0.0,0.0,6.114421367645264,0.0,28,14200,47.6197478,-122.3629721,3.6818851781900195
919,1728412624.553,1,220,0,0,185,0,0,3,476197474,-1223629711,0.0,0.6000000238418579,6.1133503913879395,0.0,0.0,0.0,0.0,6.1133503913879395,0.0,28,14200,47.6197474,-122.3629711,3.6798528446297825
920,1728412624.7819998,1,220,0,0,185,0,0,3,476197474,-1223629711,0.0,0.6000000238418579,6.1133503913879395,0.0,0.0,0.0,0.0,6.1133503913879395,0.0,28,14200,47.6197474,-122.3629711,3.6463081827735553
921,1728412625.0879998,1,220,0,0,185,0,0,3,476197497,-1223629638,0.0,0.6000000238418579,5.988425254821777,0.0,0.0,0.0,0.0,5.988425254821777,0.0,28,14200,47.6197497,-122.3629638,3.6284469694282677
922,1728412625.34,1,220,0,0,185,0,0,3,476197497,-1223629638,0.0,0.6000000238418579,5.928637504577637,0.0,0.0,0.0,0.0,5.928637504577637,0.0,28,14200,47.6197497,-122.3629638,3.642323686188188
923,1728412625.589,1,220,0,0,185,0,0,3,476197512,-1223629566,0.0,0.6000000238418579,5.928637504577637,0.0,0.0,0.0,0.0,5.928637504577637,0.0,28,14300,47.6197512,-122.3629566,3.6643459513899543
924,1728412625.86,1,220,0,0,185,0,0,3,476197507,-1223629548,0.0,0.6000000238418579,5.930263996124268,0.0,0.0,0.0,0.0,5.930263996124268,0.0,28,14400,47.6197507,-122.3629548,3.6212203500077984
925,1728412626.118,1,220,0,0,185,0,0,3,476197507,-1223629548,0.0,0.6000000238418579,5.930263996124268,0.0,0.0,0.0,0.0,5.930263996124268,0.0,28,14400,47.6197507,-122.3629548,3.618599634421966
926,1728412626.391,1,220,0,0,185,0,0,3,476197482,-1223629575,0.0,0.6000000238418579,5.89769172668457,0.0,0.0,0.0,0.0,5.89769172668457,0.0,28,14500,47.6197482,-122.3629575,3.6343812327362617
927,1728412626.616,1,220,0,0,185,0,0,3,476197482,-1223629575,0.0,0.6000000238418579,5.89769172668457,0.0,0.0,0.0,0.0,5.89769172668457,0.0,28,14500,47.6197482,-122.3629575,3.6390101551304133
928,1728412626.876,1,220,0,0,185,0,0,3,476197482,-1223629575,0.0,0.6000000238418579,5.886845588684082,0.0,0.0,0.0,0.0,5.886845588684082,0.0,28,14500,47.6197482,-122.3629575,3.646308024278096
929,1728412627.1209998,1,220,0,0,185,0,0,3,476197470,-1223629592,0.0,0.6000000238418579,5.886845588684082,0.0,0.0,0.0,0.0,5.886845588684082,0.0,28,14500,47.619747,-122.3629592,3.6636747514544123
930,1728412627.3969998,1,220,0,0,185,0,0,3,476197470,-1223629592,0.0,0.6000000238418579,5.886845588684082,0.0,0.0,0.0,0.0,5.886845588684082,0.0,28,14500,47.619747,-122.3629592,3.6403347806390753
931,1728412627.967,1,220,0,0,185,0,0,3,476197503,-1223629510,0.0,0.6000000238418579,6.304750442504883,0.0,0.0,0.0,0.0,6.304750442504883,0.0,28,14500,47.6197503,-122.362951,3.6710718232005513
932,1728412628.197,1,220,0,0,185,0,0,3,476197503,-1223629510,0.0,0.6000000238418579,6.304750442504883,0.0,0.0,0.0,0.0,6.304750442504883,0.0,28,14500,47.6197503,-122.362951,3.666361187849892
933,1728412628.455,1,220,0,0,185,0,0,3,476197541,-1223629368,0.0,0.6000000238418579,5.8674116134643555,0.0,0.0,0.0,0.0,5.8674116134643555,0.0,28,14500,47.6197541,-122.3629368,3.6536353824671313
934,1728412628.737,1,220,0,0,185,0,0,3,476197541,-1223629368,0.0,0.6000000238418579,5.8674116134643555,0.0,0.0,0.0,0.0,5.8674116134643555,0.0,28,14500,47.6197541,-122.3629368,3.66300363741163
935,1728412629.014,1,220,0,0,185,0,0,3,476197536,-1223629325,0.0,0.6000000238418579,5.700956344604492,0.0,0.0,0.0,0.0,5.700956344604492,0.0,28,14500,47.6197536,-122.3629325,3.6616624663324324
936,1728412629.243,1,220,0,0,185,0,0,3,476197536,-1223629325,0.0,0.6000000238418579,5.700956344604492,0.0,0.0,0.0,0.0,5.700956344604492,0.0,28,14500,47.6197536,-122.3629325,3.6650175574297386
937,1728412629.508,1,220,0,0,185,0,0,3,476197518,-1223629336,0.0,0.6000000238418579,5.645373821258545,0.0,0.0,0.0,0.0,5.645373821258545,0.0,28,14500,47.6197518,-122.3629336,3.633720964231625
938,1728412629.76,1,220,0,0,185,0,0,3,476197518,-1223629336,0.0,0.6000000238418579,5.645373821258545,0.0,0.0,0.0,0.0,5.645373821258545,0.0,28,14500,47.6197518,-122.3629336,3.608154440183669
939,1728412630.0119998,1,220,0,0,185,0,0,3,476197483,-1223629391,0.0,0.6000000238418579,5.625715255737305,0.0,0.0,0.0,0.0,5.625715255737305,0.0,28,14400,47.6197483,-122.3629391,3.5977693731071048
940,1728412630.276,1,220,0,0,185,0,0,3,476197483,-1223629391,0.0,0.6000000238418579,5.625715255737305,0.0,0.0,0.0,0.0,5.625715255737305,0.0,28,14400,47.6197483,-122.3629391,3.6343812327362617
941,1728412630.536,1,220,0,0,185,0,0,3,476197441,-1223629484,0.0,0.6000000238418579,5.575525283813477,0.0,0.0,0.0,0.0,5.575525283813477,0.0,28,14400,47.6197441,-122.3629484,3.501400625698518
942,1728412630.7949998,1,220,0,0,185,0,0,3,476197441,-1223629484,0.0,0.6000000238418579,5.575525283813477,0.0,0.0,0.0,0.0,5.575525283813477,0.0,28,14400,47.6197441,-122.3629484,3.4746352818999493
943,1728412631.063,1,220,0,0,185,0,0,3,476197405,-1223629585,0.0,0.6000000238418579,5.486293792724609,0.0,0.0,0.0,0.0,5.486293792724609,0.0,28,14500,47.6197405,-122.3629585,3.4758429230101484
944,1728412631.32,1,220,0,0,185,0,0,3,476197405,-1223629585,0.0,0.6000000238418579,5.486293792724609,0.0,0.0,0.0,0.0,5.486293792724609,0.0,28,14500,47.6197405,-122.3629585,3.47342833583746
945,1728412631.58,1,220,0,0,185,0,0,3,476197390,-1223629658,0.0,0.6000000238418579,5.486942291259766,0.0,0.0,0.0,0.0,5.486942291259766,0.0,28,14500,47.619739,-122.3629658,3.492839635610142
946,1728412631.8479998,1,220,0,0,185,0,0,3,476197390,-1223629658,0.0,0.6000000238418579,5.467756271362305,0.0,0.0,0.0,0.0,5.467756271362305,0.0,28,14500,47.619739,-122.3629658,3.445305872769328
947,1728412632.12,1,220,0,0,185,0,0,3,476197423,-1223629626,0.0,0.6000000238418579,5.467756271362305,0.0,0.0,0.0,0.0,5.467756271362305,0.0,28,14500,47.6197423,-122.3629626,3.4584125931844363
948,1728412632.419,1,220,0,0,185,0,0,3,476197480,-1223629498,0.0,0.6000000238418579,5.377852916717529,0.0,0.0,0.0,0.0,5.377852916717529,0.0,28,14500,47.619748,-122.3629498,3.4464932090352054
949,1728412632.6799998,1,220,0,0,185,0,0,3,476197480,-1223629498,0.0,0.6000000238418579,5.377852916717529,0.0,0.0,0.0,0.0,5.377852916717529,0.0,28,14500,47.619748,-122.3629498,3.436426015480821
950,1728412632.8999999,1,220,0,0,185,0,0,3,476197480,-1223629498,0.0,0.6000000238418579,5.377852916717529,0.0,0.0,0.0,0.0,5.377852916717529,0.0,28,14500,47.619748,-122.3629498,3.445899438623646
951,1728412633.679,1,220,0,0,185,0,0,3,476197464,-1223629488,0.0,0.6000000238418579,5.977399826049805,0.0,0.0,0.0,0.0,5.977399826049805,0.0,28,14700,47.6197464,-122.3629488,3.4417484850101134
952,1728412633.9529998,1,220,0,0,185,0,0,3,476197455,-1223629493,0.0,0.6000000238418579,5.720604419708252,0.0,0.0,0.0,0.0,5.720604419708252,0.0,28,14700,47.6197455,-122.3629493,3.4578145664926687
953,1728412634.2089999,1,220,0,0,185,0,0,3,476197455,-1223629493,0.0,0.6000000238418579,5.720604419708252,0.0,0.0,0.0,0.0,5.720604419708252,0.0,28,14700,47.6197455,-122.3629493,3.461405403692426
954,1728412634.495,1,220,0,0,185,0,0,3,476197414,-1223629588,0.0,0.6000000238418579,5.593904972076416,0.0,0.0,0.0,0.0,5.593904972076416,0.0,28,14800,47.6197414,-122.3629588,3.4470871841097677
955,1728412634.74,1,220,0,0,185,0,0,3,476197414,-1223629588,0.0,0.6000000238418579,5.593904972076416,0.0,0.0,0.0,0.0,5.593904972076416,0.0,28,14800,47.6197414,-122.3629588,3.443526118779576
956,1728412635.0479999,1,220,0,0,185,0,0,3,476197475,-1223629459,0.0,0.6000000238418579,5.539332389831543,0.0,0.0,0.0,0.0,5.539332389831543,0.0,28,14700,47.6197475,-122.3629459,3.4494652750006938
957,1728412635.291,1,220,0,0,185,0,0,3,476197475,-1223629459,0.0,0.6000000238418579,5.539332389831543,0.0,0.0,0.0,0.0,5.539332389831543,0.0,28,14700,47.6197475,-122.3629459,3.445899297071884
958,1728412635.563,1,220,0,0,185,0,0,3,476197463,-1223629444,0.0,0.6000000238418579,5.642123222351074,0.0,0.0,0.0,0.0,5.642123222351074,0.0,28,14700,47.6197463,-122.3629444,3.4861425901857652
959,1728412635.832,1,220,0,0,185,0,0,3,476197463,-1223629444,0.0,0.6000000238418579,5.632779598236084,0.0,0.0,0.0,0.0,5.632779598236084,0.0,28,14700,47.6197463,-122.3629444,3.490401384542038
960,1728412636.08,1,220,0,0,185,0,0,3,476197490,-1223629342,0.0,0.6000000238418579,5.632779598236084,0.0,0.0,0.0,0.0,5.632779598236084,0.0,28,14700,47.619749,-122.3629342,3.2846116018811458
961,1728412636.347,1,220,0,0,185,0,0,3,476197490,-1223629342,0.0,0.6000000238418579,5.777065753936768,0.0,0.0,0.0,0.0,5.777065753936768,0.0,28,14700,47.619749,-122.3629342,3.611411992462908
962,1728412636.579,1,220,0,0,185,0,0,3,476197477,-1223629339,0.0,0.6000000238418579,5.777065753936768,0.0,0.0,0.0,0.0,5.777065753936768,0.0,28,14700,47.6197477,-122.3629339,3.617944931088708
963,1728412636.8409998,1,220,0,0,185,0,0,3,476197477,-1223629339,0.0,0.6000000238418579,5.777065753936768,0.0,0.0,0.0,0.0,5.777065753936768,0.0,28,14700,47.6197477,-122.3629339,3.6324009893894638
964,1728412637.122,1,220,0,0,185,0,0,3,476197503,-1223629268,0.0,0.6000000238418579,5.839299201965332,0.0,0.0,0.0,0.0,5.839299201965332,0.0,28,14700,47.6197503,-122.3629268,3.6370248656830646
965,1728412637.388,1,220,0,0,185,0,0,3,476197492,-1223629243,0.0,0.6000000238418579,5.91294527053833,0.0,0.0,0.0,0.0,5.91294527053833,0.0,28,14700,47.6197492,-122.3629243,3.629105479521808
966,1728412637.646,1,220,0,0,185,0,0,3,476197492,-1223629243,0.0,0.6000000238418579,5.91294527053833,0.0,0.0,0.0,0.0,5.91294527053833,0.0,28,14700,47.6197492,-122.3629243,3.6509673970654584
967,1728412637.924,1,220,0,0,185,0,0,3,476197466,-1223629252,0.0,0.6000000238418579,5.857278823852539,0.0,0.0,0.0,0.0,5.857278823852539,0.0,28,14700,47.6197466,-122.3629252,3.6523009025292525
968,1728412638.156,1,220,0,0,185,0,0,3,476197466,-1223629252,0.0,0.6000000238418579,5.857278823852539,0.0,0.0,0.0,0.0,5.857278823852539,0.0,28,14700,47.6197466,-122.3629252,3.6357026474301026
969,1728412638.4099998,1,220,0,0,185,0,0,3,476197466,-1223629252,0.0,0.6000000238418579,5.857278823852539,0.0,0.0,0.0,0.0,5.857278823852539,0.0,28,14700,47.6197466,-122.3629252,3.660322117289636
970,1728412638.9889998,1,220,0,0,185,0,0,3,476197466,-1223629252,0.0,0.6000000238418579,6.361515998840332,0.0,0.0,0.0,0.0,6.361515998840332,0.0,28,14800,47.6197466,-122.3629252,3.644314924534089
971,1728412639.217,1,220,0,0,185,0,0,3,476197484,-1223629208,0.0,0.6000000238418579,6.361515998840332,0.0,0.0,0.0,0.0,6.361515998840332,0.0,28,14800,47.6197484,-122.3629208,3.6489692017653677
972,1728412639.481,1,220,0,0,185,0,0,3,476197486,-1223629182,0.0,0.6000000238418579,6.141539573669434,0.0,0.0,0.0,0.0,6.141539573669434,0.0,28,14800,47.6197486,-122.3629182,3.639010312992069
973,1728412639.715,1,220,0,0,185,0,0,3,476197486,-1223629182,0.0,0.6000000238418579,6.141539573669434,0.0,0.0,0.0,0.0,6.141539573669434,0.0,28,14800,47.6197486,-122.3629182,3.637686335519545
974,1728412639.994,1,220,0,0,185,0,0,3,476197500,-1223629109,0.0,0.6000000238418579,6.062336444854736,0.0,0.0,0.0,0.0,6.062336444854736,0.0,28,14800,47.61975,-122.3629109,3.644979048972749
975,1728412640.251,1,220,0,0,185,0,0,3,476197500,-1223629109,0.0,0.6000000238418579,6.062336444854736,0.0,0.0,0.0,0.0,6.062336444854736,0.0,28,14800,47.61975,-122.3629109,3.64365104206166
976,1728412640.526,1,220,0,0,185,0,0,3,476197471,-1223629125,0.0,0.6000000238418579,5.947122573852539,0.0,0.0,0.0,0.0,5.947122573852539,0.0,28,14800,47.6197471,-122.3629125,3.6536353824671313
977,1728412640.767,1,220,0,0,185,0,0,3,476197471,-1223629125,0.0,0.6000000238418579,5.947122573852539,0.0,0.0,0.0,0.0,5.947122573852539,0.0,28,14800,47.6197471,-122.3629125,3.6536353824671313
978,1728412641.064,1,220,0,0,185,0,0,3,476197496,-1223629039,0.0,0.6000000238418579,5.9107985496521,0.0,0.0,0.0,0.0,5.9107985496521,0.0,28,14800,47.6197496,-122.3629039,3.6363636363636362
979,1728412641.296,1,220,0,0,185,0,0,3,476197496,-1223629039,0.0,0.6000000238418579,5.9107985496521,0.0,0.0,0.0,0.0,5.9107985496521,0.0,28,14800,47.6197496,-122.3629039,3.6146755878506753
980,1728412641.5679998,1,220,0,0,185,0,0,3,476197499,-1223629016,0.0,0.6000000238418579,5.894186019897461,0.0,0.0,0.0,0.0,5.894186019897461,0.0,28,14800,47.6197499,-122.3629016,3.652967941084702
981,1728412641.8279998,1,220,0,0,185,0,0,3,476197499,-1223629016,0.0,0.6000000238418579,5.894186019897461,0.0,0.0,0.0,0.0,5.894186019897461,0.0,28,14800,47.6197499,-122.3629016,3.62713097957608
982,1728412642.0749998,1,220,0,0,185,0,0,3,476197496,-1223628989,0.0,0.6000000238418579,5.939716339111328,0.0,0.0,0.0,0.0,5.939716339111328,0.0,28,14800,47.6197496,-122.3628989,3.6172906206028235
983,1728412642.339,1,220,0,0,185,0,0,3,476197496,-1223628989,0.0,0.6000000238418579,5.939716339111328,0.0,0.0,0.0,0.0,5.939716339111328,0.0,28,14800,47.6197496,-122.3628989,3.620564854364616
984,1728412642.609,1,220,0,0,185,0,0,3,476197490,-1223628964,0.0,0.6000000238418579,5.979101657867432,0.0,0.0,0.0,0.0,5.979101657867432,0.0,28,14800,47.619749,-122.3628964,3.629764071618172
985,1728412642.8769999,1,220,0,0,185,0,0,3,476197485,-1223628928,0.0,0.6000000238418579,5.888147354125977,0.0,0.0,0.0,0.0,5.888147354125977,0.0,28,14800,47.6197485,-122.3628928,3.6390101551304133
986,1728412643.12,1,220,0,0,185,0,0,3,476197485,-1223628928,0.0,0.6000000238418579,5.888147354125977,0.0,0.0,0.0,0.0,5.888147354125977,0.0,28,14800,47.6197485,-122.3628928,3.638348203808547
987,1728412643.398,1,220,0,0,185,0,0,3,476197487,-1223628874,0.0,0.6000000238418579,5.771433353424072,0.0,0.0,0.0,0.0,5.771433353424072,0.0,28,14800,47.6197487,-122.3628874,3.6101083281073474
988,1728412643.656,1,220,0,0,185,0,0,3,476197487,-1223628874,0.0,0.6000000238418579,5.771433353424072,0.0,0.0,0.0,0.0,5.771433353424072,0.0,28,14800,47.6197487,-122.3628874,3.644979048972749
989,1728412643.9429998,1,220,0,0,185,0,0,3,476197487,-1223628874,0.0,0.6000000238418579,5.771433353424072,0.0,0.0,0.0,0.0,5.771433353424072,0.0,28,14800,47.6197487,-122.3628874,3.6304230599114877
990,1728412644.464,1,220,0,0,185,0,0,3,476197470,-1223628886,0.0,0.6000000238418579,6.273775100708008,0.0,0.0,0.0,0.0,6.273775100708008,0.0,28,14800,47.619747,-122.3628886,3.6218760830461725
991,1728412644.731,1,220,0,0,185,0,0,3,476197470,-1223628886,0.0,0.6000000238418579,6.273775100708008,0.0,0.0,0.0,0.0,6.273775100708008,0.0,28,14800,47.619747,-122.3628886,3.631081973179469
992,1728412645.01,1,220,0,0,185,0,0,3,476197456,-1223628892,0.0,0.6000000238418579,5.952989101409912,0.0,0.0,0.0,0.0,5.952989101409912,0.0,28,14800,47.6197456,-122.3628892,3.633060778243268
993,1728412645.2389998,1,220,0,0,185,0,0,3,476197456,-1223628892,0.0,0.6000000238418579,5.952989101409912,0.0,0.0,0.0,0.0,5.952989101409912,0.0,28,14800,47.6197456,-122.3628892,3.6304230599114877
994,1728412645.504,1,220,0,0,185,0,0,3,476197446,-1223628883,0.0,0.6000000238418579,5.757978916168213,0.0,0.0,0.0,0.0,5.757978916168213,0.0,28,14800,47.6197446,-122.3628883,3.650967555966238
995,1728412645.747,1,220,0,0,185,0,0,3,476197446,-1223628883,0.0,0.6000000238418579,5.757978916168213,0.0,0.0,0.0,0.0,5.757978916168213,0.0,28,14800,47.6197446,-122.3628883,3.644979048972749
996,1728412646.023,1,220,0,0,185,0,0,3,476197439,-1223628862,0.0,0.6000000238418579,5.592188358306885,0.0,0.0,0.0,0.0,5.592188358306885,0.0,28,14800,47.6197439,-122.3628862,3.6370248656830646
997,1728412646.307,1,220,0,0,185,0,0,3,476197439,-1223628862,0.0,0.6000000238418579,5.592188358306885,0.0,0.0,0.0,0.0,5.592188358306885,0.0,28,14800,47.6197439,-122.3628862,3.644314924534089
998,1728412646.5509999,1,220,0,0,185,0,0,3,476197454,-1223628797,0.0,0.6000000238418579,5.415428638458252,0.0,0.0,0.0,0.0,5.415428638458252,0.0,28,14800,47.6197454,-122.3628797,3.650967555966238
999,1728412646.8049998,1,220,0,0,185,0,0,3,476197454,-1223628797,0.0,0.6000000238418579,5.415428638458252,0.0,0.0,0.0,0.0,5.415428638458252,0.0,28,14800,47.6197454,-122.3628797,3.6363636363636362
1000,1728412647.09,1,220,0,0,185,0,0,3,476197468,-1223628750,0.0,0.6000000238418579,5.421247959136963,0.0,0.0,0.0,0.0,5.421247959136963,0.0,28,14800,47.6197468,-122.362875,3.4843205517022526
1001,1728412647.336,1,220,0,0,185,0,0,3,476197468,-1223628750,0.0,0.6000000238418579,5.421247959136963,0.0,0.0,0.0,0.0,5.421247959136963,0.0,28,14800,47.6197468,-122.362875,3.4794711769644513
1002,1728412647.58,1,220,0,0,185,0,0,3,476197464,-1223628706,0.0,0.6000000238418579,5.38015604019165,0.0,0.0,0.0,0.0,5.38015604019165,0.0,28,14800,47.6197464,-122.3628706,3.510619607908784
1003,1728412647.8479998,1,220,0,0,185,0,0,3,476197464,-1223628706,0.0,0.6000000238418579,5.262240886688232,0.0,0.0,0.0,0.0,5.262240886688232,0.0,28,14800,47.6197464,-122.3628706,3.46200438744648
1004,1728412648.087,1,220,0,0,185,0,0,3,476197396,-1223628845,0.0,0.6000000238418579,5.262240886688232,0.0,0.0,0.0,0.0,5.262240886688232,0.0,28,14800,47.6197396,-122.3628845,3.4698126668599163
1005,1728412648.3639998,1,220,0,0,185,0,0,3,476197396,-1223628845,0.0,0.6000000238418579,5.251183986663818,0.0,0.0,0.0,0.0,5.251183986663818,0.0,28,14800,47.6197396,-122.3628845,3.454828101811693
1006,1728412648.619,1,220,0,0,185,0,0,3,476197399,-1223628837,0.0,0.6000000238418579,5.251183986663818,0.0,0.0,0.0,0.0,5.251183986663818,0.0,28,14800,47.6197399,-122.3628837,3.463803298310907
1007,1728412648.886,1,220,0,0,185,0,0,3,476197418,-1223628780,0.0,0.6000000238418579,5.212888717651367,0.0,0.0,0.0,0.0,5.212888717651367,0.0,28,14800,47.6197418,-122.362878,3.4698126668599163
1008,1728412649.1339998,1,220,0,0,185,0,0,3,476197418,-1223628780,0.0,0.6000000238418579,5.212888717651367,0.0,0.0,0.0,0.0,5.212888717651367,0.0,28,14800,47.6197418,-122.362878,3.4644032553944526
1009,1728412649.4429998,1,220,0,0,185,0,0,3,476197418,-1223628780,0.0,0.6000000238418579,5.212888717651367,0.0,0.0,0.0,0.0,5.212888717651367,0.0,28,14800,47.6197418,-122.362878,3.46200438744648
1010,1728412650.204,1,220,0,0,185,0,0,3,476197424,-1223628735,0.0,0.6000000238418579,5.774450778961182,0.0,0.0,0.0,0.0,5.774450778961182,0.0,28,14800,47.6197424,-122.3628735,3.4770514038655227
1011,1728412650.4789999,1,220,0,0,185,0,0,3,476197375,-1223628804,0.0,0.6000000238418579,5.521607398986816,0.0,0.0,0.0,0.0,5.521607398986816,0.0,27,14800,47.6197375,-122.3628804,2.452483147782478
1012,1728412650.707,1,220,0,0,185,0,0,3,476197375,-1223628804,0.0,0.6000000238418579,5.521607398986816,0.0,0.0,0.0,0.0,5.521607398986816,0.0,27,14800,47.6197375,-122.3628804,2.4443901480267014
1013,1728412651.016,1,220,0,0,185,0,0,3,476197369,-1223628813,0.0,0.6000000238418579,5.441773891448975,0.0,0.0,0.0,0.0,5.441773891448975,0.0,27,14800,47.6197369,-122.3628813,2.2962112413784723
1014,1728412651.268,1,220,0,0,185,0,0,3,476197369,-1223628813,0.0,0.6000000238418579,5.441773891448975,0.0,0.0,0.0,0.0,5.441773891448975,0.0,27,14800,47.6197369,-122.3628813,2.297266229503869
1015,1728412651.536,1,220,0,0,185,0,0,3,476197413,-1223628730,0.0,0.6000000238418579,5.403805732727051,0.0,0.0,0.0,0.0,5.403805732727051,0.0,27,14800,47.6197413,-122.362873,2.171788441713894
1016,1728412651.797,1,220,0,0,185,0,0,3,476197413,-1223628730,0.0,0.6000000238418579,5.403805732727051,0.0,0.0,0.0,0.0,5.403805732727051,0.0,27,14800,47.6197413,-122.362873,2.1732043736583613
1017,1728412652.0709999,1,220,0,0,185,0,0,3,476197428,-1223628679,0.0,0.6000000238418579,5.387426853179932,0.0,0.0,0.0,0.0,5.387426853179932,0.0,27,14800,47.6197428,-122.3628679,2.1750951762048145
1018,1728412652.324,1,220,0,0,185,0,0,3,476197428,-1223628679,0.0,0.6000000238418579,5.387426853179932,0.0,0.0,0.0,0.0,5.387426853179932,0.0,27,14800,47.6197428,-122.3628679,2.1706099445388287
1019,1728412652.582,1,220,0,0,185,0,0,3,476197362,-1223628803,0.0,0.6000000238418579,5.489658355712891,0.0,0.0,0.0,0.0,5.489658355712891,0.0,27,14700,47.6197362,-122.3628803,2.1812629158563146
1020,1728412652.842,1,220,0,0,185,0,0,3,476197362,-1223628803,0.0,0.6000000238418579,5.489658355712891,0.0,0.0,0.0,0.0,5.489658355712891,0.0,27,14700,47.6197362,-122.3628803,2.0546537976805013
1021,1728412655.491,1,220,0,0,185,0,0,3,476197362,-1223628803,0.0,0.6000000238418579,8.37293529510498,0.0,0.0,0.0,0.0,8.37293529510498,0.0,27,14300,47.6197362,-122.3628803,2.0601565330422407
1022,1728412655.7619998,1,220,0,0,185,0,0,3,476197259,-1223628955,0.0,0.6000000238418579,8.37293529510498,0.0,0.0,0.0,0.0,8.37293529510498,0.0,27,14300,47.6197259,-122.3628955,2.058036646785694
1023,1728412656.5579998,1,220,0,0,185,0,0,3,476197330,-1223628902,0.0,0.6000000238418579,7.937810897827148,0.0,0.0,0.0,0.0,7.937810897827148,0.0,27,14300,47.619733,-122.3628902,2.009040698470883
1024,1728412656.793,1,220,0,0,185,0,0,3,476197330,-1223628902,0.0,0.6000000238418579,7.937810897827148,0.0,0.0,0.0,0.0,7.937810897827148,0.0,27,14300,47.619733,-122.3628902,2.008435439957101
1025,1728412657.573,1,220,0,0,185,0,0,3,476197328,-1223628919,0.0,0.6000000238418579,7.479908466339111,0.0,0.0,0.0,0.0,7.479908466339111,0.0,27,14300,47.6197328,-122.3628919,2.0082337841788265
1026,1728412657.822,1,220,0,0,185,0,0,3,476197328,-1223628919,0.0,0.6000000238418579,7.479908466339111,0.0,0.0,0.0,0.0,7.479908466339111,0.0,27,14300,47.6197328,-122.3628919,2.0082337841788265
1027,1728412658.0809999,1,220,0,0,185,0,0,3,476197304,-1223628965,0.0,0.6000000238418579,6.799621105194092,0.0,0.0,0.0,0.0,6.799621105194092,0.0,27,14300,47.6197304,-122.3628965,2.0090406503551
1028,1728412658.3479998,1,220,0,0,185,0,0,3,476197304,-1223628965,0.0,0.6000000238418579,6.799621105194092,0.0,0.0,0.0,0.0,6.799621105194092,0.0,27,14300,47.6197304,-122.3628965,2.0070245553188517
1029,1728412658.612,1,220,0,0,185,0,0,3,476197325,-1223628930,0.0,0.6000000238418579,6.428998947143555,0.0,0.0,0.0,0.0,6.428998947143555,0.0,27,14300,47.6197325,-122.362893,2.0054146574428424
1030,1728412659.938,1,220,0,0,185,0,0,3,476197319,-1223628952,0.0,0.6000000238418579,6.906946182250977,0.0,0.0,0.0,0.0,6.906946182250977,0.0,28,14300,47.6197319,-122.3628952,2.008435439957101
1031,1728412660.187,1,220,0,0,185,0,0,3,476197319,-1223628952,0.0,0.6000000238418579,6.906946182250977,0.0,0.0,0.0,0.0,6.906946182250977,0.0,28,14300,47.6197319,-122.3628952,2.6374785897253257
1032,1728412660.425,1,220,0,0,185,0,0,3,476197319,-1223628952,0.0,0.6000000238418579,6.906946182250977,0.0,0.0,0.0,0.0,6.906946182250977,0.0,28,14300,47.6197319,-122.3628952,2.6448029495045406
1033,1728412660.971,1,220,0,0,185,0,0,3,476197330,-1223628925,0.0,0.6000000238418579,6.681069374084473,0.0,0.0,0.0,0.0,6.681069374084473,0.0,28,14200,47.619733,-122.3628925,2.8522532459539907
1034,1728412661.2259998,1,220,0,0,185,0,0,3,476197330,-1223628925,0.0,0.6000000238418579,6.681069374084473,0.0,0.0,0.0,0.0,6.681069374084473,0.0,28,14200,47.619733,-122.3628925,2.835672774099055
1035,1728412661.495,1,220,0,0,185,0,0,3,476197336,-1223628934,0.0,0.6000000238418579,6.059928894042969,0.0,0.0,0.0,0.0,6.059928894042969,0.0,28,14300,47.6197336,-122.3628934,3.064664408497609
1036,1728412661.7559998,1,220,0,0,185,0,0,3,476197336,-1223628934,0.0,0.6000000238418579,6.059928894042969,0.0,0.0,0.0,0.0,6.059928894042969,0.0,28,14300,47.6197336,-122.3628934,3.0506406371958366
1037,1728412662.026,1,220,0,0,185,0,0,3,476197331,-1223628955,0.0,0.6000000238418579,5.651084899902344,0.0,0.0,0.0,0.0,5.651084899902344,0.0,28,14300,47.6197331,-122.3628955,3.049710236722234
1038,1728412662.289,1,220,0,0,185,0,0,3,476197331,-1223628955,0.0,0.6000000238418579,5.651084899902344,0.0,0.0,0.0,0.0,5.651084899902344,0.0,28,14300,47.6197331,-122.3628955,3.047386771885194
1039,1728412662.5549998,1,220,0,0,185,0,0,3,476197334,-1223628916,0.0,0.6000000238418579,5.318427085876465,0.0,0.0,0.0,0.0,5.318427085876465,0.0,28,14300,47.6197334,-122.3628916,3.0441400613726444
1040,1728412662.8,1,220,0,0,185,0,0,3,476197334,-1223628916,0.0,0.6000000238418579,5.318427085876465,0.0,0.0,0.0,0.0,5.318427085876465,0.0,28,14300,47.6197334,-122.3628916,3.646973033962953
1041,1728412663.074,1,220,0,0,185,0,0,3,476197331,-1223628886,0.0,0.6000000238418579,5.172279357910156,0.0,0.0,0.0,0.0,5.172279357910156,0.0,28,14300,47.6197331,-122.3628886,3.6556388521969088
1042,1728412663.324,1,220,0,0,185,0,0,3,476197331,-1223628886,0.0,0.6000000238418579,5.172279357910156,0.0,0.0,0.0,0.0,5.172279357910156,0.0,28,14300,47.6197331,-122.3628886,3.625815787243145
1043,1728412663.57,1,220,0,0,185,0,0,3,476197337,-1223628864,0.0,0.6000000238418579,5.122256278991699,0.0,0.0,0.0,0.0,5.122256278991699,0.0,28,14300,47.6197337,-122.3628864,3.629105479521808
1044,1728412663.846,1,220,0,0,185,0,0,3,476197337,-1223628864,0.0,0.6000000238418579,4.964419841766357,0.0,0.0,0.0,0.0,4.964419841766357,0.0,28,14300,47.6197337,-122.3628864,3.646308024278096
1045,1728412664.099,1,220,0,0,185,0,0,3,476197253,-1223629089,0.0,0.6000000238418579,4.964419841766357,0.0,0.0,0.0,0.0,4.964419841766357,0.0,28,14300,47.6197253,-122.3629089,3.6489692017653677
1046,1728412664.378,1,220,0,0,185,0,0,3,476197221,-1223629211,0.0,0.6000000238418579,4.959916114807129,0.0,0.0,0.0,0.0,4.959916114807129,0.0,28,14300,47.6197221,-122.3629211,3.6563071106749936
1047,1728412664.639,1,220,0,0,185,0,0,3,476197221,-1223629211,0.0,0.6000000238418579,4.959916114807129,0.0,0.0,0.0,0.0,4.959916114807129,0.0,28,14300,47.6197221,-122.3629211,3.6503012476920196
1048,1728412664.911,1,220,0,0,185,0,0,3,476197241,-1223629205,0.0,0.6000000238418579,4.940145015716553,0.0,0.0,0.0,0.0,4.940145015716553,0.0,28,14200,47.6197241,-122.3629205,3.6744443484676643
1049,1728412665.182,1,220,0,0,185,0,0,3,476197241,-1223629205,0.0,0.6000000238418579,4.940145015716553,0.0,0.0,0.0,0.0,4.940145015716553,0.0,28,14200,47.6197241,-122.3629205,3.658313512363139
1050,1728412665.422,1,220,0,0,185,0,0,3,476197207,-1223629295,0.0,0.6000000238418579,4.961790084838867,0.0,0.0,0.0,0.0,4.961790084838867,0.0,28,14300,47.6197207,-122.3629295,3.643650883797114
1051,1728412665.658,1,220,0,0,185,0,0,3,476197207,-1223629295,0.0,0.6000000238418579,4.961790084838867,0.0,0.0,0.0,0.0,4.961790084838867,0.0,28,14300,47.6197207,-122.3629295,3.6483034639626757
1052,1728412665.941,1,220,0,0,185,0,0,3,476197207,-1223629295,0.0,0.6000000238418579,4.961790084838867,0.0,0.0,0.0,0.0,4.961790084838867,0.0,28,14300,47.6197207,-122.3629295,3.671071983856156
1053,1728412666.4819999,1,220,0,0,185,0,0,3,476197233,-1223629277,0.0,0.6000000238418579,5.494409084320068,0.0,0.0,0.0,0.0,5.494409084320068,0.0,28,14300,47.6197233,-122.3629277,3.63504174123386
1054,1728412666.711,1,220,0,0,185,0,0,3,476197233,-1223629277,0.0,0.6000000238418579,5.494409084320068,0.0,0.0,0.0,0.0,5.494409084320068,0.0,28,14300,47.6197233,-122.3629277,3.6456434155099497
1055,1728412666.9759998,1,220,0,0,185,0,0,3,476197275,-1223629197,0.0,0.6000000238418579,5.195934295654297,0.0,0.0,0.0,0.0,5.195934295654297,0.0,28,14300,47.6197275,-122.3629197,3.6536353824671313
1056,1728412667.2259998,1,220,0,0,185,0,0,3,476197275,-1223629197,0.0,0.6000000238418579,5.195934295654297,0.0,0.0,0.0,0.0,5.195934295654297,0.0,28,14300,47.6197275,-122.3629197,3.6529681001596686
1057,1728412667.5049999,1,220,0,0,185,0,0,3,476197282,-1223629149,0.0,0.6000000238418579,5.045949935913086,0.0,0.0,0.0,0.0,5.045949935913086,0.0,28,14300,47.6197282,-122.3629149,3.668378642120456
1058,1728412667.7319999,1,220,0,0,185,0,0,3,476197282,-1223629149,0.0,0.6000000238418579,5.045949935913086,0.0,0.0,0.0,0.0,5.045949935913086,0.0,28,14300,47.6197282,-122.3629149,3.671745897182634
1059,1728412668.0219998,1,220,0,0,185,0,0,3,476197286,-1223629097,0.0,0.6000000238418579,4.957572937011719,0.0,0.0,0.0,0.0,4.957572937011719,0.0,28,14200,47.6197286,-122.3629097,3.662332929085556
1060,1728412668.289,1,220,0,0,185,0,0,3,476197286,-1223629097,0.0,0.6000000238418579,4.957572937011719,0.0,0.0,0.0,0.0,4.957572937011719,0.0,28,14200,47.6197286,-122.3629097,3.648303622631656
1061,1728412668.556,1,220,0,0,185,0,0,3,476197302,-1223629023,0.0,0.6000000238418579,4.913443565368652,0.0,0.0,0.0,0.0,4.913443565368652,0.0,28,14300,47.6197302,-122.3629023,3.625815787243145
1062,1728412668.7719998,1,220,0,0,185,0,0,3,476197302,-1223629023,0.0,0.6000000238418579,4.913443565368652,0.0,0.0,0.0,0.0,4.913443565368652,0.0,28,14300,47.6197302,-122.3629023,3.6343812327362617
1063,1728412669.072,1,220,0,0,185,0,0,3,476197280,-1223629054,0.0,0.6000000238418579,4.915195941925049,0.0,0.0,0.0,0.0,4.915195941925049,0.0,28,14400,47.619728,-122.3629054,3.183699425905374
1064,1728412669.332,1,220,0,0,185,0,0,3,476197280,-1223629054,0.0,0.6000000238418579,4.906743049621582,0.0,0.0,0.0,0.0,4.906743049621582,0.0,28,14400,47.619728,-122.3629054,3.1715826226051287
1065,1728412669.573,1,220,0,0,185,0,0,3,476197277,-1223629052,0.0,0.6000000238418579,4.906743049621582,0.0,0.0,0.0,0.0,4.906743049621582,0.0,28,14400,47.6197277,-122.3629052,3.1675640781070427
1066,1728412669.853,1,220,0,0,185,0,0,3,476197277,-1223629052,0.0,0.6000000238418579,4.925197124481201,0.0,0.0,0.0,0.0,4.925197124481201,0.0,28,14400,47.6197277,-122.3629052,3.1675640781070427
1067,1728412670.0909998,1,220,0,0,185,0,0,3,476197278,-1223629030,0.0,0.6000000238418579,4.925197124481201,0.0,0.0,0.0,0.0,4.925197124481201,0.0,28,14400,47.6197278,-122.362903,3.1816735535348513
1068,1728412670.358,1,220,0,0,185,0,0,3,476197253,-1223629062,0.0,0.6000000238418579,4.888195991516113,0.0,0.0,0.0,0.0,4.888195991516113,0.0,28,14400,47.6197253,-122.3629062,3.158060978159194
1069,1728412670.643,1,220,0,0,185,0,0,3,476197253,-1223629062,0.0,0.6000000238418579,4.888195991516113,0.0,0.0,0.0,0.0,4.888195991516113,0.0,28,14400,47.6197253,-122.3629062,3.183192746185872
1070,1728412670.9039998,1,220,0,0,185,0,0,3,476197263,-1223629028,0.0,0.6000000238418579,4.942934513092041,0.0,0.0,0.0,0.0,4.942934513092041,0.0,28,14400,47.6197263,-122.3629028,3.1867432579413695
1071,1728412671.174,1,220,0,0,185,0,0,3,476197263,-1223629028,0.0,0.6000000238418579,4.942934513092041,0.0,0.0,0.0,0.0,4.942934513092041,0.0,28,14400,47.6197263,-122.3629028,3.1913196310557113
1072,1728412671.444,1,220,0,0,185,0,0,3,476197263,-1223629028,0.0,0.6000000238418579,4.942934513092041,0.0,0.0,0.0,0.0,4.942934513092041,0.0,28,14400,47.6197263,-122.3629028,3.1685677891591086
1073,1728412672.764,1,220,0,0,185,0,0,3,476197298,-1223628895,0.0,0.6000000238418579,5.917444229125977,0.0,0.0,0.0,0.0,5.917444229125977,0.0,28,14400,47.6197298,-122.3628895,3.181167518386426
1074,1728412673.017,1,220,0,0,185,0,0,3,476197312,-1223628781,0.0,0.6000000238418579,5.394747734069824,0.0,0.0,0.0,0.0,5.394747734069824,0.0,28,14400,47.6197312,-122.3628781,3.188775593600316
1075,1728412673.29,1,220,0,0,185,0,0,3,476197312,-1223628781,0.0,0.6000000238418579,5.394747734069824,0.0,0.0,0.0,0.0,5.394747734069824,0.0,28,14400,47.6197312,-122.3628781,3.1685677891591086
1076,1728412673.54,1,220,0,0,185,0,0,3,476197269,-1223628852,0.0,0.6000000238418579,5.080123424530029,0.0,0.0,0.0,0.0,5.080123424530029,0.0,28,14400,47.6197269,-122.3628852,3.196420025179319
1077,1728412673.791,1,220,0,0,185,0,0,3,476197269,-1223628852,0.0,0.6000000238418579,5.080123424530029,0.0,0.0,0.0,0.0,5.080123424530029,0.0,28,14400,47.6197269,-122.3628852,3.1761155249867548
1078,1728412674.0649998,1,220,0,0,185,0,0,3,476197249,-1223628893,0.0,0.6000000238418579,5.00906229019165,0.0,0.0,0.0,0.0,5.00906229019165,0.0,28,14400,47.6197249,-122.3628893,3.1826862277149384
1079,1728412674.3049998,1,220,0,0,185,0,0,3,476197249,-1223628893,0.0,0.6000000238418579,5.00906229019165,0.0,0.0,0.0,0.0,5.00906229019165,0.0,28,14400,47.6197249,-122.3628893,3.1872509475761057
1080,1728412674.5649998,1,220,0,0,185,0,0,3,476197246,-1223628893,0.0,0.6000000238418579,5.016173362731934,0.0,0.0,0.0,0.0,5.016173362731934,0.0,28,14400,47.6197246,-122.3628893,3.1959091670189164
1081,1728412674.823,1,220,0,0,185,0,0,3,476197246,-1223628893,0.0,0.6000000238418579,4.940699577331543,0.0,0.0,0.0,0.0,4.940699577331543,0.0,28,14400,47.6197246,-122.3628893,3.2035881252649654
1082,1728412675.0839999,1,220,0,0,185,0,0,3,476197244,-1223628878,0.0,0.6000000238418579,4.940699577331543,0.0,0.0,0.0,0.0,4.940699577331543,0.0,28,14400,47.6197244,-122.3628878,3.0656039571345026
1083,1728412675.359,1,220,0,0,185,0,0,3,476197244,-1223628878,0.0,0.6000000238418579,4.879488945007324,0.0,0.0,0.0,0.0,4.879488945007324,0.0,28,14400,47.6197244,-122.3628878,3.667033372568504
1084,1728412675.6039999,1,220,0,0,185,0,0,3,476197172,-1223629042,0.0,0.6000000238418579,4.879488945007324,0.0,0.0,0.0,0.0,4.879488945007324,0.0,28,14400,47.6197172,-122.3629042,3.6529681001596686
1085,1728412675.885,1,220,0,0,185,0,0,3,476197159,-1223629096,0.0,0.6000000238418579,4.94541597366333,0.0,0.0,0.0,0.0,4.94541597366333,0.0,28,14400,47.6197159,-122.3629096,3.6563071106749936
1086,1728412676.11,1,220,0,0,185,0,0,3,476197159,-1223629096,0.0,0.6000000238418579,4.94541597366333,0.0,0.0,0.0,0.0,4.94541597366333,0.0,28,14400,47.6197159,-122.3629096,3.6343812327362617
1087,1728412676.388,1,220,0,0,185,0,0,3,476197170,-1223629100,0.0,0.6000000238418579,5.021602630615234,0.0,0.0,0.0,0.0,5.021602630615234,0.0,28,14400,47.619717,-122.36291,3.6456434155099497
1088,1728412676.642,1,220,0,0,185,0,0,3,476197170,-1223629100,0.0,0.6000000238418579,5.021602630615234,0.0,0.0,0.0,0.0,5.021602630615234,0.0,28,14400,47.619717,-122.36291,3.6416605289367303
1089,1728412676.918,1,220,0,0,185,0,0,3,476197184,-1223629087,0.0,0.6000000238418579,5.095180988311768,0.0,0.0,0.0,0.0,5.095180988311768,0.0,28,14300,47.6197184,-122.3629087,3.610760042613178
1090,1728412677.162,1,220,0,0,185,0,0,3,476197184,-1223629087,0.0,0.6000000238418579,5.095180988311768,0.0,0.0,0.0,0.0,5.095180988311768,0.0,28,14300,47.6197184,-122.3629087,3.642987243216351
1091,1728412677.4169998,1,220,0,0,185,0,0,3,476197184,-1223629087,0.0,0.6000000238418579,5.095180988311768,0.0,0.0,0.0,0.0,5.095180988311768,0.0,28,14300,47.6197184,-122.3629087,3.631082130354019
1092,1728412677.968,1,220,0,0,185,0,0,3,476197187,-1223629059,0.0,0.6000000238418579,5.604691505432129,0.0,0.0,0.0,0.0,5.604691505432129,0.0,28,14300,47.6197187,-122.3629059,3.6159825535021453
1093,1728412678.218,1,220,0,0,185,0,0,3,476197187,-1223629059,0.0,0.6000000238418579,5.604691505432129,0.0,0.0,0.0,0.0,5.604691505432129,0.0,28,14300,47.6197187,-122.3629059,3.642987243216351
1094,1728412678.4919999,1,220,0,0,185,0,0,3,476197163,-1223629112,0.0,0.6000000238418579,5.275774002075195,0.0,0.0,0.0,0.0,5.275774002075195,0.0,28,14400,47.6197163,-122.3629112,3.6284469694282677
1095,1728412678.76,1,220,0,0,185,0,0,3,476197163,-1223629112,0.0,0.6000000238418579,5.275774002075195,0.0,0.0,0.0,0.0,5.275774002075195,0.0,28,14400,47.6197163,-122.3629112,3.6363636363636362
1096,1728412679.043,1,220,0,0,185,0,0,3,476197140,-1223629173,0.0,0.6000000238418579,5.224395275115967,0.0,0.0,0.0,0.0,5.224395275115967,0.0,28,14400,47.619714,-122.3629173,3.6127167542928156
1097,1728412679.277,1,220,0,0,185,0,0,3,476197140,-1223629173,0.0,0.6000000238418579,5.224395275115967,0.0,0.0,0.0,0.0,5.224395275115967,0.0,28,14400,47.619714,-122.3629173,3.6218762394247626
1098,1728412679.557,1,220,0,0,185,0,0,3,476197135,-1223629190,0.0,0.6000000238418579,5.259634971618652,0.0,0.0,0.0,0.0,5.259634971618652,0.0,28,14300,47.6197135,-122.362919,3.6264733425542026
1099,1728412679.8439999,1,220,0,0,185,0,0,3,476197135,-1223629190,0.0,0.6000000238418579,5.259634971618652,0.0,0.0,0.0,0.0,5.259634971618652,0.0,28,14300,47.6197135,-122.362919,3.6212203500077984
1100,1728412680.0549998,1,220,0,0,185,0,0,3,476197128,-1223629197,0.0,0.6000000238418579,5.257323265075684,0.0,0.0,0.0,0.0,5.257323265075684,0.0,28,14400,47.6197128,-122.3629197,3.6127167542928156
1101,1728412680.3309999,1,220,0,0,185,0,0,3,476197128,-1223629197,0.0,0.6000000238418579,5.257323265075684,0.0,0.0,0.0,0.0,5.257323265075684,0.0,28,14400,47.6197128,-122.3629197,3.6185994783261903
1102,1728412680.615,1,220,0,0,185,0,0,3,476197071,-1223629324,0.0,0.6000000238418579,5.227827072143555,0.0,0.0,0.0,0.0,5.227827072143555,0.0,28,14500,47.6197071,-122.3629324,3.6304229027939896
1103,1728412680.849,1,220,0,0,185,0,0,3,476197071,-1223629324,0.0,0.6000000238418579,5.227827072143555,0.0,0.0,0.0,0.0,5.227827072143555,0.0,28,14500,47.6197071,-122.3629324,3.6245017049434782
1104,1728412681.116,1,220,0,0,185,0,0,3,476197078,-1223629343,0.0,0.6000000238418579,5.231457710266113,0.0,0.0,0.0,0.0,5.231457710266113,0.0,28,14500,47.6197078,-122.3629343,3.6231884183164556
1105,1728412681.385,1,220,0,0,185,0,0,3,476197055,-1223629409,0.0,0.6000000238418579,5.231472969055176,0.0,0.0,0.0,0.0,5.231472969055176,0.0,28,14400,47.6197055,-122.3629409,3.631741440136545
1106,1728412681.646,1,220,0,0,185,0,0,3,476197055,-1223629409,0.0,0.6000000238418579,5.231472969055176,0.0,0.0,0.0,0.0,5.231472969055176,0.0,28,14400,47.6197055,-122.3629409,3.6489692017653677
1107,1728412681.9099998,1,220,0,0,185,0,0,3,476197045,-1223629444,0.0,0.6000000238418579,5.2617058753967285,0.0,0.0,0.0,0.0,5.2617058753967285,0.0,28,14400,47.6197045,-122.3629444,3.629105479521808
1108,1728412682.1569998,1,220,0,0,185,0,0,3,476197045,-1223629444,0.0,0.6000000238418579,5.2617058753967285,0.0,0.0,0.0,0.0,5.2617058753967285,0.0,28,14400,47.6197045,-122.3629444,3.6238448643714087
1109,1728412682.441,1,220,0,0,185,0,0,3,476197073,-1223629404,0.0,0.6000000238418579,5.3272905349731445,0.0,0.0,0.0,0.0,5.3272905349731445,0.0,28,14400,47.6197073,-122.3629404,3.6523009025292525
1110,1728412682.698,1,220,0,0,185,0,0,3,476197073,-1223629404,0.0,0.6000000238418579,5.3272905349731445,0.0,0.0,0.0,0.0,5.3272905349731445,0.0,28,14400,47.6197073,-122.3629404,3.6062026661095254
1111,1728412682.944,1,220,0,0,185,0,0,3,476197073,-1223629404,0.0,0.6000000238418579,5.3272905349731445,0.0,0.0,0.0,0.0,5.3272905349731445,0.0,28,14400,47.6197073,-122.3629404,3.6291053225183334
1112,1728412683.477,1,220,0,0,185,0,0,3,476197084,-1223629388,0.0,0.6000000238418579,5.828920364379883,0.0,0.0,0.0,0.0,5.828920364379883,0.0,28,14400,47.6197084,-122.3629388,3.648303622631656
1113,1728412683.7359998,1,220,0,0,185,0,0,3,476197084,-1223629388,0.0,0.6000000238418579,5.828920364379883,0.0,0.0,0.0,0.0,5.828920364379883,0.0,28,14400,47.6197084,-122.3629388,3.6304229027939896
1114,1728412684.0119998,1,220,0,0,185,0,0,3,476197106,-1223629338,0.0,0.6000000238418579,5.5351996421813965,0.0,0.0,0.0,0.0,5.5351996421813965,0.0,28,14400,47.6197106,-122.3629338,3.618599634421966
1115,1728412684.267,1,220,0,0,185,0,0,3,476197106,-1223629338,0.0,0.6000000238418579,5.5351996421813965,0.0,0.0,0.0,0.0,5.5351996421813965,0.0,28,14400,47.6197106,-122.3629338,3.62713097957608
1116,1728412684.524,1,220,0,0,185,0,0,3,476197111,-1223629305,0.0,0.6000000238418579,5.399109840393066,0.0,0.0,0.0,0.0,5.399109840393066,0.0,28,14300,47.6197111,-122.3629305,3.640334938615678
1117,1728412684.7879999,1,220,0,0,185,0,0,3,476197111,-1223629305,0.0,0.6000000238418579,5.399109840393066,0.0,0.0,0.0,0.0,5.399109840393066,0.0,28,14300,47.6197111,-122.3629305,3.61990943977892
1118,1728412685.076,1,220,0,0,185,0,0,3,476197134,-1223629230,0.0,0.6000000238418579,5.372008323669434,0.0,0.0,0.0,0.0,5.372008323669434,0.0,28,14400,47.6197134,-122.362923,3.638348203808547
1119,1728412685.32,1,220,0,0,185,0,0,3,476197134,-1223629230,0.0,0.6000000238418579,5.372008323669434,0.0,0.0,0.0,0.0,5.372008323669434,0.0,28,14400,47.6197134,-122.362923,3.6456435739476367
1120,1728412685.6009998,1,220,0,0,185,0,0,3,476197152,-1223629157,0.0,0.6000000238418579,5.351193904876709,0.0,0.0,0.0,0.0,5.351193904876709,0.0,28,14400,47.6197152,-122.3629157,3.640334938615678
1121,1728412685.842,1,220,0,0,185,0,0,3,476197152,-1223629157,0.0,0.6000000238418579,5.314032554626465,0.0,0.0,0.0,0.0,5.314032554626465,0.0,28,14400,47.6197152,-122.3629157,3.633060935589173
1122,1728412686.097,1,220,0,0,185,0,0,3,476197109,-1223629209,0.0,0.6000000238418579,5.314032554626465,0.0,0.0,0.0,0.0,5.314032554626465,0.0,28,14300,47.6197109,-122.3629209,3.6192544185960625
1123,1728412686.358,1,220,0,0,185,0,0,3,476197109,-1223629209,0.0,0.6000000238418579,5.314032554626465,0.0,0.0,0.0,0.0,5.314032554626465,0.0,28,14300,47.6197109,-122.3629209,3.6443147662118656
1124,1728412686.643,1,220,0,0,185,0,0,3,476197086,-1223629240,0.0,0.6000000238418579,5.279226779937744,0.0,0.0,0.0,0.0,5.279226779937744,0.0,28,14300,47.6197086,-122.362924,3.6483034639626757
1125,1728412686.899,1,220,0,0,185,0,0,3,476197075,-1223629253,0.0,0.6000000238418579,5.268717288970947,0.0,0.0,0.0,0.0,5.268717288970947,0.0,28,14300,47.6197075,-122.3629253,3.651634107534223
1126,1728412687.1399999,1,220,0,0,185,0,0,3,476197075,-1223629253,0.0,0.6000000238418579,5.268717288970947,0.0,0.0,0.0,0.0,5.268717288970947,0.0,28,14300,47.6197075,-122.3629253,3.6376864932663664
1127,1728412687.435,1,220,0,0,185,0,0,3,476197074,-1223629245,0.0,0.6000000238418579,5.239645481109619,0.0,0.0,0.0,0.0,5.239645481109619,0.0,28,14400,47.6197074,-122.3629245,3.642323844337459
1128,1728412687.6539998,1,220,0,0,185,0,0,3,476197074,-1223629245,0.0,0.6000000238418579,5.239645481109619,0.0,0.0,0.0,0.0,5.239645481109619,0.0,28,14400,47.6197074,-122.3629245,3.6343812327362617
1129,1728412687.9269998,1,220,0,0,185,0,0,3,476197085,-1223629215,0.0,0.6000000238418579,5.253478527069092,0.0,0.0,0.0,0.0,5.253478527069092,0.0,28,14400,47.6197085,-122.3629215,3.640334938615678
1130,1728412688.192,1,220,0,0,185,0,0,3,476197085,-1223629215,0.0,0.6000000238418579,5.253478527069092,0.0,0.0,0.0,0.0,5.253478527069092,0.0,28,14400,47.6197085,-122.3629215,3.6304229027939896
1131,1728412688.449,1,220,0,0,185,0,0,3,476197085,-1223629215,0.0,0.6000000238418579,5.253478527069092,0.0,0.0,0.0,0.0,5.253478527069092,0.0,28,14400,47.6197085,-122.3629215,3.6264733425542026
1132,1728412689.003,1,220,0,0,185,0,0,3,476197100,-1223629172,0.0,0.6000000238418579,5.80318021774292,0.0,0.0,0.0,0.0,5.80318021774292,0.0,28,14200,47.61971,-122.3629172,3.6172906206028235
1133,1728412689.224,1,220,0,0,185,0,0,3,476197100,-1223629172,0.0,0.6000000238418579,5.80318021774292,0.0,0.0,0.0,0.0,5.80318021774292,0.0,28,14200,47.61971,-122.3629172,3.6114121479392054
1134,1728412689.494,1,220,0,0,185,0,0,3,476197109,-1223629127,0.0,0.6000000238418579,5.601291656494141,0.0,0.0,0.0,0.0,5.601291656494141,0.0,28,14300,47.6197109,-122.3629127,3.647638127648428
1135,1728412689.744,1,220,0,0,185,0,0,3,476197109,-1223629127,0.0,0.6000000238418579,5.601291656494141,0.0,0.0,0.0,0.0,5.601291656494141,0.0,28,14300,47.6197109,-122.3629127,3.6376864932663664
1136,1728412690.0219998,1,220,0,0,185,0,0,3,476197155,-1223629006,0.0,0.6000000238418579,5.523542404174805,0.0,0.0,0.0,0.0,5.523542404174805,0.0,28,14600,47.6197155,-122.3629006,3.6225320536087247
1137,1728412690.2789998,1,220,0,0,185,0,0,3,476197155,-1223629006,0.0,0.6000000238418579,5.523542404174805,0.0,0.0,0.0,0.0,5.523542404174805,0.0,28,14600,47.6197155,-122.3629006,3.642323844337459
1138,1728412690.579,1,220,0,0,185,0,0,3,476197182,-1223628911,0.0,0.6000000238418579,5.568485260009766,0.0,0.0,0.0,0.0,5.568485260009766,0.0,28,14700,47.6197182,-122.3628911,3.6225320536087247
1139,1728412690.814,1,220,0,0,185,0,0,3,476197182,-1223628911,0.0,0.6000000238418579,5.568485260009766,0.0,0.0,0.0,0.0,5.568485260009766,0.0,28,14700,47.6197182,-122.3628911,3.6185994783261903
1140,1728412691.11,1,220,0,0,185,0,0,3,476197192,-1223628836,0.0,0.6000000238418579,5.5872416496276855,0.0,0.0,0.0,0.0,5.5872416496276855,0.0,28,14700,47.6197192,-122.3628836,3.618599634421966
1141,1728412691.3569999,1,220,0,0,185,0,0,3,476197192,-1223628836,0.0,0.6000000238418579,5.617515563964844,0.0,0.0,0.0,0.0,5.617515563964844,0.0,28,14700,47.6197192,-122.3628836,3.6159825535021453
1142,1728412691.626,1,220,0,0,185,0,0,3,476197197,-1223628765,0.0,0.6000000238418579,5.617515563964844,0.0,0.0,0.0,0.0,5.617515563964844,0.0,28,14600,47.6197197,-122.3628765,3.6350418987514006
1143,1728412691.896,1,220,0,0,185,0,0,3,476197197,-1223628765,0.0,0.6000000238418579,5.620891571044922,0.0,0.0,0.0,0.0,5.620891571044922,0.0,28,14600,47.6197197,-122.3628765,3.608154440183669
1144,1728412692.126,1,220,0,0,185,0,0,3,476197204,-1223628690,0.0,0.6000000238418579,5.620891571044922,0.0,0.0,0.0,0.0,5.620891571044922,0.0,28,14700,47.6197204,-122.362869,3.6146755878506753
1145,1728412692.3969998,1,220,0,0,185,0,0,3,476197204,-1223628690,0.0,0.6000000238418579,5.566308975219727,0.0,0.0,0.0,0.0,5.566308975219727,0.0,28,14700,47.6197204,-122.362869,3.620564854364616
1146,1728412692.661,1,220,0,0,185,0,0,3,476197206,-1223628621,0.0,0.6000000238418579,5.566308975219727,0.0,0.0,0.0,0.0,5.566308975219727,0.0,28,14700,47.6197206,-122.3628621,3.6218760830461725
1147,1728412692.9259999,1,220,0,0,185,0,0,3,476197099,-1223628827,0.0,0.6000000238418579,5.396180152893066,0.0,0.0,0.0,0.0,5.396180152893066,0.0,28,14600,47.6197099,-122.3628827,3.6390101551304133
1148,1728412693.175,1,220,0,0,185,0,0,3,476197099,-1223628827,0.0,0.6000000238418579,5.396180152893066,0.0,0.0,0.0,0.0,5.396180152893066,0.0,28,14600,47.6197099,-122.3628827,3.644979048972749
1149,1728412693.454,1,220,0,0,185,0,0,3,476196962,-1223629146,0.0,0.6000000238418579,5.3202972412109375,0.0,0.0,0.0,0.0,5.3202972412109375,0.0,28,14600,47.6196962,-122.3629146,3.6324009893894638
1150,1728412693.7189999,1,220,0,0,185,0,0,3,476196962,-1223629146,0.0,0.6000000238418579,5.3202972412109375,0.0,0.0,0.0,0.0,5.3202972412109375,0.0,28,14600,47.6196962,-122.3629146,3.6264731857783903
1151,1728412693.98,1,220,0,0,185,0,0,3,476196962,-1223629146,0.0,0.6000000238418579,5.3202972412109375,0.0,0.0,0.0,0.0,5.3202972412109375,0.0,28,14600,47.6196962,-122.3629146,3.611411992462908
1152,1728412694.5049999,1,220,0,0,185,0,0,3,476196913,-1223629307,0.0,0.6000000238418579,5.851368427276611,0.0,0.0,0.0,0.0,5.851368427276611,0.0,28,14600,47.6196913,-122.3629307,3.629764071618172
1153,1728412694.767,1,220,0,0,185,0,0,3,476196913,-1223629307,0.0,0.6000000238418579,5.851368427276611,0.0,0.0,0.0,0.0,5.851368427276611,0.0,28,14600,47.6196913,-122.3629307,3.625158627008024
1154,1728412695.027,1,220,0,0,185,0,0,3,476196909,-1223629381,0.0,0.6000000238418579,5.637513160705566,0.0,0.0,0.0,0.0,5.637513160705566,0.0,28,14700,47.6196909,-122.3629381,3.6127167542928156
1155,1728412695.268,1,220,0,0,185,0,0,3,476196909,-1223629381,0.0,0.6000000238418579,5.637513160705566,0.0,0.0,0.0,0.0,5.637513160705566,0.0,28,14700,47.6196909,-122.3629381,3.625158470345864
1156,1728412695.544,1,220,0,0,185,0,0,3,476196939,-1223629386,0.0,0.6000000238418579,5.531117916107178,0.0,0.0,0.0,0.0,5.531117916107178,0.0,28,14800,47.6196939,-122.3629386,3.640334938615678
1157,1728412695.7749999,1,220,0,0,185,0,0,3,476196939,-1223629386,0.0,0.6000000238418579,5.531117916107178,0.0,0.0,0.0,0.0,5.531117916107178,0.0,28,14800,47.6196939,-122.3629386,3.6245015483380914
1158,1728412696.066,1,220,0,0,185,0,0,3,476196967,-1223629369,0.0,0.6000000238418579,5.472692489624023,0.0,0.0,0.0,0.0,5.472692489624023,0.0,28,14800,47.6196967,-122.3629369,3.6304229027939896
1159,1728412696.32,1,220,0,0,185,0,0,3,476196967,-1223629369,0.0,0.6000000238418579,5.472692489624023,0.0,0.0,0.0,0.0,5.472692489624023,0.0,28,14800,47.6196967,-122.3629369,3.6277888551574917
1160,1728412696.625,1,220,0,0,185,0,0,3,476196990,-1223629340,0.0,0.6000000238418579,5.4842448234558105,0.0,0.0,0.0,0.0,5.4842448234558105,0.0,28,14900,47.619699,-122.362934,3.6159825535021453
1161,1728412696.895,1,220,0,0,185,0,0,3,476196990,-1223629340,0.0,0.6000000238418579,5.497868061065674,0.0,0.0,0.0,0.0,5.497868061065674,0.0,28,14900,47.619699,-122.362934,3.644314924534089
1162,1728412697.136,1,220,0,0,185,0,0,3,476197007,-1223629310,0.0,0.6000000238418579,5.497868061065674,0.0,0.0,0.0,0.0,5.497868061065674,0.0,28,14800,47.6197007,-122.362931,3.6291053225183334
1163,1728412697.4129999,1,220,0,0,185,0,0,3,476197017,-1223629289,0.0,0.6000000238418579,5.475409030914307,0.0,0.0,0.0,0.0,5.475409030914307,0.0,28,14800,47.6197017,-122.3629289,3.648303622631656
1164,1728412697.662,1,220,0,0,185,0,0,3,476197017,-1223629289,0.0,0.6000000238418579,5.475409030914307,0.0,0.0,0.0,0.0,5.475409030914307,0.0,28,14800,47.6197017,-122.3629289,3.647638127648428
1165,1728412697.914,1,220,0,0,185,0,0,3,476197024,-1223629263,0.0,0.6000000238418579,5.49999475479126,0.0,0.0,0.0,0.0,5.49999475479126,0.0,28,14700,47.6197024,-122.3629263,3.6416605289367303
1166,1728412698.155,1,220,0,0,185,0,0,3,476197024,-1223629263,0.0,0.6000000238418579,5.49999475479126,0.0,0.0,0.0,0.0,5.49999475479126,0.0,28,14700,47.6197024,-122.3629263,3.6376864932663664
1167,1728412698.444,1,220,0,0,185,0,0,3,476197022,-1223629241,0.0,0.6000000238418579,5.52937126159668,0.0,0.0,0.0,0.0,5.52937126159668,0.0,28,14700,47.6197022,-122.3629241,3.6192544185960625
1168,1728412698.684,1,220,0,0,185,0,0,3,476197022,-1223629241,0.0,0.6000000238418579,5.52937126159668,0.0,0.0,0.0,0.0,5.52937126159668,0.0,28,14700,47.6197022,-122.3629241,3.631741440136545
1169,1728412698.967,1,220,0,0,185,0,0,3,476197028,-1223629205,0.0,0.6000000238418579,5.5229363441467285,0.0,0.0,0.0,0.0,5.5229363441467285,0.0,28,14800,47.6197028,-122.3629205,3.640334938615678
1170,1728412699.25,1,220,0,0,185,0,0,3,476197028,-1223629205,0.0,0.6000000238418579,5.5229363441467285,0.0,0.0,0.0,0.0,5.5229363441467285,0.0,28,14800,47.6197028,-122.3629205,3.6609922490174127
1171,1728412699.468,1,220,0,0,185,0,0,3,476197028,-1223629205,0.0,0.6000000238418579,5.5229363441467285,0.0,0.0,0.0,0.0,5.5229363441467285,0.0,28,14800,47.6197028,-122.3629205,3.6771466077909967
1172,1728412700.016,1,220,0,0,185,0,0,3,476196987,-1223629252,0.0,0.6000000238418579,5.997893810272217,0.0,0.0,0.0,0.0,5.997893810272217,0.0,28,14800,47.6196987,-122.3629252,3.6549706786982066
1173,1728412700.2489998,1,220,0,0,185,0,0,3,476196987,-1223629252,0.0,0.6000000238418579,5.997893810272217,0.0,0.0,0.0,0.0,5.997893810272217,0.0,28,14800,47.6196987,-122.3629252,3.6616623064993417
1174,1728412700.51,1,220,0,0,185,0,0,3,476196983,-1223629251,0.0,0.6000000238418579,5.753431797027588,0.0,0.0,0.0,0.0,5.753431797027588,0.0,28,14800,47.6196983,-122.3629251,3.662332929085556
1175,1728412700.76,1,220,0,0,185,0,0,3,476196983,-1223629251,0.0,0.6000000238418579,5.753431797027588,0.0,0.0,0.0,0.0,5.753431797027588,0.0,28,14800,47.6196983,-122.3629251,3.651634107534223
1176,1728412701.0419998,1,220,0,0,185,0,0,3,476196981,-1223629241,0.0,0.6000000238418579,5.669262409210205,0.0,0.0,0.0,0.0,5.669262409210205,0.0,28,14800,47.6196981,-122.3629241,3.640334938615678
1177,1728412701.3009999,1,220,0,0,185,0,0,3,476196981,-1223629241,0.0,0.6000000238418579,5.669262409210205,0.0,0.0,0.0,0.0,5.669262409210205,0.0,28,14800,47.6196981,-122.3629241,3.6536353824671313
1178,1728412701.573,1,220,0,0,185,0,0,3,476196867,-1223629463,0.0,0.6000000238418579,5.52638578414917,0.0,0.0,0.0,0.0,5.52638578414917,0.0,28,14800,47.6196867,-122.3629463,3.6523010615461295
1179,1728412701.814,1,220,0,0,185,0,0,3,476196867,-1223629463,0.0,0.6000000238418579,5.52638578414917,0.0,0.0,0.0,0.0,5.52638578414917,0.0,28,14800,47.6196867,-122.3629463,3.651634107534223
1180,1728412702.0879998,1,220,0,0,185,0,0,3,476196823,-1223629567,0.0,0.6000000238418579,5.53668212890625,0.0,0.0,0.0,0.0,5.53668212890625,0.0,28,14800,47.6196823,-122.3629567,3.6805299859844625
1181,1728412702.3339999,1,220,0,0,185,0,0,3,476196823,-1223629567,0.0,0.6000000238418579,5.53668212890625,0.0,0.0,0.0,0.0,5.53668212890625,0.0,28,14800,47.6196823,-122.3629567,3.6456434155099497
1182,1728412702.608,1,220,0,0,185,0,0,3,476196821,-1223629598,0.0,0.6000000238418579,5.550143241882324,0.0,0.0,0.0,0.0,5.550143241882324,0.0,28,14800,47.6196821,-122.3629598,3.4922297898831673
1183,1728412702.875,1,220,0,0,185,0,0,3,476196821,-1223629598,0.0,0.6000000238418579,5.5697340965271,0.0,0.0,0.0,0.0,5.5697340965271,0.0,28,14800,47.6196821,-122.3629598,3.4740316321033577
1184,1728412703.123,1,220,0,0,185,0,0,3,476196820,-1223629619,0.0,0.6000000238418579,5.5697340965271,0.0,0.0,0.0,0.0,5.5697340965271,0.0,28,14800,47.619682,-122.3629619,3.488574892772981
1185,1728412703.391,1,220,0,0,185,0,0,3,476196820,-1223629619,0.0,0.6000000238418579,5.6034836769104,0.0,0.0,0.0,0.0,5.6034836769104,0.0,28,14800,47.619682,-122.3629619,3.477656103644218
1186,1728412703.649,1,220,0,0,185,0,0,3,476196827,-1223629622,0.0,0.6000000238418579,5.6034836769104,0.0,0.0,0.0,0.0,5.6034836769104,0.0,28,14800,47.6196827,-122.3629622,3.4873582448801117
1187,1728412703.918,1,220,0,0,185,0,0,3,476196837,-1223629610,0.0,0.6000000238418579,5.616695404052734,0.0,0.0,0.0,0.0,5.616695404052734,0.0,28,14800,47.6196837,-122.362961,3.473428192014982
1188,1728412704.1599998,1,220,0,0,185,0,0,3,476196837,-1223629610,0.0,0.6000000238418579,5.616695404052734,0.0,0.0,0.0,0.0,5.616695404052734,0.0,28,14800,47.6196837,-122.362961,3.50754127344709
1189,1728412704.444,1,220,0,0,185,0,0,3,476196837,-1223629610,0.0,0.6000000238418579,5.6140522956848145,0.0,0.0,0.0,0.0,5.6140522956848145,0.0,28,14800,47.6196837,-122.362961,3.4788658458609185
1190,1728412704.684,1,220,0,0,185,0,0,3,476196852,-1223629586,0.0,0.6000000238418579,5.6140522956848145,0.0,0.0,0.0,0.0,5.6140522956848145,0.0,28,14800,47.6196852,-122.3629586,3.4958922076342787
1191,1728412704.954,1,220,0,0,185,0,0,3,476196852,-1223629586,0.0,0.6000000238418579,5.6140522956848145,0.0,0.0,0.0,0.0,5.6140522956848145,0.0,28,14800,47.6196852,-122.3629586,3.4873582448801117
1192,1728412705.743,1,220,0,0,185,0,0,3,476196891,-1223629503,0.0,0.6000000238418579,6.096069812774658,0.0,0.0,0.0,0.0,6.096069812774658,0.0,28,14800,47.6196891,-122.3629503,3.498338430536763
1193,1728412706.0059998,1,220,0,0,185,0,0,3,476196900,-1223629456,0.0,0.6000000238418579,5.804775714874268,0.0,0.0,0.0,0.0,5.804775714874268,0.0,28,14800,47.61969,-122.3629456,3.49528144122159
1194,1728412706.243,1,220,0,0,185,0,0,3,476196900,-1223629456,0.0,0.6000000238418579,5.804775714874268,0.0,0.0,0.0,0.0,5.804775714874268,0.0,28,14800,47.61969,-122.3629456,3.4958923533230846
1195,1728412706.511,1,220,0,0,185,0,0,3,476196840,-1223629550,0.0,0.6000000238418579,5.635799884796143,0.0,0.0,0.0,0.0,5.635799884796143,0.0,28,14800,47.619684,-122.362955,3.499562607238822
1196,1728412706.777,1,220,0,0,185,0,0,3,476196840,-1223629550,0.0,0.6000000238418579,5.635799884796143,0.0,0.0,0.0,0.0,5.635799884796143,0.0,28,14800,47.619684,-122.362955,3.4855350806060903
1197,1728412707.059,1,220,0,0,185,0,0,3,476196853,-1223629519,0.0,0.6000000238418579,5.564033508300781,0.0,0.0,0.0,0.0,5.564033508300781,0.0,28,14800,47.6196853,-122.3629519,3.508156479036416
1198,1728412707.2749999,1,220,0,0,185,0,0,3,476196853,-1223629519,0.0,0.6000000238418579,5.564033508300781,0.0,0.0,0.0,0.0,5.564033508300781,0.0,28,14800,47.6196853,-122.3629519,3.4861425901857652
1199,1728412707.563,1,220,0,0,185,0,0,3,476196869,-1223629471,0.0,0.6000000238418579,5.476800918579102,0.0,0.0,0.0,0.0,5.476800918579102,0.0,28,14900,47.6196869,-122.3629471,3.510619607908784
1200,1728412707.809,1,220,0,0,185,0,0,3,476196869,-1223629471,0.0,0.6000000238418579,5.476800918579102,0.0,0.0,0.0,0.0,5.476800918579102,0.0,28,14900,47.6196869,-122.3629471,3.5026270930782406
1201,1728412708.069,1,220,0,0,185,0,0,3,476196882,-1223629421,0.0,0.6000000238418579,5.40797233581543,0.0,0.0,0.0,0.0,5.40797233581543,0.0,28,14800,47.6196882,-122.3629421,3.348401244311114
1202,1728412708.3249998,1,220,0,0,185,0,0,3,476196882,-1223629421,0.0,0.6000000238418579,5.40797233581543,0.0,0.0,0.0,0.0,5.40797233581543,0.0,28,14800,47.6196882,-122.3629421,3.6832413687422254
1203,1728412708.597,1,220,0,0,185,0,0,3,476196915,-1223629330,0.0,0.6000000238418579,5.3211870193481445,0.0,0.0,0.0,0.0,5.3211870193481445,0.0,28,14800,47.6196915,-122.362933,3.6784991478191236
1204,1728412708.8439999,1,220,0,0,185,0,0,3,476196915,-1223629330,0.0,0.6000000238418579,5.3211870193481445,0.0,0.0,0.0,0.0,5.3211870193481445,0.0,28,14800,47.6196915,-122.362933,3.684598396902983
1205,1728412709.106,1,220,0,0,185,0,0,3,476196935,-1223629256,0.0,0.6000000238418579,5.2872819900512695,0.0,0.0,0.0,0.0,5.2872819900512695,0.0,28,14800,47.6196935,-122.3629256,3.6724200579804553
1206,1728412709.3869998,1,220,0,0,185,0,0,3,476196953,-1223629175,0.0,0.6000000238418579,5.263592720031738,0.0,0.0,0.0,0.0,5.263592720031738,0.0,28,14800,47.6196953,-122.3629175,3.6771466077909967
1207,1728412709.619,1,220,0,0,185,0,0,3,476196953,-1223629175,0.0,0.6000000238418579,5.263592720031738,0.0,0.0,0.0,0.0,5.263592720031738,0.0,28,14800,47.6196953,-122.3629175,3.688675812113845
1208,1728412709.8969998,1,220,0,0,185,0,0,3,476196969,-1223629092,0.0,0.6000000238418579,5.243312835693359,0.0,0.0,0.0,0.0,5.243312835693359,0.0,28,14800,47.6196969,-122.3629092,3.6663610276063356
1209,1728412710.141,1,220,0,0,185,0,0,3,476196969,-1223629092,0.0,0.6000000238418579,5.243312835693359,0.0,0.0,0.0,0.0,5.243312835693359,0.0,28,14800,47.6196969,-122.3629092,3.684598396902983
1210,1728412710.3939998,1,220,0,0,185,0,0,3,476196969,-1223629092,0.0,0.6000000238418579,5.243312835693359,0.0,0.0,0.0,0.0,5.243312835693359,0.0,28,14800,47.6196969,-122.3629092,3.6589829087547296
1211,1728412710.9269998,1,220,0,0,185,0,0,3,476196969,-1223629092,0.0,0.6000000238418579,5.676977157592773,0.0,0.0,0.0,0.0,5.676977157592773,0.0,28,14800,47.6196969,-122.3629092,3.657644520336085
1212,1728412711.1729999,1,220,0,0,185,0,0,3,476196987,-1223628988,0.0,0.6000000238418579,5.676977157592773,0.0,0.0,0.0,0.0,5.676977157592773,0.0,28,14800,47.6196987,-122.3628988,3.66300363741163
1213,1728412711.4429998,1,220,0,0,185,0,0,3,476197006,-1223628884,0.0,0.6000000238418579,5.379054546356201,0.0,0.0,0.0,0.0,5.379054546356201,0.0,28,14800,47.6197006,-122.3628884,3.667033372568504
1214,1728412711.671,1,220,0,0,185,0,0,3,476197006,-1223628884,0.0,0.6000000238418579,5.379054546356201,0.0,0.0,0.0,0.0,5.379054546356201,0.0,28,14800,47.6197006,-122.3628884,3.6616623064993417
1215,1728412711.957,1,220,0,0,185,0,0,3,476197008,-1223628815,0.0,0.6000000238418579,5.2774658203125,0.0,0.0,0.0,0.0,5.2774658203125,0.0,28,14800,47.6197008,-122.3628815,3.6636747514544123
1216,1728412712.2159998,1,220,0,0,185,0,0,3,476197008,-1223628815,0.0,0.6000000238418579,5.2774658203125,0.0,0.0,0.0,0.0,5.2774658203125,0.0,28,14800,47.6197008,-122.3628815,3.68935620474566
1217,1728412712.481,1,220,0,0,185,0,0,3,476196961,-1223628861,0.0,0.6000000238418579,5.243169784545898,0.0,0.0,0.0,0.0,5.243169784545898,0.0,28,14800,47.6196961,-122.3628861,3.6596523905051206
1218,1728412712.73,1,220,0,0,185,0,0,3,476196961,-1223628861,0.0,0.6000000238418579,5.243169784545898,0.0,0.0,0.0,0.0,5.243169784545898,0.0,28,14800,47.6196961,-122.3628861,3.6737692834273554
1219,1728412712.991,1,220,0,0,185,0,0,3,476196894,-1223628975,0.0,0.6000000238418579,5.262977123260498,0.0,0.0,0.0,0.0,5.262977123260498,0.0,28,14800,47.6196894,-122.3628975,3.6630037973618417
1220,1728412713.2749999,1,220,0,0,185,0,0,3,476196894,-1223628975,0.0,0.6000000238418579,5.262977123260498,0.0,0.0,0.0,0.0,5.262977123260498,0.0,28,14800,47.6196894,-122.3628975,3.6663610276063356
1221,1728412713.537,1,220,0,0,185,0,0,3,476196874,-1223629014,0.0,0.6000000238418579,5.3399271965026855,0.0,0.0,0.0,0.0,5.3399271965026855,0.0,28,14800,47.6196874,-122.3629014,3.4800764300156657
1222,1728412713.7849998,1,220,0,0,185,0,0,3,476196874,-1223629014,0.0,0.6000000238418579,5.3399271965026855,0.0,0.0,0.0,0.0,5.3399271965026855,0.0,28,14800,47.6196874,-122.3629014,3.4584125931844363
1223,1728412714.0509999,1,220,0,0,185,0,0,3,476196881,-1223629008,0.0,0.6000000238418579,5.410513401031494,0.0,0.0,0.0,0.0,5.410513401031494,0.0,28,14800,47.6196881,-122.3629008,3.498950265868412
1224,1728412714.306,1,220,0,0,185,0,0,3,476196881,-1223629008,0.0,0.6000000238418579,5.410513401031494,0.0,0.0,0.0,0.0,5.410513401031494,0.0,28,14800,47.6196881,-122.3629008,3.4632035489896524
1225,1728412714.5649998,1,220,0,0,185,0,0,3,476196898,-1223628982,0.0,0.6000000238418579,5.459555625915527,0.0,0.0,0.0,0.0,5.459555625915527,0.0,28,14800,47.6196898,-122.3628982,3.496503624754485
1226,1728412714.8079998,1,220,0,0,185,0,0,3,476196898,-1223628982,0.0,0.6000000238418579,5.459555625915527,0.0,0.0,0.0,0.0,5.459555625915527,0.0,28,14800,47.6196898,-122.3628982,3.4818940313297113
1227,1728412715.0839999,1,220,0,0,185,0,0,3,476196869,-1223629027,0.0,0.6000000238418579,5.527232646942139,0.0,0.0,0.0,0.0,5.527232646942139,0.0,28,14800,47.6196869,-122.3629027,3.4965034790147262
1228,1728412715.3409998,1,220,0,0,185,0,0,3,476196869,-1223629027,0.0,0.6000000238418579,5.527232646942139,0.0,0.0,0.0,0.0,5.527232646942139,0.0,28,14800,47.6196869,-122.3629027,3.4867504565013476
1229,1728412715.6009998,1,220,0,0,185,0,0,3,476196848,-1223629072,0.0,0.6000000238418579,5.555305480957031,0.0,0.0,0.0,0.0,5.555305480957031,0.0,28,14900,47.6196848,-122.3629072,3.4770514038655227
1230,1728412715.849,1,220,0,0,185,0,0,3,476196848,-1223629072,0.0,0.6000000238418579,5.555305480957031,0.0,0.0,0.0,0.0,5.555305480957031,0.0,28,14900,47.6196848,-122.3629072,3.487966535245389
1231,1728412716.674,1,220,0,0,185,0,0,3,476196831,-1223629106,0.0,0.6000000238418579,6.127716064453125,0.0,0.0,0.0,0.0,6.127716064453125,0.0,28,14800,47.6196831,-122.3629106,3.5032405758779777
1232,1728412716.9559999,1,220,0,0,185,0,0,3,476196836,-1223629103,0.0,0.6000000238418579,5.825135707855225,0.0,0.0,0.0,0.0,5.825135707855225,0.0,28,14800,47.6196836,-122.3629103,3.4800765743892312
1233,1728412717.159,1,220,0,0,185,0,0,3,476196836,-1223629103,0.0,0.6000000238418579,5.825135707855225,0.0,0.0,0.0,0.0,5.825135707855225,0.0,28,14800,47.6196836,-122.3629103,3.487966535245389
1234,1728412717.4459999,1,220,0,0,185,0,0,3,476196836,-1223629103,0.0,0.6000000238418579,5.627676486968994,0.0,0.0,0.0,0.0,5.627676486968994,0.0,28,14800,47.6196836,-122.3629103,3.4873583898584926
1235,1728412717.6769998,1,220,0,0,185,0,0,3,476196852,-1223629075,0.0,0.6000000238418579,5.627676486968994,0.0,0.0,0.0,0.0,5.627676486968994,0.0,28,14800,47.6196852,-122.3629075,3.499562461243945
1236,1728412717.96,1,220,0,0,185,0,0,3,476196869,-1223629037,0.0,0.6000000238418579,5.561830997467041,0.0,0.0,0.0,0.0,5.561830997467041,0.0,28,14800,47.6196869,-122.3629037,3.469812523336707
1237,1728412718.201,1,220,0,0,185,0,0,3,476196869,-1223629037,0.0,0.6000000238418579,5.561830997467041,0.0,0.0,0.0,0.0,5.561830997467041,0.0,28,14800,47.6196869,-122.3629037,3.489183462552291
1238,1728412718.4659998,1,220,0,0,185,0,0,3,476196859,-1223629039,0.0,0.6000000238418579,5.555508136749268,0.0,0.0,0.0,0.0,5.555508136749268,0.0,28,14900,47.6196859,-122.3629039,3.460806341612359
1239,1728412718.743,1,220,0,0,185,0,0,3,476196859,-1223629039,0.0,0.6000000238418579,5.555508136749268,0.0,0.0,0.0,0.0,5.555508136749268,0.0,28,14900,47.6196859,-122.3629039,3.4542313140268646
1240,1728412719.0089998,1,220,0,0,185,0,0,3,476196750,-1223629251,0.0,0.6000000238418579,5.4380879402160645,0.0,0.0,0.0,0.0,5.4380879402160645,0.0,28,14800,47.619675,-122.3629251,3.1645569954520525
1241,1728412719.2459998,1,220,0,0,185,0,0,3,476196750,-1223629251,0.0,0.6000000238418579,5.4380879402160645,0.0,0.0,0.0,0.0,5.4380879402160645,0.0,28,14800,47.619675,-122.3629251,3.4910107370763206
1242,1728412719.5319998,1,220,0,0,185,0,0,3,476196710,-1223629339,0.0,0.6000000238418579,5.4854631423950195,0.0,0.0,0.0,0.0,5.4854631423950195,0.0,28,14800,47.619671,-122.3629339,3.4843205517022526
1243,1728412719.7849998,1,220,0,0,185,0,0,3,476196710,-1223629339,0.0,0.6000000238418579,5.4854631423950195,0.0,0.0,0.0,0.0,5.4854631423950195,0.0,28,14800,47.619671,-122.3629339,3.454828101811693
1244,1728412720.041,1,220,0,0,185,0,0,3,476196703,-1223629375,0.0,0.6000000238418579,5.511343002319336,0.0,0.0,0.0,0.0,5.511343002319336,0.0,28,14700,47.6196703,-122.3629375,3.4578145664926687
1245,1728412720.28,1,220,0,0,185,0,0,3,476196703,-1223629375,0.0,0.6000000238418579,5.511343002319336,0.0,0.0,0.0,0.0,5.511343002319336,0.0,28,14700,47.6196703,-122.3629375,3.4441190714986383
1246,1728412720.572,1,220,0,0,185,0,0,3,476196723,-1223629365,0.0,0.6000000238418579,5.552749156951904,0.0,0.0,0.0,0.0,5.552749156951904,0.0,28,14500,47.6196723,-122.3629365,3.4752389975416165
1247,1728412720.816,1,220,0,0,185,0,0,3,476196723,-1223629365,0.0,0.6000000238418579,5.552749156951904,0.0,0.0,0.0,0.0,5.552749156951904,0.0,28,14500,47.6196723,-122.3629365,3.444119212904181
1248,1728412721.12,1,220,0,0,185,0,0,3,476196741,-1223629341,0.0,0.6000000238418579,5.573929309844971,0.0,0.0,0.0,0.0,5.573929309844971,0.0,28,14300,47.6196741,-122.3629341,3.4488704801661356
1249,1728412721.391,1,220,0,0,185,0,0,3,476196741,-1223629341,0.0,0.6000000238418579,5.573929309844971,0.0,0.0,0.0,0.0,5.573929309844971,0.0,28,14300,47.6196741,-122.3629341,3.443526260136433
1250,1728412722.169,1,220,0,0,185,0,0,3,476196774,-1223629284,0.0,0.6000000238418579,6.208600997924805,0.0,0.0,0.0,0.0,6.208600997924805,0.0,28,14200,47.6196774,-122.3629284,3.4578145664926687
1251,1728412722.4029999,1,220,0,0,185,0,0,3,476196774,-1223629284,0.0,0.6000000238418579,6.208600997924805,0.0,0.0,0.0,0.0,6.208600997924805,0.0,28,14200,47.6196774,-122.3629284,3.433476366743191
1252,1728412722.6959999,1,220,0,0,185,0,0,3,476196799,-1223629222,0.0,0.6000000238418579,5.933849811553955,0.0,0.0,0.0,0.0,5.933849811553955,0.0,28,14200,47.6196799,-122.3629222,3.4488704801661356
1253,1728412722.948,1,220,0,0,185,0,0,3,476196806,-1223629183,0.0,0.6000000238418579,5.850970268249512,0.0,0.0,0.0,0.0,5.850970268249512,0.0,28,14200,47.6196806,-122.3629183,3.4578145664926687
1254,1728412723.23,1,220,0,0,185,0,0,3,476196806,-1223629183,0.0,0.6000000238418579,5.850970268249512,0.0,0.0,0.0,0.0,5.850970268249512,0.0,28,14200,47.6196806,-122.3629183,3.435835708508246
1255,1728412723.484,1,220,0,0,185,0,0,3,476196822,-1223629135,0.0,0.6000000238418579,5.8872809410095215,0.0,0.0,0.0,0.0,5.8872809410095215,0.0,28,14200,47.6196822,-122.3629135,3.42172795587743
1256,1728412723.715,1,220,0,0,185,0,0,3,476196822,-1223629135,0.0,0.6000000238418579,5.8872809410095215,0.0,0.0,0.0,0.0,5.8872809410095215,0.0,28,14200,47.6196822,-122.3629135,3.43642615625536
1257,1728412724.008,1,220,0,0,185,0,0,3,476196834,-1223629084,0.0,0.6000000238418579,5.897799491882324,0.0,0.0,0.0,0.0,5.897799491882324,0.0,28,14200,47.6196834,-122.3629084,3.4193879429412855
1258,1728412724.2649999,1,220,0,0,185,0,0,3,476196834,-1223629084,0.0,0.6000000238418579,5.897799491882324,0.0,0.0,0.0,0.0,5.897799491882324,0.0,28,14200,47.6196834,-122.3629084,3.4506556222975835
1259,1728412724.5509999,1,220,0,0,185,0,0,3,476196848,-1223629029,0.0,0.6000000238418579,5.890941143035889,0.0,0.0,0.0,0.0,5.890941143035889,0.0,28,14200,47.6196848,-122.3629029,3.150102389683434
1260,1728412724.793,1,220,0,0,185,0,0,3,476196848,-1223629029,0.0,0.6000000238418579,5.890941143035889,0.0,0.0,0.0,0.0,5.890941143035889,0.0,28,14200,47.6196848,-122.3629029,3.437016666151097
1261,1728412725.0709999,1,220,0,0,185,0,0,3,476196861,-1223628968,0.0,0.6000000238418579,5.906404972076416,0.0,0.0,0.0,0.0,5.906404972076416,0.0,28,14200,47.6196861,-122.3628968,3.4252440564706186
1262,1728412725.3309999,1,220,0,0,185,0,0,3,476196861,-1223628968,0.0,0.6000000238418579,5.906404972076416,0.0,0.0,0.0,0.0,5.906404972076416,0.0,28,14200,47.6196861,-122.3628968,3.443526118779576
1263,1728412725.569,1,220,0,0,185,0,0,3,476196875,-1223628903,0.0,0.6000000238418579,5.9157843589782715,0.0,0.0,0.0,0.0,5.9157843589782715,0.0,28,14200,47.6196875,-122.3628903,3.4417484850101134
1264,1728412725.862,1,220,0,0,185,0,0,3,476196875,-1223628903,0.0,0.6000000238418579,5.9157843589782715,0.0,0.0,0.0,0.0,5.9157843589782715,0.0,28,14200,47.6196875,-122.3628903,3.4536350167609378
1265,1728412726.125,1,220,0,0,185,0,0,3,476196847,-1223628906,0.0,0.6000000238418579,5.847679138183594,0.0,0.0,0.0,0.0,5.847679138183594,0.0,28,14200,47.6196847,-122.3628906,3.4590106841376107
1266,1728412726.392,1,220,0,0,185,0,0,3,476196847,-1223628906,0.0,0.6000000238418579,5.847679138183594,0.0,0.0,0.0,0.0,5.847679138183594,0.0,28,14200,47.6196847,-122.3628906,3.412969344374528
1267,1728412726.665,1,220,0,0,185,0,0,3,476196847,-1223628872,0.0,0.6000000238418579,5.854994773864746,0.0,0.0,0.0,0.0,5.854994773864746,0.0,28,14000,47.6196847,-122.3628872,3.4482758904183806
1268,1728412726.916,1,220,0,0,185,0,0,3,476196847,-1223628872,0.0,0.6000000238418579,5.854994773864746,0.0,0.0,0.0,0.0,5.854994773864746,0.0,28,14000,47.6196847,-122.3628872,3.453634874572933
1269,1728412727.74,1,220,0,0,185,0,0,3,476196857,-1223628804,0.0,0.6000000238418579,6.310580730438232,0.0,0.0,0.0,0.0,6.310580730438232,0.0,28,13799,47.6196857,-122.3628804,3.469210691425033
1270,1728412727.988,1,220,0,0,185,0,0,3,476196882,-1223628724,0.0,0.6000000238418579,6.077548503875732,0.0,0.0,0.0,0.0,6.077548503875732,0.0,28,13799,47.6196882,-122.3628724,3.4512511750703765
1271,1728412728.2419999,1,220,0,0,185,0,0,3,476196882,-1223628724,0.0,0.6000000238418579,6.077548503875732,0.0,0.0,0.0,0.0,6.077548503875732,0.0,28,13799,47.6196882,-122.3628724,3.463203406012673
1272,1728412728.504,1,220,0,0,185,0,0,3,476196896,-1223628644,0.0,0.6000000238418579,5.974442005157471,0.0,0.0,0.0,0.0,5.974442005157471,0.0,28,13700,47.6196896,-122.3628644,3.4644032553944526
1273,1728412728.7589998,1,220,0,0,185,0,0,3,476196896,-1223628644,0.0,0.6000000238418579,5.974442005157471,0.0,0.0,0.0,0.0,5.974442005157471,0.0,28,13700,47.6196896,-122.3628644,3.4506556222975835
1274,1728412729.021,1,220,0,0,185,0,0,3,476196849,-1223628682,0.0,0.6000000238418579,5.833505630493164,0.0,0.0,0.0,0.0,5.833505630493164,0.0,28,13700,47.6196849,-122.3628682,3.4554250958462895
1275,1728412729.266,1,220,0,0,185,0,0,3,476196849,-1223628682,0.0,0.6000000238418579,5.833505630493164,0.0,0.0,0.0,0.0,5.833505630493164,0.0,28,13700,47.6196849,-122.3628682,3.4764470584149554
1276,1728412729.5749998,1,220,0,0,185,0,0,3,476196835,-1223628678,0.0,0.6000000238418579,5.752410411834717,0.0,0.0,0.0,0.0,5.752410411834717,0.0,28,13700,47.6196835,-122.3628678,3.4812881459359115
1277,1728412729.8079998,1,220,0,0,185,0,0,3,476196835,-1223628678,0.0,0.6000000238418579,5.752410411834717,0.0,0.0,0.0,0.0,5.752410411834717,0.0,28,13700,47.6196835,-122.3628678,3.4837136769332284
1278,1728412730.056,1,220,0,0,185,0,0,3,476196756,-1223628814,0.0,0.6000000238418579,5.675273418426514,0.0,0.0,0.0,0.0,5.675273418426514,0.0,28,13700,47.6196756,-122.3628814,3.1816735535348513
1279,1728412730.316,1,220,0,0,185,0,0,3,476196756,-1223628814,0.0,0.6000000238418579,5.675273418426514,0.0,0.0,0.0,0.0,5.675273418426514,0.0,28,13700,47.6196756,-122.3628814,3.4965034790147262
1280,1728412730.5879998,1,220,0,0,185,0,0,3,476196732,-1223628868,0.0,0.6000000238418579,5.651613712310791,0.0,0.0,0.0,0.0,5.651613712310791,0.0,28,13700,47.6196732,-122.3628868,3.493449839853509
1281,1728412730.846,1,220,0,0,185,0,0,3,476196732,-1223628868,0.0,0.6000000238418579,5.651613712310791,0.0,0.0,0.0,0.0,5.651613712310791,0.0,28,13700,47.6196732,-122.3628868,3.4794710326411122
1282,1728412731.1039999,1,220,0,0,185,0,0,3,476196733,-1223628886,0.0,0.6000000238418579,5.690892219543457,0.0,0.0,0.0,0.0,5.690892219543457,0.0,28,13700,47.6196733,-122.3628886,3.4843205517022526
1283,1728412731.365,1,220,0,0,185,0,0,3,476196733,-1223628886,0.0,0.6000000238418579,5.690892219543457,0.0,0.0,0.0,0.0,5.690892219543457,0.0,28,13700,47.6196733,-122.3628886,3.477655959471413
1284,1728412731.6499999,1,220,0,0,185,0,0,3,476196753,-1223628871,0.0,0.6000000238418579,5.7535505294799805,0.0,0.0,0.0,0.0,5.7535505294799805,0.0,28,13700,47.6196753,-122.3628871,3.4855350806060903
1285,1728412731.878,1,220,0,0,185,0,0,3,476196753,-1223628871,0.0,0.6000000238418579,5.710799217224121,0.0,0.0,0.0,0.0,5.710799217224121,0.0,28,13700,47.6196753,-122.3628871,3.4488706219621057
1286,1728412732.1369998,1,220,0,0,185,0,0,3,476196782,-1223628826,0.0,0.6000000238418579,5.710799217224121,0.0,0.0,0.0,0.0,5.710799217224121,0.0,28,13600,47.6196782,-122.3628826,3.511852396338996
1287,1728412732.406,1,220,0,0,185,0,0,3,476196782,-1223628826,0.0,0.6000000238418579,5.710799217224121,0.0,0.0,0.0,0.0,5.710799217224121,0.0,28,13600,47.6196782,-122.3628826,3.4704147076668845
1288,1728412733.202,1,220,0,0,185,0,0,3,476196840,-1223628720,0.0,0.6000000238418579,6.277922630310059,0.0,0.0,0.0,0.0,6.277922630310059,0.0,28,13600,47.619684,-122.362872,3.454828101811693
1289,1728412733.46,1,220,0,0,185,0,0,3,476196811,-1223628731,0.0,0.6000000238418579,6.0445780754089355,0.0,0.0,0.0,0.0,6.0445780754089355,0.0,28,13600,47.6196811,-122.3628731,3.463803298310907
1290,1728412733.7129998,1,220,0,0,185,0,0,3,476196811,-1223628731,0.0,0.6000000238418579,6.0445780754089355,0.0,0.0,0.0,0.0,6.0445780754089355,0.0,28,13600,47.6196811,-122.3628731,3.4831068689047453
1291,1728412733.99,1,220,0,0,185,0,0,3,476196809,-1223628710,0.0,0.6000000238418579,5.999869346618652,0.0,0.0,0.0,0.0,5.999869346618652,0.0,27,13600,47.6196809,-122.362871,3.4680076537036055
1292,1728412734.244,1,220,0,0,185,0,0,3,476196809,-1223628710,0.0,0.6000000238418579,5.999869346618652,0.0,0.0,0.0,0.0,5.999869346618652,0.0,27,13600,47.6196809,-122.362871,3.482500416806986
1293,1728412734.51,1,220,0,0,185,0,0,3,476196814,-1223628672,0.0,0.6000000238418579,6.004007816314697,0.0,0.0,0.0,0.0,6.004007816314697,0.0,27,13600,47.6196814,-122.3628672,3.4812881459359115
1294,1728412734.7589998,1,220,0,0,185,0,0,3,476196814,-1223628672,0.0,0.6000000238418579,6.004007816314697,0.0,0.0,0.0,0.0,6.004007816314697,0.0,27,13600,47.6196814,-122.3628672,3.4965034790147262
1295,1728412735.0649998,1,220,0,0,185,0,0,3,476196792,-1223628688,0.0,0.6000000238418579,5.875339508056641,0.0,0.0,0.0,0.0,5.875339508056641,0.0,27,13600,47.6196792,-122.3628688,3.454231456263985
1296,1728412735.27,1,220,0,0,185,0,0,3,476196792,-1223628688,0.0,0.6000000238418579,5.875339508056641,0.0,0.0,0.0,0.0,5.875339508056641,0.0,27,13600,47.6196792,-122.3628688,3.4566194182248795
1297,1728412735.5709999,1,220,0,0,185,0,0,3,476196793,-1223628667,0.0,0.6000000238418579,5.831897735595703,0.0,0.0,0.0,0.0,5.831897735595703,0.0,27,13600,47.6196793,-122.3628667,2.9329813731071046
1298,1728412735.845,1,220,0,0,185,0,0,3,476196793,-1223628667,0.0,0.6000000238418579,5.831897735595703,0.0,0.0,0.0,0.0,5.831897735595703,0.0,27,13600,47.6196793,-122.3628667,3.180155810274768
1299,1728412736.09,1,220,0,0,185,0,0,3,476196817,-1223628613,0.0,0.6000000238418579,5.84230375289917,0.0,0.0,0.0,0.0,5.84230375289917,0.0,27,13600,47.6196817,-122.3628613,3.183699546735223
1300,1728412736.33,1,220,0,0,185,0,0,3,476196817,-1223628613,0.0,0.6000000238418579,5.84230375289917,0.0,0.0,0.0,0.0,5.84230375289917,0.0,27,13600,47.6196817,-122.3628613,3.1725887624143407
1301,1728412736.613,1,220,0,0,185,0,0,3,476196838,-1223628553,0.0,0.6000000238418579,5.883166790008545,0.0,0.0,0.0,0.0,5.883166790008545,0.0,27,13700,47.6196838,-122.3628553,3.1660598825049675
1302,1728412736.847,1,220,0,0,185,0,0,3,476196838,-1223628553,0.0,0.6000000238418579,5.883166790008545,0.0,0.0,0.0,0.0,5.883166790008545,0.0,27,13700,47.6196838,-122.3628553,3.167564197715237
1303,1728412737.11,1,220,0,0,185,0,0,3,476196782,-1223628633,0.0,0.6000000238418579,5.8217315673828125,0.0,0.0,0.0,0.0,5.8217315673828125,0.0,27,13700,47.6196782,-122.3628633,3.1660598825049675
1304,1728412737.37,1,220,0,0,185,0,0,3,476196782,-1223628633,0.0,0.6000000238418579,5.8217315673828125,0.0,0.0,0.0,0.0,5.8217315673828125,0.0,27,13700,47.6196782,-122.3628633,3.1746030784908754
1305,1728412737.668,1,220,0,0,185,0,0,3,476196771,-1223628637,0.0,0.6000000238418579,5.9170050621032715,0.0,0.0,0.0,0.0,5.9170050621032715,0.0,27,13700,47.6196771,-122.3628637,3.2
1306,1728412737.9229999,1,220,0,0,185,0,0,3,476196771,-1223628637,0.0,0.6000000238418579,5.9170050621032715,0.0,0.0,0.0,0.0,5.9170050621032715,0.0,27,13700,47.6196771,-122.3628637,3.157562425562417
1307,1728412739.225,1,220,0,0,185,0,0,3,476196756,-1223628640,0.0,0.6000000238418579,6.991238117218018,0.0,0.0,0.0,0.0,6.991238117218018,0.0,27,13600,47.6196756,-122.362864,3.1735956608575564
1308,1728412739.491,1,220,0,0,185,0,0,3,476196771,-1223628600,0.0,0.6000000238418579,6.586625099182129,0.0,0.0,0.0,0.0,6.586625099182129,0.0,27,13600,47.6196771,-122.36286,3.196420025179319
1309,1728412739.7419999,1,220,0,0,185,0,0,3,476196771,-1223628600,0.0,0.6000000238418579,6.586625099182129,0.0,0.0,0.0,0.0,6.586625099182129,0.0,27,13600,47.6196771,-122.36286,3.1877590412760934
1310,1728412740.017,1,220,0,0,185,0,0,3,476196841,-1223628463,0.0,0.6000000238418579,6.32660436630249,0.0,0.0,0.0,0.0,6.32660436630249,0.0,27,13600,47.6196841,-122.3628463,3.1655586819324495
1311,1728412740.307,1,220,0,0,185,0,0,3,476196841,-1223628463,0.0,0.6000000238418579,6.32660436630249,0.0,0.0,0.0,0.0,6.32660436630249,0.0,27,13600,47.6196841,-122.3628463,3.178639514332416
1312,1728412740.5579998,1,220,0,0,185,0,0,3,476196687,-1223628807,0.0,0.6000000238418579,5.537541389465332,0.0,0.0,0.0,0.0,5.537541389465332,0.0,27,13600,47.6196687,-122.3628807,3.1766200743141924
1313,1728412740.827,1,220,0,0,185,0,0,3,476196687,-1223628807,0.0,0.6000000238418579,5.558699131011963,0.0,0.0,0.0,0.0,5.558699131011963,0.0,27,13600,47.6196687,-122.3628807,3.155071784528278
1314,1728412741.059,1,220,0,0,185,0,0,3,476196634,-1223628910,0.0,0.6000000238418579,5.558699131011963,0.0,0.0,0.0,0.0,5.558699131011963,0.0,27,13600,47.6196634,-122.362891,3.166059763010353
1315,1728412741.3149998,1,220,0,0,185,0,0,3,476196634,-1223628910,0.0,0.6000000238418579,5.558699131011963,0.0,0.0,0.0,0.0,5.558699131011963,0.0,27,13600,47.6196634,-122.362891,3.189792673180298
1316,1728412741.6039999,1,220,0,0,185,0,0,3,476196628,-1223628934,0.0,0.6000000238418579,5.569992542266846,0.0,0.0,0.0,0.0,5.569992542266846,0.0,27,13600,47.6196628,-122.3628934,3.034901295434114
1317,1728412741.873,1,220,0,0,185,0,0,3,476196624,-1223628950,0.0,0.6000000238418579,5.5633625984191895,0.0,0.0,0.0,0.0,5.5633625984191895,0.0,27,13600,47.6196624,-122.362895,3.6218760830461725
1318,1728412742.102,1,220,0,0,185,0,0,3,476196624,-1223628950,0.0,0.6000000238418579,5.5633625984191895,0.0,0.0,0.0,0.0,5.5633625984191895,0.0,27,13600,47.6196624,-122.362895,3.600359992736281
1319,1728412742.3639998,1,220,0,0,185,0,0,3,476196624,-1223628950,0.0,0.6000000238418579,5.5633625984191895,0.0,0.0,0.0,0.0,5.5633625984191895,0.0,27,13600,47.6196624,-122.362895,3.602305445803232
1320,1728412742.648,1,220,0,0,185,0,0,3,476196660,-1223628894,0.0,0.6000000238418579,5.558389663696289,0.0,0.0,0.0,0.0,5.558389663696289,0.0,27,13600,47.619666,-122.3628894,3.6010083466250764
1321,1728412742.905,1,220,0,0,185,0,0,3,476196673,-1223628854,0.0,0.6000000238418579,5.478686332702637,0.0,0.0,0.0,0.0,5.478686332702637,0.0,27,13600,47.6196673,-122.3628854,3.638348203808547
1322,1728412743.143,1,220,0,0,185,0,0,3,476196673,-1223628854,0.0,0.6000000238418579,5.478686332702637,0.0,0.0,0.0,0.0,5.478686332702637,0.0,27,13600,47.6196673,-122.3628854,3.6205646980992463
1323,1728412743.449,1,220,0,0,185,0,0,3,476196700,-1223628788,0.0,0.6000000238418579,5.432608127593994,0.0,0.0,0.0,0.0,5.432608127593994,0.0,27,13600,47.61967,-122.3628788,3.6277888551574917
1324,1728412743.687,1,220,0,0,185,0,0,3,476196700,-1223628788,0.0,0.6000000238418579,5.432608127593994,0.0,0.0,0.0,0.0,5.432608127593994,0.0,27,13600,47.61967,-122.3628788,3.6199095959877323
1325,1728412743.938,1,220,0,0,185,0,0,3,476196700,-1223628788,0.0,0.6000000238418579,5.432608127593994,0.0,0.0,0.0,0.0,5.432608127593994,0.0,27,13600,47.61967,-122.3628788,3.5997120267454497
1326,1728412744.513,1,220,0,0,185,0,0,3,476196701,-1223628743,0.0,0.6000000238418579,5.922050952911377,0.0,0.0,0.0,0.0,5.922050952911377,0.0,27,13600,47.6196701,-122.3628743,3.6101083281073474
1327,1728412744.747,1,220,0,0,185,0,0,3,476196701,-1223628743,0.0,0.6000000238418579,5.922050952911377,0.0,0.0,0.0,0.0,5.922050952911377,0.0,27,13600,47.6196701,-122.3628743,3.6192544185960625
1328,1728412745.046,1,220,0,0,185,0,0,3,476196713,-1223628682,0.0,0.6000000238418579,5.6201043128967285,0.0,0.0,0.0,0.0,5.6201043128967285,0.0,27,13600,47.6196713,-122.3628682,3.597122339177876
1329,1728412745.294,1,220,0,0,185,0,0,3,476196713,-1223628682,0.0,0.6000000238418579,5.6201043128967285,0.0,0.0,0.0,0.0,5.6201043128967285,0.0,27,13600,47.6196713,-122.3628682,3.607503510696281
1330,1728412745.5709999,1,220,0,0,185,0,0,3,476196728,-1223628604,0.0,0.6000000238418579,5.4718523025512695,0.0,0.0,0.0,0.0,5.4718523025512695,0.0,27,13600,47.6196728,-122.3628604,3.6212203500077984
1331,1728412745.804,1,220,0,0,185,0,0,3,476196728,-1223628604,0.0,0.6000000238418579,5.4718523025512695,0.0,0.0,0.0,0.0,5.4718523025512695,0.0,27,13600,47.6196728,-122.3628604,3.5997120267454497
1332,1728412746.082,1,220,0,0,185,0,0,3,476196740,-1223628524,0.0,0.6000000238418579,5.4120306968688965,0.0,0.0,0.0,0.0,5.4120306968688965,0.0,27,13600,47.619674,-122.3628524,3.5958288151183955
1333,1728412746.34,1,220,0,0,185,0,0,3,476196740,-1223628524,0.0,0.6000000238418579,5.29191255569458,0.0,0.0,0.0,0.0,5.29191255569458,0.0,27,13600,47.619674,-122.3628524,3.631081973179469
1334,1728412746.5839999,1,220,0,0,185,0,0,3,476196723,-1223628505,0.0,0.6000000238418579,5.29191255569458,0.0,0.0,0.0,0.0,5.29191255569458,0.0,27,13600,47.6196723,-122.3628505,3.6042531573169114
1335,1728412746.8709998,1,220,0,0,185,0,0,3,476196728,-1223628452,0.0,0.6000000238418579,5.239628314971924,0.0,0.0,0.0,0.0,5.239628314971924,0.0,27,13600,47.6196728,-122.3628452,3.616636546740109
1336,1728412747.1439998,1,220,0,0,185,0,0,3,476196728,-1223628452,0.0,0.6000000238418579,5.239628314971924,0.0,0.0,0.0,0.0,5.239628314971924,0.0,27,13600,47.6196728,-122.3628452,3.639010312992069
1337,1728412747.399,1,220,0,0,185,0,0,3,476196735,-1223628389,0.0,0.6000000238418579,5.133788585662842,0.0,0.0,0.0,0.0,5.133788585662842,0.0,27,13600,47.6196735,-122.3628389,3.6284471263747835
1338,1728412747.662,1,220,0,0,185,0,0,3,476196735,-1223628389,0.0,0.6000000238418579,5.133788585662842,0.0,0.0,0.0,0.0,5.133788585662842,0.0,27,13600,47.6196735,-122.3628389,3.658313512363139
1339,1728412747.908,1,220,0,0,185,0,0,3,476196730,-1223628359,0.0,0.6000000238418579,5.082683086395264,0.0,0.0,0.0,0.0,5.082683086395264,0.0,27,13600,47.619673,-122.3628359,3.660322117289636
1340,1728412748.171,1,220,0,0,185,0,0,3,476196730,-1223628359,0.0,0.6000000238418579,5.082683086395264,0.0,0.0,0.0,0.0,5.082683086395264,0.0,27,13600,47.619673,-122.3628359,3.6549706786982066
1341,1728412748.461,1,220,0,0,185,0,0,3,476196698,-1223628387,0.0,0.6000000238418579,5.0920844078063965,0.0,0.0,0.0,0.0,5.0920844078063965,0.0,27,13600,47.6196698,-122.3628387,3.644979048972749
1342,1728412748.705,1,220,0,0,185,0,0,3,476196698,-1223628387,0.0,0.6000000238418579,5.0920844078063965,0.0,0.0,0.0,0.0,5.0920844078063965,0.0,27,13600,47.6196698,-122.3628387,3.644314924534089
1343,1728412748.957,1,220,0,0,185,0,0,3,476196685,-1223628389,0.0,0.6000000238418579,5.110659122467041,0.0,0.0,0.0,0.0,5.110659122467041,0.0,27,13600,47.6196685,-122.3628389,3.650967555966238
1344,1728412749.2359998,1,220,0,0,185,0,0,3,476196685,-1223628389,0.0,0.6000000238418579,5.110659122467041,0.0,0.0,0.0,0.0,5.110659122467041,0.0,27,13600,47.6196685,-122.3628389,3.6245015483380914
1345,1728412749.468,1,220,0,0,185,0,0,3,476196685,-1223628389,0.0,0.6000000238418579,5.110659122467041,0.0,0.0,0.0,0.0,5.110659122467041,0.0,27,13600,47.6196685,-122.3628389,3.6623327691939283
1346,1728412750.0089998,1,220,0,0,185,0,0,3,476196689,-1223628353,0.0,0.6000000238418579,5.598007678985596,0.0,0.0,0.0,0.0,5.598007678985596,0.0,27,13600,47.6196689,-122.3628353,3.660321957573538
1347,1728412750.2589998,1,220,0,0,185,0,0,3,476196689,-1223628353,0.0,0.6000000238418579,5.598007678985596,0.0,0.0,0.0,0.0,5.598007678985596,0.0,27,13600,47.6196689,-122.3628353,3.658313512363139
1348,1728412750.513,1,220,0,0,185,0,0,3,476196624,-1223628479,0.0,0.6000000238418579,5.252114772796631,0.0,0.0,0.0,0.0,5.252114772796631,0.0,27,13600,47.6196624,-122.3628479,3.656975772940062
1349,1728412750.758,1,220,0,0,185,0,0,3,476196624,-1223628479,0.0,0.6000000238418579,5.252114772796631,0.0,0.0,0.0,0.0,5.252114772796631,0.0,27,13600,47.6196624,-122.3628479,3.648303622631656
1350,1728412751.043,1,220,0,0,185,0,0,3,476196602,-1223628532,0.0,0.6000000238418579,5.161896705627441,0.0,0.0,0.0,0.0,5.161896705627441,0.0,27,13600,47.6196602,-122.3628532,3.6536353824671313
1351,1728412751.291,1,220,0,0,185,0,0,3,476196602,-1223628532,0.0,0.6000000238418579,5.161896705627441,0.0,0.0,0.0,0.0,5.161896705627441,0.0,27,13600,47.6196602,-122.3628532,3.665017397303611
1352,1728412751.57,1,220,0,0,185,0,0,3,476196591,-1223628564,0.0,0.6000000238418579,5.142984867095947,0.0,0.0,0.0,0.0,5.142984867095947,0.0,27,13600,47.6196591,-122.3628564,3.646973033962953
1353,1728412751.8179998,1,220,0,0,185,0,0,3,476196591,-1223628564,0.0,0.6000000238418579,5.142984867095947,0.0,0.0,0.0,0.0,5.142984867095947,0.0,27,13600,47.6196591,-122.3628564,3.644314924534089
1354,1728412752.102,1,220,0,0,185,0,0,3,476196583,-1223628585,0.0,0.6000000238418579,5.175332069396973,0.0,0.0,0.0,0.0,5.175332069396973,0.0,27,13600,47.6196583,-122.3628585,3.6663610276063356
1355,1728412752.332,1,220,0,0,185,0,0,3,476196583,-1223628585,0.0,0.6000000238418579,5.175332069396973,0.0,0.0,0.0,0.0,5.175332069396973,0.0,27,13600,47.6196583,-122.3628585,3.66300363741163
1356,1728412752.608,1,220,0,0,185,0,0,3,476196578,-1223628604,0.0,0.6000000238418579,5.0975470542907715,0.0,0.0,0.0,0.0,5.0975470542907715,0.0,27,13600,47.6196578,-122.3628604,3.667705803806827
1357,1728412752.866,1,220,0,0,185,0,0,3,476196578,-1223628604,0.0,0.6000000238418579,5.097416400909424,0.0,0.0,0.0,0.0,5.097416400909424,0.0,27,13600,47.6196578,-122.3628604,3.6549706786982066
1358,1728412753.1309998,1,220,0,0,185,0,0,3,476196576,-1223628612,0.0,0.6000000238418579,5.097416400909424,0.0,0.0,0.0,0.0,5.097416400909424,0.0,27,13600,47.6196576,-122.3628612,3.6153291083709447
1359,1728412753.3899999,1,220,0,0,185,0,0,3,476196576,-1223628612,0.0,0.6000000238418579,5.0211663246154785,0.0,0.0,0.0,0.0,5.0211663246154785,0.0,27,13600,47.6196576,-122.3628612,3.6192544185960625
1360,1728412753.645,1,220,0,0,185,0,0,3,476196576,-1223628613,0.0,0.6000000238418579,5.0211663246154785,0.0,0.0,0.0,0.0,5.0211663246154785,0.0,27,13600,47.6196576,-122.3628613,3.633720964231625
1361,1728412753.918,1,220,0,0,185,0,0,3,476196573,-1223628618,0.0,0.6000000238418579,4.929718017578125,0.0,0.0,0.0,0.0,4.929718017578125,0.0,27,13600,47.6196573,-122.3628618,3.6357026474301026
1362,1728412754.189,1,220,0,0,185,0,0,3,476196573,-1223628618,0.0,0.6000000238418579,4.929718017578125,0.0,0.0,0.0,0.0,4.929718017578125,0.0,27,13600,47.6196573,-122.3628618,3.6416605289367303
1363,1728412754.445,1,220,0,0,185,0,0,3,476196568,-1223628625,0.0,0.6000000238418579,4.805288314819336,0.0,0.0,0.0,0.0,4.805288314819336,0.0,27,13600,47.6196568,-122.3628625,3.6363636363636362
1364,1728412754.691,1,220,0,0,185,0,0,3,476196568,-1223628625,0.0,0.6000000238418579,4.805288314819336,0.0,0.0,0.0,0.0,4.805288314819336,0.0,27,13600,47.6196568,-122.3628625,3.633720964231625
1365,1728412754.928,1,220,0,0,185,0,0,3,476196568,-1223628625,0.0,0.6000000238418579,4.805288314819336,0.0,0.0,0.0,0.0,4.805288314819336,0.0,27,13600,47.6196568,-122.3628625,3.6192544185960625
1366,1728412755.462,1,220,0,0,185,0,0,3,476196549,-1223628661,0.0,0.6000000238418579,5.090476989746094,0.0,0.0,0.0,0.0,5.090476989746094,0.0,27,13600,47.6196549,-122.3628661,3.64365104206166
1367,1728412755.731,1,220,0,0,185,0,0,3,476196549,-1223628661,0.0,0.6000000238418579,5.090476989746094,0.0,0.0,0.0,0.0,5.090476989746094,0.0,27,13600,47.6196549,-122.3628661,3.6357026474301026
1368,1728412756.0449998,1,220,0,0,185,0,0,3,476196537,-1223628692,0.0,0.6000000238418579,4.726588249206543,0.0,0.0,0.0,0.0,4.726588249206543,0.0,27,13600,47.6196537,-122.3628692,3.6245015483380914
1369,1728412756.284,1,220,0,0,185,0,0,3,476196537,-1223628692,0.0,0.6000000238418579,4.726588249206543,0.0,0.0,0.0,0.0,4.726588249206543,0.0,27,13600,47.6196537,-122.3628692,3.633060778243268
1370,1728412756.547,1,220,0,0,185,0,0,3,476196504,-1223628767,0.0,0.6000000238418579,4.634932994842529,0.0,0.0,0.0,0.0,4.634932994842529,0.0,27,13600,47.6196504,-122.3628767,3.6277888551574917
1371,1728412756.7919998,1,220,0,0,185,0,0,3,476196504,-1223628767,0.0,0.6000000238418579,4.634932994842529,0.0,0.0,0.0,0.0,4.634932994842529,0.0,27,13600,47.6196504,-122.3628767,3.633720964231625
1372,1728412757.062,1,220,0,0,185,0,0,3,476196483,-1223628827,0.0,0.6000000238418579,4.552085876464844,0.0,0.0,0.0,0.0,4.552085876464844,0.0,27,13600,47.6196483,-122.3628827,3.646973033962953
1373,1728412757.3179998,1,220,0,0,185,0,0,3,476196483,-1223628827,0.0,0.6000000238418579,4.552085876464844,0.0,0.0,0.0,0.0,4.552085876464844,0.0,27,13600,47.6196483,-122.3628827,3.631741440136545
1374,1728412757.606,1,220,0,0,185,0,0,3,476196489,-1223628822,0.0,0.6000000238418579,4.560582637786865,0.0,0.0,0.0,0.0,4.560582637786865,0.0,27,13600,47.6196489,-122.3628822,3.640334938615678
1375,1728412757.858,1,220,0,0,185,0,0,3,476196465,-1223628882,0.0,0.6000000238418579,4.5186004638671875,0.0,0.0,0.0,0.0,4.5186004638671875,0.0,27,13600,47.6196465,-122.3628882,3.609456848818006
1376,1728412758.097,1,220,0,0,185,0,0,3,476196465,-1223628882,0.0,0.6000000238418579,4.5186004638671875,0.0,0.0,0.0,0.0,4.5186004638671875,0.0,27,13600,47.6196465,-122.3628882,3.615328952557203
1377,1728412758.3669999,1,220,0,0,185,0,0,3,476196465,-1223628882,0.0,0.6000000238418579,4.5186004638671875,0.0,0.0,0.0,0.0,4.5186004638671875,0.0,27,13600,47.6196465,-122.3628882,3.638348203808547
1378,1728412758.649,1,220,0,0,185,0,0,3,476196444,-1223628940,0.0,0.6000000238418579,4.5452656745910645,0.0,0.0,0.0,0.0,4.5452656745910645,0.0,27,13600,47.6196444,-122.362894,3.6556386928892524
1379,1728412758.895,1,220,0,0,185,0,0,3,476196494,-1223628855,0.0,0.6000000238418579,4.516359806060791,0.0,0.0,0.0,0.0,4.516359806060791,0.0,27,13600,47.6196494,-122.3628855,3.646973033962953
1380,1728412759.158,1,220,0,0,185,0,0,3,476196494,-1223628855,0.0,0.6000000238418579,4.516359806060791,0.0,0.0,0.0,0.0,4.516359806060791,0.0,27,13600,47.6196494,-122.3628855,3.6343812327362617
1381,1728412759.422,1,220,0,0,185,0,0,3,476196509,-1223628805,0.0,0.6000000238418579,4.482728481292725,0.0,0.0,0.0,0.0,4.482728481292725,0.0,27,13600,47.6196509,-122.3628805,3.610760042613178
1382,1728412759.6729999,1,220,0,0,185,0,0,3,476196509,-1223628805,0.0,0.6000000238418579,4.482728481292725,0.0,0.0,0.0,0.0,4.482728481292725,0.0,27,13600,47.6196509,-122.3628805,3.631741440136545
1383,1728412759.952,1,220,0,0,185,0,0,3,476196510,-1223628786,0.0,0.6000000238418579,4.51432466506958,0.0,0.0,0.0,0.0,4.51432466506958,0.0,27,13600,47.619651,-122.3628786,3.6159825535021453
1384,1728412760.185,1,220,0,0,185,0,0,3,476196510,-1223628786,0.0,0.6000000238418579,4.51432466506958,0.0,0.0,0.0,0.0,4.51432466506958,0.0,27,13600,47.619651,-122.3628786,3.6536353824671313
1385,1728412760.4689999,1,220,0,0,185,0,0,3,476196510,-1223628786,0.0,0.6000000238418579,4.51432466506958,0.0,0.0,0.0,0.0,4.51432466506958,0.0,27,13600,47.619651,-122.3628786,3.644314924534089
1386,1728412760.994,1,220,0,0,185,0,0,3,476196498,-1223628791,0.0,0.6000000238418579,4.92946195602417,0.0,0.0,0.0,0.0,4.92946195602417,0.0,27,13600,47.6196498,-122.3628791,3.6062026661095254
1387,1728412761.228,1,220,0,0,185,0,0,3,476196498,-1223628791,0.0,0.6000000238418579,4.92946195602417,0.0,0.0,0.0,0.0,4.92946195602417,0.0,27,13600,47.6196498,-122.3628791,3.625158627008024
1388,1728412761.516,1,220,0,0,185,0,0,3,476196511,-1223628748,0.0,0.6000000238418579,4.601676940917969,0.0,0.0,0.0,0.0,4.601676940917969,0.0,27,13600,47.6196511,-122.3628748,3.668378642120456
1389,1728412761.768,1,220,0,0,185,0,0,3,476196511,-1223628748,0.0,0.6000000238418579,4.601676940917969,0.0,0.0,0.0,0.0,4.601676940917969,0.0,27,13600,47.6196511,-122.3628748,3.660322117289636
1390,1728412762.05,1,220,0,0,185,0,0,3,476196512,-1223628724,0.0,0.6000000238418579,4.532380104064941,0.0,0.0,0.0,0.0,4.532380104064941,0.0,27,13600,47.6196512,-122.3628724,3.658313512363139
1391,1728412762.3309999,1,220,0,0,185,0,0,3,476196512,-1223628724,0.0,0.6000000238418579,4.532380104064941,0.0,0.0,0.0,0.0,4.532380104064941,0.0,27,13600,47.6196512,-122.3628724,3.6563071106749936
1392,1728412762.569,1,220,0,0,185,0,0,3,476196510,-1223628713,0.0,0.6000000238418579,4.578835964202881,0.0,0.0,0.0,0.0,4.578835964202881,0.0,27,13600,47.619651,-122.3628713,3.6589827491554807
1393,1728412762.849,1,220,0,0,185,0,0,3,476196510,-1223628713,0.0,0.6000000238418579,4.609023571014404,0.0,0.0,0.0,0.0,4.609023571014404,0.0,27,13600,47.619651,-122.3628713,3.6536353824671313
1394,1728412763.08,1,220,0,0,185,0,0,3,476196571,-1223628563,0.0,0.6000000238418579,4.609023571014404,0.0,0.0,0.0,0.0,4.609023571014404,0.0,27,13600,47.6196571,-122.3628563,3.6456434155099497
1395,1728412763.346,1,220,0,0,185,0,0,3,476196571,-1223628563,0.0,0.6000000238418579,4.609023571014404,0.0,0.0,0.0,0.0,4.609023571014404,0.0,27,13600,47.6196571,-122.3628563,3.6643459513899543
1396,1728412763.643,1,220,0,0,185,0,0,3,476196562,-1223628543,0.0,0.6000000238418579,4.691814422607422,0.0,0.0,0.0,0.0,4.691814422607422,0.0,27,13600,47.6196562,-122.3628543,3.660322117289636
1397,1728412763.8839998,1,220,0,0,185,0,0,3,476196554,-1223628527,0.0,0.5,4.624271392822266,0.0,0.0,0.0,0.0,4.624271392822266,0.0,27,13600,47.6196554,-122.3628527,3.63504174123386
1398,1728412764.1009998,1,220,0,0,185,0,0,3,476196554,-1223628527,0.0,0.5,4.624271392822266,0.0,0.0,0.0,0.0,4.624271392822266,0.0,27,13600,47.6196554,-122.3628527,3.651634107534223
1399,1728412764.359,1,220,0,0,185,0,0,3,476196554,-1223628527,0.0,0.5,4.624271392822266,0.0,0.0,0.0,0.0,4.624271392822266,0.0,27,13600,47.6196554,-122.3628527,3.6523009025292525
1400,1728412764.625,1,220,0,0,185,0,0,3,476196553,-1223628498,0.0,0.5,4.567287445068359,0.0,0.0,0.0,0.0,4.567287445068359,0.0,27,13600,47.6196553,-122.3628498,3.657644520336085
1401,1728412764.892,1,220,0,0,185,0,0,3,476196552,-1223628469,0.0,0.5,4.561046600341797,0.0,0.0,0.0,0.0,4.561046600341797,0.0,28,13600,47.6196552,-122.3628469,3.687995508252083
1402,1728412765.139,1,220,0,0,185,0,0,3,476196552,-1223628469,0.0,0.5,4.561046600341797,0.0,0.0,0.0,0.0,4.561046600341797,0.0,28,13600,47.6196552,-122.3628469,3.651634107534223
1403,1728412765.4259999,1,220,0,0,185,0,0,3,476196546,-1223628460,0.0,0.5,4.559697151184082,0.0,0.0,0.0,0.0,4.559697151184082,0.0,28,13600,47.6196546,-122.362846,3.6697247385346583
1404,1728412765.671,1,220,0,0,185,0,0,3,476196546,-1223628460,0.0,0.5,4.559697151184082,0.0,0.0,0.0,0.0,4.559697151184082,0.0,28,13600,47.6196546,-122.362846,3.6370248656830646
1405,1728412765.9269998,1,220,0,0,185,0,0,3,476196546,-1223628460,0.0,0.5,4.559697151184082,0.0,0.0,0.0,0.0,4.559697151184082,0.0,28,13600,47.6196546,-122.362846,3.6456434155099497
1406,1728412766.458,1,220,0,0,185,0,0,3,476196546,-1223628460,0.0,0.5,4.913404941558838,0.0,0.0,0.0,0.0,4.913404941558838,0.0,28,13600,47.6196546,-122.362846,3.6656890893306247
1407,1728412766.73,1,220,0,0,185,0,0,3,476196550,-1223628424,0.0,0.5,4.913404941558838,0.0,0.0,0.0,0.0,4.913404941558838,0.0,28,13600,47.619655,-122.3628424,3.6663610276063356
1408,1728412766.993,1,220,0,0,185,0,0,3,476196555,-1223628390,0.0,0.5,4.5877180099487305,0.0,0.0,0.0,0.0,4.5877180099487305,0.0,28,13600,47.6196555,-122.362839,3.6094566935100194
1409,1728412767.244,1,220,0,0,185,0,0,3,476196555,-1223628390,0.0,0.5,4.5877180099487305,0.0,0.0,0.0,0.0,4.5877180099487305,0.0,28,13600,47.6196555,-122.362839,3.629764071618172
1410,1728412767.518,1,220,0,0,185,0,0,3,476196551,-1223628377,0.0,0.5,4.39666223526001,0.0,0.0,0.0,0.0,4.39666223526001,0.0,28,13600,47.6196551,-122.3628377,3.642987243216351
1411,1728412767.754,1,220,0,0,185,0,0,3,476196551,-1223628377,0.0,0.5,4.39666223526001,0.0,0.0,0.0,0.0,4.39666223526001,0.0,28,13600,47.6196551,-122.3628377,3.6304229027939896
1412,1728412768.046,1,220,0,0,185,0,0,3,476196555,-1223628352,0.0,0.5,4.3353776931762695,0.0,0.0,0.0,0.0,4.3353776931762695,0.0,28,13600,47.6196555,-122.3628352,3.625815787243145
1413,1728412768.299,1,220,0,0,185,0,0,3,476196555,-1223628352,0.0,0.5,4.3353776931762695,0.0,0.0,0.0,0.0,4.3353776931762695,0.0,28,13600,47.6196555,-122.3628352,3.63504174123386
1414,1728412768.579,1,220,0,0,185,0,0,3,476196532,-1223628400,0.0,0.5,4.327057838439941,0.0,0.0,0.0,0.0,4.327057838439941,0.0,28,13600,47.6196532,-122.36284,3.6343812327362617
1415,1728412768.832,1,220,0,0,185,0,0,3,476196532,-1223628400,0.0,0.5,4.327057838439941,0.0,0.0,0.0,0.0,4.327057838439941,0.0,28,13600,47.6196532,-122.36284,3.643650883797114
1416,1728412769.099,1,220,0,0,185,0,0,3,476196523,-1223628421,0.0,0.5,4.334542751312256,0.0,0.0,0.0,0.0,4.334542751312256,0.0,28,13600,47.6196523,-122.3628421,3.61990943977892
1417,1728412769.339,1,220,0,0,185,0,0,3,476196523,-1223628421,0.0,0.5,4.334542751312256,0.0,0.0,0.0,0.0,4.334542751312256,0.0,28,13600,47.6196523,-122.3628421,3.650967555966238
1418,1728412769.642,1,220,0,0,185,0,0,3,476196562,-1223628315,0.0,0.5,4.342874526977539,0.0,0.0,0.0,0.0,4.342874526977539,0.0,28,13600,47.6196562,-122.3628315,3.6218762394247626
1419,1728412769.869,1,220,0,0,185,0,0,3,476196562,-1223628315,0.0,0.5,4.3831939697265625,0.0,0.0,0.0,0.0,4.3831939697265625,0.0,28,13600,47.6196562,-122.3628315,3.644314924534089
1420,1728412770.115,1,220,0,0,185,0,0,3,476196583,-1223628227,0.0,0.5,4.3831939697265625,0.0,0.0,0.0,0.0,4.3831939697265625,0.0,28,13600,47.6196583,-122.3628227,3.640334938615678
1421,1728412770.401,1,220,0,0,185,0,0,3,476196583,-1223628227,0.0,0.5,4.378242015838623,0.0,0.0,0.0,0.0,4.378242015838623,0.0,28,13600,47.6196583,-122.3628227,3.6416606870284185
1422,1728412770.655,1,220,0,0,185,0,0,3,476196551,-1223628271,0.0,0.5,4.378242015838623,0.0,0.0,0.0,0.0,4.378242015838623,0.0,28,13600,47.6196551,-122.3628271,3.62713097957608
1423,1728412770.928,1,220,0,0,185,0,0,3,476196537,-1223628289,0.0,0.5,4.345566272735596,0.0,0.0,0.0,0.0,4.345566272735596,0.0,28,13600,47.6196537,-122.3628289,3.642323844337459
1424,1728412771.174,1,220,0,0,185,0,0,3,476196537,-1223628289,0.0,0.5,4.345566272735596,0.0,0.0,0.0,0.0,4.345566272735596,0.0,28,13600,47.6196537,-122.3628289,3.642987243216351
1425,1728412771.416,1,220,0,0,185,0,0,3,476196537,-1223628289,0.0,0.5,4.345566272735596,0.0,0.0,0.0,0.0,4.345566272735596,0.0,28,13600,47.6196537,-122.3628289,3.6416606870284185
1426,1728412771.983,1,220,0,0,185,0,0,3,476196550,-1223628246,0.0,0.6000000238418579,4.809561729431152,0.0,0.0,0.0,0.0,4.809561729431152,0.0,28,13600,47.619655,-122.3628246,3.651634107534223
1427,1728412772.208,1,220,0,0,185,0,0,3,476196550,-1223628246,0.0,0.6000000238418579,4.809561729431152,0.0,0.0,0.0,0.0,4.809561729431152,0.0,28,13600,47.619655,-122.3628246,3.6416606870284185
1428,1728412772.5149999,1,220,0,0,185,0,0,3,476196520,-1223628309,0.0,0.6000000238418579,4.575653076171875,0.0,0.0,0.0,0.0,4.575653076171875,0.0,28,13600,47.619652,-122.3628309,3.651634107534223
1429,1728412772.7319999,1,220,0,0,185,0,0,3,476196520,-1223628309,0.0,0.6000000238418579,4.575653076171875,0.0,0.0,0.0,0.0,4.575653076171875,0.0,28,13600,47.619652,-122.3628309,3.6523009025292525
1430,1728412773.0119998,1,220,0,0,185,0,0,3,476196490,-1223628386,0.0,0.6000000238418579,4.444100856781006,0.0,0.0,0.0,0.0,4.444100856781006,0.0,28,13600,47.619649,-122.3628386,3.618599634421966
1431,1728412773.2459998,1,220,0,0,185,0,0,3,476196490,-1223628386,0.0,0.6000000238418579,4.444100856781006,0.0,0.0,0.0,0.0,4.444100856781006,0.0,28,13600,47.619649,-122.3628386,3.6107601980333457
1432,1728412773.56,1,220,0,0,185,0,0,3,476196479,-1223628434,0.0,0.6000000238418579,4.384362697601318,0.0,0.0,0.0,0.0,4.384362697601318,0.0,28,13600,47.6196479,-122.3628434,3.62713097957608
1433,1728412773.79,1,220,0,0,185,0,0,3,476196479,-1223628434,0.0,0.6000000238418579,4.384362697601318,0.0,0.0,0.0,0.0,4.384362697601318,0.0,28,13600,47.6196479,-122.3628434,3.62713097957608
1434,1728412774.069,1,220,0,0,185,0,0,3,476196475,-1223628464,0.0,0.6000000238418579,4.344214916229248,0.0,0.0,0.0,0.0,4.344214916229248,0.0,27,13600,47.6196475,-122.3628464,3.5938905033614024
1435,1728412774.324,1,220,0,0,185,0,0,3,476196475,-1223628464,0.0,0.6000000238418579,4.344214916229248,0.0,0.0,0.0,0.0,4.344214916229248,0.0,27,13600,47.6196475,-122.3628464,3.5676061702694835
1436,1728412774.576,1,220,0,0,185,0,0,3,476196470,-1223628489,0.0,0.6000000238418579,4.3254899978637695,0.0,0.0,0.0,0.0,4.3254899978637695,0.0,27,13600,47.619647,-122.3628489,3.6075036658362296
1437,1728412774.8309999,1,220,0,0,185,0,0,3,476196470,-1223628489,0.0,0.6000000238418579,4.3254899978637695,0.0,0.0,0.0,0.0,4.3254899978637695,0.0,27,13600,47.619647,-122.3628489,3.5835871131961925
1438,1728412775.119,1,220,0,0,185,0,0,3,476196463,-1223628510,0.0,0.6000000238418579,4.355636119842529,0.0,0.0,0.0,0.0,4.355636119842529,0.0,27,13600,47.6196463,-122.362851,3.5945362210261873
1439,1728412775.345,1,220,0,0,185,0,0,3,476196463,-1223628510,0.0,0.6000000238418579,4.355636119842529,0.0,0.0,0.0,0.0,4.355636119842529,0.0,27,13600,47.6196463,-122.362851,3.588087471985069
1440,1728412775.642,1,220,0,0,185,0,0,3,476196470,-1223628500,0.0,0.6000000238418579,4.365201950073242,0.0,0.0,0.0,0.0,4.365201950073242,0.0,27,13600,47.619647,-122.36285,3.591953972540329
1441,1728412775.9399998,1,220,0,0,185,0,0,3,476196468,-1223628515,0.0,0.6000000238418579,4.386910438537598,0.0,0.0,0.0,0.0,4.386910438537598,0.0,27,13600,47.6196468,-122.3628515,3.5688793135723307
1442,1728412776.169,1,220,0,0,185,0,0,3,476196468,-1223628515,0.0,0.6000000238418579,4.386910438537598,0.0,0.0,0.0,0.0,4.386910438537598,0.0,27,13600,47.6196468,-122.3628515,3.6172906206028235
1443,1728412776.442,1,220,0,0,185,0,0,3,476196473,-1223628499,0.0,0.5,4.399471759796143,0.0,0.0,0.0,0.0,4.399471759796143,0.0,28,13600,47.6196473,-122.3628499,3.58294516992022
1444,1728412776.7389998,1,220,0,0,185,0,0,3,476196473,-1223628499,0.0,0.5,4.399471759796143,0.0,0.0,0.0,0.0,4.399471759796143,0.0,28,13600,47.6196473,-122.3628499,3.5118525433610976
1445,1728412777.0219998,1,220,0,0,185,0,0,3,476196473,-1223628499,0.0,0.5,4.399471759796143,0.0,0.0,0.0,0.0,4.399471759796143,0.0,28,13600,47.6196473,-122.3628499,3.600359992736281
1446,1728412777.527,1,220,0,0,185,0,0,3,476196473,-1223628499,0.0,0.5,4.9256591796875,0.0,0.0,0.0,0.0,4.9256591796875,0.0,28,13600,47.6196473,-122.3628499,3.602305445803232
1447,1728412777.789,1,220,0,0,185,0,0,3,476196454,-1223628530,0.0,0.5,4.9256591796875,0.0,0.0,0.0,0.0,4.9256591796875,0.0,28,13600,47.6196454,-122.362853,3.598416639849224
1448,1728412778.079,1,220,0,0,185,0,0,3,476196437,-1223628572,0.0,0.5,4.687499523162842,0.0,0.0,0.0,0.0,4.687499523162842,0.0,28,13600,47.6196437,-122.3628572,3.6101083281073474
1449,1728412778.306,1,220,0,0,185,0,0,3,476196437,-1223628572,0.0,0.5,4.687499523162842,0.0,0.0,0.0,0.0,4.687499523162842,0.0,28,13600,47.6196437,-122.3628572,3.5714286322496385
1450,1728412778.58,1,220,0,0,185,0,0,3,476196417,-1223628618,0.0,0.5,4.634101390838623,0.0,0.0,0.0,0.0,4.634101390838623,0.0,28,13600,47.6196417,-122.3628618,3.5977693731071048
1451,1728412778.85,1,220,0,0,185,0,0,3,476196417,-1223628618,0.0,0.5,4.649536609649658,0.0,0.0,0.0,0.0,4.649536609649658,0.0,28,13600,47.6196417,-122.3628618,3.6324009893894638
1452,1728412779.089,1,220,0,0,185,0,0,3,476196455,-1223628544,0.0,0.5,4.649536609649658,0.0,0.0,0.0,0.0,4.649536609649658,0.0,28,13600,47.6196455,-122.3628544,3.618599634421966
1453,1728412779.372,1,220,0,0,185,0,0,3,476196455,-1223628544,0.0,0.5,4.702787399291992,0.0,0.0,0.0,0.0,4.702787399291992,0.0,28,13600,47.6196455,-122.3628544,3.6212203500077984
1454,1728412779.764,1,220,0,0,185,0,0,3,476196469,-1223628505,0.0,0.5,4.702787399291992,0.0,0.0,0.0,0.0,4.702787399291992,0.0,28,13600,47.6196469,-122.3628505,3.6304229027939896
1455,1728412779.879,1,220,0,0,185,0,0,3,476196469,-1223628505,0.0,0.5,4.715864181518555,0.0,0.0,0.0,0.0,4.715864181518555,0.0,28,13600,47.6196469,-122.3628505,3.638348203808547
1456,1728412780.128,1,220,0,0,185,0,0,3,476196469,-1223628488,0.0,0.5,4.715864181518555,0.0,0.0,0.0,0.0,4.715864181518555,0.0,28,13600,47.6196469,-122.3628488,3.6363636363636362
1457,1728412780.389,1,220,0,0,185,0,0,3,476196489,-1223628416,0.0,0.5,4.695948123931885,0.0,0.0,0.0,0.0,4.695948123931885,0.0,28,13600,47.6196489,-122.3628416,3.6350418987514006
1458,1728412780.659,1,220,0,0,185,0,0,3,476196489,-1223628416,0.0,0.5,4.695948123931885,0.0,0.0,0.0,0.0,4.695948123931885,0.0,28,13600,47.6196489,-122.3628416,3.668378642120456
1459,1728412780.945,1,220,0,0,185,0,0,3,476196489,-1223628416,0.0,0.5,4.744225978851318,0.0,0.0,0.0,0.0,4.744225978851318,0.0,28,13600,47.6196489,-122.3628416,3.642987243216351
1460,1728412781.201,1,220,0,0,185,0,0,3,476196487,-1223628391,0.0,0.5,4.744225978851318,0.0,0.0,0.0,0.0,4.744225978851318,0.0,28,13600,47.6196487,-122.3628391,3.6218760830461725
1461,1728412781.4459999,1,220,0,0,185,0,0,3,476196477,-1223628392,0.0,0.5,4.788193702697754,0.0,0.0,0.0,0.0,4.788193702697754,0.0,28,13600,47.6196477,-122.3628392,3.6363636363636362
1462,1728412781.6959999,1,220,0,0,185,0,0,3,476196477,-1223628392,0.0,0.5,4.788193702697754,0.0,0.0,0.0,0.0,4.788193702697754,0.0,28,13600,47.6196477,-122.3628392,3.6010083466250764
1463,1728412781.965,1,220,0,0,185,0,0,3,476196512,-1223628292,0.0,0.5,4.811164379119873,0.0,0.0,0.0,0.0,4.811164379119873,0.0,28,13600,47.6196512,-122.3628292,3.6390101551304133
1464,1728412782.248,1,220,0,0,185,0,0,3,476196512,-1223628292,0.0,0.5,4.811164379119873,0.0,0.0,0.0,0.0,4.811164379119873,0.0,28,13600,47.6196512,-122.3628292,3.6982248572883165
1465,1728412782.5189998,1,220,0,0,185,0,0,3,476196512,-1223628292,0.0,0.5,4.811164379119873,0.0,0.0,0.0,0.0,4.811164379119873,0.0,28,13600,47.6196512,-122.3628292,3.6357026474301026
1466,1728412783.027,1,220,0,0,185,0,0,3,476196504,-1223628260,0.0,0.5,5.260273456573486,0.0,0.0,0.0,0.0,5.260273456573486,0.0,28,13600,47.6196504,-122.362826,3.623845020920054
1467,1728412783.291,1,220,0,0,185,0,0,3,476196504,-1223628260,0.0,0.5,5.260273456573486,0.0,0.0,0.0,0.0,5.260273456573486,0.0,28,13600,47.6196504,-122.362826,3.6172906206028235
1468,1728412783.531,1,220,0,0,185,0,0,3,476196497,-1223628239,0.0,0.5,4.943941593170166,0.0,0.0,0.0,0.0,4.943941593170166,0.0,28,13600,47.6196497,-122.3628239,3.6343812327362617
1469,1728412783.796,1,220,0,0,185,0,0,3,476196497,-1223628239,0.0,0.5,4.943941593170166,0.0,0.0,0.0,0.0,4.943941593170166,0.0,28,13600,47.6196497,-122.3628239,3.633060935589173
1470,1728412784.102,1,220,0,0,185,0,0,3,476196521,-1223628136,0.0,0.5,4.7993364334106445,0.0,0.0,0.0,0.0,4.7993364334106445,0.0,28,13600,47.6196521,-122.3628136,3.637025023372522
1471,1728412784.35,1,220,0,0,185,0,0,3,476196521,-1223628136,0.0,0.5,4.7993364334106445,0.0,0.0,0.0,0.0,4.7993364334106445,0.0,28,13600,47.6196521,-122.3628136,3.6245015483380914
1472,1728412784.643,1,220,0,0,185,0,0,3,476196523,-1223628080,0.0,0.5,4.742006301879883,0.0,0.0,0.0,0.0,4.742006301879883,0.0,28,13399,47.6196523,-122.362808,3.625158627008024
1473,1728412784.868,1,220,0,0,185,0,0,3,476196523,-1223628080,0.0,0.5,4.742006301879883,0.0,0.0,0.0,0.0,4.742006301879883,0.0,28,13399,47.6196523,-122.362808,3.602305445803232
1474,1728412785.172,1,220,0,0,185,0,0,3,476196475,-1223628175,0.0,0.5,4.734637260437012,0.0,0.0,0.0,0.0,4.734637260437012,0.0,28,13100,47.6196475,-122.3628175,3.63504174123386
1475,1728412785.3799999,1,220,0,0,185,0,0,3,476196475,-1223628175,0.0,0.5,4.766195297241211,0.0,0.0,0.0,0.0,4.766195297241211,0.0,28,13100,47.6196475,-122.3628175,3.6212203500077984
1476,1728412785.6469998,1,220,0,0,185,0,0,3,476196409,-1223628336,0.0,0.5,4.766195297241211,0.0,0.0,0.0,0.0,4.766195297241211,0.0,28,12900,47.6196409,-122.3628336,3.618599634421966
1477,1728412785.918,1,220,0,0,185,0,0,3,476196376,-1223628451,0.0,0.5,4.8497748374938965,0.0,0.0,0.0,0.0,4.8497748374938965,0.0,28,12800,47.6196376,-122.3628451,3.61990943977892
1478,1728412786.162,1,220,0,0,185,0,0,3,476196376,-1223628451,0.0,0.5,4.8497748374938965,0.0,0.0,0.0,0.0,4.8497748374938965,0.0,28,12800,47.6196376,-122.3628451,3.604253002456412
1479,1728412786.4499998,1,220,0,0,185,0,0,3,476196349,-1223628542,0.0,0.5,4.93358039855957,0.0,0.0,0.0,0.0,4.93358039855957,0.0,28,12800,47.6196349,-122.3628542,3.616636546740109
1480,1728412786.6999998,1,220,0,0,185,0,0,3,476196349,-1223628542,0.0,0.5,4.93358039855957,0.0,0.0,0.0,0.0,4.93358039855957,0.0,28,12800,47.6196349,-122.3628542,3.6343812327362617
1481,1728412786.964,1,220,0,0,185,0,0,3,476196330,-1223628621,0.0,0.5,5.03087854385376,0.0,0.0,0.0,0.0,5.03087854385376,0.0,28,12800,47.619633,-122.3628621,3.6192544185960625
1482,1728412787.2129998,1,220,0,0,185,0,0,3,476196330,-1223628621,0.0,0.5,5.03087854385376,0.0,0.0,0.0,0.0,5.03087854385376,0.0,28,12800,47.619633,-122.3628621,3.644314924534089
1483,1728412787.517,1,220,0,0,185,0,0,3,476196455,-1223628431,0.0,0.5,4.906341075897217,0.0,0.0,0.0,0.0,4.906341075897217,0.0,28,12800,47.6196455,-122.3628431,3.6376864932663664
1484,1728412787.75,1,220,0,0,185,0,0,3,476196455,-1223628431,0.0,0.5,4.906341075897217,0.0,0.0,0.0,0.0,4.906341075897217,0.0,28,12800,47.6196455,-122.3628431,3.643650883797114
1485,1728412788.0419998,1,220,0,0,185,0,0,3,476196455,-1223628431,0.0,0.5,4.906341075897217,0.0,0.0,0.0,0.0,4.906341075897217,0.0,28,12800,47.6196455,-122.3628431,3.620564854364616
1486,1728412788.554,1,220,0,0,185,0,0,3,476196509,-1223628275,0.0,0.5,5.69886589050293,0.0,0.0,0.0,0.0,5.69886589050293,0.0,28,12800,47.6196509,-122.3628275,3.6363636363636362
1487,1728412788.816,1,220,0,0,185,0,0,3,476196509,-1223628275,0.0,0.5,5.69886589050293,0.0,0.0,0.0,0.0,5.69886589050293,0.0,28,12800,47.6196509,-122.3628275,3.6357026474301026
1488,1728412789.08,1,220,0,0,185,0,0,3,476196532,-1223628120,0.0,0.5,5.457306385040283,0.0,0.0,0.0,0.0,5.457306385040283,0.0,28,12800,47.6196532,-122.362812,3.63504174123386
1489,1728412789.326,1,220,0,0,185,0,0,3,476196532,-1223628120,0.0,0.5,5.457306385040283,0.0,0.0,0.0,0.0,5.457306385040283,0.0,28,12800,47.6196532,-122.362812,3.6277888551574917
1490,1728412789.605,1,220,0,0,185,0,0,3,476196537,-1223628015,0.0,0.5,5.360631942749023,0.0,0.0,0.0,0.0,5.360631942749023,0.0,28,12800,47.6196537,-122.3628015,3.6409976131231696
1491,1728412789.876,1,220,0,0,185,0,0,3,476196537,-1223628015,0.0,0.5,5.360631942749023,0.0,0.0,0.0,0.0,5.360631942749023,0.0,28,12800,47.6196537,-122.3628015,3.650967555966238
1492,1728412790.1309998,1,220,0,0,185,0,0,3,476196534,-1223627941,0.0,0.5,5.271294116973877,0.0,0.0,0.0,0.0,5.271294116973877,0.0,28,12800,47.6196534,-122.3627941,3.6403347806390753
1493,1728412790.366,1,220,0,0,185,0,0,3,476196534,-1223627941,0.0,0.5,5.271294116973877,0.0,0.0,0.0,0.0,5.271294116973877,0.0,28,12800,47.6196534,-122.3627941,3.66300363741163
1494,1728412790.661,1,220,0,0,185,0,0,3,476196524,-1223627887,0.0,0.5,5.154600620269775,0.0,0.0,0.0,0.0,5.154600620269775,0.0,28,12800,47.6196524,-122.3627887,3.666361187849892
1495,1728412790.9039998,1,220,0,0,185,0,0,3,476196513,-1223627851,0.0,0.5,5.0386247634887695,0.0,0.0,0.0,0.0,5.0386247634887695,0.0,28,12800,47.6196513,-122.3627851,3.683241207019728
1496,1728412791.1469998,1,220,0,0,185,0,0,3,476196513,-1223627851,0.0,0.5,5.0386247634887695,0.0,0.0,0.0,0.0,5.0386247634887695,0.0,28,12800,47.6196513,-122.3627851,3.662332929085556
1497,1728412791.419,1,220,0,0,185,0,0,3,476196513,-1223627851,0.0,0.5,4.936880588531494,0.0,0.0,0.0,0.0,4.936880588531494,0.0,28,12800,47.6196513,-122.3627851,3.6791759523892646
1498,1728412791.664,1,220,0,0,185,0,0,3,476196506,-1223627833,0.0,0.5,4.936880588531494,0.0,0.0,0.0,0.0,4.936880588531494,0.0,28,13000,47.6196506,-122.3627833,3.6690515668640775
1499,1728412791.9629998,1,220,0,0,185,0,0,3,476196501,-1223627823,0.0,0.5,4.883392333984375,0.0,0.0,0.0,0.0,4.883392333984375,0.0,28,13100,47.6196501,-122.3627823,3.665017397303611
1500,1728412792.1929998,1,220,0,0,185,0,0,3,476196501,-1223627823,0.0,0.5,4.883392333984375,0.0,0.0,0.0,0.0,4.883392333984375,0.0,28,13100,47.6196501,-122.3627823,3.5304501561652226
1501,1728412792.442,1,220,0,0,185,0,0,3,476196501,-1223627823,0.0,0.5,4.908282279968262,0.0,0.0,0.0,0.0,4.908282279968262,0.0,28,13100,47.6196501,-122.3627823,3.6771466077909967
1502,1728412792.707,1,220,0,0,185,0,0,3,476196494,-1223627817,0.0,0.5,4.908282279968262,0.0,0.0,0.0,0.0,4.908282279968262,0.0,28,13100,47.6196494,-122.3627817,3.677822592207001
1503,1728412792.977,1,220,0,0,185,0,0,3,476196451,-1223627919,0.0,0.5,4.917474269866943,0.0,0.0,0.0,0.0,4.917474269866943,0.0,28,13100,47.6196451,-122.3627919,3.6643459513899543
1504,1728412793.205,1,220,0,0,185,0,0,3,476196451,-1223627919,0.0,0.5,4.917474269866943,0.0,0.0,0.0,0.0,4.917474269866943,0.0,28,13100,47.6196451,-122.3627919,3.662332929085556
1505,1728412793.472,1,220,0,0,185,0,0,3,476196451,-1223627919,0.0,0.5,4.917474269866943,0.0,0.0,0.0,0.0,4.917474269866943,0.0,28,13100,47.6196451,-122.3627919,3.6683784817005
1506,1728412794.0149999,1,220,0,0,185,0,0,3,476196502,-1223627755,0.0,0.5,5.315590858459473,0.0,0.0,0.0,0.0,5.315590858459473,0.0,28,13300,47.6196502,-122.3627755,3.649635023793565
1507,1728412794.2519999,1,220,0,0,185,0,0,3,476196502,-1223627755,0.0,0.5,5.315590858459473,0.0,0.0,0.0,0.0,5.315590858459473,0.0,28,13300,47.6196502,-122.3627755,3.6370248656830646
1508,1728412794.531,1,220,0,0,185,0,0,3,476196470,-1223627830,0.0,0.5,4.987232685089111,0.0,0.0,0.0,0.0,4.987232685089111,0.0,28,13399,47.619647,-122.362783,3.642323844337459
1509,1728412794.783,1,220,0,0,185,0,0,3,476196470,-1223627830,0.0,0.5,4.987232685089111,0.0,0.0,0.0,0.0,4.987232685089111,0.0,28,13399,47.619647,-122.362783,3.6509673970654584
1510,1728412795.27,1,220,0,0,185,0,0,3,476196452,-1223627883,0.0,0.5,4.952465057373047,0.0,0.0,0.0,0.0,4.952465057373047,0.0,28,13399,47.6196452,-122.3627883,3.6231884183164556
1511,1728412795.3149998,1,220,0,0,185,0,0,3,476196452,-1223627883,0.0,0.5,4.952465057373047,0.0,0.0,0.0,0.0,4.952465057373047,0.0,28,13399,47.6196452,-122.3627883,3.6277888551574917
1512,1728412795.569,1,220,0,0,185,0,0,3,476196444,-1223627923,0.0,0.5,4.933079719543457,0.0,0.0,0.0,0.0,4.933079719543457,0.0,28,13399,47.6196444,-122.3627923,3.6284471263747835
1513,1728412795.824,1,220,0,0,185,0,0,3,476196444,-1223627923,0.0,0.5,4.933079719543457,0.0,0.0,0.0,0.0,4.933079719543457,0.0,28,13399,47.6196444,-122.3627923,3.6264733425542026
1514,1728412796.122,1,220,0,0,185,0,0,3,476196468,-1223627861,0.0,0.5,4.894414901733398,0.0,0.0,0.0,0.0,4.894414901733398,0.0,28,13399,47.6196468,-122.3627861,3.616636546740109
1515,1728412796.356,1,220,0,0,185,0,0,3,476196468,-1223627861,0.0,0.5,4.894414901733398,0.0,0.0,0.0,0.0,4.894414901733398,0.0,28,13399,47.6196468,-122.3627861,3.6245015483380914
1516,1728412796.6269999,1,220,0,0,185,0,0,3,476196480,-1223627812,0.0,0.5,4.798707485198975,0.0,0.0,0.0,0.0,4.798707485198975,0.0,28,13399,47.619648,-122.3627812,3.616636546740109
1517,1728412796.918,1,220,0,0,185,0,0,3,476196483,-1223627792,0.0,0.5,4.724184989929199,0.0,0.0,0.0,0.0,4.724184989929199,0.0,28,13399,47.6196483,-122.3627792,3.6127167542928156
1518,1728412797.155,1,220,0,0,185,0,0,3,476196483,-1223627792,0.0,0.5,4.724184989929199,0.0,0.0,0.0,0.0,4.724184989929199,0.0,28,13399,47.6196483,-122.3627792,3.6172906206028235
1519,1728412797.441,1,220,0,0,185,0,0,3,476196479,-1223627799,0.0,0.5,4.688454627990723,0.0,0.0,0.0,0.0,4.688454627990723,0.0,28,13399,47.6196479,-122.3627799,3.64365104206166
1520,1728412797.7129998,1,220,0,0,185,0,0,3,476196479,-1223627799,0.0,0.5,4.688454627990723,0.0,0.0,0.0,0.0,4.688454627990723,0.0,28,13399,47.6196479,-122.3627799,3.7785754892997443
1521,1728412797.955,1,220,0,0,185,0,0,3,476196473,-1223627808,0.0,0.5,4.6495442390441895,0.0,0.0,0.0,0.0,4.6495442390441895,0.0,28,13399,47.6196473,-122.3627808,3.6291053225183334
1522,1728412798.2189999,1,220,0,0,185,0,0,3,476196473,-1223627808,0.0,0.5,4.6495442390441895,0.0,0.0,0.0,0.0,4.6495442390441895,0.0,28,13399,47.6196473,-122.3627808,3.6264733425542026
1523,1728412798.4919999,1,220,0,0,185,0,0,3,476196493,-1223627691,0.0,0.5,4.621849060058594,0.0,0.0,0.0,0.0,4.621849060058594,0.0,28,13500,47.6196493,-122.3627691,3.620564854364616
1524,1728412798.735,1,220,0,0,185,0,0,3,476196493,-1223627691,0.0,0.5,4.621849060058594,0.0,0.0,0.0,0.0,4.621849060058594,0.0,28,13500,47.6196493,-122.3627691,3.6179450871280188
1525,1728412798.99,1,220,0,0,185,0,0,3,476196493,-1223627691,0.0,0.5,4.621849060058594,0.0,0.0,0.0,0.0,4.621849060058594,0.0,28,13500,47.6196493,-122.3627691,3.6114121479392054
1526,1728412799.5449998,1,220,0,0,185,0,0,3,476196498,-1223627620,0.0,0.5,5.082604885101318,0.0,0.0,0.0,0.0,5.082604885101318,0.0,28,13500,47.6196498,-122.362762,3.627130822743402
1527,1728412799.7879999,1,220,0,0,185,0,0,3,476196498,-1223627620,0.0,0.5,5.082604885101318,0.0,0.0,0.0,0.0,5.082604885101318,0.0,28,13500,47.6196498,-122.362762,3.6503012476920196
1528,1728412800.06,1,220,0,0,185,0,0,3,476196497,-1223627584,0.0,0.5,4.861639976501465,0.0,0.0,0.0,0.0,4.861639976501465,0.0,28,13500,47.6196497,-122.3627584,3.6264733425542026
1529,1728412800.2719998,1,220,0,0,185,0,0,3,476196497,-1223627584,0.0,0.5,4.861639976501465,0.0,0.0,0.0,0.0,4.861639976501465,0.0,28,13500,47.6196497,-122.3627584,3.631082130354019
1530,1728412800.563,1,220,0,0,185,0,0,3,476196469,-1223627684,0.0,0.5,4.795497417449951,0.0,0.0,0.0,0.0,4.795497417449951,0.0,28,13700,47.6196469,-122.3627684,3.6616623064993417
1531,1728412800.826,1,220,0,0,185,0,0,3,476196469,-1223627684,0.0,0.5,4.795497417449951,0.0,0.0,0.0,0.0,4.795497417449951,0.0,28,13700,47.6196469,-122.3627684,3.6218760830461725
1532,1728412801.0839999,1,220,0,0,185,0,0,3,476196453,-1223627754,0.0,0.5,4.801675319671631,0.0,0.0,0.0,0.0,4.801675319671631,0.0,28,13900,47.6196453,-122.3627754,3.6483034639626757
1533,1728412801.3479998,1,220,0,0,185,0,0,3,476196453,-1223627754,0.0,0.5,4.801675319671631,0.0,0.0,0.0,0.0,4.801675319671631,0.0,28,13900,47.6196453,-122.3627754,3.654302908602088
1534,1728412801.6499999,1,220,0,0,185,0,0,3,476196441,-1223627818,0.0,0.5,4.881331443786621,0.0,0.0,0.0,0.0,4.881331443786621,0.0,28,14100,47.6196441,-122.3627818,3.646308024278096
1535,1728412801.8939998,1,220,0,0,185,0,0,3,476196428,-1223627879,0.0,0.5,4.9335432052612305,0.0,0.0,0.0,0.0,4.9335432052612305,0.0,28,14300,47.6196428,-122.3627879,3.6363636363636362
1536,1728412802.141,1,220,0,0,185,0,0,3,476196428,-1223627879,0.0,0.5,4.9335432052612305,0.0,0.0,0.0,0.0,4.9335432052612305,0.0,28,14300,47.6196428,-122.3627879,3.184713390304997
1537,1728412802.3969998,1,220,0,0,185,0,0,3,476196428,-1223627879,0.0,0.5,4.9335432052612305,0.0,0.0,0.0,0.0,4.9335432052612305,0.0,28,14300,47.6196428,-122.3627879,3.184713390304997
1538,1728412802.6699998,1,220,0,0,185,0,0,3,476196417,-1223627953,0.0,0.5,4.921045303344727,0.0,0.0,0.0,0.0,4.921045303344727,0.0,28,14400,47.6196417,-122.3627953,3.190301456311935
1539,1728412802.949,1,220,0,0,185,0,0,3,476196413,-1223628007,0.0,0.5,4.896373271942139,0.0,0.0,0.0,0.0,4.896373271942139,0.0,28,14600,47.6196413,-122.3628007,3.163055415255734
1540,1728412803.175,1,220,0,0,185,0,0,3,476196413,-1223628007,0.0,0.5,4.896373271942139,0.0,0.0,0.0,0.0,4.896373271942139,0.0,28,14600,47.6196413,-122.3628007,3.1670625207884764
1541,1728412803.477,1,220,0,0,185,0,0,3,476196409,-1223628061,0.0,0.5,4.880624771118164,0.0,0.0,0.0,0.0,4.880624771118164,0.0,28,14600,47.6196409,-122.3628061,3.1720857326763845
1542,1728412803.701,1,220,0,0,185,0,0,3,476196409,-1223628061,0.0,0.5,4.880624771118164,0.0,0.0,0.0,0.0,4.880624771118164,0.0,28,14600,47.6196409,-122.3628061,3.1670625207884764
1543,1728412803.965,1,220,0,0,185,0,0,3,476196431,-1223628016,0.0,0.5,4.847461223602295,0.0,0.0,0.0,0.0,4.847461223602295,0.0,28,14700,47.6196431,-122.3628016,3.1761155249867548
1544,1728412804.22,1,220,0,0,185,0,0,3,476196431,-1223628016,0.0,0.5,4.847461223602295,0.0,0.0,0.0,0.0,4.847461223602295,0.0,28,14700,47.6196431,-122.3628016,3.194377815107977
1545,1728412804.49,1,220,0,0,185,0,0,3,476196431,-1223628016,0.0,0.5,4.847461223602295,0.0,0.0,0.0,0.0,4.847461223602295,0.0,28,14700,47.6196431,-122.3628016,3.195398593844641
1546,1728412805.8249998,1,220,0,0,185,0,0,3,476196391,-1223628141,0.0,0.5,5.55812406539917,0.0,0.0,0.0,0.0,5.55812406539917,0.0,28,15000,47.6196391,-122.3628141,3.1700746088814684
1547,1728412806.0679998,1,220,0,0,185,0,0,3,476196383,-1223628204,0.0,0.5,5.062095642089844,0.0,0.0,0.0,0.0,5.062095642089844,0.0,28,15000,47.6196383,-122.3628204,3.1816735535348513
1548,1728412806.329,1,220,0,0,185,0,0,3,476196383,-1223628204,0.0,0.5,5.062095642089844,0.0,0.0,0.0,0.0,5.062095642089844,0.0,28,15000,47.6196383,-122.3628204,3.179144745466475
1549,1728412806.595,1,220,0,0,185,0,0,3,476196396,-1223628192,0.0,0.5,4.844121932983398,0.0,0.0,0.0,0.0,4.844121932983398,0.0,28,15000,47.6196396,-122.3628192,3.1887754723848607
1550,1728412806.878,1,220,0,0,185,0,0,3,476196396,-1223628192,0.0,0.5,4.80503511428833,0.0,0.0,0.0,0.0,4.80503511428833,0.0,28,15000,47.6196396,-122.3628192,3.162055312129874
1551,1728412807.1309998,1,220,0,0,185,0,0,3,476196395,-1223628203,0.0,0.5,4.80503511428833,0.0,0.0,0.0,0.0,4.80503511428833,0.0,28,15000,47.6196395,-122.3628203,3.1974421097380326
1552,1728412807.399,1,220,0,0,185,0,0,3,476196395,-1223628203,0.0,0.5,4.703005790710449,0.0,0.0,0.0,0.0,4.703005790710449,0.0,28,15000,47.6196395,-122.3628203,3.173092191770697
1553,1728412807.645,1,220,0,0,185,0,0,3,476196425,-1223628082,0.0,0.5,4.703005790710449,0.0,0.0,0.0,0.0,4.703005790710449,0.0,28,15000,47.6196425,-122.3628082,3.1776295336606015
1554,1728412807.911,1,220,0,0,185,0,0,3,476196435,-1223628008,0.0,0.5,4.70850133895874,0.0,0.0,0.0,0.0,4.70850133895874,0.0,28,15000,47.6196435,-122.3628008,3.165558801389243
1555,1728412808.1529999,1,220,0,0,185,0,0,3,476196435,-1223628008,0.0,0.5,4.70850133895874,0.0,0.0,0.0,0.0,4.70850133895874,0.0,28,15000,47.6196435,-122.3628008,3.048780514398265
1556,1728412808.4499998,1,220,0,0,185,0,0,3,476196434,-1223627976,0.0,0.5,4.754369258880615,0.0,0.0,0.0,0.0,4.754369258880615,0.0,28,15000,47.6196434,-122.3627976,3.6616623064993417
1557,1728412808.6829998,1,220,0,0,185,0,0,3,476196434,-1223627976,0.0,0.5,4.754369258880615,0.0,0.0,0.0,0.0,4.754369258880615,0.0,28,15000,47.6196434,-122.3627976,3.631081973179469
1558,1728412808.961,1,220,0,0,185,0,0,3,476196427,-1223627968,0.0,0.5,4.774173736572266,0.0,0.0,0.0,0.0,4.774173736572266,0.0,28,15000,47.6196427,-122.3627968,3.644314924534089
1559,1728412809.221,1,220,0,0,185,0,0,3,476196427,-1223627968,0.0,0.5,4.774173736572266,0.0,0.0,0.0,0.0,4.774173736572266,0.0,28,15000,47.6196427,-122.3627968,3.6489692017653677
1560,1728412809.5,1,220,0,0,185,0,0,3,476196423,-1223627950,0.0,0.5,4.78563928604126,0.0,0.0,0.0,0.0,4.78563928604126,0.0,28,15000,47.6196423,-122.362795,3.665017397303611
1561,1728412809.7319999,1,220,0,0,185,0,0,3,476196423,-1223627950,0.0,0.5,4.78563928604126,0.0,0.0,0.0,0.0,4.78563928604126,0.0,28,15000,47.6196423,-122.362795,3.6403347806390753
1562,1728412810.004,1,220,0,0,185,0,0,3,476196414,-1223627963,0.0,0.5,4.780375957489014,0.0,0.0,0.0,0.0,4.780375957489014,0.0,28,15000,47.6196414,-122.3627963,3.6463081827735553
1563,1728412810.2589998,1,220,0,0,185,0,0,3,476196414,-1223627963,0.0,0.5,4.780375957489014,0.0,0.0,0.0,0.0,4.780375957489014,0.0,28,15000,47.6196414,-122.3627963,3.6350418987514006
1564,1728412810.5379999,1,220,0,0,185,0,0,3,476196414,-1223627963,0.0,0.5,4.780375957489014,0.0,0.0,0.0,0.0,4.780375957489014,0.0,28,15000,47.6196414,-122.3627963,3.6463081827735553
1565,1728412811.05,1,220,0,0,185,0,0,3,476196394,-1223628027,0.0,0.5,5.250771522521973,0.0,0.0,0.0,0.0,5.250771522521973,0.0,28,15000,47.6196394,-122.3628027,3.6172906206028235
1566,1728412811.287,1,220,0,0,185,0,0,3,476196394,-1223628027,0.0,0.5,5.250771522521973,0.0,0.0,0.0,0.0,5.250771522521973,0.0,28,15000,47.6196394,-122.3628027,3.648969043038489
1567,1728412811.576,1,220,0,0,185,0,0,3,476196380,-1223628084,0.0,0.5,5.045487880706787,0.0,0.0,0.0,0.0,5.045487880706787,0.0,28,15000,47.619638,-122.3628084,3.6396723473634096
1568,1728412811.817,1,220,0,0,185,0,0,3,476196380,-1223628084,0.0,0.5,5.045487880706787,0.0,0.0,0.0,0.0,5.045487880706787,0.0,28,15000,47.619638,-122.3628084,3.631082130354019
1569,1728412812.076,1,220,0,0,185,0,0,3,476196368,-1223628144,0.0,0.5,4.939114570617676,0.0,0.0,0.0,0.0,4.939114570617676,0.0,28,15000,47.6196368,-122.3628144,3.654302908602088
1570,1728412812.335,1,220,0,0,185,0,0,3,476196368,-1223628144,0.0,0.5,4.939114570617676,0.0,0.0,0.0,0.0,4.939114570617676,0.0,28,15000,47.6196368,-122.3628144,3.6489692017653677
1571,1728412812.625,1,220,0,0,185,0,0,3,476196352,-1223628216,0.0,0.5,4.915958404541016,0.0,0.0,0.0,0.0,4.915958404541016,0.0,28,15000,47.6196352,-122.3628216,3.647638127648428
1572,1728412812.8839998,1,220,0,0,185,0,0,3,476196352,-1223628216,0.0,0.5,4.915958404541016,0.0,0.0,0.0,0.0,4.915958404541016,0.0,28,15000,47.6196352,-122.3628216,3.6350418987514006
1573,1728412813.1469998,1,220,0,0,185,0,0,3,476196339,-1223628289,0.0,0.5,4.923528671264648,0.0,0.0,0.0,0.0,4.923528671264648,0.0,28,15000,47.6196339,-122.3628289,3.6596522308474633
1574,1728412813.396,1,220,0,0,185,0,0,3,476196339,-1223628289,0.0,0.5,4.938416957855225,0.0,0.0,0.0,0.0,4.938416957855225,0.0,28,15000,47.6196339,-122.3628289,3.6556388521969088
1575,1728412813.682,1,220,0,0,185,0,0,3,476196326,-1223628362,0.0,0.5,4.938416957855225,0.0,0.0,0.0,0.0,4.938416957855225,0.0,28,15000,47.6196326,-122.3628362,3.6463081827735553
1576,1728412813.931,1,220,0,0,185,0,0,3,476196322,-1223628414,0.0,0.5,4.954519271850586,0.0,0.0,0.0,0.0,4.954519271850586,0.0,28,15000,47.6196322,-122.3628414,3.646973033962953
1577,1728412814.178,1,220,0,0,185,0,0,3,476196322,-1223628414,0.0,0.5,4.954519271850586,0.0,0.0,0.0,0.0,4.954519271850586,0.0,28,15000,47.6196322,-122.3628414,3.6563071106749936
1578,1728412814.4689999,1,220,0,0,185,0,0,3,476196313,-1223628474,0.0,0.5,4.945134162902832,0.0,0.0,0.0,0.0,4.945134162902832,0.0,28,15000,47.6196313,-122.3628474,3.650967555966238
1579,1728412814.694,1,220,0,0,185,0,0,3,476196313,-1223628474,0.0,0.5,4.945134162902832,0.0,0.0,0.0,0.0,4.945134162902832,0.0,28,15000,47.6196313,-122.3628474,3.631082130354019
1580,1728412814.981,1,220,0,0,185,0,0,3,476196303,-1223628537,0.0,0.5,4.942272663116455,0.0,0.0,0.0,0.0,4.942272663116455,0.0,28,15000,47.6196303,-122.3628537,3.642323844337459
1581,1728412815.215,1,220,0,0,185,0,0,3,476196303,-1223628537,0.0,0.5,4.942272663116455,0.0,0.0,0.0,0.0,4.942272663116455,0.0,28,15000,47.6196303,-122.3628537,3.6503012476920196
1582,1728412815.5059998,1,220,0,0,185,0,0,3,476196292,-1223628604,0.0,0.5,4.944361209869385,0.0,0.0,0.0,0.0,4.944361209869385,0.0,28,15000,47.6196292,-122.3628604,3.638348203808547
1583,1728412815.724,1,220,0,0,185,0,0,3,476196292,-1223628604,0.0,0.5,4.944361209869385,0.0,0.0,0.0,0.0,4.944361209869385,0.0,28,15000,47.6196292,-122.3628604,3.649635023793565
1584,1728412816.0089998,1,220,0,0,185,0,0,3,476196292,-1223628604,0.0,0.5,4.944361209869385,0.0,0.0,0.0,0.0,4.944361209869385,0.0,28,15000,47.6196292,-122.3628604,3.629764071618172
1585,1728412816.5349998,1,220,0,0,185,0,0,3,476196339,-1223628522,0.0,0.5,5.408646106719971,0.0,0.0,0.0,0.0,5.408646106719971,0.0,28,14800,47.6196339,-122.3628522,3.649635023793565
1586,1728412816.771,1,220,0,0,185,0,0,3,476196339,-1223628522,0.0,0.5,5.408646106719971,0.0,0.0,0.0,0.0,5.408646106719971,0.0,28,14800,47.6196339,-122.3628522,3.6218762394247626
1587,1728412817.046,1,220,0,0,185,0,0,3,476196355,-1223628479,0.0,0.5,5.251274585723877,0.0,0.0,0.0,0.0,5.251274585723877,0.0,28,14600,47.6196355,-122.3628479,3.6324009893894638
1588,1728412817.2949998,1,220,0,0,185,0,0,3,476196355,-1223628479,0.0,0.5,5.251274585723877,0.0,0.0,0.0,0.0,5.251274585723877,0.0,28,14600,47.6196355,-122.3628479,3.660322117289636
1589,1728412817.5839999,1,220,0,0,185,0,0,3,476196348,-1223628470,0.0,0.5,5.132392883300781,0.0,0.0,0.0,0.0,5.132392883300781,0.0,28,14500,47.6196348,-122.362847,3.644314924534089
1590,1728412817.826,1,220,0,0,185,0,0,3,476196348,-1223628470,0.0,0.5,5.132392883300781,0.0,0.0,0.0,0.0,5.132392883300781,0.0,28,14500,47.6196348,-122.362847,3.642987243216351
1591,1728412818.1039999,1,220,0,0,185,0,0,3,476196335,-1223628492,0.0,0.5,5.105107307434082,0.0,0.0,0.0,0.0,5.105107307434082,0.0,28,14500,47.6196335,-122.3628492,3.61990943977892
1592,1728412818.3809998,1,220,0,0,185,0,0,3,476196335,-1223628492,0.0,0.5,5.0233564376831055,0.0,0.0,0.0,0.0,5.0233564376831055,0.0,28,14500,47.6196335,-122.3628492,3.625158470345864
1593,1728412818.6269999,1,220,0,0,185,0,0,3,476196355,-1223628429,0.0,0.5,5.0233564376831055,0.0,0.0,0.0,0.0,5.0233564376831055,0.0,28,14500,47.6196355,-122.3628429,3.6127167542928156
1594,1728412818.906,1,220,0,0,185,0,0,3,476196370,-1223628360,0.0,0.5,5.044600963592529,0.0,0.0,0.0,0.0,5.044600963592529,0.0,28,14500,47.619637,-122.362836,3.6284469694282677
1595,1728412819.162,1,220,0,0,185,0,0,3,476196370,-1223628360,0.0,0.5,5.044600963592529,0.0,0.0,0.0,0.0,5.044600963592529,0.0,28,14500,47.619637,-122.362836,3.6172906206028235
1596,1728412819.4529998,1,220,0,0,185,0,0,3,476196368,-1223628329,0.0,0.5,5.044218063354492,0.0,0.0,0.0,0.0,5.044218063354492,0.0,28,14400,47.6196368,-122.3628329,3.5938903493901067
1597,1728412819.684,1,220,0,0,185,0,0,3,476196368,-1223628329,0.0,0.5,5.044218063354492,0.0,0.0,0.0,0.0,5.044218063354492,0.0,28,14400,47.6196368,-122.3628329,3.588731412933624
1598,1728412819.9329998,1,220,0,0,185,0,0,3,476196358,-1223628327,0.0,0.5,5.018105983734131,0.0,0.0,0.0,0.0,5.018105983734131,0.0,28,14400,47.6196358,-122.3628327,3.5835871131961925
1599,1728412820.182,1,220,0,0,185,0,0,3,476196358,-1223628327,0.0,0.5,5.018105983734131,0.0,0.0,0.0,0.0,5.018105983734131,0.0,28,14400,47.6196358,-122.3628327,3.6127167542928156
1600,1728412820.471,1,220,0,0,185,0,0,3,476196348,-1223628335,0.0,0.5,5.001478672027588,0.0,0.0,0.0,0.0,5.001478672027588,0.0,28,14400,47.6196348,-122.3628335,3.5861574948615176
1601,1728412820.74,1,220,0,0,185,0,0,3,476196348,-1223628335,0.0,0.5,5.001478672027588,0.0,0.0,0.0,0.0,5.001478672027588,0.0,28,14400,47.6196348,-122.3628335,3.6127167542928156
1602,1728412821.023,1,220,0,0,185,0,0,3,476196353,-1223628295,0.0,0.5,4.9228363037109375,0.0,0.0,0.0,0.0,4.9228363037109375,0.0,28,14400,47.6196353,-122.3628295,3.604253002456412
1603,1728412821.26,1,220,0,0,185,0,0,3,476196353,-1223628295,0.0,0.5,4.9228363037109375,0.0,0.0,0.0,0.0,4.9228363037109375,0.0,28,14400,47.6196353,-122.3628295,3.6225320536087247
1604,1728412821.521,1,220,0,0,185,0,0,3,476196353,-1223628295,0.0,0.5,4.9228363037109375,0.0,0.0,0.0,0.0,4.9228363037109375,0.0,28,14400,47.6196353,-122.3628295,3.625158627008024
1605,1728412822.064,1,220,0,0,185,0,0,3,476196345,-1223628295,0.0,0.5,5.3635125160217285,0.0,0.0,0.0,0.0,5.3635125160217285,0.0,28,14400,47.6196345,-122.3628295,3.6343812327362617
1606,1728412822.336,1,220,0,0,185,0,0,3,476196345,-1223628295,0.0,0.5,5.3635125160217285,0.0,0.0,0.0,0.0,5.3635125160217285,0.0,28,14400,47.6196345,-122.3628295,3.631081973179469
1607,1728412822.619,1,220,0,0,185,0,0,3,476196327,-1223628320,0.0,0.5,5.106349468231201,0.0,0.0,0.0,0.0,5.106349468231201,0.0,28,14400,47.6196327,-122.362832,3.608805604617835
1608,1728412822.876,1,220,0,0,185,0,0,3,476196327,-1223628320,0.0,0.5,4.930190563201904,0.0,0.0,0.0,0.0,4.930190563201904,0.0,28,14400,47.6196327,-122.362832,3.590664162230098
1609,1728412823.12,1,220,0,0,185,0,0,3,476196321,-1223628336,0.0,0.5,4.930190563201904,0.0,0.0,0.0,0.0,4.930190563201904,0.0,28,14400,47.6196321,-122.3628336,3.597122339177876
1610,1728412823.4029999,1,220,0,0,185,0,0,3,476196314,-1223628361,0.0,0.5,4.849895000457764,0.0,0.0,0.0,0.0,4.849895000457764,0.0,28,14400,47.6196314,-122.3628361,3.618599634421966
1611,1728412823.6399999,1,220,0,0,185,0,0,3,476196314,-1223628361,0.0,0.5,4.849895000457764,0.0,0.0,0.0,0.0,4.849895000457764,0.0,28,14400,47.6196314,-122.3628361,3.6172907765856994
1612,1728412823.9299998,1,220,0,0,185,0,0,3,476196310,-1223628363,0.0,0.5,4.826873779296875,0.0,0.0,0.0,0.0,4.826873779296875,0.0,28,14400,47.619631,-122.3628363,3.6284471263747835
1613,1728412824.148,1,220,0,0,185,0,0,3,476196310,-1223628363,0.0,0.5,4.826873779296875,0.0,0.0,0.0,0.0,4.826873779296875,0.0,28,14400,47.619631,-122.3628363,3.629764071618172
1614,1728412824.4229999,1,220,0,0,185,0,0,3,476196300,-1223628388,0.0,0.5,4.843883514404297,0.0,0.0,0.0,0.0,4.843883514404297,0.0,28,14400,47.61963,-122.3628388,3.6343812327362617
1615,1728412824.665,1,220,0,0,185,0,0,3,476196300,-1223628388,0.0,0.5,4.843883514404297,0.0,0.0,0.0,0.0,4.843883514404297,0.0,28,14400,47.61963,-122.3628388,3.631741440136545
1616,1728412824.961,1,220,0,0,185,0,0,3,476196300,-1223628388,0.0,0.5,4.835716724395752,0.0,0.0,0.0,0.0,4.835716724395752,0.0,28,14400,47.61963,-122.3628388,3.6489692017653677
1617,1728412825.2259998,1,220,0,0,185,0,0,3,476196300,-1223628358,0.0,0.5,4.835716724395752,0.0,0.0,0.0,0.0,4.835716724395752,0.0,28,14400,47.61963,-122.3628358,3.6503012476920196
1618,1728412825.503,1,220,0,0,185,0,0,3,476196290,-1223628354,0.0,0.5,4.856052398681641,0.0,0.0,0.0,0.0,4.856052398681641,0.0,28,14400,47.619629,-122.3628354,3.6523009025292525
1619,1728412825.7419999,1,220,0,0,185,0,0,3,476196290,-1223628354,0.0,0.5,4.856052398681641,0.0,0.0,0.0,0.0,4.856052398681641,0.0,28,14400,47.619629,-122.3628354,3.644979048972749
1620,1728412825.998,1,220,0,0,185,0,0,3,476196290,-1223628354,0.0,0.5,4.856052398681641,0.0,0.0,0.0,0.0,4.856052398681641,0.0,28,14400,47.619629,-122.3628354,3.6589827491554807
1621,1728412826.2689998,1,220,0,0,185,0,0,3,476196290,-1223628354,0.0,0.5,4.856052398681641,0.0,0.0,0.0,0.0,4.856052398681641,0.0,28,14400,47.619629,-122.3628354,3.650301088849234
1622,1728412826.5349998,1,220,0,0,185,0,0,3,476196270,-1223628320,0.0,0.5,5.953272819519043,0.0,0.0,0.0,0.0,5.953272819519043,0.0,28,14400,47.619627,-122.362832,3.675119339623489
1623,1728412826.77,1,220,0,0,185,0,0,3,476196270,-1223628320,0.0,0.5,5.953272819519043,0.0,0.0,0.0,0.0,5.953272819519043,0.0,28,14400,47.619627,-122.362832,3.629105479521808
1624,1728412827.024,1,220,0,0,185,0,0,3,476196270,-1223628320,0.0,0.5,5.953272819519043,0.0,0.0,0.0,0.0,5.953272819519043,0.0,28,14400,47.619627,-122.362832,3.6483034639626757
1625,1728412827.5709999,1,220,0,0,185,0,0,3,476196234,-1223628366,0.0,0.5,5.683488845825195,0.0,0.0,0.0,0.0,5.683488845825195,0.0,28,14400,47.6196234,-122.3628366,3.640334938615678
1626,1728412827.817,1,220,0,0,185,0,0,3,476196234,-1223628366,0.0,0.5,5.683488845825195,0.0,0.0,0.0,0.0,5.683488845825195,0.0,28,14400,47.6196234,-122.3628366,3.6563071106749936
1627,1728412828.0979998,1,220,0,0,185,0,0,3,476196215,-1223628416,0.0,0.5,5.265555381774902,0.0,0.0,0.0,0.0,5.265555381774902,0.0,28,14400,47.6196215,-122.3628416,3.6757949009535342
1628,1728412828.352,1,220,0,0,185,0,0,3,476196215,-1223628416,0.0,0.5,5.265555381774902,0.0,0.0,0.0,0.0,5.265555381774902,0.0,28,14400,47.6196215,-122.3628416,3.6737692834273554
1629,1728412828.6069999,1,220,0,0,185,0,0,3,476196192,-1223628460,0.0,0.5,5.097933769226074,0.0,0.0,0.0,0.0,5.097933769226074,0.0,28,14400,47.6196192,-122.362846,3.662332929085556
1630,1728412828.869,1,220,0,0,185,0,0,3,476196192,-1223628460,0.0,0.5,5.076456069946289,0.0,0.0,0.0,0.0,5.076456069946289,0.0,28,14400,47.6196192,-122.362846,3.646973033962953
1631,1728412829.119,1,220,0,0,185,0,0,3,476196172,-1223628512,0.0,0.5,5.076456069946289,0.0,0.0,0.0,0.0,5.076456069946289,0.0,28,14400,47.6196172,-122.3628512,3.6643457913225075
1632,1728412829.372,1,220,0,0,185,0,0,3,476196172,-1223628512,0.0,0.5,5.076456069946289,0.0,0.0,0.0,0.0,5.076456069946289,0.0,28,14400,47.6196172,-122.3628512,3.6643457913225075
1633,1728412829.659,1,220,0,0,185,0,0,3,476196171,-1223628515,0.0,0.5,5.060638904571533,0.0,0.0,0.0,0.0,5.060638904571533,0.0,28,14400,47.6196171,-122.3628515,3.654302908602088
1634,1728412829.905,1,220,0,0,185,0,0,3,476196164,-1223628533,0.0,0.5,5.039272308349609,0.0,0.0,0.0,0.0,5.039272308349609,0.0,28,14400,47.6196164,-122.3628533,3.654302908602088
1635,1728412830.159,1,220,0,0,185,0,0,3,476196164,-1223628533,0.0,0.5,5.039272308349609,0.0,0.0,0.0,0.0,5.039272308349609,0.0,28,14400,47.6196164,-122.3628533,3.4843205517022526
1636,1728412830.431,1,220,0,0,185,0,0,3,476196144,-1223628567,0.0,0.5,5.021980285644531,0.0,0.0,0.0,0.0,5.021980285644531,0.0,28,14400,47.6196144,-122.3628567,3.475238853569153
1637,1728412830.6669998,1,220,0,0,185,0,0,3,476196144,-1223628567,0.0,0.5,5.021980285644531,0.0,0.0,0.0,0.0,5.021980285644531,0.0,28,14400,47.6196144,-122.3628567,3.4910105917941063
1638,1728412830.947,1,220,0,0,185,0,0,3,476196171,-1223628467,0.0,0.5,4.898375988006592,0.0,0.0,0.0,0.0,4.898375988006592,0.0,28,14400,47.6196171,-122.3628467,3.466204517523848
1639,1728412831.2029998,1,220,0,0,185,0,0,3,476196171,-1223628467,0.0,0.5,4.898375988006592,0.0,0.0,0.0,0.0,4.898375988006592,0.0,28,14400,47.6196171,-122.3628467,3.4812880014618024
1640,1728412831.4819999,1,220,0,0,185,0,0,3,476196175,-1223628411,0.0,0.5,4.900057792663574,0.0,0.0,0.0,0.0,4.900057792663574,0.0,28,14400,47.6196175,-122.3628411,3.463803298310907
1641,1728412831.727,1,220,0,0,185,0,0,3,476196175,-1223628411,0.0,0.5,4.900057792663574,0.0,0.0,0.0,0.0,4.900057792663574,0.0,28,14400,47.6196175,-122.3628411,3.4722222279711272
1642,1728412831.993,1,220,0,0,185,0,0,3,476196167,-1223628386,0.0,0.5,4.932342529296875,0.0,0.0,0.0,0.0,4.932342529296875,0.0,28,14400,47.6196167,-122.3628386,3.4794711769644513
1643,1728412832.243,1,220,0,0,185,0,0,3,476196167,-1223628386,0.0,0.5,4.932342529296875,0.0,0.0,0.0,0.0,4.932342529296875,0.0,28,14400,47.6196167,-122.3628386,3.4861425901857652
1644,1728412832.497,1,220,0,0,185,0,0,3,476196167,-1223628386,0.0,0.5,4.932342529296875,0.0,0.0,0.0,0.0,4.932342529296875,0.0,28,14400,47.6196167,-122.3628386,3.4806821825183416
1645,1728412833.3109999,1,220,0,0,185,0,0,3,476196134,-1223628422,0.0,0.5,5.3310112953186035,0.0,0.0,0.0,0.0,5.3310112953186035,0.0,28,14400,47.6196134,-122.3628422,3.4674064476767725
1646,1728412833.572,1,220,0,0,185,0,0,3,476196122,-1223628439,0.0,0.5,5.126502513885498,0.0,0.0,0.0,0.0,5.126502513885498,0.0,28,14400,47.6196122,-122.3628439,3.49528144122159
1647,1728412833.827,1,220,0,0,185,0,0,3,476196122,-1223628439,0.0,0.5,5.126502513885498,0.0,0.0,0.0,0.0,5.126502513885498,0.0,28,14400,47.6196122,-122.3628439,3.463203406012673
1648,1728412834.122,1,220,0,0,185,0,0,3,476196098,-1223628489,0.0,0.5,5.013346195220947,0.0,0.0,0.0,0.0,5.013346195220947,0.0,28,14400,47.6196098,-122.3628489,3.4971149641992754
1649,1728412834.352,1,220,0,0,185,0,0,3,476196098,-1223628489,0.0,0.5,5.013346195220947,0.0,0.0,0.0,0.0,5.013346195220947,0.0,28,14400,47.6196098,-122.3628489,3.4252440564706186
1650,1728412834.643,1,220,0,0,185,0,0,3,476196099,-1223628479,0.0,0.5,4.9656901359558105,0.0,0.0,0.0,0.0,4.9656901359558105,0.0,28,14400,47.6196099,-122.3628479,3.4788658458609185
1651,1728412834.879,1,220,0,0,185,0,0,3,476196099,-1223628479,0.0,0.5,4.978335857391357,0.0,0.0,0.0,0.0,4.978335857391357,0.0,28,14400,47.6196099,-122.3628479,3.444119212904181
1652,1728412835.12,1,220,0,0,185,0,0,3,476196087,-1223628493,0.0,0.5,4.978335857391357,0.0,0.0,0.0,0.0,4.978335857391357,0.0,28,14300,47.6196087,-122.3628493,3.4554250958462895
1653,1728412835.396,1,220,0,0,185,0,0,3,476196087,-1223628493,0.0,0.5,4.896142482757568,0.0,0.0,0.0,0.0,4.896142482757568,0.0,28,14300,47.6196087,-122.3628493,3.4488706219621057
1654,1728412835.651,1,220,0,0,185,0,0,3,476196108,-1223628396,0.0,0.5,4.896142482757568,0.0,0.0,0.0,0.0,4.896142482757568,0.0,28,14200,47.6196108,-122.3628396,3.2932652973413012
1655,1728412835.9269998,1,220,0,0,185,0,0,3,476196109,-1223628347,0.0,0.5,4.9419474601745605,0.0,0.0,0.0,0.0,4.9419474601745605,0.0,28,14200,47.6196109,-122.3628347,3.6324009893894638
1656,1728412836.1529999,1,220,0,0,185,0,0,3,476196109,-1223628347,0.0,0.5,4.9419474601745605,0.0,0.0,0.0,0.0,4.9419474601745605,0.0,28,14200,47.6196109,-122.3628347,3.6225322100439645
1657,1728412836.442,1,220,0,0,185,0,0,3,476196095,-1223628340,0.0,0.5,4.976031303405762,0.0,0.0,0.0,0.0,4.976031303405762,0.0,28,14200,47.6196095,-122.362834,3.610760042613178
1658,1728412836.666,1,220,0,0,185,0,0,3,476196095,-1223628340,0.0,0.5,4.976031303405762,0.0,0.0,0.0,0.0,4.976031303405762,0.0,28,14200,47.6196095,-122.362834,3.6225322100439645
1659,1728412837.0419998,1,220,0,0,185,0,0,3,476196077,-1223628362,0.0,0.5,5.04937219619751,0.0,0.0,0.0,0.0,5.04937219619751,0.0,28,14200,47.6196077,-122.3628362,3.6101083281073474
1660,1728412837.231,1,220,0,0,185,0,0,3,476196077,-1223628362,0.0,0.5,5.04937219619751,0.0,0.0,0.0,0.0,5.04937219619751,0.0,28,14200,47.6196077,-122.3628362,3.6456434155099497
1661,1728412837.534,1,220,0,0,185,0,0,3,476196091,-1223628277,0.0,0.5,5.004574298858643,0.0,0.0,0.0,0.0,5.004574298858643,0.0,28,14200,47.6196091,-122.3628277,3.6120643333164972
1662,1728412837.781,1,220,0,0,185,0,0,3,476196091,-1223628277,0.0,0.5,5.004574298858643,0.0,0.0,0.0,0.0,5.004574298858643,0.0,28,14200,47.6196091,-122.3628277,3.604253002456412
1663,1728412838.0419998,1,220,0,0,185,0,0,3,476196091,-1223628277,0.0,0.5,5.004574298858643,0.0,0.0,0.0,0.0,5.004574298858643,0.0,28,14200,47.6196091,-122.3628277,3.6029543458710895
1664,1728412838.57,1,220,0,0,185,0,0,3,476196084,-1223628223,0.0,0.5,5.548805236816406,0.0,0.0,0.0,0.0,5.548805236816406,0.0,28,14200,47.6196084,-122.3628223,3.608805604617835
1665,1728412838.817,1,220,0,0,185,0,0,3,476196084,-1223628223,0.0,0.5,5.548805236816406,0.0,0.0,0.0,0.0,5.548805236816406,0.0,28,14200,47.6196084,-122.3628223,3.615328952557203
1666,1728412839.093,1,220,0,0,185,0,0,3,476196077,-1223628210,0.0,0.5,5.357794761657715,0.0,0.0,0.0,0.0,5.357794761657715,0.0,28,14200,47.6196077,-122.362821,3.5771775556138725
1667,1728412839.366,1,220,0,0,185,0,0,3,476196077,-1223628210,0.0,0.5,5.357794761657715,0.0,0.0,0.0,0.0,5.357794761657715,0.0,28,14200,47.6196077,-122.362821,3.604253002456412
1668,1728412839.643,1,220,0,0,185,0,0,3,476196036,-1223628297,0.0,0.5,5.282370567321777,0.0,0.0,0.0,0.0,5.282370567321777,0.0,28,14200,47.6196036,-122.3628297,3.6062026661095254
1669,1728412839.892,1,220,0,0,185,0,0,3,476196002,-1223628391,0.0,0.5,5.215931415557861,0.0,0.0,0.0,0.0,5.215931415557861,0.0,28,14200,47.6196002,-122.3628391,3.607503510696281
1670,1728412840.129,1,220,0,0,185,0,0,3,476196002,-1223628391,0.0,0.5,5.215931415557861,0.0,0.0,0.0,0.0,5.215931415557861,0.0,28,14200,47.6196002,-122.3628391,3.639672505282523
1671,1728412840.416,1,220,0,0,185,0,0,3,476196013,-1223628376,0.0,0.5,5.097323894500732,0.0,0.0,0.0,0.0,5.097323894500732,0.0,28,14200,47.6196013,-122.3628376,3.6643459513899543
1672,1728412840.669,1,220,0,0,185,0,0,3,476196013,-1223628376,0.0,0.5,5.097323894500732,0.0,0.0,0.0,0.0,5.097323894500732,0.0,28,14200,47.6196013,-122.3628376,3.6656890893306247
1673,1728412840.947,1,220,0,0,185,0,0,3,476196012,-1223628390,0.0,0.5,4.972562789916992,0.0,0.0,0.0,0.0,4.972562789916992,0.0,28,14200,47.6196012,-122.362839,3.663674591445599
1674,1728412841.1929998,1,220,0,0,185,0,0,3,476196012,-1223628390,0.0,0.5,4.972562789916992,0.0,0.0,0.0,0.0,4.972562789916992,0.0,28,14200,47.6196012,-122.362839,3.642323844337459
1675,1728412841.4589999,1,220,0,0,185,0,0,3,476196037,-1223628279,0.0,0.5,4.818170070648193,0.0,0.0,0.0,0.0,4.818170070648193,0.0,28,14200,47.6196037,-122.3628279,3.6370248656830646
1676,1728412841.744,1,220,0,0,185,0,0,3,476196037,-1223628279,0.0,0.5,4.818170070648193,0.0,0.0,0.0,0.0,4.818170070648193,0.0,28,14200,47.6196037,-122.3628279,3.6324009893894638
1677,1728412841.991,1,220,0,0,185,0,0,3,476196048,-1223628194,0.0,0.5,4.790029048919678,0.0,0.0,0.0,0.0,4.790029048919678,0.0,28,14200,47.6196048,-122.3628194,3.650967555966238
1678,1728412842.212,1,220,0,0,185,0,0,3,476196048,-1223628194,0.0,0.5,4.790029048919678,0.0,0.0,0.0,0.0,4.790029048919678,0.0,28,14200,47.6196048,-122.3628194,3.6683784817005
1679,1728412842.586,1,220,0,0,185,0,0,3,476196041,-1223628166,0.0,0.5,4.74938440322876,0.0,0.0,0.0,0.0,4.74938440322876,0.0,28,14200,47.6196041,-122.3628166,3.6549708379476464
1680,1728412842.7259998,1,220,0,0,185,0,0,3,476196041,-1223628166,0.0,0.5,4.74938440322876,0.0,0.0,0.0,0.0,4.74938440322876,0.0,28,14200,47.6196041,-122.3628166,3.6529681001596686
1681,1728412842.9919999,1,220,0,0,185,0,0,3,476196025,-1223628174,0.0,0.5,4.639697074890137,0.0,0.0,0.0,0.0,4.639697074890137,0.0,28,14200,47.6196025,-122.3628174,3.660992089242827
1682,1728412843.237,1,220,0,0,185,0,0,3,476196025,-1223628174,0.0,0.5,4.639697074890137,0.0,0.0,0.0,0.0,4.639697074890137,0.0,28,14200,47.6196025,-122.3628174,3.651634107534223
1683,1728412843.501,1,220,0,0,185,0,0,3,476196025,-1223628174,0.0,0.5,4.639697074890137,0.0,0.0,0.0,0.0,4.639697074890137,0.0,28,14200,47.6196025,-122.3628174,3.650967555966238
1684,1728412844.0609999,1,220,0,0,185,0,0,3,476195974,-1223628302,0.0,0.5,5.045212745666504,0.0,0.0,0.0,0.0,5.045212745666504,0.0,28,14200,47.6195974,-122.3628302,3.658313512363139
1685,1728412844.316,1,220,0,0,185,0,0,3,476195974,-1223628302,0.0,0.5,5.045212745666504,0.0,0.0,0.0,0.0,5.045212745666504,0.0,28,14200,47.6195974,-122.3628302,3.646308024278096
1686,1728412844.599,1,220,0,0,185,0,0,3,476195994,-1223628232,0.0,0.5,4.785659313201904,0.0,0.0,0.0,0.0,4.785659313201904,0.0,28,14200,47.6195994,-122.3628232,3.6751195006335484
1687,1728412844.8439999,1,220,0,0,185,0,0,3,476195994,-1223628232,0.0,0.5,4.731295585632324,0.0,0.0,0.0,0.0,4.731295585632324,0.0,28,14200,47.6195994,-122.3628232,3.6589827491554807
1688,1728412845.095,1,220,0,0,185,0,0,3,476195997,-1223628203,0.0,0.5,4.731295585632324,0.0,0.0,0.0,0.0,4.731295585632324,0.0,28,14200,47.6195997,-122.3628203,3.6456434155099497
1689,1728412845.3639998,1,220,0,0,185,0,0,3,476195997,-1223628203,0.0,0.5,4.676047325134277,0.0,0.0,0.0,0.0,4.676047325134277,0.0,28,14200,47.6195997,-122.3628203,3.7209302325581395
1690,1728412845.6039999,1,220,0,0,185,0,0,3,476195994,-1223628198,0.0,0.5,4.676047325134277,0.0,0.0,0.0,0.0,4.676047325134277,0.0,28,14200,47.6195994,-122.3628198,3.6231884183164556
1691,1728412845.879,1,220,0,0,185,0,0,3,476195975,-1223628243,0.0,0.5,4.707220554351807,0.0,0.0,0.0,0.0,4.707220554351807,0.0,28,14200,47.6195975,-122.3628243,3.644979048972749
1692,1728412846.146,1,220,0,0,185,0,0,3,476195975,-1223628243,0.0,0.5,4.707220554351807,0.0,0.0,0.0,0.0,4.707220554351807,0.0,28,14200,47.6195975,-122.3628243,3.6503012476920196
1693,1728412846.425,1,220,0,0,185,0,0,3,476195950,-1223628306,0.0,0.5,4.750887870788574,0.0,0.0,0.0,0.0,4.750887870788574,0.0,28,14200,47.619595,-122.3628306,3.6456434155099497
1694,1728412846.6599998,1,220,0,0,185,0,0,3,476195950,-1223628306,0.0,0.5,4.750887870788574,0.0,0.0,0.0,0.0,4.750887870788574,0.0,28,14200,47.619595,-122.3628306,3.6324009893894638
1695,1728412846.944,1,220,0,0,185,0,0,3,476195933,-1223628366,0.0,0.5,4.76981258392334,0.0,0.0,0.0,0.0,4.76981258392334,0.0,28,14100,47.6195933,-122.3628366,3.642323844337459
1696,1728412847.1859999,1,220,0,0,185,0,0,3,476195933,-1223628366,0.0,0.5,4.76981258392334,0.0,0.0,0.0,0.0,4.76981258392334,0.0,28,14100,47.6195933,-122.3628366,3.639672505282523
1697,1728412847.457,1,220,0,0,185,0,0,3,476195927,-1223628428,0.0,0.5,4.762570381164551,0.0,0.0,0.0,0.0,4.762570381164551,0.0,28,14000,47.6195927,-122.3628428,3.654302908602088
1698,1728412847.698,1,220,0,0,185,0,0,3,476195927,-1223628428,0.0,0.5,4.762570381164551,0.0,0.0,0.0,0.0,4.762570381164551,0.0,28,14000,47.6195927,-122.3628428,3.6456435739476367
1699,1728412847.961,1,220,0,0,185,0,0,3,476195949,-1223628379,0.0,0.5,4.665092468261719,0.0,0.0,0.0,0.0,4.665092468261719,0.0,28,13900,47.6195949,-122.3628379,3.667705803806827
1700,1728412848.2459998,1,220,0,0,185,0,0,3,476195949,-1223628379,0.0,0.5,4.665092468261719,0.0,0.0,0.0,0.0,4.665092468261719,0.0,28,13900,47.6195949,-122.3628379,3.6291053225183334
1701,1728412848.4789999,1,220,0,0,185,0,0,3,476195938,-1223628400,0.0,0.5,4.609994411468506,0.0,0.0,0.0,0.0,4.609994411468506,0.0,28,13799,47.6195938,-122.36284,3.644314924534089
1702,1728412848.7159998,1,220,0,0,185,0,0,3,476195938,-1223628400,0.0,0.5,4.609994411468506,0.0,0.0,0.0,0.0,4.609994411468506,0.0,28,13799,47.6195938,-122.36284,3.650301088849234
1703,1728412848.987,1,220,0,0,185,0,0,3,476195938,-1223628400,0.0,0.5,4.609994411468506,0.0,0.0,0.0,0.0,4.609994411468506,0.0,28,13799,47.6195938,-122.36284,3.6596523905051206
1704,1728412849.567,1,220,0,0,185,0,0,3,476195913,-1223628463,0.0,0.5,5.029248237609863,0.0,0.0,0.0,0.0,5.029248237609863,0.0,28,13700,47.6195913,-122.3628463,3.6416605289367303
1705,1728412849.807,1,220,0,0,185,0,0,3,476195913,-1223628463,0.0,0.5,5.029248237609863,0.0,0.0,0.0,0.0,5.029248237609863,0.0,28,13700,47.6195913,-122.3628463,3.6609922490174127
1706,1728412850.0939999,1,220,0,0,185,0,0,3,476195889,-1223628546,0.0,0.5,4.759049415588379,0.0,0.0,0.0,0.0,4.759049415588379,0.0,28,13700,47.6195889,-122.3628546,3.654302908602088
1707,1728412850.317,1,220,0,0,185,0,0,3,476195889,-1223628546,0.0,0.5,4.759049415588379,0.0,0.0,0.0,0.0,4.759049415588379,0.0,28,13700,47.6195889,-122.3628546,3.6677059641679555
1708,1728412850.5809999,1,220,0,0,185,0,0,3,476195916,-1223628463,0.0,0.5,4.511590003967285,0.0,0.0,0.0,0.0,4.511590003967285,0.0,28,13700,47.6195916,-122.3628463,3.6463081827735553
1709,1728412850.817,1,220,0,0,185,0,0,3,476195916,-1223628463,0.0,0.5,4.511590003967285,0.0,0.0,0.0,0.0,4.511590003967285,0.0,28,13700,47.6195916,-122.3628463,3.631741440136545
1710,1728412851.115,1,220,0,0,185,0,0,3,476195917,-1223628437,0.0,0.5,4.42108678817749,0.0,0.0,0.0,0.0,4.42108678817749,0.0,28,13700,47.6195917,-122.3628437,3.6697247385346583
1711,1728412851.3669999,1,220,0,0,185,0,0,3,476195917,-1223628437,0.0,0.5,4.42108678817749,0.0,0.0,0.0,0.0,4.42108678817749,0.0,28,13700,47.6195917,-122.3628437,3.6245015483380914
1712,1728412851.625,1,220,0,0,185,0,0,3,476195928,-1223628345,0.0,0.5,4.299121856689453,0.0,0.0,0.0,0.0,4.299121856689453,0.0,28,13700,47.6195928,-122.3628345,3.6264731857783903
1713,1728412851.8899999,1,220,0,0,185,0,0,3,476195937,-1223628249,0.0,0.5,4.285726547241211,0.0,0.0,0.0,0.0,4.285726547241211,0.0,28,13700,47.6195937,-122.3628249,3.631741440136545
1714,1728412852.152,1,220,0,0,185,0,0,3,476195937,-1223628249,0.0,0.5,4.285726547241211,0.0,0.0,0.0,0.0,4.285726547241211,0.0,28,13700,47.6195937,-122.3628249,3.6357026474301026
1715,1728412852.4069998,1,220,0,0,185,0,0,3,476195933,-1223628210,0.0,0.5,4.318408966064453,0.0,0.0,0.0,0.0,4.318408966064453,0.0,28,13700,47.6195933,-122.362821,3.644979048972749
1716,1728412852.659,1,220,0,0,185,0,0,3,476195933,-1223628210,0.0,0.5,4.318408966064453,0.0,0.0,0.0,0.0,4.318408966064453,0.0,28,13700,47.6195933,-122.362821,3.6569756135158613
1717,1728412852.9099998,1,220,0,0,185,0,0,3,476195925,-1223628199,0.0,0.5,4.342072010040283,0.0,0.0,0.0,0.0,4.342072010040283,0.0,28,13700,47.6195925,-122.3628199,3.63504174123386
1718,1728412853.1829998,1,220,0,0,185,0,0,3,476195925,-1223628199,0.0,0.5,4.342072010040283,0.0,0.0,0.0,0.0,4.342072010040283,0.0,28,13700,47.6195925,-122.3628199,3.625815787243145
1719,1728412853.468,1,220,0,0,185,0,0,3,476195919,-1223628183,0.0,0.5,4.328447341918945,0.0,0.0,0.0,0.0,4.328447341918945,0.0,28,13700,47.6195919,-122.3628183,3.618599634421966
1720,1728412853.6959999,1,220,0,0,185,0,0,3,476195919,-1223628183,0.0,0.5,4.328447341918945,0.0,0.0,0.0,0.0,4.328447341918945,0.0,28,13700,47.6195919,-122.3628183,3.629105479521808
1721,1728412853.997,1,220,0,0,185,0,0,3,476195906,-1223628199,0.0,0.5,4.326910972595215,0.0,0.0,0.0,0.0,4.326910972595215,0.0,28,13700,47.6195906,-122.3628199,3.6343812327362617
1722,1728412854.231,1,220,0,0,185,0,0,3,476195906,-1223628199,0.0,0.5,4.326910972595215,0.0,0.0,0.0,0.0,4.326910972595215,0.0,28,13700,47.6195906,-122.3628199,3.6489692017653677
1723,1728412854.494,1,220,0,0,185,0,0,3,476195906,-1223628199,0.0,0.5,4.326910972595215,0.0,0.0,0.0,0.0,4.326910972595215,0.0,28,13700,47.6195906,-122.3628199,3.633720964231625
1724,1728412855.0679998,1,220,0,0,185,0,0,3,476195892,-1223628214,0.0,0.5,4.733400344848633,0.0,0.0,0.0,0.0,4.733400344848633,0.0,28,13700,47.6195892,-122.3628214,3.642987243216351
1725,1728412855.294,1,220,0,0,185,0,0,3,476195892,-1223628214,0.0,0.5,4.733400344848633,0.0,0.0,0.0,0.0,4.733400344848633,0.0,28,13700,47.6195892,-122.3628214,3.642987243216351
1726,1728412855.563,1,220,0,0,185,0,0,3,476195905,-1223628136,0.0,0.5,4.551878929138184,0.0,0.0,0.0,0.0,4.551878929138184,0.0,28,13700,47.6195905,-122.3628136,3.6304229027939896
1727,1728412855.819,1,220,0,0,185,0,0,3,476195905,-1223628136,0.0,0.5,4.551878929138184,0.0,0.0,0.0,0.0,4.551878929138184,0.0,28,13700,47.6195905,-122.3628136,3.6094566935100194
1728,1728412856.097,1,220,0,0,185,0,0,3,476195904,-1223628090,0.0,0.5,4.4988627433776855,0.0,0.0,0.0,0.0,4.4988627433776855,0.0,28,13700,47.6195904,-122.362809,3.6277888551574917
1729,1728412856.3439999,1,220,0,0,185,0,0,3,476195904,-1223628090,0.0,0.5,4.4988627433776855,0.0,0.0,0.0,0.0,4.4988627433776855,0.0,28,13700,47.6195904,-122.362809,3.631741440136545
1730,1728412856.626,1,220,0,0,185,0,0,3,476195900,-1223628063,0.0,0.5,4.464970588684082,0.0,0.0,0.0,0.0,4.464970588684082,0.0,28,13700,47.61959,-122.3628063,3.625815787243145
1731,1728412856.87,1,220,0,0,185,0,0,3,476195900,-1223628063,0.0,0.5,4.440667629241943,0.0,0.0,0.0,0.0,4.440667629241943,0.0,28,13700,47.61959,-122.3628063,3.6409976131231696
1732,1728412857.106,1,220,0,0,185,0,0,3,476195897,-1223628023,0.0,0.5,4.440667629241943,0.0,0.0,0.0,0.0,4.440667629241943,0.0,28,13700,47.6195897,-122.3628023,3.6264733425542026
1733,1728412857.3939998,1,220,0,0,185,0,0,3,476195893,-1223627996,0.0,0.5,4.397225856781006,0.0,0.0,0.0,0.0,4.397225856781006,0.0,28,13700,47.6195893,-122.3627996,3.6245017049434782
1734,1728412857.642,1,220,0,0,185,0,0,3,476195893,-1223627996,0.0,0.5,4.397225856781006,0.0,0.0,0.0,0.0,4.397225856781006,0.0,28,13700,47.6195893,-122.3627996,3.6569756135158613
1735,1728412857.8969998,1,220,0,0,185,0,0,3,476195893,-1223627948,0.0,0.5,4.317826747894287,0.0,0.0,0.0,0.0,4.317826747894287,0.0,28,13700,47.6195893,-122.3627948,3.642323844337459
1736,1728412858.168,1,220,0,0,185,0,0,3,476195893,-1223627948,0.0,0.5,4.317826747894287,0.0,0.0,0.0,0.0,4.317826747894287,0.0,28,13700,47.6195893,-122.3627948,3.647638127648428
1737,1728412858.451,1,220,0,0,185,0,0,3,476195887,-1223627920,0.0,0.5,4.307357311248779,0.0,0.0,0.0,0.0,4.307357311248779,0.0,28,13700,47.6195887,-122.362792,3.638348203808547
1738,1728412858.6959999,1,220,0,0,185,0,0,3,476195887,-1223627920,0.0,0.5,4.307357311248779,0.0,0.0,0.0,0.0,4.307357311248779,0.0,28,13700,47.6195887,-122.362792,3.642987243216351
1739,1728412858.975,1,220,0,0,185,0,0,3,476195886,-1223627892,0.0,0.5,4.342378616333008,0.0,0.0,0.0,0.0,4.342378616333008,0.0,28,13500,47.6195886,-122.3627892,3.6489692017653677
1740,1728412859.212,1,220,0,0,185,0,0,3,476195886,-1223627892,0.0,0.5,4.342378616333008,0.0,0.0,0.0,0.0,4.342378616333008,0.0,28,13500,47.6195886,-122.3627892,3.6343812327362617
1741,1728412859.49,1,220,0,0,185,0,0,3,476195878,-1223627865,0.0,0.5,4.301593780517578,0.0,0.0,0.0,0.0,4.301593780517578,0.0,28,13500,47.6195878,-122.3627865,3.6556388521969088
1742,1728412859.7459998,1,220,0,0,185,0,0,3,476195878,-1223627865,0.0,0.5,4.301593780517578,0.0,0.0,0.0,0.0,4.301593780517578,0.0,28,13500,47.6195878,-122.3627865,3.640334938615678
1743,1728412860.0119998,1,220,0,0,185,0,0,3,476195878,-1223627865,0.0,0.5,4.301593780517578,0.0,0.0,0.0,0.0,4.301593780517578,0.0,28,13500,47.6195878,-122.3627865,3.642987243216351
1744,1728412860.537,1,220,0,0,185,0,0,3,476195872,-1223627831,0.0,0.5,4.717785835266113,0.0,0.0,0.0,0.0,4.717785835266113,0.0,28,13500,47.6195872,-122.3627831,3.6390101551304133
1745,1728412860.7849998,1,220,0,0,185,0,0,3,476195872,-1223627831,0.0,0.5,4.717785835266113,0.0,0.0,0.0,0.0,4.717785835266113,0.0,28,13500,47.6195872,-122.3627831,3.6337208068285434
1746,1728412861.046,1,220,0,0,185,0,0,3,476195863,-1223627806,0.0,0.5,4.389598846435547,0.0,0.0,0.0,0.0,4.389598846435547,0.0,28,13500,47.6195863,-122.3627806,3.6456435739476367
1747,1728412861.316,1,220,0,0,185,0,0,3,476195863,-1223627806,0.0,0.5,4.389598846435547,0.0,0.0,0.0,0.0,4.389598846435547,0.0,28,13500,47.6195863,-122.3627806,3.647638127648428
1748,1728412861.587,1,220,0,0,185,0,0,3,476195853,-1223627774,0.0,0.5,4.231534481048584,0.0,0.0,0.0,0.0,4.231534481048584,0.0,28,13500,47.6195853,-122.3627774,3.6343812327362617
1749,1728412861.8249998,1,220,0,0,185,0,0,3,476195853,-1223627774,0.0,0.5,4.231534481048584,0.0,0.0,0.0,0.0,4.231534481048584,0.0,28,13500,47.6195853,-122.3627774,3.6489692017653677
1750,1728412862.129,1,220,0,0,185,0,0,3,476195849,-1223627736,0.0,0.5,4.178285598754883,0.0,0.0,0.0,0.0,4.178285598754883,0.0,28,13500,47.6195849,-122.3627736,3.642987243216351
1751,1728412862.3409998,1,220,0,0,185,0,0,3,476195849,-1223627736,0.0,0.5,4.178285598754883,0.0,0.0,0.0,0.0,4.178285598754883,0.0,28,13500,47.6195849,-122.3627736,3.646973033962953
1752,1728412862.6,1,220,0,0,185,0,0,3,476195848,-1223627710,0.0,0.5,4.202528953552246,0.0,0.0,0.0,0.0,4.202528953552246,0.0,28,13500,47.6195848,-122.362771,3.6596522308474633
1753,1728412862.8839998,1,220,0,0,185,0,0,3,476195848,-1223627710,0.0,0.5,4.130486965179443,0.0,0.0,0.0,0.0,4.130486965179443,0.0,28,13500,47.6195848,-122.362771,3.6643457913225075
1754,1728412863.138,1,220,0,0,185,0,0,3,476195844,-1223627690,0.0,0.5,4.130486965179443,0.0,0.0,0.0,0.0,4.130486965179443,0.0,28,13500,47.6195844,-122.362769,3.6463081827735553
1755,1728412863.401,1,220,0,0,185,0,0,3,476195844,-1223627690,0.0,0.5,4.073186874389648,0.0,0.0,0.0,0.0,4.073186874389648,0.0,28,13500,47.6195844,-122.362769,3.646973033962953
1756,1728412863.6539998,1,220,0,0,185,0,0,3,476195838,-1223627668,0.0,0.5,4.073186874389648,0.0,0.0,0.0,0.0,4.073186874389648,0.0,28,13399,47.6195838,-122.3627668,3.632401146678224
1757,1728412863.934,1,220,0,0,185,0,0,3,476195835,-1223627623,0.0,0.5,4.13731575012207,0.0,0.0,0.0,0.0,4.13731575012207,0.0,28,13399,47.6195835,-122.3627623,3.6596523905051206
1758,1728412864.199,1,220,0,0,185,0,0,3,476195835,-1223627623,0.0,0.5,4.13731575012207,0.0,0.0,0.0,0.0,4.13731575012207,0.0,28,13399,47.6195835,-122.3627623,3.6363636363636362
1759,1728412864.4559999,1,220,0,0,185,0,0,3,476195816,-1223627685,0.0,0.5,4.152018070220947,0.0,0.0,0.0,0.0,4.152018070220947,0.0,28,13200,47.6195816,-122.3627685,3.63504174123386
1760,1728412864.702,1,220,0,0,185,0,0,3,476195816,-1223627685,0.0,0.5,4.152018070220947,0.0,0.0,0.0,0.0,4.152018070220947,0.0,28,13200,47.6195816,-122.3627685,3.6589827491554807
1761,1728412864.974,1,220,0,0,185,0,0,3,476195803,-1223627724,0.0,0.5,4.198358058929443,0.0,0.0,0.0,0.0,4.198358058929443,0.0,28,13200,47.6195803,-122.3627724,3.6403347806390753
1762,1728412865.211,1,220,0,0,185,0,0,3,476195803,-1223627724,0.0,0.5,4.198358058929443,0.0,0.0,0.0,0.0,4.198358058929443,0.0,28,13200,47.6195803,-122.3627724,3.633060778243268
1763,1728412865.47,1,220,0,0,185,0,0,3,476195803,-1223627724,0.0,0.5,4.198358058929443,0.0,0.0,0.0,0.0,4.198358058929443,0.0,28,13200,47.6195803,-122.3627724,3.5977693731071048
1764,1728412866.0219998,1,220,0,0,185,0,0,3,476195794,-1223627749,0.0,0.5,4.706917762756348,0.0,0.0,0.0,0.0,4.706917762756348,0.0,28,13200,47.6195794,-122.3627749,3.60555259556042
1765,1728412866.2689998,1,220,0,0,185,0,0,3,476195794,-1223627749,0.0,0.5,4.706917762756348,0.0,0.0,0.0,0.0,4.706917762756348,0.0,28,13200,47.6195794,-122.3627749,3.588731412933624
1766,1728412866.5519998,1,220,0,0,185,0,0,3,476195781,-1223627821,0.0,0.5,4.407541275024414,0.0,0.0,0.0,0.0,4.407541275024414,0.0,28,13200,47.6195781,-122.3627821,3.5938903493901067
1767,1728412866.781,1,220,0,0,185,0,0,3,476195781,-1223627821,0.0,0.5,4.407541275024414,0.0,0.0,0.0,0.0,4.407541275024414,0.0,28,13200,47.6195781,-122.3627821,3.6062026661095254
1768,1728412867.087,1,220,0,0,185,0,0,3,476195784,-1223627798,0.0,0.5,4.347830772399902,0.0,0.0,0.0,0.0,4.347830772399902,0.0,28,13200,47.6195784,-122.3627798,3.608154440183669
1769,1728412867.327,1,220,0,0,185,0,0,3,476195784,-1223627798,0.0,0.5,4.347830772399902,0.0,0.0,0.0,0.0,4.347830772399902,0.0,28,13200,47.6195784,-122.3627798,3.596475383743077
1770,1728412867.595,1,220,0,0,185,0,0,3,476195760,-1223627875,0.0,0.5,4.328551292419434,0.0,0.0,0.0,0.0,4.328551292419434,0.0,28,13200,47.619576,-122.3627875,3.5932447098146896
1771,1728412867.835,1,220,0,0,185,0,0,3,476195760,-1223627875,0.0,0.5,4.250057697296143,0.0,0.0,0.0,0.0,4.250057697296143,0.0,28,13200,47.619576,-122.3627875,3.5938903493901067
1772,1728412868.105,1,220,0,0,185,0,0,3,476195753,-1223627916,0.0,0.5,4.250057697296143,0.0,0.0,0.0,0.0,4.250057697296143,0.0,28,13200,47.6195753,-122.3627916,3.590019834834252
1773,1728412868.4429998,1,220,0,0,185,0,0,3,476195754,-1223627930,0.0,0.5,4.258728504180908,0.0,0.0,0.0,0.0,4.258728504180908,0.0,28,13200,47.6195754,-122.362793,3.588731412933624
1774,1728412868.685,1,220,0,0,185,0,0,3,476195754,-1223627930,0.0,0.5,4.258728504180908,0.0,0.0,0.0,0.0,4.258728504180908,0.0,28,13200,47.6195754,-122.362793,3.291097504604574
1775,1728412868.974,1,220,0,0,185,0,0,3,476195751,-1223627933,0.0,0.5,4.232966423034668,0.0,0.0,0.0,0.0,4.232966423034668,0.0,28,13200,47.6195751,-122.3627933,3.2976092021944416
1776,1728412869.2189999,1,220,0,0,185,0,0,3,476195751,-1223627933,0.0,0.5,4.232966423034668,0.0,0.0,0.0,0.0,4.232966423034668,0.0,28,13200,47.6195751,-122.3627933,3.300874723491112
1777,1728412869.48,1,220,0,0,185,0,0,3,476195746,-1223627932,0.0,0.5,4.196903228759766,0.0,0.0,0.0,0.0,4.196903228759766,0.0,28,13200,47.6195746,-122.3627932,3.278688575849198
1778,1728412869.7419999,1,220,0,0,185,0,0,3,476195746,-1223627932,0.0,0.5,4.196903228759766,0.0,0.0,0.0,0.0,4.196903228759766,0.0,28,13200,47.6195746,-122.3627932,3.318400558248385
1779,1728412870.017,1,220,0,0,185,0,0,3,476195730,-1223627998,0.0,0.5,4.140876770019531,0.0,0.0,0.0,0.0,4.140876770019531,0.0,28,13200,47.619573,-122.3627998,3.2965222167843065
1780,1728412870.268,1,220,0,0,185,0,0,3,476195730,-1223627998,0.0,0.5,4.140876770019531,0.0,0.0,0.0,0.0,4.140876770019531,0.0,28,13200,47.619573,-122.3627998,3.292181173322424
1781,1728412870.539,1,220,0,0,185,0,0,3,476195723,-1223628032,0.0,0.5,4.152280807495117,0.0,0.0,0.0,0.0,4.152280807495117,0.0,28,13200,47.6195723,-122.3628032,3.2840722958742505
1782,1728412870.7819998,1,220,0,0,185,0,0,3,476195723,-1223628032,0.0,0.5,4.152280807495117,0.0,0.0,0.0,0.0,4.152280807495117,0.0,28,13200,47.6195723,-122.3628032,3.2992412845656807
1783,1728412871.043,1,220,0,0,185,0,0,3,476195723,-1223628032,0.0,0.5,4.152280807495117,0.0,0.0,0.0,0.0,4.152280807495117,0.0,28,13200,47.6195723,-122.3628032,3.344481594683792
1784,1728412872.099,1,220,0,0,185,0,0,3,476195717,-1223628053,0.0,0.5,4.70743989944458,0.0,0.0,0.0,0.0,4.70743989944458,0.0,28,13200,47.6195717,-122.3628053,3.341687610786463
1785,1728412872.3339999,1,220,0,0,185,0,0,3,476195717,-1223628053,0.0,0.5,4.70743989944458,0.0,0.0,0.0,0.0,4.70743989944458,0.0,28,13200,47.6195717,-122.3628053,3.339455755935803
1786,1728412872.6109998,1,220,0,0,185,0,0,3,476195713,-1223628058,0.0,0.5,4.2137885093688965,0.0,0.0,0.0,0.0,4.2137885093688965,0.0,28,13200,47.6195713,-122.3628058,3.3377836542421355
1787,1728412872.8809998,1,220,0,0,185,0,0,3,476195709,-1223628061,0.0,0.5,4.056178569793701,0.0,0.0,0.0,0.0,4.056178569793701,0.0,28,13200,47.6195709,-122.3628061,3.324468198939386
1788,1728412873.1139998,1,220,0,0,185,0,0,3,476195709,-1223628061,0.0,0.5,4.056178569793701,0.0,0.0,0.0,0.0,4.056178569793701,0.0,28,13200,47.6195709,-122.3628061,3.3311126201777173
1789,1728412873.3939998,1,220,0,0,185,0,0,3,476195709,-1223628061,0.0,0.5,4.059675693511963,0.0,0.0,0.0,0.0,4.059675693511963,0.0,28,13200,47.6195709,-122.3628061,3.3500837360390845
1790,1728412873.6699998,1,220,0,0,185,0,0,3,476195716,-1223628001,0.0,0.5,4.059675693511963,0.0,0.0,0.0,0.0,4.059675693511963,0.0,28,13100,47.6195716,-122.3628001,3.347840655611984
1791,1728412873.925,1,220,0,0,185,0,0,3,476195715,-1223627957,0.0,0.5,4.079212188720703,0.0,0.0,0.0,0.0,4.079212188720703,0.0,28,13100,47.6195715,-122.3627957,3.347840655611984
1792,1728412874.1669998,1,220,0,0,185,0,0,3,476195715,-1223627957,0.0,0.5,4.079212188720703,0.0,0.0,0.0,0.0,4.079212188720703,0.0,28,13100,47.6195715,-122.3627957,3.3428045906913306
1793,1728412874.4229999,1,220,0,0,185,0,0,3,476195714,-1223627928,0.0,0.5,4.1427693367004395,0.0,0.0,0.0,0.0,4.1427693367004395,0.0,28,13100,47.6195714,-122.3627928,3.358522293238441
1794,1728412874.6699998,1,220,0,0,185,0,0,3,476195714,-1223627928,0.0,0.5,4.1427693367004395,0.0,0.0,0.0,0.0,4.1427693367004395,0.0,28,13100,47.6195714,-122.3627928,3.6549708379476464
1795,1728412874.9629998,1,220,0,0,185,0,0,3,476195714,-1223627899,0.0,0.5,4.1303324699401855,0.0,0.0,0.0,0.0,4.1303324699401855,0.0,28,13000,47.6195714,-122.3627899,3.6416605289367303
1796,1728412875.211,1,220,0,0,185,0,0,3,476195714,-1223627899,0.0,0.5,4.1303324699401855,0.0,0.0,0.0,0.0,4.1303324699401855,0.0,28,13000,47.6195714,-122.3627899,3.650301088849234
1797,1728412875.4959998,1,220,0,0,185,0,0,3,476195709,-1223627879,0.0,0.5,4.106923580169678,0.0,0.0,0.0,0.0,4.106923580169678,0.0,28,12700,47.6195709,-122.3627879,3.6225320536087247
1798,1728412875.7459998,1,220,0,0,185,0,0,3,476195709,-1223627879,0.0,0.5,4.106923580169678,0.0,0.0,0.0,0.0,4.106923580169678,0.0,28,12700,47.6195709,-122.3627879,3.610760042613178
1799,1728412875.987,1,220,0,0,185,0,0,3,476195700,-1223627869,0.0,0.5,4.099595546722412,0.0,0.0,0.0,0.0,4.099595546722412,0.0,28,12700,47.61957,-122.3627869,3.6140223035533716
1800,1728412876.2419999,1,220,0,0,185,0,0,3,476195700,-1223627869,0.0,0.5,4.099595546722412,0.0,0.0,0.0,0.0,4.099595546722412,0.0,28,12700,47.61957,-122.3627869,3.642987243216351
1801,1728412876.513,1,220,0,0,185,0,0,3,476195695,-1223627861,0.0,0.5,4.068009376525879,0.0,0.0,0.0,0.0,4.068009376525879,0.0,28,12700,47.6195695,-122.3627861,3.6146755878506753
1802,1728412876.7649999,1,220,0,0,185,0,0,3,476195695,-1223627861,0.0,0.5,4.068009376525879,0.0,0.0,0.0,0.0,4.068009376525879,0.0,28,12700,47.6195695,-122.3627861,3.617944931088708
1803,1728412876.998,1,220,0,0,185,0,0,3,476195695,-1223627861,0.0,0.5,4.068009376525879,0.0,0.0,0.0,0.0,4.068009376525879,0.0,28,12700,47.6195695,-122.3627861,3.610760042613178
1804,1728412877.5709999,1,220,0,0,185,0,0,3,476195680,-1223627899,0.0,0.5,4.3452677726745605,0.0,0.0,0.0,0.0,4.3452677726745605,0.0,28,12700,47.619568,-122.3627899,3.608805449365887
1805,1728412877.826,1,220,0,0,185,0,0,3,476195680,-1223627899,0.0,0.5,4.3452677726745605,0.0,0.0,0.0,0.0,4.3452677726745605,0.0,28,12700,47.619568,-122.3627899,3.6245015483380914
1806,1728412878.09,1,220,0,0,185,0,0,3,476195669,-1223627915,0.0,0.5,4.039518356323242,0.0,0.0,0.0,0.0,4.039518356323242,0.0,28,12700,47.6195669,-122.3627915,3.6218760830461725
1807,1728412878.402,1,220,0,0,185,0,0,3,476195669,-1223627915,0.0,0.5,3.8559906482696533,0.0,0.0,0.0,0.0,3.8559906482696533,0.0,28,12700,47.6195669,-122.3627915,3.6238448643714087
1808,1728412878.6529999,1,220,0,0,185,0,0,3,476195666,-1223627923,0.0,0.5,3.8559906482696533,0.0,0.0,0.0,0.0,3.8559906482696533,0.0,28,12700,47.6195666,-122.3627923,3.633060778243268
1809,1728412878.928,1,220,0,0,185,0,0,3,476195664,-1223627921,0.0,0.5,3.7561967372894287,0.0,0.0,0.0,0.0,3.7561967372894287,0.0,28,12700,47.6195664,-122.3627921,3.6127167542928156
1810,1728412879.1599998,1,220,0,0,185,0,0,3,476195664,-1223627921,0.0,0.5,3.7561967372894287,0.0,0.0,0.0,0.0,3.7561967372894287,0.0,28,12700,47.6195664,-122.3627921,3.6146755878506753
1811,1728412879.458,1,220,0,0,185,0,0,3,476195664,-1223627896,0.0,0.5,3.76469349861145,0.0,0.0,0.0,0.0,3.76469349861145,0.0,28,12700,47.6195664,-122.3627896,3.60555259556042
1812,1728412879.695,1,220,0,0,185,0,0,3,476195664,-1223627896,0.0,0.5,3.76469349861145,0.0,0.0,0.0,0.0,3.76469349861145,0.0,28,12700,47.6195664,-122.3627896,3.6029543458710895
1813,1728412879.962,1,220,0,0,185,0,0,3,476195657,-1223627894,0.0,0.5,3.796764373779297,0.0,0.0,0.0,0.0,3.796764373779297,0.0,28,12700,47.6195657,-122.3627894,3.5945362210261873
1814,1728412880.212,1,220,0,0,185,0,0,3,476195657,-1223627894,0.0,0.5,3.796764373779297,0.0,0.0,0.0,0.0,3.796764373779297,0.0,28,12700,47.6195657,-122.3627894,3.607503510696281
1815,1728412880.481,1,220,0,0,185,0,0,3,476195653,-1223627881,0.0,0.5,3.8307313919067383,0.0,0.0,0.0,0.0,3.8307313919067383,0.0,28,12700,47.6195653,-122.3627881,3.594536375052829
1816,1728412880.733,1,220,0,0,185,0,0,3,476195653,-1223627881,0.0,0.5,3.8307313919067383,0.0,0.0,0.0,0.0,3.8307313919067383,0.0,28,12700,47.6195653,-122.3627881,3.6192544185960625
1817,1728412881.0149999,1,220,0,0,185,0,0,3,476195650,-1223627864,0.0,0.5,3.8546431064605713,0.0,0.0,0.0,0.0,3.8546431064605713,0.0,28,12700,47.619565,-122.3627864,3.657644520336085
1818,1728412881.251,1,220,0,0,185,0,0,3,476195650,-1223627864,0.0,0.5,3.8546431064605713,0.0,0.0,0.0,0.0,3.8546431064605713,0.0,28,12700,47.619565,-122.3627864,3.6616623064993417
1819,1728412881.523,1,220,0,0,185,0,0,3,476195646,-1223627853,0.0,0.5,3.875358819961548,0.0,0.0,0.0,0.0,3.875358819961548,0.0,28,12700,47.6195646,-122.3627853,3.6523010615461295
1820,1728412881.7749999,1,220,0,0,185,0,0,3,476195646,-1223627853,0.0,0.5,3.875358819961548,0.0,0.0,0.0,0.0,3.875358819961548,0.0,28,12700,47.6195646,-122.3627853,3.6589827491554807
1821,1728412882.06,1,220,0,0,185,0,0,3,476195638,-1223627857,0.0,0.5,3.8664376735687256,0.0,0.0,0.0,0.0,3.8664376735687256,0.0,28,12700,47.6195638,-122.3627857,3.666361187849892
1822,1728412882.316,1,220,0,0,185,0,0,3,476195638,-1223627857,0.0,0.5,3.8664376735687256,0.0,0.0,0.0,0.0,3.8664376735687256,0.0,28,12700,47.6195638,-122.3627857,3.6456434155099497
1823,1728412882.562,1,220,0,0,185,0,0,3,476195638,-1223627857,0.0,0.5,3.8664376735687256,0.0,0.0,0.0,0.0,3.8664376735687256,0.0,28,12700,47.6195638,-122.3627857,3.6489692017653677
1824,1728412883.115,1,220,0,0,185,0,0,3,476195617,-1223627925,0.0,0.5,4.318219184875488,0.0,0.0,0.0,0.0,4.318219184875488,0.0,28,12700,47.6195617,-122.3627925,3.66300363741163
1825,1728412883.3899999,1,220,0,0,185,0,0,3,476195617,-1223627925,0.0,0.5,4.036782264709473,0.0,0.0,0.0,0.0,4.036782264709473,0.0,28,12700,47.6195617,-122.3627925,3.656975772940062
1826,1728412883.616,1,220,0,0,185,0,0,3,476195624,-1223627888,0.0,0.5,4.036782264709473,0.0,0.0,0.0,0.0,4.036782264709473,0.0,28,12700,47.6195624,-122.3627888,3.671071983856156
1827,1728412883.87,1,220,0,0,185,0,0,3,476195607,-1223627949,0.0,0.5,3.967585563659668,0.0,0.0,0.0,0.0,3.967585563659668,0.0,28,12700,47.6195607,-122.3627949,3.683919596070015
1828,1728412884.115,1,220,0,0,185,0,0,3,476195607,-1223627949,0.0,0.5,3.967585563659668,0.0,0.0,0.0,0.0,3.967585563659668,0.0,28,12700,47.6195607,-122.3627949,3.6616624663324324
1829,1728412884.4039998,1,220,0,0,185,0,0,3,476195599,-1223627984,0.0,0.5,3.9203739166259766,0.0,0.0,0.0,0.0,3.9203739166259766,0.0,28,12700,47.6195599,-122.3627984,3.6703983178647848
1830,1728412884.626,1,220,0,0,185,0,0,3,476195599,-1223627984,0.0,0.5,3.9203739166259766,0.0,0.0,0.0,0.0,3.9203739166259766,0.0,28,12700,47.6195599,-122.3627984,3.675119339623489
1831,1728412884.9129999,1,220,0,0,185,0,0,3,476195603,-1223627971,0.0,0.5,3.86203932762146,0.0,0.0,0.0,0.0,3.86203932762146,0.0,28,12800,47.6195603,-122.3627971,3.683241207019728
1832,1728412885.181,1,220,0,0,185,0,0,3,476195603,-1223627971,0.0,0.5,3.86203932762146,0.0,0.0,0.0,0.0,3.86203932762146,0.0,28,12800,47.6195603,-122.3627971,3.6724202187540866
1833,1728412885.4429998,1,220,0,0,185,0,0,3,476195594,-1223628001,0.0,0.5,3.898912191390991,0.0,0.0,0.0,0.0,3.898912191390991,0.0,28,12900,47.6195594,-122.3628001,3.673769444319143
1834,1728412885.672,1,220,0,0,185,0,0,3,476195594,-1223628001,0.0,0.5,3.898912191390991,0.0,0.0,0.0,0.0,3.898912191390991,0.0,28,12900,47.6195594,-122.3628001,3.6616624663324324
1835,1728412885.9499998,1,220,0,0,185,0,0,3,476195598,-1223627975,0.0,0.5,3.9461934566497803,0.0,0.0,0.0,0.0,3.9461934566497803,0.0,28,12900,47.6195598,-122.3627975,3.6757949009535342
1836,1728412886.181,1,220,0,0,185,0,0,3,476195598,-1223627975,0.0,0.5,3.9461934566497803,0.0,0.0,0.0,0.0,3.9461934566497803,0.0,28,12900,47.6195598,-122.3627975,3.644314924534089
1837,1728412886.444,1,220,0,0,185,0,0,3,476195583,-1223628027,0.0,0.5,3.9728987216949463,0.0,0.0,0.0,0.0,3.9728987216949463,0.0,28,12900,47.6195583,-122.3628027,3.657644520336085
1838,1728412886.7129998,1,220,0,0,185,0,0,3,476195583,-1223628027,0.0,0.5,3.9728987216949463,0.0,0.0,0.0,0.0,3.9728987216949463,0.0,28,12900,47.6195583,-122.3628027,3.6159827093722297
1839,1728412886.972,1,220,0,0,185,0,0,3,476195590,-1223627991,0.0,0.5,3.965707302093506,0.0,0.0,0.0,0.0,3.965707302093506,0.0,28,12900,47.619559,-122.3627991,3.635702489855292
1840,1728412887.217,1,220,0,0,185,0,0,3,476195590,-1223627991,0.0,0.5,3.965707302093506,0.0,0.0,0.0,0.0,3.965707302093506,0.0,28,12900,47.619559,-122.3627991,3.6172906206028235
1841,1728412887.49,1,220,0,0,185,0,0,3,476195593,-1223627961,0.0,0.5,4.062972545623779,0.0,0.0,0.0,0.0,4.062972545623779,0.0,28,12900,47.6195593,-122.3627961,3.6120643333164972
1842,1728412887.7619998,1,220,0,0,185,0,0,3,476195593,-1223627961,0.0,0.5,4.062972545623779,0.0,0.0,0.0,0.0,4.062972545623779,0.0,28,12900,47.6195593,-122.3627961,3.6324009893894638
1843,1728412888.0059998,1,220,0,0,185,0,0,3,476195593,-1223627961,0.0,0.5,4.062972545623779,0.0,0.0,0.0,0.0,4.062972545623779,0.0,28,12900,47.6195593,-122.3627961,3.6245015483380914
1844,1728412888.577,1,220,0,0,185,0,0,3,476195594,-1223627929,0.0,0.5,4.515552043914795,0.0,0.0,0.0,0.0,4.515552043914795,0.0,28,12900,47.6195594,-122.3627929,3.6218760830461725
1845,1728412888.8309999,1,220,0,0,185,0,0,3,476195594,-1223627929,0.0,0.5,4.515552043914795,0.0,0.0,0.0,0.0,4.515552043914795,0.0,28,12900,47.6195594,-122.3627929,3.6127167542928156
1846,1728412889.1039999,1,220,0,0,185,0,0,3,476195571,-1223627982,0.0,0.5,4.376936435699463,0.0,0.0,0.0,0.0,4.376936435699463,0.0,28,12900,47.6195571,-122.3627982,3.602305445803232
1847,1728412889.3379998,1,220,0,0,185,0,0,3,476195571,-1223627982,0.0,0.5,4.376936435699463,0.0,0.0,0.0,0.0,4.376936435699463,0.0,28,12900,47.6195571,-122.3627982,3.5676061702694835
1848,1728412889.646,1,220,0,0,185,0,0,3,476195563,-1223628007,0.0,0.5,4.264804840087891,0.0,0.0,0.0,0.0,4.264804840087891,0.0,28,12900,47.6195563,-122.3628007,3.5997120267454497
1849,1728412889.905,1,220,0,0,185,0,0,3,476195558,-1223628016,0.0,0.5,4.232977867126465,0.0,0.0,0.0,0.0,4.232977867126465,0.0,28,12900,47.6195558,-122.3628016,3.5906643159250815
1850,1728412890.155,1,220,0,0,185,0,0,3,476195558,-1223628016,0.0,0.5,4.232977867126465,0.0,0.0,0.0,0.0,4.232977867126465,0.0,28,12900,47.6195558,-122.3628016,3.601656779429968
1851,1728412890.4499998,1,220,0,0,185,0,0,3,476195539,-1223628081,0.0,0.5,4.174141883850098,0.0,0.0,0.0,0.0,4.174141883850098,0.0,28,12900,47.6195539,-122.3628081,3.595182478930085
1852,1728412890.687,1,220,0,0,185,0,0,3,476195539,-1223628081,0.0,0.5,4.174141883850098,0.0,0.0,0.0,0.0,4.174141883850098,0.0,28,12900,47.6195539,-122.3628081,3.6231884183164556
1853,1728412890.961,1,220,0,0,185,0,0,3,476195548,-1223628050,0.0,0.5,4.165095806121826,0.0,0.0,0.0,0.0,4.165095806121826,0.0,28,12900,47.6195548,-122.362805,3.6140223035533716
1854,1728412891.194,1,220,0,0,185,0,0,3,476195548,-1223628050,0.0,0.5,4.165095806121826,0.0,0.0,0.0,0.0,4.165095806121826,0.0,28,12900,47.6195548,-122.362805,3.642987243216351
1855,1728412891.4859998,1,220,0,0,185,0,0,3,476195539,-1223628084,0.0,0.5,4.073000431060791,0.0,0.0,0.0,0.0,4.073000431060791,0.0,28,12900,47.6195539,-122.3628084,3.6416605289367303
1856,1728412891.733,1,220,0,0,185,0,0,3,476195539,-1223628084,0.0,0.5,4.073000431060791,0.0,0.0,0.0,0.0,4.073000431060791,0.0,28,12900,47.6195539,-122.3628084,3.662332929085556
1857,1728412892.05,1,220,0,0,185,0,0,3,476195513,-1223628178,0.0,0.5,4.038882732391357,0.0,0.0,0.0,0.0,4.038882732391357,0.0,28,12900,47.6195513,-122.3628178,3.63504174123386
1858,1728412892.2689998,1,220,0,0,185,0,0,3,476195513,-1223628178,0.0,0.5,4.038882732391357,0.0,0.0,0.0,0.0,4.038882732391357,0.0,28,12900,47.6195513,-122.3628178,3.6396723473634096
1859,1728412892.5419998,1,220,0,0,185,0,0,3,476195503,-1223628223,0.0,0.6000000238418579,4.04504919052124,0.0,0.0,0.0,0.0,4.04504919052124,0.0,28,12800,47.6195503,-122.3628223,3.638348203808547
1860,1728412892.77,1,220,0,0,185,0,0,3,476195503,-1223628223,0.0,0.6000000238418579,4.04504919052124,0.0,0.0,0.0,0.0,4.04504919052124,0.0,28,12800,47.6195503,-122.3628223,3.644314924534089
1861,1728412893.053,1,220,0,0,185,0,0,3,476195496,-1223628252,0.0,0.6000000238418579,4.05064582824707,0.0,0.0,0.0,0.0,4.05064582824707,0.0,28,12800,47.6195496,-122.3628252,3.652967941084702
1862,1728412893.2819998,1,220,0,0,185,0,0,3,476195496,-1223628252,0.0,0.6000000238418579,4.05064582824707,0.0,0.0,0.0,0.0,4.05064582824707,0.0,28,12800,47.6195496,-122.3628252,3.640997771157306
1863,1728412893.54,1,220,0,0,185,0,0,3,476195496,-1223628252,0.0,0.6000000238418579,4.05064582824707,0.0,0.0,0.0,0.0,4.05064582824707,0.0,28,12800,47.6195496,-122.3628252,3.6489692017653677
1864,1728412894.067,1,220,0,0,185,0,0,3,476195528,-1223628141,0.0,0.6000000238418579,4.433891773223877,0.0,0.0,0.0,0.0,4.433891773223877,0.0,28,12800,47.6195528,-122.3628141,3.642987243216351
1865,1728412894.323,1,220,0,0,185,0,0,3,476195528,-1223628141,0.0,0.6000000238418579,4.433891773223877,0.0,0.0,0.0,0.0,4.433891773223877,0.0,28,12800,47.6195528,-122.3628141,3.610108172743292
1866,1728412894.5649998,1,220,0,0,185,0,0,3,476195534,-1223628078,0.0,0.6000000238418579,4.2332353591918945,0.0,0.0,0.0,0.0,4.2332353591918945,0.0,28,12900,47.6195534,-122.3628078,3.638348203808547
1867,1728412894.84,1,220,0,0,185,0,0,3,476195534,-1223628078,0.0,0.6000000238418579,4.2332353591918945,0.0,0.0,0.0,0.0,4.2332353591918945,0.0,28,12900,47.6195534,-122.3628078,3.673094627218645
1868,1728412895.141,1,220,0,0,185,0,0,3,476195517,-1223628094,0.0,0.6000000238418579,4.111283779144287,0.0,0.0,0.0,0.0,4.111283779144287,0.0,28,12900,47.6195517,-122.3628094,3.6509673970654584
1869,1728412895.402,1,220,0,0,185,0,0,3,476195517,-1223628094,0.0,0.6000000238418579,4.010443687438965,0.0,0.0,0.0,0.0,4.010443687438965,0.0,28,12900,47.6195517,-122.3628094,3.6469728754096895
1870,1728412895.643,1,220,0,0,185,0,0,3,476195494,-1223628156,0.0,0.6000000238418579,4.010443687438965,0.0,0.0,0.0,0.0,4.010443687438965,0.0,28,12700,47.6195494,-122.3628156,3.6343812327362617
1871,1728412895.925,1,220,0,0,185,0,0,3,476195512,-1223628069,0.0,0.6000000238418579,3.971123456954956,0.0,0.0,0.0,0.0,3.971123456954956,0.0,28,12600,47.6195512,-122.3628069,3.637025023372522
1872,1728412896.1799998,1,220,0,0,185,0,0,3,476195512,-1223628069,0.0,0.6000000238418579,3.971123456954956,0.0,0.0,0.0,0.0,3.971123456954956,0.0,28,12600,47.6195512,-122.3628069,3.6172906206028235
1873,1728412896.442,1,220,0,0,185,0,0,3,476195479,-1223628162,0.0,0.6000000238418579,3.938791275024414,0.0,0.0,0.0,0.0,3.938791275024414,0.0,28,12200,47.6195479,-122.3628162,3.2776138981074325
1874,1728412896.684,1,220,0,0,185,0,0,3,476195479,-1223628162,0.0,0.6000000238418579,3.938791275024414,0.0,0.0,0.0,0.0,3.938791275024414,0.0,28,12200,47.6195479,-122.3628162,3.453038641056922
1875,1728412897.026,1,220,0,0,185,0,0,3,476195467,-1223628193,0.0,0.6000000238418579,3.9324612617492676,0.0,0.0,0.0,0.0,3.9324612617492676,0.0,28,11999,47.6195467,-122.3628193,3.4305317773119732
1876,1728412897.23,1,220,0,0,185,0,0,3,476195467,-1223628193,0.0,0.6000000238418579,3.9324612617492676,0.0,0.0,0.0,0.0,3.9324612617492676,0.0,28,11999,47.6195467,-122.3628193,3.4036758739272126
1877,1728412897.495,1,220,0,0,185,0,0,3,476195465,-1223628194,0.0,0.6000000238418579,3.9194304943084717,0.0,0.0,0.0,0.0,3.9194304943084717,0.0,28,11900,47.6195465,-122.3628194,3.4376073790262383
1878,1728412897.747,1,220,0,0,185,0,0,3,476195465,-1223628194,0.0,0.6000000238418579,3.9194304943084717,0.0,0.0,0.0,0.0,3.9194304943084717,0.0,28,11900,47.6195465,-122.3628194,3.4417484850101134
1879,1728412898.026,1,220,0,0,185,0,0,3,476195469,-1223628174,0.0,0.6000000238418579,3.907402515411377,0.0,0.0,0.0,0.0,3.907402515411377,0.0,28,11900,47.6195469,-122.3628174,3.445305731266327
1880,1728412898.273,1,220,0,0,185,0,0,3,476195469,-1223628174,0.0,0.6000000238418579,3.907402515411377,0.0,0.0,0.0,0.0,3.907402515411377,0.0,28,11900,47.6195469,-122.3628174,3.429943353202093
1881,1728412898.5519998,1,220,0,0,185,0,0,3,476195477,-1223628129,0.0,0.6000000238418579,3.884298801422119,0.0,0.0,0.0,0.0,3.884298801422119,0.0,28,11800,47.6195477,-122.3628129,3.43819843590524
1882,1728412898.8109999,1,220,0,0,185,0,0,3,476195477,-1223628129,0.0,0.6000000238418579,3.884298801422119,0.0,0.0,0.0,0.0,3.884298801422119,0.0,28,11800,47.6195477,-122.3628129,3.4411562070360966
1883,1728412899.642,1,220,0,0,185,0,0,3,476195488,-1223628031,0.0,0.6000000238418579,4.262929916381836,0.0,0.0,0.0,0.0,4.262929916381836,0.0,28,11800,47.6195488,-122.3628031,3.4578147090250417
1884,1728412899.859,1,220,0,0,185,0,0,3,476195488,-1223628031,0.0,0.6000000238418579,4.262929916381836,0.0,0.0,0.0,0.0,4.262929916381836,0.0,28,11800,47.6195488,-122.3628031,3.4340660037942285
1885,1728412900.1529999,1,220,0,0,185,0,0,3,476195492,-1223627952,0.0,0.6000000238418579,3.9906487464904785,0.0,0.0,0.0,0.0,3.9906487464904785,0.0,28,11600,47.6195492,-122.3627952,3.491620157075723
1886,1728412900.441,1,220,0,0,185,0,0,3,476195468,-1223628007,0.0,0.6000000238418579,3.8988120555877686,0.0,0.0,0.0,0.0,3.8988120555877686,0.0,28,11400,47.6195468,-122.3628007,3.4340660037942285
1887,1728412900.658,1,220,0,0,185,0,0,3,476195468,-1223628007,0.0,0.6000000238418579,3.8988120555877686,0.0,0.0,0.0,0.0,3.8988120555877686,0.0,28,11400,47.6195468,-122.3628007,3.460806341612359
1888,1728412900.952,1,220,0,0,185,0,0,3,476195462,-1223628013,0.0,0.6000000238418579,3.883870840072632,0.0,0.0,0.0,0.0,3.883870840072632,0.0,28,11400,47.6195462,-122.3628013,3.4411562070360966
1889,1728412901.207,1,220,0,0,185,0,0,3,476195462,-1223628013,0.0,0.6000000238418579,3.883870840072632,0.0,0.0,0.0,0.0,3.883870840072632,0.0,28,11400,47.6195462,-122.3628013,3.460806484391483
1890,1728412901.474,1,220,0,0,185,0,0,3,476195463,-1223627980,0.0,0.6000000238418579,3.8698177337646484,0.0,0.0,0.0,0.0,3.8698177337646484,0.0,28,11400,47.6195463,-122.362798,3.4405642739867117
1891,1728412901.7419999,1,220,0,0,185,0,0,3,476195463,-1223627980,0.0,0.6000000238418579,3.8698177337646484,0.0,0.0,0.0,0.0,3.8698177337646484,0.0,28,11400,47.6195463,-122.362798,3.465603793280397
1892,1728412901.9919999,1,220,0,0,185,0,0,3,476195462,-1223627958,0.0,0.6000000238418579,3.8665058612823486,0.0,0.0,0.0,0.0,3.8665058612823486,0.0,28,11400,47.6195462,-122.3627958,3.463203406012673
1893,1728412902.2259998,1,220,0,0,185,0,0,3,476195462,-1223627958,0.0,0.6000000238418579,3.8665058612823486,0.0,0.0,0.0,0.0,3.8665058612823486,0.0,28,11400,47.6195462,-122.3627958,3.6456434155099497
1894,1728412902.508,1,220,0,0,185,0,0,3,476195449,-1223627990,0.0,0.6000000238418579,3.808772325515747,0.0,0.0,0.0,0.0,3.808772325515747,0.0,28,11400,47.6195449,-122.362799,3.633060935589173
1895,1728412902.754,1,220,0,0,185,0,0,3,476195449,-1223627990,0.0,0.6000000238418579,3.808772325515747,0.0,0.0,0.0,0.0,3.808772325515747,0.0,28,11400,47.6195449,-122.362799,3.6264731857783903
1896,1728412903.054,1,220,0,0,185,0,0,3,476195437,-1223628009,0.0,0.6000000238418579,3.809150218963623,0.0,0.0,0.0,0.0,3.809150218963623,0.0,28,11400,47.6195437,-122.3628009,3.6616624663324324
1897,1728412903.274,1,220,0,0,185,0,0,3,476195437,-1223628009,0.0,0.6000000238418579,3.809150218963623,0.0,0.0,0.0,0.0,3.809150218963623,0.0,28,11400,47.6195437,-122.3628009,3.639672505282523
1898,1728412903.559,1,220,0,0,185,0,0,3,476195435,-1223628001,0.0,0.6000000238418579,3.8158552646636963,0.0,0.0,0.0,0.0,3.8158552646636963,0.0,28,11400,47.6195435,-122.3628001,3.642323844337459
1899,1728412903.8049998,1,220,0,0,185,0,0,3,476195435,-1223628001,0.0,0.6000000238418579,3.8158552646636963,0.0,0.0,0.0,0.0,3.8158552646636963,0.0,28,11400,47.6195435,-122.3628001,3.6737692834273554
1900,1728412904.086,1,220,0,0,185,0,0,3,476195412,-1223628064,0.0,0.6000000238418579,3.802532196044922,0.0,0.0,0.0,0.0,3.802532196044922,0.0,28,11400,47.6195412,-122.3628064,3.658313512363139
1901,1728412904.323,1,220,0,0,185,0,0,3,476195412,-1223628064,0.0,0.6000000238418579,3.802532196044922,0.0,0.0,0.0,0.0,3.802532196044922,0.0,28,11400,47.6195412,-122.3628064,3.6509673970654584
1902,1728412904.586,1,220,0,0,185,0,0,3,476195412,-1223628064,0.0,0.6000000238418579,3.802532196044922,0.0,0.0,0.0,0.0,3.802532196044922,0.0,28,11400,47.6195412,-122.3628064,3.6456434155099497
1903,1728412905.128,1,220,0,0,185,0,0,3,476195414,-1223628047,0.0,0.6000000238418579,4.187204360961914,0.0,0.0,0.0,0.0,4.187204360961914,0.0,28,11300,47.6195414,-122.3628047,3.642323686188188
1904,1728412905.3639998,1,220,0,0,185,0,0,3,476195414,-1223628047,0.0,0.6000000238418579,4.187204360961914,0.0,0.0,0.0,0.0,4.187204360961914,0.0,28,11300,47.6195414,-122.3628047,3.631081973179469
1905,1728412905.668,1,220,0,0,185,0,0,3,476195417,-1223628013,0.0,0.6000000238418579,3.9675588607788086,0.0,0.0,0.0,0.0,3.9675588607788086,0.0,28,11200,47.6195417,-122.3628013,3.633720964231625
1906,1728412905.9029999,1,220,0,0,185,0,0,3,476195403,-1223628030,0.0,0.6000000238418579,3.919930934906006,0.0,0.0,0.0,0.0,3.919930934906006,0.0,28,11100,47.6195403,-122.362803,3.660992089242827
1907,1728412906.1529999,1,220,0,0,185,0,0,3,476195403,-1223628030,0.0,0.6000000238418579,3.919930934906006,0.0,0.0,0.0,0.0,3.919930934906006,0.0,28,11100,47.6195403,-122.362803,3.6324009893894638
1908,1728412906.4429998,1,220,0,0,185,0,0,3,476195400,-1223628014,0.0,0.6000000238418579,3.8793342113494873,0.0,0.0,0.0,0.0,3.8793342113494873,0.0,28,11200,47.61954,-122.3628014,3.644979048972749
1909,1728412906.651,1,220,0,0,185,0,0,3,476195400,-1223628014,0.0,0.6000000238418579,3.8793342113494873,0.0,0.0,0.0,0.0,3.8793342113494873,0.0,28,11200,47.61954,-122.3628014,3.6396723473634096
1910,1728412906.941,1,220,0,0,185,0,0,3,476195405,-1223627973,0.0,0.6000000238418579,3.845160722732544,0.0,0.0,0.0,0.0,3.845160722732544,0.0,28,11200,47.6195405,-122.3627973,3.6238448643714087
1911,1728412907.22,1,220,0,0,185,0,0,3,476195405,-1223627973,0.0,0.6000000238418579,3.845160722732544,0.0,0.0,0.0,0.0,3.845160722732544,0.0,28,11200,47.6195405,-122.3627973,3.6238448643714087
1912,1728412907.478,1,220,0,0,185,0,0,3,476195415,-1223627884,0.0,0.6000000238418579,3.798536539077759,0.0,0.0,0.0,0.0,3.798536539077759,0.0,28,11200,47.6195415,-122.3627884,3.32170740809025
1913,1728412907.717,1,220,0,0,185,0,0,3,476195415,-1223627884,0.0,0.6000000238418579,3.798536539077759,0.0,0.0,0.0,0.0,3.798536539077759,0.0,28,11200,47.6195415,-122.3627884,3.4922297898831673
1914,1728412908.016,1,220,0,0,185,0,0,3,476195379,-1223627979,0.0,0.6000000238418579,3.7773935794830322,0.0,0.0,0.0,0.0,3.7773935794830322,0.0,28,11200,47.6195379,-122.3627979,3.4843205517022526
1915,1728412908.258,1,220,0,0,185,0,0,3,476195379,-1223627979,0.0,0.6000000238418579,3.7773935794830322,0.0,0.0,0.0,0.0,3.7773935794830322,0.0,28,11200,47.6195379,-122.3627979,3.4922297898831673
1916,1728412908.517,1,220,0,0,185,0,0,3,476195367,-1223628014,0.0,0.6000000238418579,3.810530424118042,0.0,0.0,0.0,0.0,3.810530424118042,0.0,28,11200,47.6195367,-122.3628014,3.4668053067867257
1917,1728412908.78,1,220,0,0,185,0,0,3,476195367,-1223628014,0.0,0.6000000238418579,3.810530424118042,0.0,0.0,0.0,0.0,3.810530424118042,0.0,28,11200,47.6195367,-122.3628014,3.4506556222975835
1918,1728412909.046,1,220,0,0,185,0,0,3,476195363,-1223628020,0.0,0.6000000238418579,3.804966449737549,0.0,0.0,0.0,0.0,3.804966449737549,0.0,28,11200,47.6195363,-122.362802,3.4837135322577297
1919,1728412909.3,1,220,0,0,185,0,0,3,476195363,-1223628020,0.0,0.6000000238418579,3.804966449737549,0.0,0.0,0.0,0.0,3.804966449737549,0.0,28,11200,47.6195363,-122.362802,3.439381018608663
1920,1728412909.605,1,220,0,0,185,0,0,3,476195367,-1223627993,0.0,0.6000000238418579,3.8157095909118652,0.0,0.0,0.0,0.0,3.8157095909118652,0.0,28,11600,47.6195367,-122.3627993,3.466204517523848
1921,1728412909.842,1,220,0,0,185,0,0,3,476195367,-1223627993,0.0,0.6000000238418579,3.8157095909118652,0.0,0.0,0.0,0.0,3.8157095909118652,0.0,28,11600,47.6195367,-122.3627993,3.463803298310907
1922,1728412910.6069999,1,220,0,0,185,0,0,3,476195379,-1223627927,0.0,0.6000000238418579,4.294889450073242,0.0,0.0,0.0,0.0,4.294889450073242,0.0,28,11800,47.6195379,-122.3627927,3.482500416806986
1923,1728412910.855,1,220,0,0,185,0,0,3,476195379,-1223627927,0.0,0.6000000238418579,4.138792991638184,0.0,0.0,0.0,0.0,4.138792991638184,0.0,28,11800,47.6195379,-122.3627927,3.466805450061266
1924,1728412911.1039999,1,220,0,0,185,0,0,3,476195389,-1223627842,0.0,0.6000000238418579,4.138792991638184,0.0,0.0,0.0,0.0,4.138792991638184,0.0,28,11800,47.6195389,-122.3627842,3.496503624754485
1925,1728412911.395,1,220,0,0,185,0,0,3,476195389,-1223627842,0.0,0.6000000238418579,4.138792991638184,0.0,0.0,0.0,0.0,4.138792991638184,0.0,28,11800,47.6195389,-122.3627842,3.4566194182248795
1926,1728412911.672,1,220,0,0,185,0,0,3,476195369,-1223627861,0.0,0.6000000238418579,4.096890449523926,0.0,0.0,0.0,0.0,4.096890449523926,0.0,28,11800,47.6195369,-122.3627861,3.4740316321033577
1927,1728412911.949,1,220,0,0,185,0,0,3,476195366,-1223627849,0.0,0.6000000238418579,4.096789360046387,0.0,0.0,0.0,0.0,4.096789360046387,0.0,28,11800,47.6195366,-122.3627849,3.4411562070360966
1928,1728412912.184,1,220,0,0,185,0,0,3,476195366,-1223627849,0.0,0.6000000238418579,4.096789360046387,0.0,0.0,0.0,0.0,4.096789360046387,0.0,28,11800,47.6195366,-122.3627849,3.466805450061266
1929,1728412912.4659998,1,220,0,0,185,0,0,3,476195368,-1223627815,0.0,0.6000000238418579,4.111882209777832,0.0,0.0,0.0,0.0,4.111882209777832,0.0,28,11800,47.6195368,-122.3627815,3.4698126668599163
1930,1728412912.711,1,220,0,0,185,0,0,3,476195368,-1223627815,0.0,0.6000000238418579,4.111882209777832,0.0,0.0,0.0,0.0,4.111882209777832,0.0,28,11800,47.6195368,-122.3627815,3.4971149641992754
1931,1728412912.994,1,220,0,0,185,0,0,3,476195364,-1223627792,0.0,0.6000000238418579,4.206606864929199,0.0,0.0,0.0,0.0,4.206606864929199,0.0,28,11800,47.6195364,-122.3627792,3.4794711769644513
1932,1728412913.221,1,220,0,0,185,0,0,3,476195364,-1223627792,0.0,0.6000000238418579,4.206606864929199,0.0,0.0,0.0,0.0,4.206606864929199,0.0,28,11800,47.6195364,-122.3627792,3.608805449365887
1933,1728412913.4859998,1,220,0,0,185,0,0,3,476195323,-1223627889,0.0,0.6000000238418579,4.22312593460083,0.0,0.0,0.0,0.0,4.22312593460083,0.0,28,11800,47.6195323,-122.3627889,3.601656779429968
1934,1728412913.7359998,1,220,0,0,185,0,0,3,476195323,-1223627889,0.0,0.6000000238418579,4.22312593460083,0.0,0.0,0.0,0.0,4.22312593460083,0.0,28,11800,47.6195323,-122.3627889,3.581661820160152
1935,1728412914.044,1,220,0,0,185,0,0,3,476195311,-1223627929,0.0,0.6000000238418579,4.2624688148498535,0.0,0.0,0.0,0.0,4.2624688148498535,0.0,28,11800,47.6195311,-122.3627929,3.625158627008024
1936,1728412914.274,1,220,0,0,185,0,0,3,476195311,-1223627929,0.0,0.6000000238418579,4.2624688148498535,0.0,0.0,0.0,0.0,4.2624688148498535,0.0,28,11800,47.6195311,-122.3627929,3.639672505282523
1937,1728412914.592,1,220,0,0,185,0,0,3,476195315,-1223627929,0.0,0.6000000238418579,4.246729850769043,0.0,0.0,0.0,0.0,4.246729850769043,0.0,28,11800,47.6195315,-122.3627929,3.6390101551304133
1938,1728412914.8149998,1,220,0,0,185,0,0,3,476195315,-1223627929,0.0,0.6000000238418579,4.246729850769043,0.0,0.0,0.0,0.0,4.246729850769043,0.0,28,11800,47.6195315,-122.3627929,3.629764071618172
1939,1728412915.064,1,220,0,0,185,0,0,3,476195317,-1223627911,0.0,0.6000000238418579,4.241604804992676,0.0,0.0,0.0,0.0,4.241604804992676,0.0,28,11800,47.6195317,-122.3627911,3.6284469694282677
1940,1728412915.324,1,220,0,0,185,0,0,3,476195317,-1223627911,0.0,0.6000000238418579,4.241604804992676,0.0,0.0,0.0,0.0,4.241604804992676,0.0,28,11800,47.6195317,-122.3627911,3.633720964231625
1941,1728412915.59,1,220,0,0,185,0,0,3,476195317,-1223627911,0.0,0.6000000238418579,4.241604804992676,0.0,0.0,0.0,0.0,4.241604804992676,0.0,28,11800,47.6195317,-122.3627911,3.633060935589173
1942,1728412916.149,1,220,0,0,185,0,0,3,476195328,-1223627848,0.0,0.6000000238418579,4.628536701202393,0.0,0.0,0.0,0.0,4.628536701202393,0.0,28,11800,47.6195328,-122.3627848,3.620564854364616
1943,1728412916.408,1,220,0,0,185,0,0,3,476195328,-1223627848,0.0,0.6000000238418579,4.3601202964782715,0.0,0.0,0.0,0.0,4.3601202964782715,0.0,28,11800,47.6195328,-122.3627848,3.6146755878506753
1944,1728412916.688,1,220,0,0,185,0,0,3,476195306,-1223627885,0.0,0.6000000238418579,4.3601202964782715,0.0,0.0,0.0,0.0,4.3601202964782715,0.0,28,11800,47.6195306,-122.3627885,3.6062026661095254
1945,1728412916.912,1,220,0,0,185,0,0,3,476195303,-1223627873,0.0,0.6000000238418579,4.188984394073486,0.0,0.0,0.0,0.0,4.188984394073486,0.0,28,11900,47.6195303,-122.3627873,3.63504174123386
1946,1728412917.1669998,1,220,0,0,185,0,0,3,476195303,-1223627873,0.0,0.6000000238418579,4.188984394073486,0.0,0.0,0.0,0.0,4.188984394073486,0.0,28,11900,47.6195303,-122.3627873,3.631741440136545
1947,1728412917.445,1,220,0,0,185,0,0,3,476195305,-1223627846,0.0,0.6000000238418579,4.091780185699463,0.0,0.0,0.0,0.0,4.091780185699463,0.0,28,11900,47.6195305,-122.3627846,3.657644520336085
1948,1728412917.694,1,220,0,0,185,0,0,3,476195305,-1223627846,0.0,0.6000000238418579,4.091780185699463,0.0,0.0,0.0,0.0,4.091780185699463,0.0,28,11900,47.6195305,-122.3627846,3.6205646980992463
1949,1728412917.978,1,220,0,0,185,0,0,3,476195312,-1223627801,0.0,0.6000000238418579,4.014941215515137,0.0,0.0,0.0,0.0,4.014941215515137,0.0,28,11800,47.6195312,-122.3627801,3.6140224592545054
1950,1728412918.215,1,220,0,0,185,0,0,3,476195312,-1223627801,0.0,0.6000000238418579,4.014941215515137,0.0,0.0,0.0,0.0,4.014941215515137,0.0,28,11800,47.6195312,-122.3627801,3.625158627008024
1951,1728412918.4989998,1,220,0,0,185,0,0,3,476195319,-1223627738,0.0,0.6000000238418579,4.004443168640137,0.0,0.0,0.0,0.0,4.004443168640137,0.0,28,11800,47.6195319,-122.3627738,3.3003300641660727
1952,1728412918.745,1,220,0,0,185,0,0,3,476195319,-1223627738,0.0,0.6000000238418579,4.004443168640137,0.0,0.0,0.0,0.0,4.004443168640137,0.0,28,11800,47.6195319,-122.3627738,3.477656103644218
1953,1728412919.0189998,1,220,0,0,185,0,0,3,476195280,-1223627836,0.0,0.6000000238418579,3.9410808086395264,0.0,0.0,0.0,0.0,3.9410808086395264,0.0,28,11800,47.619528,-122.3627836,3.4831070135298603
1954,1728412919.2819998,1,220,0,0,185,0,0,3,476195280,-1223627836,0.0,0.6000000238418579,3.9410808086395264,0.0,0.0,0.0,0.0,3.9410808086395264,0.0,28,11800,47.619528,-122.3627836,3.4668053067867257
1955,1728412919.546,1,220,0,0,185,0,0,3,476195267,-1223627876,0.0,0.6000000238418579,3.9492783546447754,0.0,0.0,0.0,0.0,3.9492783546447754,0.0,28,11800,47.6195267,-122.3627876,3.4686090682501916
1956,1728412919.781,1,220,0,0,185,0,0,3,476195267,-1223627876,0.0,0.6000000238418579,3.9492783546447754,0.0,0.0,0.0,0.0,3.9492783546447754,0.0,28,11800,47.6195267,-122.3627876,3.453038641056922
1957,1728412920.06,1,220,0,0,185,0,0,3,476195270,-1223627866,0.0,0.6000000238418579,3.948580265045166,0.0,0.0,0.0,0.0,3.948580265045166,0.0,28,11900,47.619527,-122.3627866,3.4644032553944526
1958,1728412920.339,1,220,0,0,185,0,0,3,476195270,-1223627866,0.0,0.6000000238418579,3.948580265045166,0.0,0.0,0.0,0.0,3.948580265045166,0.0,28,11900,47.619527,-122.3627866,3.4399725445459124
1959,1728412920.5979998,1,220,0,0,185,0,0,3,476195282,-1223627824,0.0,0.6000000238418579,3.94547963142395,0.0,0.0,0.0,0.0,3.94547963142395,0.0,28,11900,47.6195282,-122.3627824,3.4566194182248795
1960,1728412920.8409998,1,220,0,0,185,0,0,3,476195282,-1223627824,0.0,0.6000000238418579,3.94547963142395,0.0,0.0,0.0,0.0,3.94547963142395,0.0,28,11900,47.6195282,-122.3627824,3.4328870726262037
1961,1728412921.6499999,1,220,0,0,185,0,0,3,476195240,-1223627927,0.0,0.6000000238418579,4.266458511352539,0.0,0.0,0.0,0.0,4.266458511352539,0.0,28,11900,47.619524,-122.3627927,3.4554249535108497
1962,1728412921.8999999,1,220,0,0,185,0,0,3,476195239,-1223627935,0.0,0.6000000238418579,4.058808326721191,0.0,0.0,0.0,0.0,4.058808326721191,0.0,28,11800,47.6195239,-122.3627935,3.4554249535108497
1963,1728412922.1499999,1,220,0,0,185,0,0,3,476195239,-1223627935,0.0,0.6000000238418579,4.058808326721191,0.0,0.0,0.0,0.0,4.058808326721191,0.0,28,11800,47.6195239,-122.3627935,3.4764470584149554
1964,1728412922.457,1,220,0,0,185,0,0,3,476195249,-1223627905,0.0,0.6000000238418579,4.0052690505981445,0.0,0.0,0.0,0.0,4.0052690505981445,0.0,28,11800,47.6195249,-122.3627905,3.4602074868545984
1965,1728412922.678,1,220,0,0,185,0,0,3,476195249,-1223627905,0.0,0.6000000238418579,4.0052690505981445,0.0,0.0,0.0,0.0,4.0052690505981445,0.0,28,11800,47.6195249,-122.3627905,3.4837136769332284
1966,1728412922.9589999,1,220,0,0,185,0,0,3,476195259,-1223627862,0.0,0.6000000238418579,4.046698570251465,0.0,0.0,0.0,0.0,4.046698570251465,0.0,28,11900,47.6195259,-122.3627862,3.4500604169220024
1967,1728412923.218,1,220,0,0,185,0,0,3,476195259,-1223627862,0.0,0.6000000238418579,4.046698570251465,0.0,0.0,0.0,0.0,4.046698570251465,0.0,28,11900,47.6195259,-122.3627862,3.4686090682501916
1968,1728412923.508,1,220,0,0,185,0,0,3,476195256,-1223627843,0.0,0.6000000238418579,4.073169708251953,0.0,0.0,0.0,0.0,4.073169708251953,0.0,28,11900,47.6195256,-122.3627843,3.4698126668599163
1969,1728412923.764,1,220,0,0,185,0,0,3,476195256,-1223627843,0.0,0.6000000238418579,4.073169708251953,0.0,0.0,0.0,0.0,4.073169708251953,0.0,28,11900,47.6195256,-122.3627843,3.474635137977503
1970,1728412924.041,1,220,0,0,185,0,0,3,476195218,-1223627927,0.0,0.6000000238418579,4.079304218292236,0.0,0.0,0.0,0.0,4.079304218292236,0.0,28,11900,47.6195218,-122.3627927,3.4650034203482654
1971,1728412924.287,1,220,0,0,185,0,0,3,476195218,-1223627927,0.0,0.6000000238418579,4.079304218292236,0.0,0.0,0.0,0.0,4.079304218292236,0.0,28,11900,47.6195218,-122.3627927,3.6029543458710895
1972,1728412924.533,1,220,0,0,185,0,0,3,476195220,-1223627925,0.0,0.6000000238418579,4.085178852081299,0.0,0.0,0.0,0.0,4.085178852081299,0.0,28,11800,47.619522,-122.3627925,3.608154440183669
1973,1728412924.7719998,1,220,0,0,185,0,0,3,476195220,-1223627925,0.0,0.6000000238418579,4.085178852081299,0.0,0.0,0.0,0.0,4.085178852081299,0.0,28,11800,47.619522,-122.3627925,3.6101083281073474
1974,1728412925.062,1,220,0,0,185,0,0,3,476195233,-1223627882,0.0,0.6000000238418579,4.113347053527832,0.0,0.0,0.0,0.0,4.113347053527832,0.0,28,11800,47.6195233,-122.3627882,3.646973033962953
1975,1728412925.287,1,220,0,0,185,0,0,3,476195233,-1223627882,0.0,0.6000000238418579,4.113347053527832,0.0,0.0,0.0,0.0,4.113347053527832,0.0,28,11800,47.6195233,-122.3627882,3.633720964231625
1976,1728412925.5779998,1,220,0,0,185,0,0,3,476195241,-1223627833,0.0,0.6000000238418579,4.137651443481445,0.0,0.0,0.0,0.0,4.137651443481445,0.0,28,11800,47.6195241,-122.3627833,3.6140223035533716
1977,1728412925.826,1,220,0,0,185,0,0,3,476195241,-1223627833,0.0,0.6000000238418579,4.137651443481445,0.0,0.0,0.0,0.0,4.137651443481445,0.0,28,11800,47.6195241,-122.3627833,3.616636546740109
1978,1728412926.103,1,220,0,0,185,0,0,3,476195250,-1223627773,0.0,0.6000000238418579,4.134309768676758,0.0,0.0,0.0,0.0,4.134309768676758,0.0,28,11800,47.619525,-122.3627773,3.6456434155099497
1979,1728412926.3539999,1,220,0,0,185,0,0,3,476195250,-1223627773,0.0,0.6000000238418579,4.134309768676758,0.0,0.0,0.0,0.0,4.134309768676758,0.0,28,11800,47.619525,-122.3627773,3.6343812327362617
1980,1728412926.613,1,220,0,0,185,0,0,3,476195250,-1223627773,0.0,0.6000000238418579,4.134309768676758,0.0,0.0,0.0,0.0,4.134309768676758,0.0,28,11800,47.619525,-122.3627773,3.657644520336085
1981,1728412927.201,1,220,0,0,185,0,0,3,476195266,-1223627616,0.0,0.6000000238418579,4.491730213165283,0.0,0.0,0.0,0.0,4.491730213165283,0.0,28,11800,47.6195266,-122.3627616,3.6529681001596686
1982,1728412927.4429998,1,220,0,0,185,0,0,3,476195205,-1223627769,0.0,0.6000000238418579,4.166176795959473,0.0,0.0,0.0,0.0,4.166176795959473,0.0,28,11800,47.6195205,-122.3627769,3.6463081827735553
1983,1728412927.6899998,1,220,0,0,185,0,0,3,476195205,-1223627769,0.0,0.6000000238418579,4.166176795959473,0.0,0.0,0.0,0.0,4.166176795959473,0.0,28,11800,47.6195205,-122.3627769,3.6245015483380914
1984,1728412927.941,1,220,0,0,185,0,0,3,476195192,-1223627817,0.0,0.6000000238418579,4.128671646118164,0.0,0.0,0.0,0.0,4.128671646118164,0.0,28,11800,47.6195192,-122.3627817,3.637025023372522
1985,1728412928.182,1,220,0,0,185,0,0,3,476195192,-1223627817,0.0,0.6000000238418579,4.128671646118164,0.0,0.0,0.0,0.0,4.128671646118164,0.0,28,11800,47.6195192,-122.3627817,3.6179450871280188
1986,1728412928.493,1,220,0,0,185,0,0,3,476195200,-1223627806,0.0,0.6000000238418579,4.1033735275268555,0.0,0.0,0.0,0.0,4.1033735275268555,0.0,28,11900,47.61952,-122.3627806,3.625158470345864
1987,1728412928.748,1,220,0,0,185,0,0,3,476195200,-1223627806,0.0,0.6000000238418579,4.1033735275268555,0.0,0.0,0.0,0.0,4.1033735275268555,0.0,28,11900,47.61952,-122.3627806,3.629764071618172
1988,1728412928.994,1,220,0,0,185,0,0,3,476195213,-1223627763,0.0,0.6000000238418579,3.995144844055176,0.0,0.0,0.0,0.0,3.995144844055176,0.0,28,11900,47.6195213,-122.3627763,3.625815787243145
1989,1728412929.267,1,220,0,0,185,0,0,3,476195213,-1223627763,0.0,0.6000000238418579,3.995144844055176,0.0,0.0,0.0,0.0,3.995144844055176,0.0,28,11900,47.6195213,-122.3627763,3.642323686188188
1990,1728412929.5089998,1,220,0,0,185,0,0,3,476195223,-1223627691,0.0,0.6000000238418579,3.9347083568573,0.0,0.0,0.0,0.0,3.9347083568573,0.0,28,11999,47.6195223,-122.3627691,3.2867707271355213
1991,1728412929.7619998,1,220,0,0,185,0,0,3,476195223,-1223627691,0.0,0.6000000238418579,3.9347083568573,0.0,0.0,0.0,0.0,3.9347083568573,0.0,28,11999,47.6195223,-122.3627691,3.4704147076668845
1992,1728412930.018,1,220,0,0,185,0,0,3,476195236,-1223627551,0.0,0.6000000238418579,3.8968558311462402,0.0,0.0,0.0,0.0,3.8968558311462402,0.0,28,11999,47.6195236,-122.3627551,3.4716194162523415
1993,1728412930.29,1,220,0,0,185,0,0,3,476195236,-1223627551,0.0,0.6000000238418579,3.8968558311462402,0.0,0.0,0.0,0.0,3.8968558311462402,0.0,28,11999,47.6195236,-122.3627551,3.443526118779576
1994,1728412930.5609999,1,220,0,0,185,0,0,3,476195245,-1223627415,0.0,0.6000000238418579,3.876286745071411,0.0,0.0,0.0,0.0,3.876286745071411,0.0,28,11999,47.6195245,-122.3627415,3.4584125931844363
1995,1728412930.8149998,1,220,0,0,185,0,0,3,476195245,-1223627415,0.0,0.6000000238418579,3.876286745071411,0.0,0.0,0.0,0.0,3.876286745071411,0.0,28,11999,47.6195245,-122.3627415,3.4387895551017476
1996,1728412931.095,1,220,0,0,185,0,0,3,476195222,-1223627468,0.0,0.6000000238418579,3.804267406463623,0.0,0.0,0.0,0.0,3.804267406463623,0.0,28,11999,47.6195222,-122.3627468,3.4698126668599163
1997,1728412931.336,1,220,0,0,185,0,0,3,476195222,-1223627468,0.0,0.6000000238418579,3.804267406463623,0.0,0.0,0.0,0.0,3.804267406463623,0.0,28,11999,47.6195222,-122.3627468,3.4680076537036055
1998,1728412931.619,1,220,0,0,185,0,0,3,476195216,-1223627467,0.0,0.6000000238418579,3.8278191089630127,0.0,0.0,0.0,0.0,3.8278191089630127,0.0,28,11999,47.6195216,-122.3627467,3.4716195599250685
1999,1728412931.845,1,220,0,0,185,0,0,3,476195216,-1223627467,0.0,0.6000000238418579,3.8278191089630127,0.0,0.0,0.0,0.0,3.8278191089630127,0.0,28,11999,47.6195216,-122.3627467,3.4596091246722156
2000,1728412932.698,1,220,0,0,185,0,0,3,476195228,-1223627376,0.0,0.6000000238418579,4.257304668426514,0.0,0.0,0.0,0.0,4.257304668426514,0.0,28,11999,47.6195228,-122.3627376,3.4352456043059165
2001,1728412932.964,1,220,0,0,185,0,0,3,476195228,-1223627376,0.0,0.6000000238418579,4.068713665008545,0.0,0.0,0.0,0.0,4.068713665008545,0.0,28,11999,47.6195228,-122.3627376,3.4393808775919257
2002,1728412933.204,1,220,0,0,185,0,0,3,476195229,-1223627285,0.0,0.6000000238418579,4.068713665008545,0.0,0.0,0.0,0.0,4.068713665008545,0.0,28,11999,47.6195229,-122.3627285,3.4554249535108497
2003,1728412933.498,1,220,0,0,185,0,0,3,476195222,-1223627259,0.0,0.6000000238418579,4.0090107917785645,0.0,0.0,0.0,0.0,4.0090107917785645,0.0,28,11999,47.6195222,-122.3627259,3.443526260136433
2004,1728412933.724,1,220,0,0,185,0,0,3,476195222,-1223627259,0.0,0.6000000238418579,4.0090107917785645,0.0,0.0,0.0,0.0,4.0090107917785645,0.0,28,11999,47.6195222,-122.3627259,3.4698126668599163
2005,1728412933.998,1,220,0,0,185,0,0,3,476195202,-1223627302,0.0,0.6000000238418579,3.9923059940338135,0.0,0.0,0.0,0.0,3.9923059940338135,0.0,28,11999,47.6195202,-122.3627302,3.4411562070360966
2006,1728412934.257,1,220,0,0,185,0,0,3,476195202,-1223627302,0.0,0.6000000238418579,3.9923059940338135,0.0,0.0,0.0,0.0,3.9923059940338135,0.0,28,11999,47.6195202,-122.3627302,3.4704147076668845
2007,1728412934.5149999,1,220,0,0,185,0,0,3,476195203,-1223627271,0.0,0.6000000238418579,4.007939338684082,0.0,0.0,0.0,0.0,4.007939338684082,0.0,28,11999,47.6195203,-122.3627271,3.4405642739867117
2008,1728412934.7549999,1,220,0,0,185,0,0,3,476195203,-1223627271,0.0,0.6000000238418579,4.007939338684082,0.0,0.0,0.0,0.0,4.007939338684082,0.0,28,11999,47.6195203,-122.3627271,3.474635137977503
2009,1728412935.0479999,1,220,0,0,185,0,0,3,476195205,-1223627207,0.0,0.6000000238418579,4.0012617111206055,0.0,0.0,0.0,0.0,4.0012617111206055,0.0,28,11999,47.6195205,-122.3627207,2.9129041921563483
2010,1728412935.3309999,1,220,0,0,185,0,0,3,476195205,-1223627207,0.0,0.6000000238418579,4.0012617111206055,0.0,0.0,0.0,0.0,4.0012617111206055,0.0,28,11999,47.6195205,-122.3627207,3.2005120448118567
2011,1728412935.577,1,220,0,0,185,0,0,3,476195197,-1223627223,0.0,0.6000000238418579,3.983482837677002,0.0,0.0,0.0,0.0,3.983482837677002,0.0,28,11999,47.6195197,-122.3627223,3.2005121669212433
2012,1728412935.806,1,220,0,0,185,0,0,3,476195197,-1223627223,0.0,0.6000000238418579,3.983482837677002,0.0,0.0,0.0,0.0,3.983482837677002,0.0,28,11999,47.6195197,-122.3627223,3.19081052314507
2013,1728412936.0979998,1,220,0,0,185,0,0,3,476195197,-1223627186,0.0,0.6000000238418579,3.9859094619750977,0.0,0.0,0.0,0.0,3.9859094619750977,0.0,28,11900,47.6195197,-122.3627186,3.2071840609764304
2014,1728412936.3249998,1,220,0,0,185,0,0,3,476195197,-1223627186,0.0,0.6000000238418579,3.9859094619750977,0.0,0.0,0.0,0.0,3.9859094619750977,0.0,28,11900,47.6195197,-122.3627186,3.1857280007777655
2015,1728412936.6269999,1,220,0,0,185,0,0,3,476195179,-1223627255,0.0,0.6000000238418579,3.9532852172851562,0.0,0.0,0.0,0.0,3.9532852172851562,0.0,28,11900,47.6195179,-122.3627255,3.1943779367497322
2016,1728412936.858,1,220,0,0,185,0,0,3,476195179,-1223627255,0.0,0.6000000238418579,3.9532852172851562,0.0,0.0,0.0,0.0,3.9532852172851562,0.0,28,11900,47.6195179,-122.3627255,3.191828901453109
2017,1728412937.149,1,220,0,0,185,0,0,3,476195175,-1223627270,0.0,0.6000000238418579,3.976867437362671,0.0,0.0,0.0,0.0,3.976867437362671,0.0,28,11900,47.6195175,-122.362727,3.194377815107977
2018,1728412937.375,1,220,0,0,185,0,0,3,476195175,-1223627270,0.0,0.6000000238418579,3.976867437362671,0.0,0.0,0.0,0.0,3.976867437362671,0.0,28,11900,47.6195175,-122.362727,3.1781344437559658
2019,1728412938.711,1,220,0,0,185,0,0,3,476195167,-1223627269,0.0,0.6000000238418579,4.6192946434021,0.0,0.0,0.0,0.0,4.6192946434021,0.0,28,11900,47.6195167,-122.3627269,3.208727718831476
2020,1728412938.947,1,220,0,0,185,0,0,3,476195167,-1223627269,0.0,0.6000000238418579,4.6192946434021,0.0,0.0,0.0,0.0,4.6192946434021,0.0,28,11900,47.6195167,-122.3627269,3.214400451240298
2021,1728412939.2129998,1,220,0,0,185,0,0,3,476195167,-1223627258,0.0,0.6000000238418579,4.171167850494385,0.0,0.0,0.0,0.0,4.171167850494385,0.0,28,11900,47.6195167,-122.3627258,3.20769840765454
2022,1728412939.472,1,220,0,0,185,0,0,3,476195154,-1223627298,0.0,0.6000000238418579,4.007232189178467,0.0,0.0,0.0,0.0,4.007232189178467,0.0,28,11900,47.6195154,-122.3627298,3.1766200743141924
2023,1728412939.734,1,220,0,0,185,0,0,3,476195154,-1223627298,0.0,0.6000000238418579,4.007232189178467,0.0,0.0,0.0,0.0,4.007232189178467,0.0,28,11900,47.6195154,-122.3627298,3.197441987862798
2024,1728412940.0019999,1,220,0,0,185,0,0,3,476195149,-1223627319,0.0,0.6000000238418579,3.974346160888672,0.0,0.0,0.0,0.0,3.974346160888672,0.0,28,11900,47.6195149,-122.3627319,3.1655586819324495
2025,1728412940.2589998,1,220,0,0,185,0,0,3,476195149,-1223627319,0.0,0.6000000238418579,3.974346160888672,0.0,0.0,0.0,0.0,3.974346160888672,0.0,28,11900,47.6195149,-122.3627319,3.1887754723848607
2026,1728412940.523,1,220,0,0,185,0,0,3,476195147,-1223627336,0.0,0.6000000238418579,3.964172124862671,0.0,0.0,0.0,0.0,3.964172124862671,0.0,28,11900,47.6195147,-122.3627336,3.1735957809216933
2027,1728412940.776,1,220,0,0,185,0,0,3,476195147,-1223627336,0.0,0.6000000238418579,3.964172124862671,0.0,0.0,0.0,0.0,3.964172124862671,0.0,28,11900,47.6195147,-122.3627336,3.193357809908178
2028,1728412941.0479999,1,220,0,0,185,0,0,3,476195146,-1223627341,0.0,0.6000000238418579,3.9766218662261963,0.0,0.0,0.0,0.0,3.9766218662261963,0.0,28,11900,47.6195146,-122.3627341,2.9304030122974387
2029,1728412941.281,1,220,0,0,185,0,0,3,476195146,-1223627341,0.0,0.6000000238418579,3.9766218662261963,0.0,0.0,0.0,0.0,3.9766218662261963,0.0,28,11900,47.6195146,-122.3627341,3.4740316321033577
2030,1728412941.553,1,220,0,0,185,0,0,3,476195139,-1223627348,0.0,0.6000000238418579,3.9847452640533447,0.0,0.0,0.0,0.0,3.9847452640533447,0.0,28,11900,47.6195139,-122.3627348,3.4698126668599163
2031,1728412941.812,1,220,0,0,185,0,0,3,476195139,-1223627348,0.0,0.6000000238418579,3.9847452640533447,0.0,0.0,0.0,0.0,3.9847452640533447,0.0,28,11900,47.6195139,-122.3627348,3.4590106841376107
2032,1728412942.102,1,220,0,0,185,0,0,3,476195136,-1223627362,0.0,0.6000000238418579,3.988410711288452,0.0,0.0,0.0,0.0,3.988410711288452,0.0,28,11900,47.6195136,-122.3627362,3.4650034203482654
2033,1728412942.353,1,220,0,0,185,0,0,3,476195136,-1223627362,0.0,0.6000000238418579,3.988410711288452,0.0,0.0,0.0,0.0,3.988410711288452,0.0,28,11900,47.6195136,-122.3627362,3.454231456263985
2034,1728412942.643,1,220,0,0,185,0,0,3,476195134,-1223627370,0.0,0.6000000238418579,4.00194787979126,0.0,0.0,0.0,0.0,4.00194787979126,0.0,28,11900,47.6195134,-122.362737,3.4716194162523415
2035,1728412942.899,1,220,0,0,185,0,0,3,476195134,-1223627370,0.0,0.6000000238418579,4.001110076904297,0.0,0.0,0.0,0.0,4.001110076904297,0.0,28,11900,47.6195134,-122.362737,3.453634874572933
2036,1728412943.1599998,1,220,0,0,185,0,0,3,476195133,-1223627378,0.0,0.6000000238418579,4.001110076904297,0.0,0.0,0.0,0.0,4.001110076904297,0.0,28,11900,47.6195133,-122.3627378,3.4837136769332284
2037,1728412943.412,1,220,0,0,185,0,0,3,476195133,-1223627378,0.0,0.6000000238418579,4.001110076904297,0.0,0.0,0.0,0.0,4.001110076904297,0.0,28,11900,47.6195133,-122.3627378,3.472825249070627
2038,1728412944.1999998,1,220,0,0,185,0,0,3,476195125,-1223627408,0.0,0.6000000238418579,4.380860805511475,0.0,0.0,0.0,0.0,4.380860805511475,0.0,28,11999,47.6195125,-122.3627408,3.4867503115735095
2039,1728412944.468,1,220,0,0,185,0,0,3,476195140,-1223627300,0.0,0.6000000238418579,4.1093621253967285,0.0,0.0,0.0,0.0,4.1093621253967285,0.0,28,11999,47.619514,-122.36273,3.444119212904181
2040,1728412944.711,1,220,0,0,185,0,0,3,476195140,-1223627300,0.0,0.6000000238418579,4.1093621253967285,0.0,0.0,0.0,0.0,4.1093621253967285,0.0,28,11999,47.619514,-122.36273,3.454828101811693
2041,1728412944.995,1,220,0,0,185,0,0,3,476195144,-1223627228,0.0,0.6000000238418579,4.02370023727417,0.0,0.0,0.0,0.0,4.02370023727417,0.0,28,12100,47.6195144,-122.3627228,3.4506556222975835
2042,1728412945.244,1,220,0,0,185,0,0,3,476195144,-1223627228,0.0,0.6000000238418579,4.02370023727417,0.0,0.0,0.0,0.0,4.02370023727417,0.0,28,12100,47.6195144,-122.3627228,3.480682326942172
2043,1728412945.524,1,220,0,0,185,0,0,3,476195146,-1223627179,0.0,0.6000000238418579,3.9859352111816406,0.0,0.0,0.0,0.0,3.9859352111816406,0.0,28,11999,47.6195146,-122.3627179,3.4710169574280916
2044,1728412945.763,1,220,0,0,185,0,0,3,476195146,-1223627179,0.0,0.6000000238418579,3.9859352111816406,0.0,0.0,0.0,0.0,3.9859352111816406,0.0,28,11999,47.6195146,-122.3627179,3.506311362793744
2045,1728412946.05,1,220,0,0,185,0,0,3,476195133,-1223627245,0.0,0.6000000238418579,3.9642856121063232,0.0,0.0,0.0,0.0,3.9642856121063232,0.0,28,11999,47.6195133,-122.3627245,3.4812881459359115
2046,1728412946.264,1,220,0,0,185,0,0,3,476195133,-1223627245,0.0,0.6000000238418579,3.9642856121063232,0.0,0.0,0.0,0.0,3.9642856121063232,0.0,28,11999,47.6195133,-122.3627245,3.487966535245389
2047,1728412946.5349998,1,220,0,0,185,0,0,3,476195133,-1223627245,0.0,0.6000000238418579,3.9642856121063232,0.0,0.0,0.0,0.0,3.9642856121063232,0.0,28,11999,47.6195133,-122.3627245,3.184713390304997
2048,1728412946.784,1,220,0,0,185,0,0,3,476195133,-1223627245,0.0,0.6000000238418579,3.9642856121063232,0.0,0.0,0.0,0.0,3.9642856121063232,0.0,28,11999,47.6195133,-122.3627245,3.46200438744648
2049,1728412947.0879998,1,220,0,0,185,0,0,3,476195123,-1223627310,0.0,0.6000000238418579,4.85020112991333,0.0,0.0,0.0,0.0,4.85020112991333,0.0,28,11999,47.6195123,-122.362731,3.4806821825183416
2050,1728412947.342,1,220,0,0,185,0,0,3,476195123,-1223627310,0.0,0.6000000238418579,4.85020112991333,0.0,0.0,0.0,0.0,4.85020112991333,0.0,28,11999,47.6195123,-122.362731,3.4650034203482654
2051,1728412947.608,1,220,0,0,185,0,0,3,476195131,-1223627267,0.0,0.6000000238418579,4.3004374504089355,0.0,0.0,0.0,0.0,4.3004374504089355,0.0,28,11999,47.6195131,-122.3627267,3.4806821825183416
2052,1728412947.8479998,1,220,0,0,185,0,0,3,476195131,-1223627267,0.0,0.6000000238418579,4.3004374504089355,0.0,0.0,0.0,0.0,4.3004374504089355,0.0,28,11999,47.6195131,-122.3627267,3.4644032553944526
2053,1728412948.115,1,220,0,0,185,0,0,3,476195133,-1223627247,0.0,0.6000000238418579,4.096871376037598,0.0,0.0,0.0,0.0,4.096871376037598,0.0,28,11999,47.6195133,-122.3627247,3.494670597011282
2054,1728412948.347,1,220,0,0,185,0,0,3,476195133,-1223627247,0.0,0.6000000238418579,4.096871376037598,0.0,0.0,0.0,0.0,4.096871376037598,0.0,28,11999,47.6195133,-122.3627247,3.4770515479882063
2055,1728412948.6439998,1,220,0,0,185,0,0,3,476195134,-1223627236,0.0,0.6000000238418579,4.02395486831665,0.0,0.0,0.0,0.0,4.02395486831665,0.0,28,11999,47.6195134,-122.3627236,3.5001750169290125
2056,1728412948.8939998,1,220,0,0,185,0,0,3,476195134,-1223627236,0.0,0.6000000238418579,4.02395486831665,0.0,0.0,0.0,0.0,4.02395486831665,0.0,28,11999,47.6195134,-122.3627236,3.461405403692426
2057,1728412949.692,1,220,0,0,185,0,0,3,476195133,-1223627227,0.0,0.6000000238418579,4.363807678222656,0.0,0.0,0.0,0.0,4.363807678222656,0.0,28,11999,47.6195133,-122.3627227,3.4674063043525525
2058,1728412949.977,1,220,0,0,185,0,0,3,476195139,-1223627157,0.0,0.6000000238418579,4.0999531745910645,0.0,0.0,0.0,0.0,4.0999531745910645,0.0,28,11999,47.6195139,-122.3627157,3.4417483437991745
2059,1728412950.214,1,220,0,0,185,0,0,3,476195139,-1223627157,0.0,0.6000000238418579,4.0999531745910645,0.0,0.0,0.0,0.0,4.0999531745910645,0.0,28,11999,47.6195139,-122.3627157,3.4758427789876416
2060,1728412950.483,1,220,0,0,185,0,0,3,476195140,-1223627107,0.0,0.6000000238418579,4.011886119842529,0.0,0.0,0.0,0.0,4.011886119842529,0.0,28,11999,47.619514,-122.3627107,3.4680076537036055
2061,1728412950.741,1,220,0,0,185,0,0,3,476195140,-1223627107,0.0,0.6000000238418579,4.011886119842529,0.0,0.0,0.0,0.0,4.011886119842529,0.0,28,11999,47.619514,-122.3627107,3.4704148512399153
2062,1728412951.017,1,220,0,0,185,0,0,3,476195141,-1223627016,0.0,0.6000000238418579,3.9469974040985107,0.0,0.0,0.0,0.0,3.9469974040985107,0.0,28,11999,47.6195141,-122.3627016,3.4650034203482654
2063,1728412951.247,1,220,0,0,185,0,0,3,476195141,-1223627016,0.0,0.6000000238418579,3.9469974040985107,0.0,0.0,0.0,0.0,3.9469974040985107,0.0,28,11999,47.6195141,-122.3627016,3.465603936455643
2064,1728412951.5149999,1,220,0,0,185,0,0,3,476195143,-1223626954,0.0,0.6000000238418579,3.9296202659606934,0.0,0.0,0.0,0.0,3.9296202659606934,0.0,28,11999,47.6195143,-122.3626954,3.4512510330785924
2065,1728412951.764,1,220,0,0,185,0,0,3,476195143,-1223626954,0.0,0.6000000238418579,3.9296202659606934,0.0,0.0,0.0,0.0,3.9296202659606934,0.0,28,11999,47.6195143,-122.3626954,3.4686090682501916
2066,1728412952.0419998,1,220,0,0,185,0,0,3,476195142,-1223626906,0.0,0.6000000238418579,3.9212286472320557,0.0,0.0,0.0,0.0,3.9212286472320557,0.0,28,11999,47.6195142,-122.3626906,3.3101621676439317
2067,1728412952.303,1,220,0,0,185,0,0,3,476195142,-1223626906,0.0,0.6000000238418579,3.9212286472320557,0.0,0.0,0.0,0.0,3.9212286472320557,0.0,28,11999,47.6195142,-122.3626906,3.6376864932663664
2068,1728412952.595,1,220,0,0,185,0,0,3,476195140,-1223626871,0.0,0.6000000238418579,3.879030227661133,0.0,0.0,0.0,0.0,3.879030227661133,0.0,28,11999,47.619514,-122.3626871,3.644979048972749
2069,1728412952.842,1,220,0,0,185,0,0,3,476195140,-1223626871,0.0,0.6000000238418579,3.879030227661133,0.0,0.0,0.0,0.0,3.879030227661133,0.0,28,11999,47.619514,-122.3626871,3.648303622631656
2070,1728412953.109,1,220,0,0,185,0,0,3,476195139,-1223626847,0.0,0.6000000238418579,3.8686094284057617,0.0,0.0,0.0,0.0,3.8686094284057617,0.0,28,11999,47.6195139,-122.3626847,3.6489692017653677
2071,1728412953.3709998,1,220,0,0,185,0,0,3,476195139,-1223626847,0.0,0.6000000238418579,3.857121229171753,0.0,0.0,0.0,0.0,3.857121229171753,0.0,28,11999,47.6195139,-122.3626847,3.667033372568504
2072,1728412953.62,1,220,0,0,185,0,0,3,476195140,-1223626827,0.0,0.6000000238418579,3.857121229171753,0.0,0.0,0.0,0.0,3.857121229171753,0.0,27,11999,47.619514,-122.3626827,3.66568924951545
2073,1728412953.886,1,220,0,0,185,0,0,3,476195140,-1223626813,0.0,0.6000000238418579,3.8338112831115723,0.0,0.0,0.0,0.0,3.8338112831115723,0.0,27,11999,47.619514,-122.3626813,3.6529681001596686
2074,1728412954.142,1,220,0,0,185,0,0,3,476195140,-1223626813,0.0,0.6000000238418579,3.8338112831115723,0.0,0.0,0.0,0.0,3.8338112831115723,0.0,27,11999,47.619514,-122.3626813,3.603603634564543
2075,1728412954.4099998,1,220,0,0,185,0,0,3,476195140,-1223626813,0.0,0.6000000238418579,3.8338112831115723,0.0,0.0,0.0,0.0,3.8338112831115723,0.0,27,11999,47.619514,-122.3626813,3.603603634564543
2076,1728412954.9359999,1,220,0,0,185,0,0,3,476195140,-1223626813,0.0,0.6000000238418579,4.154424667358398,0.0,0.0,0.0,0.0,4.154424667358398,0.0,27,11999,47.619514,-122.3626813,3.6140223035533716
2077,1728412955.1899998,1,220,0,0,185,0,0,3,476195138,-1223626822,0.0,0.6000000238418579,4.154424667358398,0.0,0.0,0.0,0.0,4.154424667358398,0.0,27,12100,47.6195138,-122.3626822,3.633720964231625
2078,1728412955.464,1,220,0,0,185,0,0,3,476195137,-1223626827,0.0,0.6000000238418579,3.906083345413208,0.0,0.0,0.0,0.0,3.906083345413208,0.0,27,12200,47.6195137,-122.3626827,3.634381390196564
2079,1728412955.6959999,1,220,0,0,185,0,0,3,476195137,-1223626827,0.0,0.6000000238418579,3.906083345413208,0.0,0.0,0.0,0.0,3.906083345413208,0.0,27,12200,47.6195137,-122.3626827,3.6350418987514006
2080,1728412955.964,1,220,0,0,185,0,0,3,476195138,-1223626822,0.0,0.6000000238418579,3.810271739959717,0.0,0.0,0.0,0.0,3.810271739959717,0.0,27,12300,47.6195138,-122.3626822,3.6357026474301026
2081,1728412956.195,1,220,0,0,185,0,0,3,476195138,-1223626822,0.0,0.6000000238418579,3.810271739959717,0.0,0.0,0.0,0.0,3.810271739959717,0.0,27,12300,47.6195138,-122.3626822,3.6443147662118656
2082,1728412956.4729998,1,220,0,0,185,0,0,3,476195136,-1223626816,0.0,0.6000000238418579,3.809696912765503,0.0,0.0,0.0,0.0,3.809696912765503,0.0,27,12300,47.6195136,-122.3626816,3.644979048972749
2083,1728412956.722,1,220,0,0,185,0,0,3,476195136,-1223626816,0.0,0.6000000238418579,3.809696912765503,0.0,0.0,0.0,0.0,3.809696912765503,0.0,27,12300,47.6195136,-122.3626816,3.633060778243268
2084,1728412957.0649998,1,220,0,0,185,0,0,3,476195141,-1223626811,0.0,0.6000000238418579,3.824025869369507,0.0,0.0,0.0,0.0,3.824025869369507,0.0,27,12200,47.6195141,-122.3626811,3.639672505282523
2085,1728412957.314,1,220,0,0,185,0,0,3,476195141,-1223626811,0.0,0.6000000238418579,3.824025869369507,0.0,0.0,0.0,0.0,3.824025869369507,0.0,27,12200,47.6195141,-122.3626811,3.642987243216351
2086,1728412957.576,1,220,0,0,185,0,0,3,476195140,-1223626804,0.0,0.6000000238418579,3.847766637802124,0.0,0.0,0.0,0.0,3.847766637802124,0.0,27,12200,47.619514,-122.3626804,3.4488704801661356
2087,1728412957.807,1,220,0,0,185,0,0,3,476195140,-1223626804,0.0,0.6000000238418579,3.847766637802124,0.0,0.0,0.0,0.0,3.847766637802124,0.0,27,12200,47.619514,-122.3626804,3.4417483437991745
2088,1728412958.0979998,1,220,0,0,185,0,0,3,476195139,-1223626796,0.0,0.6000000238418579,3.8857157230377197,0.0,0.0,0.0,0.0,3.8857157230377197,0.0,27,12200,47.6195139,-122.3626796,3.4578147090250417
2089,1728412958.3439999,1,220,0,0,185,0,0,3,476195139,-1223626796,0.0,0.6000000238418579,3.8857157230377197,0.0,0.0,0.0,0.0,3.8857157230377197,0.0,27,12200,47.6195139,-122.3626796,3.435835708508246
2090,1728412958.61,1,220,0,0,185,0,0,3,476195138,-1223626792,0.0,0.6000000238418579,3.8983259201049805,0.0,0.0,0.0,0.0,3.8983259201049805,0.0,27,12200,47.6195138,-122.3626792,3.4417484850101134
2091,1728412958.859,1,220,0,0,185,0,0,3,476195138,-1223626792,0.0,0.6000000238418579,3.9121599197387695,0.0,0.0,0.0,0.0,3.9121599197387695,0.0,27,12200,47.6195138,-122.3626792,3.4264177430154015
2092,1728412959.1069999,1,220,0,0,185,0,0,3,476195138,-1223626780,0.0,0.6000000238418579,3.9121599197387695,0.0,0.0,0.0,0.0,3.9121599197387695,0.0,27,12200,47.6195138,-122.362678,3.4488704801661356
2093,1728412959.391,1,220,0,0,185,0,0,3,476195138,-1223626780,0.0,0.6000000238418579,3.911045551300049,0.0,0.0,0.0,0.0,3.911045551300049,0.0,27,12200,47.6195138,-122.362678,3.4246574447669085
2094,1728412959.6369998,1,220,0,0,185,0,0,3,476195138,-1223626770,0.0,0.6000000238418579,3.911045551300049,0.0,0.0,0.0,0.0,3.911045551300049,0.0,27,12200,47.6195138,-122.362677,3.489183462552291
2095,1728412959.8999999,1,220,0,0,185,0,0,3,476195138,-1223626770,0.0,0.6000000238418579,3.911045551300049,0.0,0.0,0.0,0.0,3.911045551300049,0.0,27,12200,47.6195138,-122.362677,3.4704147076668845
2096,1728412960.735,1,220,0,0,185,0,0,3,476195138,-1223626760,0.0,0.6000000238418579,4.25391960144043,0.0,0.0,0.0,0.0,4.25391960144043,0.0,27,12300,47.6195138,-122.362676,3.4806821825183416
2097,1728412961.001,1,220,0,0,185,0,0,3,476195137,-1223626751,0.0,0.6000000238418579,4.00415563583374,0.0,0.0,0.0,0.0,4.00415563583374,0.0,27,12300,47.6195137,-122.3626751,3.4393808775919257
2098,1728412961.248,1,220,0,0,185,0,0,3,476195137,-1223626751,0.0,0.6000000238418579,4.00415563583374,0.0,0.0,0.0,0.0,4.00415563583374,0.0,27,12300,47.6195137,-122.3626751,3.4800764300156657
2099,1728412961.517,1,220,0,0,185,0,0,3,476195139,-1223626749,0.0,0.6000000238418579,3.8826444149017334,0.0,0.0,0.0,0.0,3.8826444149017334,0.0,27,12300,47.6195139,-122.3626749,3.472825105298088
2100,1728412961.7749999,1,220,0,0,185,0,0,3,476195139,-1223626749,0.0,0.6000000238418579,3.8826444149017334,0.0,0.0,0.0,0.0,3.8826444149017334,0.0,27,12300,47.6195139,-122.3626749,3.4831068689047453
2101,1728412962.0319998,1,220,0,0,185,0,0,3,476195134,-1223626651,0.0,0.6000000238418579,3.81113600730896,0.0,0.0,0.0,0.0,3.81113600730896,0.0,27,12300,47.6195134,-122.3626651,3.461405403692426
2102,1728412962.2719998,1,220,0,0,185,0,0,3,476195134,-1223626651,0.0,0.6000000238418579,3.81113600730896,0.0,0.0,0.0,0.0,3.81113600730896,0.0,27,12300,47.6195134,-122.3626651,3.460806341612359
2103,1728412962.562,1,220,0,0,185,0,0,3,476195131,-1223626592,0.0,0.6000000238418579,3.8304696083068848,0.0,0.0,0.0,0.0,3.8304696083068848,0.0,27,12400,47.6195131,-122.3626592,3.490401529773551
2104,1728412962.797,1,220,0,0,185,0,0,3,476195131,-1223626592,0.0,0.6000000238418579,3.8304696083068848,0.0,0.0,0.0,0.0,3.8304696083068848,0.0,27,12400,47.6195131,-122.3626592,3.4837135322577297
2105,1728412963.077,1,220,0,0,185,0,0,3,476195130,-1223626554,0.0,0.6000000238418579,3.8634252548217773,0.0,0.0,0.0,0.0,3.8634252548217773,0.0,27,12700,47.619513,-122.3626554,3.1913196310557113
2106,1728412963.322,1,220,0,0,185,0,0,3,476195130,-1223626554,0.0,0.6000000238418579,3.8634252548217773,0.0,0.0,0.0,0.0,3.8634252548217773,0.0,27,12700,47.619513,-122.3626554,3.5211267191794775
2107,1728412963.622,1,220,0,0,185,0,0,3,476195131,-1223626533,0.0,0.6000000238418579,3.9142744541168213,0.0,0.0,0.0,0.0,3.9142744541168213,0.0,27,13000,47.6195131,-122.3626533,3.5130861980102077
2108,1728412963.845,1,220,0,0,185,0,0,3,476195131,-1223626533,0.0,0.6000000238418579,3.9142744541168213,0.0,0.0,0.0,0.0,3.9142744541168213,0.0,27,13000,47.6195131,-122.3626533,3.508156479036416
2109,1728412964.103,1,220,0,0,185,0,0,3,476195133,-1223626518,0.0,0.6000000238418579,3.9471755027770996,0.0,0.0,0.0,0.0,3.9471755027770996,0.0,27,13300,47.6195133,-122.3626518,3.5161744246527493
2110,1728412964.352,1,220,0,0,185,0,0,3,476195133,-1223626518,0.0,0.6000000238418579,3.9471755027770996,0.0,0.0,0.0,0.0,3.9471755027770996,0.0,27,13300,47.6195133,-122.3626518,3.510003538202038
2111,1728412964.6369998,1,220,0,0,185,0,0,3,476195137,-1223626514,0.0,0.6000000238418579,3.998150587081909,0.0,0.0,0.0,0.0,3.998150587081909,0.0,27,13300,47.6195137,-122.3626514,3.5075411267857457
2112,1728412964.886,1,220,0,0,185,0,0,3,476195137,-1223626514,0.0,0.6000000238418579,4.057334899902344,0.0,0.0,0.0,0.0,4.057334899902344,0.0,27,13300,47.6195137,-122.3626514,3.4590106841376107
2113,1728412965.1209998,1,220,0,0,185,0,0,3,476195140,-1223626517,0.0,0.6000000238418579,4.057334899902344,0.0,0.0,0.0,0.0,4.057334899902344,0.0,27,13300,47.619514,-122.3626517,3.480682326942172
2114,1728412965.378,1,220,0,0,185,0,0,3,476195140,-1223626517,0.0,0.6000000238418579,4.057334899902344,0.0,0.0,0.0,0.0,4.057334899902344,0.0,27,13300,47.619514,-122.3626517,3.474635137977503
2115,1728412966.1669998,1,220,0,0,185,0,0,3,476195141,-1223626537,0.0,0.6000000238418579,4.519720554351807,0.0,0.0,0.0,0.0,4.519720554351807,0.0,27,13300,47.6195141,-122.3626537,3.491620157075723
2116,1728412966.415,1,220,0,0,185,0,0,3,476195141,-1223626537,0.0,0.6000000238418579,4.519720554351807,0.0,0.0,0.0,0.0,4.519720554351807,0.0,27,13300,47.6195141,-122.3626537,3.4746352818999493
2117,1728412966.694,1,220,0,0,185,0,0,3,476195137,-1223626490,0.0,0.6000000238418579,4.316621780395508,0.0,0.0,0.0,0.0,4.316621780395508,0.0,27,13399,47.6195137,-122.362649,3.4861425901857652
2118,1728412966.949,1,220,0,0,185,0,0,3,476195136,-1223626465,0.0,0.6000000238418579,4.269498348236084,0.0,0.0,0.0,0.0,4.269498348236084,0.0,27,13500,47.6195136,-122.3626465,3.451846791412174
2119,1728412967.205,1,220,0,0,185,0,0,3,476195136,-1223626465,0.0,0.6000000238418579,4.269498348236084,0.0,0.0,0.0,0.0,4.269498348236084,0.0,27,13500,47.6195136,-122.3626465,3.477656103644218
2120,1728412967.4729998,1,220,0,0,185,0,0,3,476195137,-1223626459,0.0,0.6000000238418579,4.242223262786865,0.0,0.0,0.0,0.0,4.242223262786865,0.0,27,13600,47.6195137,-122.3626459,3.461405403692426
2121,1728412967.734,1,220,0,0,185,0,0,3,476195137,-1223626459,0.0,0.6000000238418579,4.242223262786865,0.0,0.0,0.0,0.0,4.242223262786865,0.0,27,13600,47.6195137,-122.3626459,3.4831068689047453
2122,1728412968.054,1,220,0,0,185,0,0,3,476195138,-1223626470,0.0,0.6000000238418579,4.2340617179870605,0.0,0.0,0.0,0.0,4.2340617179870605,0.0,27,13799,47.6195138,-122.362647,3.4680076537036055
2123,1728412968.3079998,1,220,0,0,185,0,0,3,476195138,-1223626470,0.0,0.6000000238418579,4.2340617179870605,0.0,0.0,0.0,0.0,4.2340617179870605,0.0,27,13799,47.6195138,-122.362647,3.4704147076668845
2124,1728412968.553,1,220,0,0,185,0,0,3,476195140,-1223626489,0.0,0.6000000238418579,4.2310662269592285,0.0,0.0,0.0,0.0,4.2310662269592285,0.0,27,14000,47.619514,-122.3626489,3.1776295336606015
2125,1728412968.8049998,1,220,0,0,185,0,0,3,476195140,-1223626489,0.0,0.6000000238418579,4.2310662269592285,0.0,0.0,0.0,0.0,4.2310662269592285,0.0,27,14000,47.619514,-122.3626489,3.4722222279711272
2126,1728412969.0779998,1,220,0,0,185,0,0,3,476195144,-1223626513,0.0,0.6000000238418579,4.224950313568115,0.0,0.0,0.0,0.0,4.224950313568115,0.0,27,14200,47.6195144,-122.3626513,3.474635137977503
2127,1728412969.359,1,220,0,0,185,0,0,3,476195144,-1223626513,0.0,0.6000000238418579,4.224950313568115,0.0,0.0,0.0,0.0,4.224950313568115,0.0,27,14200,47.6195144,-122.3626513,3.4644032553944526
2128,1728412969.639,1,220,0,0,185,0,0,3,476195150,-1223626551,0.0,0.6000000238418579,4.223728179931641,0.0,0.0,0.0,0.0,4.223728179931641,0.0,27,14300,47.619515,-122.3626551,3.473428192014982
2129,1728412969.8539999,1,220,0,0,185,0,0,3,476195150,-1223626551,0.0,0.6000000238418579,4.223728179931641,0.0,0.0,0.0,0.0,4.223728179931641,0.0,27,14300,47.619515,-122.3626551,3.453038641056922
2130,1728412970.1299999,1,220,0,0,185,0,0,3,476195151,-1223626616,0.0,0.6000000238418579,4.231860160827637,0.0,0.0,0.0,0.0,4.231860160827637,0.0,27,14300,47.6195151,-122.3626616,3.4674063043525525
2131,1728412970.379,1,220,0,0,185,0,0,3,476195151,-1223626616,0.0,0.6000000238418579,4.231860160827637,0.0,0.0,0.0,0.0,4.231860160827637,0.0,27,14300,47.6195151,-122.3626616,3.4674064476767725
2132,1728412970.6529999,1,220,0,0,185,0,0,3,476195147,-1223626591,0.0,0.6000000238418579,4.189567565917969,0.0,0.0,0.0,0.0,4.189567565917969,0.0,27,14300,47.6195147,-122.3626591,3.5124692623641534
2133,1728412970.8839998,1,220,0,0,185,0,0,3,476195147,-1223626591,0.0,0.6000000238418579,4.189567565917969,0.0,0.0,0.0,0.0,4.189567565917969,0.0,27,14300,47.6195147,-122.3626591,3.499562461243945
2134,1728412971.672,1,220,0,0,185,0,0,3,476195146,-1223626609,0.0,0.6000000238418579,4.4882426261901855,0.0,0.0,0.0,0.0,4.4882426261901855,0.0,27,14300,47.6195146,-122.3626609,3.490401384542038
2135,1728412971.9269998,1,220,0,0,185,0,0,3,476195148,-1223626642,0.0,0.6000000238418579,4.1992082595825195,0.0,0.0,0.0,0.0,4.1992082595825195,0.0,27,14300,47.6195148,-122.3626642,3.4806821825183416
2136,1728412972.171,1,220,0,0,185,0,0,3,476195148,-1223626642,0.0,0.6000000238418579,4.1992082595825195,0.0,0.0,0.0,0.0,4.1992082595825195,0.0,27,14300,47.6195148,-122.3626642,3.4812880014618024
2137,1728412972.467,1,220,0,0,185,0,0,3,476195152,-1223626683,0.0,0.6000000238418579,4.026749134063721,0.0,0.0,0.0,0.0,4.026749134063721,0.0,27,14300,47.6195152,-122.3626683,3.4965034790147262
2138,1728412972.707,1,220,0,0,185,0,0,3,476195152,-1223626683,0.0,0.6000000238418579,4.026749134063721,0.0,0.0,0.0,0.0,4.026749134063721,0.0,27,14300,47.6195152,-122.3626683,3.518029938663727
2139,1728412972.997,1,220,0,0,185,0,0,3,476195152,-1223626654,0.0,0.6000000238418579,3.907735824584961,0.0,0.0,0.0,0.0,3.907735824584961,0.0,27,14200,47.6195152,-122.3626654,3.4867503115735095
2140,1728412973.241,1,220,0,0,185,0,0,3,476195152,-1223626654,0.0,0.6000000238418579,3.907735824584961,0.0,0.0,0.0,0.0,3.907735824584961,0.0,27,14200,47.6195152,-122.3626654,3.501400479550244
2141,1728412973.5019999,1,220,0,0,185,0,0,3,476195149,-1223626653,0.0,0.6000000238418579,3.807823657989502,0.0,0.0,0.0,0.0,3.807823657989502,0.0,27,14200,47.6195149,-122.3626653,3.494060111805152
2142,1728412973.748,1,220,0,0,185,0,0,3,476195149,-1223626653,0.0,0.6000000238418579,3.807823657989502,0.0,0.0,0.0,0.0,3.807823657989502,0.0,27,14200,47.6195149,-122.3626653,3.5130861980102077
2143,1728412974.023,1,220,0,0,185,0,0,3,476195147,-1223626608,0.0,0.6000000238418579,3.7573492527008057,0.0,0.0,0.0,0.0,3.7573492527008057,0.0,27,14200,47.6195147,-122.3626608,3.473428192014982
2144,1728412974.283,1,220,0,0,185,0,0,3,476195147,-1223626608,0.0,0.6000000238418579,3.7573492527008057,0.0,0.0,0.0,0.0,3.7573492527008057,0.0,27,14200,47.6195147,-122.3626608,3.650301088849234
2145,1728412974.5509999,1,220,0,0,185,0,0,3,476195151,-1223626588,0.0,0.6000000238418579,3.6968560218811035,0.0,0.0,0.0,0.0,3.6968560218811035,0.0,27,14200,47.6195151,-122.3626588,3.642987243216351
2146,1728412974.823,1,220,0,0,185,0,0,3,476195151,-1223626588,0.0,0.6000000238418579,3.6968560218811035,0.0,0.0,0.0,0.0,3.6968560218811035,0.0,27,14200,47.6195151,-122.3626588,3.6231884183164556
2147,1728412975.079,1,220,0,0,185,0,0,3,476195153,-1223626575,0.0,0.6000000238418579,3.7143003940582275,0.0,0.0,0.0,0.0,3.7143003940582275,0.0,27,14300,47.6195153,-122.3626575,3.6563071106749936
2148,1728412975.324,1,220,0,0,185,0,0,3,476195153,-1223626575,0.0,0.6000000238418579,3.7143003940582275,0.0,0.0,0.0,0.0,3.7143003940582275,0.0,27,14300,47.6195153,-122.3626575,3.662332929085556
2149,1728412975.59,1,220,0,0,185,0,0,3,476195153,-1223626579,0.0,0.6000000238418579,3.7276155948638916,0.0,0.0,0.0,0.0,3.7276155948638916,0.0,27,14300,47.6195153,-122.3626579,3.6529681001596686
2150,1728412975.842,1,220,0,0,185,0,0,3,476195153,-1223626579,0.0,0.6000000238418579,3.7276155948638916,0.0,0.0,0.0,0.0,3.7276155948638916,0.0,27,14300,47.6195153,-122.3626579,3.6643459513899543
2151,1728412976.103,1,220,0,0,185,0,0,3,476195156,-1223626613,0.0,0.6000000238418579,3.775230646133423,0.0,0.0,0.0,0.0,3.775230646133423,0.0,27,14200,47.6195156,-122.3626613,3.667033372568504
2152,1728412976.346,1,220,0,0,185,0,0,3,476195156,-1223626613,0.0,0.6000000238418579,3.775230646133423,0.0,0.0,0.0,0.0,3.775230646133423,0.0,27,14200,47.6195156,-122.3626613,3.662332929085556
2153,1728412976.642,1,220,0,0,185,0,0,3,476195156,-1223626613,0.0,0.6000000238418579,3.775230646133423,0.0,0.0,0.0,0.0,3.775230646133423,0.0,27,14200,47.6195156,-122.3626613,3.669724899072381
2154,1728412977.151,1,220,0,0,185,0,0,3,476195156,-1223626765,0.0,0.6000000238418579,4.23616361618042,0.0,0.0,0.0,0.0,4.23616361618042,0.0,27,14700,47.6195156,-122.3626765,3.6636747514544123
2155,1728412977.4169998,1,220,0,0,185,0,0,3,476195156,-1223626765,0.0,0.6000000238418579,4.081347942352295,0.0,0.0,0.0,0.0,4.081347942352295,0.0,27,14700,47.6195156,-122.3626765,3.657644520336085
2156,1728412977.691,1,220,0,0,185,0,0,3,476195159,-1223626865,0.0,0.6000000238418579,4.081347942352295,0.0,0.0,0.0,0.0,4.081347942352295,0.0,27,15000,47.6195159,-122.3626865,3.6913990519319055
2157,1728412977.937,1,220,0,0,185,0,0,3,476195160,-1223626949,0.0,0.6000000238418579,4.059342384338379,0.0,0.0,0.0,0.0,4.059342384338379,0.0,26,15000,47.619516,-122.3626949,3.6724202187540866
2158,1728412978.168,1,220,0,0,185,0,0,3,476195160,-1223626949,0.0,0.6000000238418579,4.059342384338379,0.0,0.0,0.0,0.0,4.059342384338379,0.0,26,15000,47.619516,-122.3626949,3.660992089242827
2159,1728412978.472,1,220,0,0,185,0,0,3,476195166,-1223626911,0.0,0.6000000238418579,4.026302337646484,0.0,0.0,0.0,0.0,4.026302337646484,0.0,26,15000,47.6195166,-122.3626911,3.6536353824671313
2160,1728412978.699,1,220,0,0,185,0,0,3,476195166,-1223626911,0.0,0.6000000238418579,4.026302337646484,0.0,0.0,0.0,0.0,4.026302337646484,0.0,26,15000,47.6195166,-122.3626911,3.6376864932663664
2161,1728412978.9559999,1,220,0,0,185,0,0,3,476195168,-1223626894,0.0,0.6000000238418579,3.9857375621795654,0.0,0.0,0.0,0.0,3.9857375621795654,0.0,26,14900,47.6195168,-122.3626894,3.6264731857783903
2162,1728412979.2089999,1,220,0,0,185,0,0,3,476195168,-1223626894,0.0,0.6000000238418579,3.9857375621795654,0.0,0.0,0.0,0.0,3.9857375621795654,0.0,26,14900,47.6195168,-122.3626894,3.6357026474301026
2163,1728412979.4729998,1,220,0,0,185,0,0,3,476195171,-1223626893,0.0,0.6000000238418579,3.9757211208343506,0.0,0.0,0.0,0.0,3.9757211208343506,0.0,26,15000,47.6195171,-122.3626893,3.3333333333333335
2164,1728412979.7419999,1,220,0,0,185,0,0,3,476195171,-1223626893,0.0,0.6000000238418579,3.9757211208343506,0.0,0.0,0.0,0.0,3.9757211208343506,0.0,26,15000,47.6195171,-122.3626893,3.4849277827237715
2165,1728412980.0189998,1,220,0,0,185,0,0,3,476195174,-1223626905,0.0,0.6000000238418579,3.9213850498199463,0.0,0.0,0.0,0.0,3.9213850498199463,0.0,26,15300,47.6195174,-122.3626905,3.4812880014618024
2166,1728412980.241,1,220,0,0,185,0,0,3,476195174,-1223626905,0.0,0.6000000238418579,3.9213850498199463,0.0,0.0,0.0,0.0,3.9213850498199463,0.0,26,15300,47.6195174,-122.3626905,3.4897923898752437
2167,1728412980.5249999,1,220,0,0,185,0,0,3,476195175,-1223626930,0.0,0.6000000238418579,3.920742988586426,0.0,0.0,0.0,0.0,3.920742988586426,0.0,27,15600,47.6195175,-122.362693,3.4788659901340573
2168,1728412980.787,1,220,0,0,185,0,0,3,476195175,-1223626930,0.0,0.6000000238418579,3.920742988586426,0.0,0.0,0.0,0.0,3.920742988586426,0.0,27,15600,47.6195175,-122.362693,3.460806341612359
2169,1728412981.064,1,220,0,0,185,0,0,3,476195177,-1223626958,0.0,0.6000000238418579,3.9424033164978027,0.0,0.0,0.0,0.0,3.9424033164978027,0.0,27,15699,47.6195177,-122.3626958,3.495281295583698
2170,1728412981.34,1,220,0,0,185,0,0,3,476195177,-1223626958,0.0,0.6000000238418579,3.9424033164978027,0.0,0.0,0.0,0.0,3.9424033164978027,0.0,27,15699,47.6195177,-122.3626958,3.4566194182248795
2171,1728412981.618,1,220,0,0,185,0,0,3,476195175,-1223626990,0.0,0.6000000238418579,3.9141385555267334,0.0,0.0,0.0,0.0,3.9141385555267334,0.0,27,15699,47.6195175,-122.362699,3.4722222279711272
2172,1728412981.847,1,220,0,0,185,0,0,3,476195175,-1223626990,0.0,0.6000000238418579,3.9141385555267334,0.0,0.0,0.0,0.0,3.9141385555267334,0.0,27,15699,47.6195175,-122.362699,3.4620045303244744
2173,1728412982.642,1,220,0,0,185,0,0,3,476195147,-1223626732,0.0,0.6000000238418579,4.21474552154541,0.0,0.0,0.0,0.0,4.21474552154541,0.0,27,15699,47.6195147,-122.3626732,3.4704147076668845
2174,1728412982.8899999,1,220,0,0,185,0,0,3,476195147,-1223626732,0.0,0.6000000238418579,4.21474552154541,0.0,0.0,0.0,0.0,4.21474552154541,0.0,27,15699,47.6195147,-122.3626732,3.4710169574280916
2175,1728412983.162,1,220,0,0,185,0,0,3,476195153,-1223626616,0.0,0.6000000238418579,4.046604156494141,0.0,0.0,0.0,0.0,4.046604156494141,0.0,27,15699,47.6195153,-122.3626616,3.4794710326411122
2176,1728412983.422,1,220,0,0,185,0,0,3,476195153,-1223626616,0.0,0.6000000238418579,3.9698760509490967,0.0,0.0,0.0,0.0,3.9698760509490967,0.0,27,15699,47.6195153,-122.3626616,3.4482758904183806
2177,1728412983.6859999,1,220,0,0,185,0,0,3,476195156,-1223626546,0.0,0.6000000238418579,3.9698760509490967,0.0,0.0,0.0,0.0,3.9698760509490967,0.0,27,15699,47.6195156,-122.3626546,3.4710169574280916
2178,1728412983.947,1,220,0,0,185,0,0,3,476195156,-1223626499,0.0,0.6000000238418579,3.949152708053589,0.0,0.0,0.0,0.0,3.949152708053589,0.0,27,15699,47.6195156,-122.3626499,3.461405403692426
2179,1728412984.194,1,220,0,0,185,0,0,3,476195156,-1223626499,0.0,0.6000000238418579,3.949152708053589,0.0,0.0,0.0,0.0,3.949152708053589,0.0,27,15699,47.6195156,-122.3626499,3.4831068689047453
2180,1728412984.485,1,220,0,0,185,0,0,3,476195160,-1223626472,0.0,0.6000000238418579,3.9063379764556885,0.0,0.0,0.0,0.0,3.9063379764556885,0.0,27,15800,47.619516,-122.3626472,3.500787640995292
2181,1728412984.7159998,1,220,0,0,185,0,0,3,476195160,-1223626472,0.0,0.6000000238418579,3.9063379764556885,0.0,0.0,0.0,0.0,3.9063379764556885,0.0,27,15800,47.619516,-122.3626472,3.5069262835901918
2182,1728412984.9859998,1,220,0,0,185,0,0,3,476195164,-1223626463,0.0,0.6000000238418579,3.8900673389434814,0.0,0.0,0.0,0.0,3.8900673389434814,0.0,27,15900,47.6195164,-122.3626463,3.485534935779269
2183,1728412985.2359998,1,220,0,0,185,0,0,3,476195164,-1223626463,0.0,0.6000000238418579,3.8900673389434814,0.0,0.0,0.0,0.0,3.8900673389434814,0.0,27,15900,47.6195164,-122.3626463,3.654302908602088
2184,1728412985.504,1,220,0,0,185,0,0,3,476195168,-1223626472,0.0,0.6000000238418579,3.875016927719116,0.0,0.0,0.0,0.0,3.875016927719116,0.0,27,15800,47.6195168,-122.3626472,3.676470549564461
2185,1728412985.767,1,220,0,0,185,0,0,3,476195168,-1223626472,0.0,0.6000000238418579,3.875016927719116,0.0,0.0,0.0,0.0,3.875016927719116,0.0,27,15800,47.6195168,-122.3626472,3.650301088849234
2186,1728412986.041,1,220,0,0,185,0,0,3,476195173,-1223626499,0.0,0.6000000238418579,3.8821778297424316,0.0,0.0,0.0,0.0,3.8821778297424316,0.0,27,15800,47.6195173,-122.3626499,3.643650883797114
2187,1728412986.287,1,220,0,0,185,0,0,3,476195173,-1223626499,0.0,0.6000000238418579,3.8821778297424316,0.0,0.0,0.0,0.0,3.8821778297424316,0.0,27,15800,47.6195173,-122.3626499,3.6656890893306247
2188,1728412986.5649998,1,220,0,0,185,0,0,3,476195167,-1223626467,0.0,0.6000000238418579,3.857922315597534,0.0,0.0,0.0,0.0,3.857922315597534,0.0,27,15800,47.6195167,-122.3626467,3.6463081827735553
2189,1728412986.806,1,220,0,0,185,0,0,3,476195167,-1223626467,0.0,0.6000000238418579,3.857922315597534,0.0,0.0,0.0,0.0,3.857922315597534,0.0,27,15800,47.6195167,-122.3626467,3.6456435739476367
2190,1728412987.053,1,220,0,0,185,0,0,3,476195166,-1223626459,0.0,0.6000000238418579,3.8445334434509277,0.0,0.0,0.0,0.0,3.8445334434509277,0.0,28,15800,47.6195166,-122.3626459,3.6489692017653677
2191,1728412987.3209999,1,220,0,0,185,0,0,3,476195166,-1223626459,0.0,0.6000000238418579,3.8445334434509277,0.0,0.0,0.0,0.0,3.8445334434509277,0.0,28,15800,47.6195166,-122.3626459,3.6277888551574917
2192,1728412987.585,1,220,0,0,185,0,0,3,476195166,-1223626459,0.0,0.6000000238418579,3.8445334434509277,0.0,0.0,0.0,0.0,3.8445334434509277,0.0,28,15800,47.6195166,-122.3626459,3.6536352233340437
2193,1728412988.115,1,220,0,0,185,0,0,3,476195166,-1223626485,0.0,0.6000000238418579,4.211306095123291,0.0,0.0,0.0,0.0,4.211306095123291,0.0,28,15800,47.6195166,-122.3626485,3.6337208068285434
2194,1728412988.33,1,220,0,0,185,0,0,3,476195166,-1223626485,0.0,0.6000000238418579,4.211306095123291,0.0,0.0,0.0,0.0,4.211306095123291,0.0,28,15800,47.6195166,-122.3626485,3.6357026474301026
2195,1728412988.641,1,220,0,0,185,0,0,3,476195154,-1223626436,0.0,0.6000000238418579,3.93637752532959,0.0,0.0,0.0,0.0,3.93637752532959,0.0,28,15800,47.6195154,-122.3626436,3.6159827093722297
2196,1728412988.911,1,220,0,0,185,0,0,3,476195149,-1223626418,0.0,0.6000000238418579,3.7935845851898193,0.0,0.0,0.0,0.0,3.7935845851898193,0.0,28,15800,47.6195149,-122.3626418,3.6140224592545054
2197,1728412989.142,1,220,0,0,185,0,0,3,476195149,-1223626418,0.0,0.6000000238418579,3.7935845851898193,0.0,0.0,0.0,0.0,3.7935845851898193,0.0,28,15800,47.6195149,-122.3626418,3.6101083281073474
2198,1728412989.432,1,220,0,0,185,0,0,3,476195150,-1223626412,0.0,0.6000000238418579,3.8312642574310303,0.0,0.0,0.0,0.0,3.8312642574310303,0.0,28,15800,47.619515,-122.3626412,3.608805449365887
2199,1728412989.6799998,1,220,0,0,185,0,0,3,476195150,-1223626412,0.0,0.6000000238418579,3.8312642574310303,0.0,0.0,0.0,0.0,3.8312642574310303,0.0,28,15800,47.619515,-122.3626412,3.604902759338441
2200,1728412989.9659998,1,220,0,0,185,0,0,3,476195153,-1223626428,0.0,0.6000000238418579,3.835848569869995,0.0,0.0,0.0,0.0,3.835848569869995,0.0,28,15800,47.6195153,-122.3626428,3.580379542234618
2201,1728412990.2289999,1,220,0,0,185,0,0,3,476195153,-1223626428,0.0,0.6000000238418579,3.835848569869995,0.0,0.0,0.0,0.0,3.835848569869995,0.0,28,15800,47.6195153,-122.3626428,3.600359992736281
2202,1728412990.46,1,220,0,0,185,0,0,3,476195154,-1223626467,0.0,0.6000000238418579,3.87056040763855,0.0,0.0,0.0,0.0,3.87056040763855,0.0,28,15800,47.6195154,-122.3626467,3.2900148071311746
2203,1728412990.74,1,220,0,0,185,0,0,3,476195154,-1223626467,0.0,0.6000000238418579,3.87056040763855,0.0,0.0,0.0,0.0,3.87056040763855,0.0,28,15800,47.6195154,-122.3626467,3.4429333701953877
2204,1728412991.0049999,1,220,0,0,185,0,0,3,476195155,-1223626504,0.0,0.6000000238418579,3.960073709487915,0.0,0.0,0.0,0.0,3.960073709487915,0.0,28,15800,47.6195155,-122.3626504,3.4153005775950698
2205,1728412991.2979999,1,220,0,0,185,0,0,3,476195155,-1223626504,0.0,0.6000000238418579,3.960073709487915,0.0,0.0,0.0,0.0,3.960073709487915,0.0,28,15800,47.6195155,-122.3626504,3.4470873257591395
2206,1728412991.5749998,1,220,0,0,185,0,0,3,476195120,-1223626380,0.0,0.6000000238418579,3.94317889213562,0.0,0.0,0.0,0.0,3.94317889213562,0.0,28,15800,47.619512,-122.362638,3.4680076537036055
2207,1728412991.827,1,220,0,0,185,0,0,3,476195120,-1223626380,0.0,0.6000000238418579,3.94317889213562,0.0,0.0,0.0,0.0,3.94317889213562,0.0,28,15800,47.619512,-122.362638,3.42172795587743
2208,1728412992.1069999,1,220,0,0,185,0,0,3,476195111,-1223626317,0.0,0.6000000238418579,3.9588427543640137,0.0,0.0,0.0,0.0,3.9588427543640137,0.0,28,15800,47.6195111,-122.3626317,3.4578147090250417
2209,1728412992.3539999,1,220,0,0,185,0,0,3,476195111,-1223626317,0.0,0.6000000238418579,3.9588427543640137,0.0,0.0,0.0,0.0,3.9588427543640137,0.0,28,15800,47.6195111,-122.3626317,3.4264176030596656
2210,1728412992.639,1,220,0,0,185,0,0,3,476195114,-1223626314,0.0,0.6000000238418579,3.9514694213867188,0.0,0.0,0.0,0.0,3.9514694213867188,0.0,28,15800,47.6195114,-122.3626314,3.4716194162523415
2211,1728412992.876,1,220,0,0,185,0,0,3,476195114,-1223626314,0.0,0.6000000238418579,3.9514694213867188,0.0,0.0,0.0,0.0,3.9514694213867188,0.0,28,15800,47.6195114,-122.3626314,3.465603793280397
2212,1728412993.664,1,220,0,0,185,0,0,3,476195129,-1223626363,0.0,0.6000000238418579,4.265038013458252,0.0,0.0,0.0,0.0,4.265038013458252,0.0,28,15800,47.6195129,-122.3626363,3.4560221538529485
2213,1728412993.924,1,220,0,0,185,0,0,3,476195133,-1223626391,0.0,0.6000000238418579,4.025389194488525,0.0,0.0,0.0,0.0,4.025389194488525,0.0,28,15800,47.6195133,-122.3626391,3.439381018608663
2214,1728412994.1859999,1,220,0,0,185,0,0,3,476195133,-1223626391,0.0,0.6000000238418579,4.025389194488525,0.0,0.0,0.0,0.0,4.025389194488525,0.0,28,15800,47.6195133,-122.3626391,3.4512510330785924
2215,1728412994.4429998,1,220,0,0,185,0,0,3,476195136,-1223626431,0.0,0.6000000238418579,3.906280755996704,0.0,0.0,0.0,0.0,3.906280755996704,0.0,28,15800,47.6195136,-122.3626431,3.4644032553944526
2216,1728412994.678,1,220,0,0,185,0,0,3,476195136,-1223626431,0.0,0.6000000238418579,3.906280755996704,0.0,0.0,0.0,0.0,3.906280755996704,0.0,28,15800,47.6195136,-122.3626431,3.4764470584149554
2217,1728412994.987,1,220,0,0,185,0,0,3,476195139,-1223626491,0.0,0.6000000238418579,3.804983139038086,0.0,0.0,0.0,0.0,3.804983139038086,0.0,28,15800,47.6195139,-122.3626491,3.459608981991871
2218,1728412995.2159998,1,220,0,0,185,0,0,3,476195139,-1223626491,0.0,0.6000000238418579,3.804983139038086,0.0,0.0,0.0,0.0,3.804983139038086,0.0,28,15800,47.6195139,-122.3626491,3.497726517458386
2219,1728412995.517,1,220,0,0,185,0,0,3,476195144,-1223626549,0.0,0.6000000238418579,3.7620787620544434,0.0,0.0,0.0,0.0,3.7620787620544434,0.0,28,15800,47.6195144,-122.3626549,3.4704147076668845
2220,1728412995.727,1,220,0,0,185,0,0,3,476195144,-1223626549,0.0,0.6000000238418579,3.7620787620544434,0.0,0.0,0.0,0.0,3.7620787620544434,0.0,28,15800,47.6195144,-122.3626549,3.505082314368304
2221,1728412996.0,1,220,0,0,185,0,0,3,476195148,-1223626617,0.0,0.6000000238418579,3.7722957134246826,0.0,0.0,0.0,0.0,3.7722957134246826,0.0,28,15800,47.6195148,-122.3626617,3.198464726194393
2222,1728412996.247,1,220,0,0,185,0,0,3,476195148,-1223626617,0.0,0.6000000238418579,3.7722957134246826,0.0,0.0,0.0,0.0,3.7722957134246826,0.0,28,15800,47.6195148,-122.3626617,3.490401529773551
2223,1728412996.5549998,1,220,0,0,185,0,0,3,476195147,-1223626686,0.0,0.6000000238418579,3.8206193447113037,0.0,0.0,0.0,0.0,3.8206193447113037,0.0,28,15800,47.6195147,-122.3626686,3.4885750378525375
2224,1728412996.8,1,220,0,0,185,0,0,3,476195147,-1223626686,0.0,0.6000000238418579,3.8206193447113037,0.0,0.0,0.0,0.0,3.8206193447113037,0.0,28,15800,47.6195147,-122.3626686,3.477655959471413
2225,1728412997.0709999,1,220,0,0,185,0,0,3,476195148,-1223626757,0.0,0.6000000238418579,3.857511281967163,0.0,0.0,0.0,0.0,3.857511281967163,0.0,28,15800,47.6195148,-122.3626757,3.494060111805152
2226,1728412997.3279998,1,220,0,0,185,0,0,3,476195148,-1223626757,0.0,0.6000000238418579,3.857511281967163,0.0,0.0,0.0,0.0,3.857511281967163,0.0,28,15800,47.6195148,-122.3626757,3.4590106841376107
2227,1728412997.608,1,220,0,0,185,0,0,3,476195151,-1223626832,0.0,0.6000000238418579,3.88779354095459,0.0,0.0,0.0,0.0,3.88779354095459,0.0,28,15800,47.6195151,-122.3626832,3.505696804112785
2228,1728412997.8249998,1,220,0,0,185,0,0,3,476195151,-1223626832,0.0,0.6000000238418579,3.88779354095459,0.0,0.0,0.0,0.0,3.88779354095459,0.0,28,15800,47.6195151,-122.3626832,3.4704147076668845
2229,1728412998.1169999,1,220,0,0,185,0,0,3,476195155,-1223626899,0.0,0.6000000238418579,3.910175085067749,0.0,0.0,0.0,0.0,3.910175085067749,0.0,28,15800,47.6195155,-122.3626899,3.487966535245389
2230,1728412998.345,1,220,0,0,185,0,0,3,476195155,-1223626899,0.0,0.6000000238418579,3.910175085067749,0.0,0.0,0.0,0.0,3.910175085067749,0.0,28,15800,47.6195155,-122.3626899,3.454828101811693
2231,1728412999.129,1,220,0,0,185,0,0,3,476195154,-1223627004,0.0,0.6000000238418579,4.296975135803223,0.0,0.0,0.0,0.0,4.296975135803223,0.0,28,15800,47.6195154,-122.3627004,3.4554250958462895
2232,1728412999.3939998,1,220,0,0,185,0,0,3,476195154,-1223627004,0.0,0.6000000238418579,4.024114608764648,0.0,0.0,0.0,0.0,4.024114608764648,0.0,28,15800,47.6195154,-122.3627004,3.4506556222975835
2233,1728412999.6569998,1,220,0,0,185,0,0,3,476195146,-1223626968,0.0,0.6000000238418579,4.024114608764648,0.0,0.0,0.0,0.0,4.024114608764648,0.0,28,15699,47.6195146,-122.3626968,3.493449694368212
2234,1728412999.937,1,220,0,0,185,0,0,3,476195095,-1223626733,0.0,0.6000000238418579,3.8190364837646484,0.0,0.0,0.0,0.0,3.8190364837646484,0.0,28,15800,47.6195095,-122.3626733,3.4794711769644513
2235,1728413000.1669998,1,220,0,0,185,0,0,3,476195095,-1223626733,0.0,0.6000000238418579,3.8190364837646484,0.0,0.0,0.0,0.0,3.8190364837646484,0.0,28,15800,47.6195095,-122.3626733,3.501400479550244
2236,1728413000.46,1,220,0,0,185,0,0,3,476195083,-1223626603,0.0,0.6000000238418579,3.792949676513672,0.0,0.0,0.0,0.0,3.792949676513672,0.0,27,15800,47.6195083,-122.3626603,3.4879663902164393
2237,1728413000.692,1,220,0,0,185,0,0,3,476195083,-1223626603,0.0,0.6000000238418579,3.792949676513672,0.0,0.0,0.0,0.0,3.792949676513672,0.0,27,15800,47.6195083,-122.3626603,3.512469409437909
2238,1728413000.9789999,1,220,0,0,185,0,0,3,476195085,-1223626544,0.0,0.6000000238418579,3.801380157470703,0.0,0.0,0.0,0.0,3.801380157470703,0.0,27,15800,47.6195085,-122.3626544,3.475238853569153
2239,1728413001.251,1,220,0,0,185,0,0,3,476195085,-1223626544,0.0,0.6000000238418579,3.801380157470703,0.0,0.0,0.0,0.0,3.801380157470703,0.0,27,15800,47.6195085,-122.3626544,3.505082314368304
2240,1728413001.516,1,220,0,0,185,0,0,3,476195094,-1223626530,0.0,0.6000000238418579,3.780651092529297,0.0,0.0,0.0,0.0,3.780651092529297,0.0,27,15800,47.6195094,-122.362653,2.93728897862899
2241,1728413001.7879999,1,220,0,0,185,0,0,3,476195094,-1223626530,0.0,0.6000000238418579,3.780651092529297,0.0,0.0,0.0,0.0,3.780651092529297,0.0,27,15800,47.6195094,-122.362653,3.1725888824023034
2242,1728413002.043,1,220,0,0,185,0,0,3,476195103,-1223626533,0.0,0.6000000238418579,3.721040964126587,0.0,0.0,0.0,0.0,3.721040964126587,0.0,27,15800,47.6195103,-122.3626533,3.182686106961993
2243,1728413002.28,1,220,0,0,185,0,0,3,476195103,-1223626533,0.0,0.6000000238418579,3.721040964126587,0.0,0.0,0.0,0.0,3.721040964126587,0.0,27,15800,47.6195103,-122.3626533,3.165057759438106
2244,1728413002.5479999,1,220,0,0,185,0,0,3,476195111,-1223626563,0.0,0.6000000238418579,3.724029064178467,0.0,0.0,0.0,0.0,3.724029064178467,0.0,27,15699,47.6195111,-122.3626563,3.19081052314507
2245,1728413002.783,1,220,0,0,185,0,0,3,476195111,-1223626563,0.0,0.6000000238418579,3.724029064178467,0.0,0.0,0.0,0.0,3.724029064178467,0.0,27,15699,47.6195111,-122.3626563,3.1680657943107504
2246,1728413003.062,1,220,0,0,185,0,0,3,476195116,-1223626584,0.0,0.6000000238418579,3.681650161743164,0.0,0.0,0.0,0.0,3.681650161743164,0.0,27,15699,47.6195116,-122.3626584,3.1913196310557113
2247,1728413003.3019998,1,220,0,0,185,0,0,3,476195116,-1223626584,0.0,0.6000000238418579,3.681650161743164,0.0,0.0,0.0,0.0,3.681650161743164,0.0,27,15699,47.6195116,-122.3626584,3.163555823398283
2248,1728413003.58,1,220,0,0,185,0,0,3,476195119,-1223626650,0.0,0.6000000238418579,3.6552443504333496,0.0,0.0,0.0,0.0,3.6552443504333496,0.0,28,15699,47.6195119,-122.362665,3.193357809908178
2249,1728413003.823,1,220,0,0,185,0,0,3,476195119,-1223626650,0.0,0.6000000238418579,3.6552443504333496,0.0,0.0,0.0,0.0,3.6552443504333496,0.0,28,15699,47.6195119,-122.362665,3.2005120448118567
2250,1728413005.1539998,1,220,0,0,185,0,0,3,476195135,-1223626829,0.0,0.6000000238418579,4.247716903686523,0.0,0.0,0.0,0.0,4.247716903686523,0.0,28,15500,47.6195135,-122.3626829,3.208213042031773
2251,1728413005.4329998,1,220,0,0,185,0,0,3,476195123,-1223626769,0.0,0.6000000238418579,3.8578720092773438,0.0,0.0,0.0,0.0,3.8578720092773438,0.0,28,15500,47.6195123,-122.3626769,3.1872509475761057
2252,1728413005.678,1,220,0,0,185,0,0,3,476195123,-1223626769,0.0,0.6000000238418579,3.8578720092773438,0.0,0.0,0.0,0.0,3.8578720092773438,0.0,28,15500,47.6195123,-122.3626769,3.202049285158428
2253,1728413005.9759998,1,220,0,0,185,0,0,3,476195119,-1223626760,0.0,0.6000000238418579,3.7346131801605225,0.0,0.0,0.0,0.0,3.7346131801605225,0.0,28,15500,47.6195119,-122.362676,3.1862354879733648
2254,1728413006.205,1,220,0,0,185,0,0,3,476195119,-1223626760,0.0,0.6000000238418579,3.7346131801605225,0.0,0.0,0.0,0.0,3.7346131801605225,0.0,28,15500,47.6195119,-122.362676,3.190301456311935
2255,1728413006.48,1,220,0,0,185,0,0,3,476195121,-1223626782,0.0,0.6000000238418579,3.625436782836914,0.0,0.0,0.0,0.0,3.625436782836914,0.0,28,15400,47.6195121,-122.3626782,3.169069943119544
2256,1728413006.727,1,220,0,0,185,0,0,3,476195121,-1223626782,0.0,0.6000000238418579,3.625436782836914,0.0,0.0,0.0,0.0,3.625436782836914,0.0,28,15400,47.6195121,-122.3626782,3.1842063878187803
2257,1728413007.014,1,220,0,0,185,0,0,3,476195091,-1223626655,0.0,0.6000000238418579,3.514310836791992,0.0,0.0,0.0,0.0,3.514310836791992,0.0,28,15400,47.6195091,-122.3626655,3.1735956608575564
2258,1728413007.2419999,1,220,0,0,185,0,0,3,476195091,-1223626655,0.0,0.6000000238418579,3.514310836791992,0.0,0.0,0.0,0.0,3.514310836791992,0.0,28,15400,47.6195091,-122.3626655,3.1852205542709826
2259,1728413007.5,1,220,0,0,185,0,0,3,476195089,-1223626616,0.0,0.6000000238418579,3.4694244861602783,0.0,0.0,0.0,0.0,3.4694244861602783,0.0,28,15300,47.6195089,-122.3626616,2.9329813731071046
2260,1728413007.75,1,220,0,0,185,0,0,3,476195089,-1223626616,0.0,0.6000000238418579,3.4694244861602783,0.0,0.0,0.0,0.0,3.4694244861602783,0.0,28,15300,47.6195089,-122.3626616,3.4554249535108497
2261,1728413008.063,1,220,0,0,185,0,0,3,476195095,-1223626621,0.0,0.6000000238418579,3.4730637073516846,0.0,0.0,0.0,0.0,3.4730637073516846,0.0,28,15300,47.6195095,-122.3626621,3.495281295583698
2262,1728413008.289,1,220,0,0,185,0,0,3,476195095,-1223626621,0.0,0.6000000238418579,3.4730637073516846,0.0,0.0,0.0,0.0,3.4730637073516846,0.0,28,15300,47.6195095,-122.3626621,3.469210834898459
2263,1728413008.557,1,220,0,0,185,0,0,3,476195101,-1223626652,0.0,0.6000000238418579,3.516329288482666,0.0,0.0,0.0,0.0,3.516329288482666,0.0,28,15300,47.6195101,-122.3626652,3.495281295583698
2264,1728413008.817,1,220,0,0,185,0,0,3,476195101,-1223626652,0.0,0.6000000238418579,3.516329288482666,0.0,0.0,0.0,0.0,3.516329288482666,0.0,28,15300,47.6195101,-122.3626652,3.4764470584149554
2265,1728413009.0939999,1,220,0,0,185,0,0,3,476195104,-1223626695,0.0,0.6000000238418579,3.5450971126556396,0.0,0.0,0.0,0.0,3.5450971126556396,0.0,28,15300,47.6195104,-122.3626695,3.4873583898584926
2266,1728413009.343,1,220,0,0,185,0,0,3,476195104,-1223626695,0.0,0.6000000238418579,3.5450971126556396,0.0,0.0,0.0,0.0,3.5450971126556396,0.0,28,15300,47.6195104,-122.3626695,3.472825249070627
2267,1728413009.6039999,1,220,0,0,185,0,0,3,476195109,-1223626749,0.0,0.6000000238418579,3.612962245941162,0.0,0.0,0.0,0.0,3.612962245941162,0.0,28,15200,47.6195109,-122.3626749,3.4855350806060903
2268,1728413009.859,1,220,0,0,185,0,0,3,476195109,-1223626749,0.0,0.6000000238418579,3.612962245941162,0.0,0.0,0.0,0.0,3.612962245941162,0.0,28,15200,47.6195109,-122.3626749,3.466204517523848
2269,1728413010.642,1,220,0,0,185,0,0,3,476195116,-1223626879,0.0,0.6000000238418579,4.147946357727051,0.0,0.0,0.0,0.0,4.147946357727051,0.0,28,15300,47.6195116,-122.3626879,3.461405403692426
2270,1728413010.942,1,220,0,0,185,0,0,3,476195106,-1223626851,0.0,0.6000000238418579,4.011751174926758,0.0,0.0,0.0,0.0,4.011751174926758,0.0,28,15300,47.6195106,-122.3626851,3.454828101811693
2271,1728413011.155,1,220,0,0,185,0,0,3,476195106,-1223626851,0.0,0.6000000238418579,4.011751174926758,0.0,0.0,0.0,0.0,4.011751174926758,0.0,28,15300,47.6195106,-122.3626851,3.491620157075723
2272,1728413011.4429998,1,220,0,0,185,0,0,3,476195109,-1223626858,0.0,0.6000000238418579,4.012533664703369,0.0,0.0,0.0,0.0,4.012533664703369,0.0,28,15300,47.6195109,-122.3626858,3.4632035489896524
2273,1728413011.698,1,220,0,0,185,0,0,3,476195109,-1223626858,0.0,0.6000000238418579,4.012533664703369,0.0,0.0,0.0,0.0,4.012533664703369,0.0,28,15300,47.6195109,-122.3626858,3.465603936455643
2274,1728413011.958,1,220,0,0,185,0,0,3,476195112,-1223626901,0.0,0.6000000238418579,4.074218273162842,0.0,0.0,0.0,0.0,4.074218273162842,0.0,28,15300,47.6195112,-122.3626901,3.4470871841097677
2275,1728413012.215,1,220,0,0,185,0,0,3,476195112,-1223626901,0.0,0.6000000238418579,4.074218273162842,0.0,0.0,0.0,0.0,4.074218273162842,0.0,28,15300,47.6195112,-122.3626901,3.4680076537036055
2276,1728413012.4859998,1,220,0,0,185,0,0,3,476195112,-1223626960,0.0,0.6000000238418579,4.04334831237793,0.0,0.0,0.0,0.0,4.04334831237793,0.0,28,15300,47.6195112,-122.362696,3.463803298310907
2277,1728413012.7519999,1,220,0,0,185,0,0,3,476195112,-1223626960,0.0,0.6000000238418579,4.04334831237793,0.0,0.0,0.0,0.0,4.04334831237793,0.0,28,15300,47.6195112,-122.362696,3.4812880014618024
2278,1728413013.0119998,1,220,0,0,185,0,0,3,476195102,-1223626942,0.0,0.6000000238418579,4.025106430053711,0.0,0.0,0.0,0.0,4.025106430053711,0.0,28,15200,47.6195102,-122.3626942,3.1725888824023034
2279,1728413013.2779999,1,220,0,0,185,0,0,3,476195102,-1223626942,0.0,0.6000000238418579,4.025106430053711,0.0,0.0,0.0,0.0,4.025106430053711,0.0,28,15200,47.6195102,-122.3626942,3.4668053067867257
2280,1728413013.539,1,220,0,0,185,0,0,3,476195100,-1223626929,0.0,0.6000000238418579,3.9718804359436035,0.0,0.0,0.0,0.0,3.9718804359436035,0.0,28,15300,47.61951,-122.3626929,3.481894175854125
2281,1728413013.791,1,220,0,0,185,0,0,3,476195100,-1223626929,0.0,0.6000000238418579,3.9718804359436035,0.0,0.0,0.0,0.0,3.9718804359436035,0.0,28,15300,47.61951,-122.3626929,3.4112229722464993
2282,1728413014.064,1,220,0,0,185,0,0,3,476195102,-1223626948,0.0,0.6000000238418579,3.958118438720703,0.0,0.0,0.0,0.0,3.958118438720703,0.0,28,15300,47.6195102,-122.3626948,3.443526118779576
2283,1728413014.3279998,1,220,0,0,185,0,0,3,476195102,-1223626948,0.0,0.6000000238418579,3.958118438720703,0.0,0.0,0.0,0.0,3.958118438720703,0.0,28,15300,47.6195102,-122.3626948,3.431708950645718
2284,1728413014.619,1,220,0,0,185,0,0,3,476195097,-1223626939,0.0,0.6000000238418579,3.9060542583465576,0.0,0.0,0.0,0.0,3.9060542583465576,0.0,28,15600,47.6195097,-122.3626939,3.4340660037942285
2285,1728413014.8609998,1,220,0,0,185,0,0,3,476195098,-1223626971,0.0,0.6000000238418579,3.848938226699829,0.0,0.0,0.0,0.0,3.848938226699829,0.0,28,15699,47.6195098,-122.3626971,3.4311202630105826
2286,1728413015.1169999,1,220,0,0,185,0,0,3,476195098,-1223626971,0.0,0.6000000238418579,3.848938226699829,0.0,0.0,0.0,0.0,3.848938226699829,0.0,28,15699,47.6195098,-122.3626971,3.4246574447669085
2287,1728413015.349,1,220,0,0,185,0,0,3,476195098,-1223626971,0.0,0.6000000238418579,3.848938226699829,0.0,0.0,0.0,0.0,3.848938226699829,0.0,28,15699,47.6195098,-122.3626971,3.427592094129861
2288,1728413016.1629999,1,220,0,0,185,0,0,3,476195077,-1223626839,0.0,0.6000000238418579,4.059833526611328,0.0,0.0,0.0,0.0,4.059833526611328,0.0,28,15699,47.6195077,-122.3626839,3.429943353202093
2289,1728413016.411,1,220,0,0,185,0,0,3,476195075,-1223626814,0.0,0.6000000238418579,3.8497273921966553,0.0,0.0,0.0,0.0,3.8497273921966553,0.0,28,15600,47.6195075,-122.3626814,3.4381982949854595
2290,1728413016.6859999,1,220,0,0,185,0,0,3,476195075,-1223626814,0.0,0.6000000238418579,3.8497273921966553,0.0,0.0,0.0,0.0,3.8497273921966553,0.0,28,15600,47.6195075,-122.3626814,3.4252440564706186
2291,1728413017.018,1,220,0,0,185,0,0,3,476195074,-1223626823,0.0,0.6000000238418579,3.6739323139190674,0.0,0.0,0.0,0.0,3.6739323139190674,0.0,28,15600,47.6195074,-122.3626823,3.43642615625536
2292,1728413017.251,1,220,0,0,185,0,0,3,476195074,-1223626823,0.0,0.6000000238418579,3.6739323139190674,0.0,0.0,0.0,0.0,3.6739323139190674,0.0,28,15600,47.6195074,-122.3626823,3.4211426873216166
2293,1728413017.526,1,220,0,0,185,0,0,3,476195060,-1223626728,0.0,0.6000000238418579,3.511056661605835,0.0,0.0,0.0,0.0,3.511056661605835,0.0,28,15600,47.619506,-122.3626728,3.431708950645718
2294,1728413017.7819998,1,220,0,0,185,0,0,3,476195060,-1223626728,0.0,0.6000000238418579,3.511056661605835,0.0,0.0,0.0,0.0,3.511056661605835,0.0,28,15600,47.619506,-122.3626728,3.434655702769373
2295,1728413018.044,1,220,0,0,185,0,0,3,476195060,-1223626717,0.0,0.6000000238418579,3.364912271499634,0.0,0.0,0.0,0.0,3.364912271499634,0.0,28,15600,47.619506,-122.3626717,3.436426015480821
2296,1728413018.326,1,220,0,0,185,0,0,3,476195060,-1223626717,0.0,0.6000000238418579,3.364912271499634,0.0,0.0,0.0,0.0,3.364912271499634,0.0,28,15600,47.619506,-122.3626717,3.4311202630105826
2297,1728413018.587,1,220,0,0,185,0,0,3,476195041,-1223626607,0.0,0.6000000238418579,3.234248399734497,0.0,0.0,0.0,0.0,3.234248399734497,0.0,28,15699,47.6195041,-122.3626607,3.2626428066060074
2298,1728413018.843,1,220,0,0,185,0,0,3,476195038,-1223626566,0.0,0.6000000238418579,3.196492910385132,0.0,0.0,0.0,0.0,3.196492910385132,0.0,28,15699,47.6195038,-122.3626566,3.608805449365887
2299,1728413019.095,1,220,0,0,185,0,0,3,476195038,-1223626566,0.0,0.6000000238418579,3.196492910385132,0.0,0.0,0.0,0.0,3.196492910385132,0.0,28,15699,47.6195038,-122.3626566,3.590019834834252
2300,1728413019.378,1,220,0,0,185,0,0,3,476195046,-1223626571,0.0,0.6000000238418579,3.2135980129241943,0.0,0.0,0.0,0.0,3.2135980129241943,0.0,28,15600,47.6195046,-122.3626571,3.6029543458710895
2301,1728413019.6109998,1,220,0,0,185,0,0,3,476195046,-1223626571,0.0,0.6000000238418579,3.2135980129241943,0.0,0.0,0.0,0.0,3.2135980129241943,0.0,28,15600,47.6195046,-122.3626571,3.654302908602088
2302,1728413019.9099998,1,220,0,0,185,0,0,3,476195050,-1223626624,0.0,0.6000000238418579,3.175302028656006,0.0,0.0,0.0,0.0,3.175302028656006,0.0,28,15600,47.619505,-122.3626624,3.631741440136545
2303,1728413020.156,1,220,0,0,185,0,0,3,476195050,-1223626624,0.0,0.6000000238418579,3.175302028656006,0.0,0.0,0.0,0.0,3.175302028656006,0.0,28,15600,47.619505,-122.3626624,3.6062026661095254
2304,1728413020.442,1,220,0,0,185,0,0,3,476195052,-1223626696,0.0,0.6000000238418579,3.141624689102173,0.0,0.0,0.0,0.0,3.141624689102173,0.0,28,15600,47.6195052,-122.3626696,3.6277888551574917
2305,1728413020.681,1,220,0,0,185,0,0,3,476195052,-1223626696,0.0,0.6000000238418579,3.141624689102173,0.0,0.0,0.0,0.0,3.141624689102173,0.0,28,15600,47.6195052,-122.3626696,3.6363636363636362
2306,1728413020.9459999,1,220,0,0,185,0,0,3,476195052,-1223626696,0.0,0.6000000238418579,3.141624689102173,0.0,0.0,0.0,0.0,3.141624689102173,0.0,28,15600,47.6195052,-122.3626696,3.6556388521969088
2307,1728413021.4789999,1,220,0,0,185,0,0,3,476195059,-1223626819,0.0,0.6000000238418579,3.483318567276001,0.0,0.0,0.0,0.0,3.483318567276001,0.0,28,15500,47.6195059,-122.3626819,3.6284469694282677
2308,1728413021.705,1,220,0,0,185,0,0,3,476195059,-1223626819,0.0,0.6000000238418579,3.483318567276001,0.0,0.0,0.0,0.0,3.483318567276001,0.0,28,15500,47.6195059,-122.3626819,3.662332929085556
2309,1728413021.9819999,1,220,0,0,185,0,0,3,476195031,-1223626674,0.0,0.6000000238418579,3.2555787563323975,0.0,0.0,0.0,0.0,3.2555787563323975,0.0,28,15400,47.6195031,-122.3626674,3.6363636363636362
2310,1728413022.237,1,220,0,0,185,0,0,3,476195031,-1223626674,0.0,0.6000000238418579,3.2555787563323975,0.0,0.0,0.0,0.0,3.2555787563323975,0.0,28,15400,47.6195031,-122.3626674,3.656307270040913
2311,1728413022.491,1,220,0,0,185,0,0,3,476195024,-1223626625,0.0,0.6000000238418579,3.2819578647613525,0.0,0.0,0.0,0.0,3.2819578647613525,0.0,28,15300,47.6195024,-122.3626625,3.6396723473634096
2312,1728413022.758,1,220,0,0,185,0,0,3,476195024,-1223626625,0.0,0.6000000238418579,3.2819578647613525,0.0,0.0,0.0,0.0,3.2819578647613525,0.0,28,15300,47.6195024,-122.3626625,3.6643457913225075
2313,1728413023.072,1,220,0,0,185,0,0,3,476195021,-1223626619,0.0,0.6000000238418579,3.4042720794677734,0.0,0.0,0.0,0.0,3.4042720794677734,0.0,28,15300,47.6195021,-122.3626619,3.6556388521969088
2314,1728413023.2949998,1,220,0,0,185,0,0,3,476195021,-1223626619,0.0,0.6000000238418579,3.4042720794677734,0.0,0.0,0.0,0.0,3.4042720794677734,0.0,28,15300,47.6195021,-122.3626619,3.6737692834273554
2315,1728413023.544,1,220,0,0,185,0,0,3,476195017,-1223626615,0.0,0.6000000238418579,3.4933340549468994,0.0,0.0,0.0,0.0,3.4933340549468994,0.0,28,15300,47.6195017,-122.3626615,3.657644520336085
2316,1728413023.797,1,220,0,0,185,0,0,3,476195017,-1223626615,0.0,0.6000000238418579,3.4933340549468994,0.0,0.0,0.0,0.0,3.4933340549468994,0.0,28,15300,47.6195017,-122.3626615,3.6798528446297825
2317,1728413024.099,1,220,0,0,185,0,0,3,476195017,-1223626633,0.0,0.6000000238418579,3.6256136894226074,0.0,0.0,0.0,0.0,3.6256136894226074,0.0,28,15300,47.6195017,-122.3626633,3.501400479550244
2318,1728413024.304,1,220,0,0,185,0,0,3,476195017,-1223626633,0.0,0.6000000238418579,3.6256136894226074,0.0,0.0,0.0,0.0,3.6256136894226074,0.0,28,15300,47.6195017,-122.3626633,3.47342833583746
2319,1728413024.595,1,220,0,0,185,0,0,3,476195019,-1223626681,0.0,0.6000000238418579,3.734116792678833,0.0,0.0,0.0,0.0,3.734116792678833,0.0,28,15300,47.6195019,-122.3626681,3.4910105917941063
2320,1728413024.8479998,1,220,0,0,185,0,0,3,476195019,-1223626681,0.0,0.6000000238418579,3.734116792678833,0.0,0.0,0.0,0.0,3.734116792678833,0.0,28,15300,47.6195019,-122.3626681,3.4806821825183416
2321,1728413025.106,1,220,0,0,185,0,0,3,476195001,-1223626634,0.0,0.6000000238418579,3.8044848442077637,0.0,0.0,0.0,0.0,3.8044848442077637,0.0,28,15300,47.6195001,-122.3626634,3.474635137977503
2322,1728413025.368,1,220,0,0,185,0,0,3,476195001,-1223626634,0.0,0.6000000238418579,3.8044848442077637,0.0,0.0,0.0,0.0,3.8044848442077637,0.0,28,15300,47.6195001,-122.3626634,3.489183462552291
2323,1728413025.6269999,1,220,0,0,185,0,0,3,476194994,-1223626617,0.0,0.6000000238418579,3.9048588275909424,0.0,0.0,0.0,0.0,3.9048588275909424,0.0,28,15300,47.6194994,-122.3626617,3.5223670472098183
2324,1728413025.886,1,220,0,0,185,0,0,3,476194997,-1223626617,0.0,0.6000000238418579,4.041558742523193,0.0,0.0,0.0,0.0,4.041558742523193,0.0,28,15300,47.6194997,-122.3626617,3.485534935779269
2325,1728413026.149,1,220,0,0,185,0,0,3,476194997,-1223626617,0.0,0.6000000238418579,4.041558742523193,0.0,0.0,0.0,0.0,4.041558742523193,0.0,28,15300,47.6194997,-122.3626617,3.4831068689047453
2326,1728413026.3809998,1,220,0,0,185,0,0,3,476194997,-1223626617,0.0,0.6000000238418579,4.041558742523193,0.0,0.0,0.0,0.0,4.041558742523193,0.0,28,15300,47.6194997,-122.3626617,3.4668053067867257
2327,1728413027.191,1,220,0,0,185,0,0,3,476194998,-1223626675,0.0,0.6000000238418579,4.508002281188965,0.0,0.0,0.0,0.0,4.508002281188965,0.0,28,15300,47.6194998,-122.3626675,3.510003538202038
2328,1728413027.4629998,1,220,0,0,185,0,0,3,476194998,-1223626719,0.0,0.6000000238418579,4.293126583099365,0.0,0.0,0.0,0.0,4.293126583099365,0.0,28,15300,47.6194998,-122.3626719,3.460806341612359
2329,1728413027.711,1,220,0,0,185,0,0,3,476194998,-1223626719,0.0,0.6000000238418579,4.293126583099365,0.0,0.0,0.0,0.0,4.293126583099365,0.0,28,15300,47.6194998,-122.3626719,3.463803298310907
2330,1728413027.983,1,220,0,0,185,0,0,3,476194998,-1223626768,0.0,0.6000000238418579,4.176193714141846,0.0,0.0,0.0,0.0,4.176193714141846,0.0,28,15300,47.6194998,-122.3626768,3.460806341612359
2331,1728413028.247,1,220,0,0,185,0,0,3,476194998,-1223626768,0.0,0.6000000238418579,4.176193714141846,0.0,0.0,0.0,0.0,4.176193714141846,0.0,28,15300,47.6194998,-122.3626768,3.453038641056922
2332,1728413028.49,1,220,0,0,185,0,0,3,476194969,-1223626680,0.0,0.6000000238418579,4.107229232788086,0.0,0.0,0.0,0.0,4.107229232788086,0.0,28,15300,47.6194969,-122.362668,3.4752389975416165
2333,1728413028.75,1,220,0,0,185,0,0,3,476194969,-1223626680,0.0,0.6000000238418579,4.107229232788086,0.0,0.0,0.0,0.0,4.107229232788086,0.0,28,15300,47.6194969,-122.362668,3.4686090682501916
2334,1728413029.033,1,220,0,0,185,0,0,3,476194940,-1223626564,0.0,0.6000000238418579,3.984980344772339,0.0,0.0,0.0,0.0,3.984980344772339,0.0,28,15300,47.619494,-122.3626564,3.4650034203482654
2335,1728413029.286,1,220,0,0,185,0,0,3,476194940,-1223626564,0.0,0.6000000238418579,3.984980344772339,0.0,0.0,0.0,0.0,3.984980344772339,0.0,28,15300,47.619494,-122.3626564,3.472825105298088
2336,1728413029.566,1,220,0,0,185,0,0,3,476194933,-1223626494,0.0,0.6000000238418579,3.9010534286499023,0.0,0.0,0.0,0.0,3.9010534286499023,0.0,28,15300,47.6194933,-122.3626494,3.2862305831950946
2337,1728413029.797,1,220,0,0,185,0,0,3,476194933,-1223626494,0.0,0.6000000238418579,3.9010534286499023,0.0,0.0,0.0,0.0,3.9010534286499023,0.0,28,15300,47.6194933,-122.3626494,3.6225322100439645
2338,1728413030.083,1,220,0,0,185,0,0,3,476194933,-1223626470,0.0,0.6000000238418579,3.807410955429077,0.0,0.0,0.0,0.0,3.807410955429077,0.0,28,15300,47.6194933,-122.362647,3.6238448643714087
2339,1728413030.369,1,220,0,0,185,0,0,3,476194933,-1223626470,0.0,0.6000000238418579,3.702226400375366,0.0,0.0,0.0,0.0,3.702226400375366,0.0,28,15300,47.6194933,-122.362647,3.6231884183164556
2340,1728413030.6269999,1,220,0,0,185,0,0,3,476194929,-1223626463,0.0,0.6000000238418579,3.702226400375366,0.0,0.0,0.0,0.0,3.702226400375366,0.0,28,15300,47.6194929,-122.3626463,3.603603634564543
2341,1728413030.898,1,220,0,0,185,0,0,3,476194924,-1223626462,0.0,0.6000000238418579,3.6297855377197266,0.0,0.0,0.0,0.0,3.6297855377197266,0.0,28,15300,47.6194924,-122.3626462,3.638348203808547
2342,1728413031.123,1,220,0,0,185,0,0,3,476194924,-1223626462,0.0,0.6000000238418579,3.6297855377197266,0.0,0.0,0.0,0.0,3.6297855377197266,0.0,28,15300,47.6194924,-122.3626462,3.6199095959877323
2343,1728413031.393,1,220,0,0,185,0,0,3,476194924,-1223626462,0.0,0.6000000238418579,3.6491715908050537,0.0,0.0,0.0,0.0,3.6491715908050537,0.0,28,15300,47.6194924,-122.3626462,3.6218762394247626
2344,1728413031.658,1,220,0,0,185,0,0,3,476194917,-1223626438,0.0,0.6000000238418579,3.6491715908050537,0.0,0.0,0.0,0.0,3.6491715908050537,0.0,28,15300,47.6194917,-122.3626438,3.6264733425542026
2345,1728413031.908,1,220,0,0,185,0,0,3,476194917,-1223626438,0.0,0.6000000238418579,3.6491715908050537,0.0,0.0,0.0,0.0,3.6491715908050537,0.0,28,15300,47.6194917,-122.3626438,3.639010312992069
2346,1728413032.467,1,220,0,0,185,0,0,3,476194917,-1223626438,0.0,0.6000000238418579,3.9776196479797363,0.0,0.0,0.0,0.0,3.9776196479797363,0.0,28,15300,47.6194917,-122.3626438,3.6264733425542026
2347,1728413032.712,1,220,0,0,185,0,0,3,476194905,-1223626418,0.0,0.6000000238418579,3.9776196479797363,0.0,0.0,0.0,0.0,3.9776196479797363,0.0,28,15300,47.6194905,-122.3626418,3.6146755878506753
2348,1728413032.9819999,1,220,0,0,185,0,0,3,476194900,-1223626408,0.0,0.6000000238418579,3.762270927429199,0.0,0.0,0.0,0.0,3.762270927429199,0.0,28,15300,47.61949,-122.3626408,3.6324009893894638
2349,1728413033.231,1,220,0,0,185,0,0,3,476194900,-1223626408,0.0,0.6000000238418579,3.762270927429199,0.0,0.0,0.0,0.0,3.762270927429199,0.0,28,15300,47.61949,-122.3626408,3.6589827491554807
2350,1728413033.533,1,220,0,0,185,0,0,3,476194908,-1223626464,0.0,0.6000000238418579,3.6535303592681885,0.0,0.0,0.0,0.0,3.6535303592681885,0.0,28,15300,47.6194908,-122.3626464,3.649635023793565
2351,1728413033.744,1,220,0,0,185,0,0,3,476194908,-1223626464,0.0,0.6000000238418579,3.6535303592681885,0.0,0.0,0.0,0.0,3.6535303592681885,0.0,28,15300,47.6194908,-122.3626464,3.649635023793565
2352,1728413034.0149999,1,220,0,0,185,0,0,3,476194908,-1223626509,0.0,0.6000000238418579,3.6144866943359375,0.0,0.0,0.0,0.0,3.6144866943359375,0.0,28,15300,47.6194908,-122.3626509,3.640334938615678
2353,1728413034.2719998,1,220,0,0,185,0,0,3,476194908,-1223626509,0.0,0.6000000238418579,3.6144866943359375,0.0,0.0,0.0,0.0,3.6144866943359375,0.0,28,15300,47.6194908,-122.3626509,3.6218760830461725
2354,1728413034.5479999,1,220,0,0,185,0,0,3,476194904,-1223626539,0.0,0.6000000238418579,3.6319496631622314,0.0,0.0,0.0,0.0,3.6319496631622314,0.0,28,15300,47.6194904,-122.3626539,3.6463081827735553
2355,1728413034.7819998,1,220,0,0,185,0,0,3,476194904,-1223626539,0.0,0.6000000238418579,3.6319496631622314,0.0,0.0,0.0,0.0,3.6319496631622314,0.0,28,15300,47.6194904,-122.3626539,3.644314924534089
2356,1728413035.0809999,1,220,0,0,185,0,0,3,476194899,-1223626550,0.0,0.6000000238418579,3.6090168952941895,0.0,0.0,0.0,0.0,3.6090168952941895,0.0,28,15300,47.6194899,-122.362655,3.646973033962953
2357,1728413035.33,1,220,0,0,185,0,0,3,476194899,-1223626550,0.0,0.6000000238418579,3.6090168952941895,0.0,0.0,0.0,0.0,3.6090168952941895,0.0,28,15300,47.6194899,-122.362655,3.6225320536087247
2358,1728413035.589,1,220,0,0,185,0,0,3,476194892,-1223626542,0.0,0.6000000238418579,3.520369529724121,0.0,0.0,0.0,0.0,3.520369529724121,0.0,28,15300,47.6194892,-122.3626542,3.6218760830461725
2359,1728413035.835,1,220,0,0,185,0,0,3,476194892,-1223626542,0.0,0.6000000238418579,3.520369529724121,0.0,0.0,0.0,0.0,3.520369529724121,0.0,28,15300,47.6194892,-122.3626542,3.633720964231625
2360,1728413036.1069999,1,220,0,0,185,0,0,3,476194861,-1223626436,0.0,0.6000000238418579,3.4384889602661133,0.0,0.0,0.0,0.0,3.4384889602661133,0.0,28,15300,47.6194861,-122.3626436,3.629764071618172
2361,1728413036.378,1,220,0,0,185,0,0,3,476194861,-1223626436,0.0,0.6000000238418579,3.4384889602661133,0.0,0.0,0.0,0.0,3.4384889602661133,0.0,28,15300,47.6194861,-122.3626436,3.62713097957608
2362,1728413036.6169999,1,220,0,0,185,0,0,3,476194845,-1223626372,0.0,0.6000000238418579,3.3762335777282715,0.0,0.0,0.0,0.0,3.3762335777282715,0.0,28,15300,47.6194845,-122.3626372,3.6264731857783903
2363,1728413036.915,1,220,0,0,185,0,0,3,476194845,-1223626372,0.0,0.6000000238418579,3.394014596939087,0.0,0.0,0.0,0.0,3.394014596939087,0.0,28,15300,47.6194845,-122.3626372,3.6284469694282677
2364,1728413037.143,1,220,0,0,185,0,0,3,476194835,-1223626327,0.0,0.6000000238418579,3.394014596939087,0.0,0.0,0.0,0.0,3.394014596939087,0.0,28,15300,47.6194835,-122.3626327,3.6133694109958476
2365,1728413037.396,1,220,0,0,185,0,0,3,476194835,-1223626327,0.0,0.6000000238418579,3.394014596939087,0.0,0.0,0.0,0.0,3.394014596939087,0.0,28,15300,47.6194835,-122.3626327,3.6218760830461725
2366,1728413037.951,1,220,0,0,185,0,0,3,476194818,-1223626274,0.0,0.6000000238418579,3.6723122596740723,0.0,0.0,0.0,0.0,3.6723122596740723,0.0,28,15300,47.6194818,-122.3626274,3.6390101551304133
2367,1728413038.233,1,220,0,0,185,0,0,3,476194818,-1223626274,0.0,0.6000000238418579,3.6723122596740723,0.0,0.0,0.0,0.0,3.6723122596740723,0.0,28,15300,47.6194818,-122.3626274,3.6284469694282677
2368,1728413038.504,1,220,0,0,185,0,0,3,476194808,-1223626252,0.0,0.6000000238418579,3.4381213188171387,0.0,0.0,0.0,0.0,3.4381213188171387,0.0,28,15300,47.6194808,-122.3626252,3.629764071618172
2369,1728413038.735,1,220,0,0,185,0,0,3,476194808,-1223626252,0.0,0.6000000238418579,3.4381213188171387,0.0,0.0,0.0,0.0,3.4381213188171387,0.0,28,15300,47.6194808,-122.3626252,3.6231884183164556
2370,1728413039.043,1,220,0,0,185,0,0,3,476194797,-1223626220,0.0,0.6000000238418579,3.3628525733947754,0.0,0.0,0.0,0.0,3.3628525733947754,0.0,28,15300,47.6194797,-122.362622,3.6101083281073474
2371,1728413039.258,1,220,0,0,185,0,0,3,476194797,-1223626220,0.0,0.6000000238418579,3.3628525733947754,0.0,0.0,0.0,0.0,3.3628525733947754,0.0,28,15300,47.6194797,-122.362622,3.6146755878506753
2372,1728413039.53,1,220,0,0,185,0,0,3,476194815,-1223626286,0.0,0.6000000238418579,3.325432777404785,0.0,0.0,0.0,0.0,3.325432777404785,0.0,28,15300,47.6194815,-122.3626286,3.607503510696281
2373,1728413039.784,1,220,0,0,185,0,0,3,476194815,-1223626286,0.0,0.6000000238418579,3.325432777404785,0.0,0.0,0.0,0.0,3.325432777404785,0.0,28,15300,47.6194815,-122.3626286,3.633060935589173
2374,1728413040.083,1,220,0,0,185,0,0,3,476194822,-1223626342,0.0,0.6000000238418579,3.3480913639068604,0.0,0.0,0.0,0.0,3.3480913639068604,0.0,28,15300,47.6194822,-122.3626342,3.6218760830461725
2375,1728413040.304,1,220,0,0,185,0,0,3,476194822,-1223626342,0.0,0.6000000238418579,3.3480913639068604,0.0,0.0,0.0,0.0,3.3480913639068604,0.0,28,15300,47.6194822,-122.3626342,3.61990943977892
2376,1728413040.577,1,220,0,0,185,0,0,3,476194818,-1223626389,0.0,0.6000000238418579,3.3164374828338623,0.0,0.0,0.0,0.0,3.3164374828338623,0.0,28,15300,47.6194818,-122.3626389,3.4764470584149554
2377,1728413040.842,1,220,0,0,185,0,0,3,476194818,-1223626389,0.0,0.6000000238418579,3.3164374828338623,0.0,0.0,0.0,0.0,3.3164374828338623,0.0,28,15300,47.6194818,-122.3626389,3.4837136769332284
2378,1728413041.099,1,220,0,0,185,0,0,3,476194811,-1223626407,0.0,0.6000000238418579,3.251040458679199,0.0,0.0,0.0,0.0,3.251040458679199,0.0,28,15300,47.6194811,-122.3626407,3.491620157075723
2379,1728413041.355,1,220,0,0,185,0,0,3,476194811,-1223626407,0.0,0.6000000238418579,3.251040458679199,0.0,0.0,0.0,0.0,3.251040458679199,0.0,28,15300,47.6194811,-122.3626407,3.4650034203482654
2380,1728413041.6469998,1,220,0,0,185,0,0,3,476194806,-1223626407,0.0,0.6000000238418579,3.2288501262664795,0.0,0.0,0.0,0.0,3.2288501262664795,0.0,28,15300,47.6194806,-122.3626407,3.5007877870924107
2381,1728413041.911,1,220,0,0,185,0,0,3,476194792,-1223626382,0.0,0.6000000238418579,3.235278844833374,0.0,0.0,0.0,0.0,3.235278844833374,0.0,28,15300,47.6194792,-122.3626382,3.4740316321033577
2382,1728413042.161,1,220,0,0,185,0,0,3,476194792,-1223626382,0.0,0.6000000238418579,3.235278844833374,0.0,0.0,0.0,0.0,3.235278844833374,0.0,28,15300,47.6194792,-122.3626382,3.4752389975416165
2383,1728413042.4199998,1,220,0,0,185,0,0,3,476194792,-1223626382,0.0,0.6000000238418579,3.205122232437134,0.0,0.0,0.0,0.0,3.205122232437134,0.0,28,15300,47.6194792,-122.3626382,3.463203406012673
2384,1728413042.665,1,220,0,0,185,0,0,3,476194781,-1223626381,0.0,0.6000000238418579,3.205122232437134,0.0,0.0,0.0,0.0,3.205122232437134,0.0,28,15300,47.6194781,-122.3626381,3.4983382846440088
2385,1728413042.921,1,220,0,0,185,0,0,3,476194781,-1223626381,0.0,0.6000000238418579,3.205122232437134,0.0,0.0,0.0,0.0,3.205122232437134,0.0,28,15300,47.6194781,-122.3626381,3.463803298310907
2386,1728413043.704,1,220,0,0,185,0,0,3,476194774,-1223626373,0.0,0.6000000238418579,3.487565279006958,0.0,0.0,0.0,0.0,3.487565279006958,0.0,28,15300,47.6194774,-122.3626373,3.474635137977503
2387,1728413043.974,1,220,0,0,185,0,0,3,476194773,-1223626404,0.0,0.6000000238418579,3.275081157684326,0.0,0.0,0.0,0.0,3.275081157684326,0.0,28,15300,47.6194773,-122.3626404,3.4686090682501916
2388,1728413044.2319999,1,220,0,0,185,0,0,3,476194773,-1223626404,0.0,0.6000000238418579,3.275081157684326,0.0,0.0,0.0,0.0,3.275081157684326,0.0,28,15300,47.6194773,-122.3626404,3.465003563473909
2389,1728413044.507,1,220,0,0,185,0,0,3,476194766,-1223626432,0.0,0.6000000238418579,3.2411680221557617,0.0,0.0,0.0,0.0,3.2411680221557617,0.0,28,15300,47.6194766,-122.3626432,3.4704147076668845
2390,1728413044.7559998,1,220,0,0,185,0,0,3,476194766,-1223626432,0.0,0.6000000238418579,3.2411680221557617,0.0,0.0,0.0,0.0,3.2411680221557617,0.0,28,15300,47.6194766,-122.3626432,3.4867503115735095
2391,1728413045.0149999,1,220,0,0,185,0,0,3,476194755,-1223626455,0.0,0.6000000238418579,3.203176259994507,0.0,0.0,0.0,0.0,3.203176259994507,0.0,28,15300,47.6194755,-122.3626455,3.4897923898752437
2392,1728413045.2849998,1,220,0,0,185,0,0,3,476194755,-1223626455,0.0,0.6000000238418579,3.203176259994507,0.0,0.0,0.0,0.0,3.203176259994507,0.0,28,15300,47.6194755,-122.3626455,3.477656103644218
2393,1728413045.559,1,220,0,0,185,0,0,3,476194747,-1223626458,0.0,0.6000000238418579,3.1499457359313965,0.0,0.0,0.0,0.0,3.1499457359313965,0.0,28,15300,47.6194747,-122.3626458,3.4873582448801117
2394,1728413045.8,1,220,0,0,185,0,0,3,476194747,-1223626458,0.0,0.6000000238418579,3.1499457359313965,0.0,0.0,0.0,0.0,3.1499457359313965,0.0,28,15300,47.6194747,-122.3626458,3.4764470584149554
2395,1728413046.0779998,1,220,0,0,185,0,0,3,476194745,-1223626454,0.0,0.6000000238418579,3.0996816158294678,0.0,0.0,0.0,0.0,3.0996816158294678,0.0,28,15300,47.6194745,-122.3626454,3.181167518386426
2396,1728413046.333,1,220,0,0,185,0,0,3,476194745,-1223626454,0.0,0.6000000238418579,3.0996816158294678,0.0,0.0,0.0,0.0,3.0996816158294678,0.0,28,15300,47.6194745,-122.3626454,3.4566194182248795
2397,1728413046.608,1,220,0,0,185,0,0,3,476194743,-1223626478,0.0,0.6000000238418579,3.0657923221588135,0.0,0.0,0.0,0.0,3.0657923221588135,0.0,28,15300,47.6194743,-122.3626478,3.4722222279711272
2398,1728413046.8709998,1,220,0,0,185,0,0,3,476194743,-1223626478,0.0,0.6000000238418579,3.050328254699707,0.0,0.0,0.0,0.0,3.050328254699707,0.0,28,15300,47.6194743,-122.3626478,3.4764470584149554
2399,1728413047.118,1,220,0,0,185,0,0,3,476194738,-1223626493,0.0,0.6000000238418579,3.050328254699707,0.0,0.0,0.0,0.0,3.050328254699707,0.0,28,15300,47.6194738,-122.3626493,3.4867503115735095
2400,1728413047.383,1,220,0,0,185,0,0,3,476194738,-1223626493,0.0,0.6000000238418579,3.0222225189208984,0.0,0.0,0.0,0.0,3.0222225189208984,0.0,28,15300,47.6194738,-122.3626493,3.4806821825183416
2401,1728413047.642,1,220,0,0,185,0,0,3,476194728,-1223626487,0.0,0.6000000238418579,3.0222225189208984,0.0,0.0,0.0,0.0,3.0222225189208984,0.0,28,15300,47.6194728,-122.3626487,3.495281295583698
2402,1728413047.912,1,220,0,0,185,0,0,3,476194721,-1223626487,0.0,0.6000000238418579,2.9745168685913086,0.0,0.0,0.0,0.0,2.9745168685913086,0.0,28,15300,47.6194721,-122.3626487,3.472825105298088
2403,1728413048.155,1,220,0,0,185,0,0,3,476194721,-1223626487,0.0,0.6000000238418579,2.9745168685913086,0.0,0.0,0.0,0.0,2.9745168685913086,0.0,28,15300,47.6194721,-122.3626487,3.4983382846440088
2404,1728413048.418,1,220,0,0,185,0,0,3,476194721,-1223626487,0.0,0.6000000238418579,2.9745168685913086,0.0,0.0,0.0,0.0,2.9745168685913086,0.0,28,15300,47.6194721,-122.3626487,3.4674064476767725
2405,1728413049.208,1,220,0,0,185,0,0,3,476194710,-1223626504,0.0,0.6000000238418579,3.2072324752807617,0.0,0.0,0.0,0.0,3.2072324752807617,0.0,27,15300,47.619471,-122.3626504,3.4916200117427807
2406,1728413049.49,1,220,0,0,185,0,0,3,476194696,-1223626433,0.0,0.6000000238418579,3.0086488723754883,0.0,0.0,0.0,0.0,3.0086488723754883,0.0,27,15300,47.6194696,-122.3626433,3.4698126668599163
2407,1728413049.734,1,220,0,0,185,0,0,3,476194696,-1223626433,0.0,0.6000000238418579,3.0086488723754883,0.0,0.0,0.0,0.0,3.0086488723754883,0.0,27,15300,47.6194696,-122.3626433,3.498338430536763
2408,1728413049.985,1,220,0,0,185,0,0,3,476194688,-1223626391,0.0,0.6000000238418579,2.9304609298706055,0.0,0.0,0.0,0.0,2.9304609298706055,0.0,27,15300,47.6194688,-122.3626391,3.463203406012673
2409,1728413050.243,1,220,0,0,185,0,0,3,476194688,-1223626391,0.0,0.6000000238418579,2.9304609298706055,0.0,0.0,0.0,0.0,2.9304609298706055,0.0,27,15300,47.6194688,-122.3626391,3.4831070135298603
2410,1728413050.5019999,1,220,0,0,185,0,0,3,476194680,-1223626381,0.0,0.6000000238418579,2.8909223079681396,0.0,0.0,0.0,0.0,2.8909223079681396,0.0,27,15300,47.619468,-122.3626381,3.4897923898752437
2411,1728413050.737,1,220,0,0,185,0,0,3,476194680,-1223626381,0.0,0.6000000238418579,2.8909223079681396,0.0,0.0,0.0,0.0,2.8909223079681396,0.0,27,15300,47.619468,-122.3626381,3.4812881459359115
2412,1728413051.044,1,220,0,0,185,0,0,3,476194668,-1223626377,0.0,0.6000000238418579,2.854487657546997,0.0,0.0,0.0,0.0,2.854487657546997,0.0,27,15300,47.6194668,-122.3626377,3.4764470584149554
2413,1728413051.276,1,220,0,0,185,0,0,3,476194668,-1223626377,0.0,0.6000000238418579,2.854487657546997,0.0,0.0,0.0,0.0,2.854487657546997,0.0,27,15300,47.6194668,-122.3626377,3.469210834898459
2414,1728413051.5679998,1,220,0,0,185,0,0,3,476194656,-1223626354,0.0,0.6000000238418579,2.8599002361297607,0.0,0.0,0.0,0.0,2.8599002361297607,0.0,27,15300,47.6194656,-122.3626354,3.188775593600316
2415,1728413051.806,1,220,0,0,185,0,0,3,476194656,-1223626354,0.0,0.6000000238418579,2.8599002361297607,0.0,0.0,0.0,0.0,2.8599002361297607,0.0,27,15300,47.6194656,-122.3626354,3.4650034203482654
2416,1728413052.097,1,220,0,0,185,0,0,3,476194652,-1223626341,0.0,0.6000000238418579,2.8626551628112793,0.0,0.0,0.0,0.0,2.8626551628112793,0.0,27,15300,47.6194652,-122.3626341,3.4922297898831673
2417,1728413052.3249998,1,220,0,0,185,0,0,3,476194652,-1223626341,0.0,0.6000000238418579,2.8626551628112793,0.0,0.0,0.0,0.0,2.8626551628112793,0.0,27,15300,47.6194652,-122.3626341,3.4716195599250685
2418,1728413052.646,1,220,0,0,185,0,0,3,476194648,-1223626327,0.0,0.6000000238418579,2.8801426887512207,0.0,0.0,0.0,0.0,2.8801426887512207,0.0,27,15300,47.6194648,-122.3626327,3.472825105298088
2419,1728413052.86,1,220,0,0,185,0,0,3,476194648,-1223626327,0.0,0.6000000238418579,2.8745675086975098,0.0,0.0,0.0,0.0,2.8745675086975098,0.0,27,15300,47.6194648,-122.3626327,3.4698126668599163
2420,1728413053.1139998,1,220,0,0,185,0,0,3,476194642,-1223626329,0.0,0.6000000238418579,2.8745675086975098,0.0,0.0,0.0,0.0,2.8745675086975098,0.0,27,15300,47.6194642,-122.3626329,3.4764470584149554
2421,1728413053.3869998,1,220,0,0,185,0,0,3,476194642,-1223626329,0.0,0.6000000238418579,2.8419058322906494,0.0,0.0,0.0,0.0,2.8419058322906494,0.0,27,15300,47.6194642,-122.3626329,3.437016666151097
2422,1728413053.665,1,220,0,0,185,0,0,3,476194642,-1223626373,0.0,0.6000000238418579,2.8419058322906494,0.0,0.0,0.0,0.0,2.8419058322906494,0.0,27,15300,47.6194642,-122.3626373,3.4770514038655227
2423,1728413053.9199998,1,220,0,0,185,0,0,3,476194642,-1223626373,0.0,0.6000000238418579,2.8419058322906494,0.0,0.0,0.0,0.0,2.8419058322906494,0.0,27,15300,47.6194642,-122.3626373,3.4548282440979663
2424,1728413054.6899998,1,220,0,0,185,0,0,3,476194638,-1223626407,0.0,0.6000000238418579,3.1195340156555176,0.0,0.0,0.0,0.0,3.1195340156555176,0.0,27,15200,47.6194638,-122.3626407,3.459608981991871
2425,1728413054.98,1,220,0,0,185,0,0,3,476194634,-1223626428,0.0,0.6000000238418579,2.8867270946502686,0.0,0.0,0.0,0.0,2.8867270946502686,0.0,28,15300,47.6194634,-122.3626428,3.4352456043059165
2426,1728413055.217,1,220,0,0,185,0,0,3,476194634,-1223626428,0.0,0.6000000238418579,2.8867270946502686,0.0,0.0,0.0,0.0,2.8867270946502686,0.0,28,15300,47.6194634,-122.3626428,3.460207629584314
2427,1728413055.495,1,220,0,0,185,0,0,3,476194620,-1223626392,0.0,0.6000000238418579,2.8020410537719727,0.0,0.0,0.0,0.0,2.8020410537719727,0.0,28,15300,47.619462,-122.3626392,3.4524424712823536
2428,1728413055.744,1,220,0,0,185,0,0,3,476194620,-1223626392,0.0,0.6000000238418579,2.8020410537719727,0.0,0.0,0.0,0.0,2.8020410537719727,0.0,28,15300,47.619462,-122.3626392,3.490401384542038
2429,1728413056.007,1,220,0,0,185,0,0,3,476194609,-1223626353,0.0,0.6000000238418579,2.775527000427246,0.0,0.0,0.0,0.0,2.775527000427246,0.0,28,15300,47.6194609,-122.3626353,3.463203406012673
2430,1728413056.2549999,1,220,0,0,185,0,0,3,476194609,-1223626353,0.0,0.6000000238418579,2.775527000427246,0.0,0.0,0.0,0.0,2.775527000427246,0.0,28,15300,47.6194609,-122.3626353,3.4722222279711272
2431,1728413056.556,1,220,0,0,185,0,0,3,476194604,-1223626328,0.0,0.6000000238418579,2.7553610801696777,0.0,0.0,0.0,0.0,2.7553610801696777,0.0,28,15300,47.6194604,-122.3626328,3.475238853569153
2432,1728413056.796,1,220,0,0,185,0,0,3,476194604,-1223626328,0.0,0.6000000238418579,2.7553610801696777,0.0,0.0,0.0,0.0,2.7553610801696777,0.0,28,15300,47.6194604,-122.3626328,3.490401384542038
2433,1728413057.0649998,1,220,0,0,185,0,0,3,476194594,-1223626301,0.0,0.6000000238418579,2.7500882148742676,0.0,0.0,0.0,0.0,2.7500882148742676,0.0,28,15300,47.6194594,-122.3626301,3.1892839310481778
2434,1728413057.349,1,220,0,0,185,0,0,3,476194594,-1223626301,0.0,0.6000000238418579,2.7500882148742676,0.0,0.0,0.0,0.0,2.7500882148742676,0.0,28,15300,47.6194594,-122.3626301,3.4758427789876416
2435,1728413057.628,1,220,0,0,185,0,0,3,476194592,-1223626365,0.0,0.6000000238418579,2.759596586227417,0.0,0.0,0.0,0.0,2.759596586227417,0.0,28,15300,47.6194592,-122.3626365,3.5087720472359925
2436,1728413057.8769999,1,220,0,0,185,0,0,3,476194592,-1223626365,0.0,0.6000000238418579,2.759596586227417,0.0,0.0,0.0,0.0,2.759596586227417,0.0,28,15300,47.6194592,-122.3626365,3.4764470584149554
2437,1728413058.118,1,220,0,0,185,0,0,3,476194586,-1223626389,0.0,0.6000000238418579,2.7512128353118896,0.0,0.0,0.0,0.0,2.7512128353118896,0.0,28,15300,47.6194586,-122.3626389,3.508156479036416
2438,1728413058.376,1,220,0,0,185,0,0,3,476194586,-1223626389,0.0,0.6000000238418579,2.743696928024292,0.0,0.0,0.0,0.0,2.743696928024292,0.0,28,15300,47.6194586,-122.3626389,3.489183607682469
2439,1728413058.635,1,220,0,0,185,0,0,3,476194573,-1223626352,0.0,0.6000000238418579,2.743696928024292,0.0,0.0,0.0,0.0,2.743696928024292,0.0,28,15300,47.6194573,-122.3626352,3.501400625698518
2440,1728413058.8739998,1,220,0,0,185,0,0,3,476194573,-1223626352,0.0,0.6000000238418579,2.743696928024292,0.0,0.0,0.0,0.0,2.743696928024292,0.0,28,15300,47.6194573,-122.3626352,3.472825105298088
2441,1728413059.142,1,220,0,0,185,0,0,3,476194562,-1223626325,0.0,0.6000000238418579,2.755218267440796,0.0,0.0,0.0,0.0,2.755218267440796,0.0,28,15400,47.6194562,-122.3626325,3.510619607908784
2442,1728413059.395,1,220,0,0,185,0,0,3,476194562,-1223626325,0.0,0.6000000238418579,2.755218267440796,0.0,0.0,0.0,0.0,2.755218267440796,0.0,28,15400,47.6194562,-122.3626325,3.4800765743892312
2443,1728413060.191,1,220,0,0,185,0,0,3,476194555,-1223626390,0.0,0.6000000238418579,3.0256357192993164,0.0,0.0,0.0,0.0,3.0256357192993164,0.0,28,15500,47.6194555,-122.362639,3.492839635610142
2444,1728413060.444,1,220,0,0,185,0,0,3,476194547,-1223626405,0.0,0.6000000238418579,2.8130393028259277,0.0,0.0,0.0,0.0,2.8130393028259277,0.0,28,15500,47.6194547,-122.3626405,3.4971149641992754
2445,1728413060.6799998,1,220,0,0,185,0,0,3,476194547,-1223626405,0.0,0.6000000238418579,2.8130393028259277,0.0,0.0,0.0,0.0,2.8130393028259277,0.0,28,15500,47.6194547,-122.3626405,3.5093876846823653
2446,1728413060.97,1,220,0,0,185,0,0,3,476194536,-1223626407,0.0,0.6000000238418579,2.757148265838623,0.0,0.0,0.0,0.0,2.757148265838623,0.0,28,15500,47.6194536,-122.3626407,3.497726371616665
2447,1728413061.1959999,1,220,0,0,185,0,0,3,476194536,-1223626407,0.0,0.6000000238418579,2.757148265838623,0.0,0.0,0.0,0.0,2.757148265838623,0.0,28,15500,47.6194536,-122.3626407,3.494060111805152
2448,1728413061.4759998,1,220,0,0,185,0,0,3,476194526,-1223626432,0.0,0.6000000238418579,2.7450828552246094,0.0,0.0,0.0,0.0,2.7450828552246094,0.0,28,15500,47.6194526,-122.3626432,3.4843205517022526
2449,1728413061.7189999,1,220,0,0,185,0,0,3,476194526,-1223626432,0.0,0.6000000238418579,2.7450828552246094,0.0,0.0,0.0,0.0,2.7450828552246094,0.0,28,15500,47.6194526,-122.3626432,3.4867504565013476
2450,1728413062.014,1,220,0,0,185,0,0,3,476194519,-1223626446,0.0,0.6000000238418579,2.7601125240325928,0.0,0.0,0.0,0.0,2.7601125240325928,0.0,28,15500,47.6194519,-122.3626446,3.4800765743892312
2451,1728413062.253,1,220,0,0,185,0,0,3,476194519,-1223626446,0.0,0.6000000238418579,2.7601125240325928,0.0,0.0,0.0,0.0,2.7601125240325928,0.0,28,15500,47.6194519,-122.3626446,3.481894175854125
2452,1728413062.543,1,220,0,0,185,0,0,3,476194504,-1223626385,0.0,0.6000000238418579,2.8250489234924316,0.0,0.0,0.0,0.0,2.8250489234924316,0.0,28,15500,47.6194504,-122.3626385,3.1842063878187803
2453,1728413062.791,1,220,0,0,185,0,0,3,476194504,-1223626385,0.0,0.6000000238418579,2.8250489234924316,0.0,0.0,0.0,0.0,2.8250489234924316,0.0,28,15500,47.6194504,-122.3626385,3.494060111805152
2454,1728413063.0679998,1,220,0,0,185,0,0,3,476194493,-1223626349,0.0,0.6000000238418579,2.856602430343628,0.0,0.0,0.0,0.0,2.856602430343628,0.0,28,15500,47.6194493,-122.3626349,3.489183607682469
2455,1728413063.327,1,220,0,0,185,0,0,3,476194493,-1223626349,0.0,0.6000000238418579,2.856602430343628,0.0,0.0,0.0,0.0,2.856602430343628,0.0,28,15500,47.6194493,-122.3626349,3.4812880014618024
2456,1728413063.595,1,220,0,0,185,0,0,3,476194483,-1223626334,0.0,0.6000000238418579,2.8727426528930664,0.0,0.0,0.0,0.0,2.8727426528930664,0.0,28,15500,47.6194483,-122.3626334,3.4788659901340573
2457,1728413063.842,1,220,0,0,185,0,0,3,476194483,-1223626334,0.0,0.6000000238418579,2.8727426528930664,0.0,0.0,0.0,0.0,2.8727426528930664,0.0,28,15500,47.6194483,-122.3626334,3.465603793280397
2458,1728413064.116,1,220,0,0,185,0,0,3,476194481,-1223626381,0.0,0.6000000238418579,2.8587663173675537,0.0,0.0,0.0,0.0,2.8587663173675537,0.0,28,15600,47.6194481,-122.3626381,3.460806341612359
2459,1728413064.3709998,1,220,0,0,185,0,0,3,476194481,-1223626381,0.0,0.6000000238418579,2.8747198581695557,0.0,0.0,0.0,0.0,2.8747198581695557,0.0,28,15600,47.6194481,-122.3626381,3.469812523336707
2460,1728413064.6209998,1,220,0,0,185,0,0,3,476194475,-1223626389,0.0,0.6000000238418579,2.8747198581695557,0.0,0.0,0.0,0.0,2.8747198581695557,0.0,28,15600,47.6194475,-122.3626389,3.494670597011282
2461,1728413064.886,1,220,0,0,185,0,0,3,476194475,-1223626389,0.0,0.6000000238418579,2.8747198581695557,0.0,0.0,0.0,0.0,2.8747198581695557,0.0,28,15600,47.6194475,-122.3626389,3.4722222279711272
2462,1728413065.6759999,1,220,0,0,185,0,0,3,476194458,-1223626376,0.0,0.6000000238418579,3.093682289123535,0.0,0.0,0.0,0.0,3.093682289123535,0.0,28,15600,47.6194458,-122.3626376,3.4524426133721913
2463,1728413065.915,1,220,0,0,185,0,0,3,476194458,-1223626376,0.0,0.6000000238418579,2.873415946960449,0.0,0.0,0.0,0.0,2.873415946960449,0.0,28,15600,47.6194458,-122.3626376,3.477656103644218
2464,1728413066.1759999,1,220,0,0,185,0,0,3,476194459,-1223626461,0.0,0.6000000238418579,2.873415946960449,0.0,0.0,0.0,0.0,2.873415946960449,0.0,28,15699,47.6194459,-122.3626461,3.506311362793744
2465,1728413066.425,1,220,0,0,185,0,0,3,476194459,-1223626461,0.0,0.6000000238418579,2.873415946960449,0.0,0.0,0.0,0.0,2.873415946960449,0.0,28,15699,47.6194459,-122.3626461,3.4794711769644513
2466,1728413066.7189999,1,220,0,0,185,0,0,3,476194461,-1223626523,0.0,0.6000000238418579,2.773303270339966,0.0,0.0,0.0,0.0,2.773303270339966,0.0,28,15800,47.6194461,-122.3626523,3.494670742598286
2467,1728413066.967,1,220,0,0,185,0,0,3,476194461,-1223626523,0.0,0.6000000238418579,2.773303270339966,0.0,0.0,0.0,0.0,2.773303270339966,0.0,28,15800,47.6194461,-122.3626523,3.4897923898752437
2468,1728413067.2549999,1,220,0,0,185,0,0,3,476194441,-1223626432,0.0,0.6000000238418579,2.7239038944244385,0.0,0.0,0.0,0.0,2.7239038944244385,0.0,28,15900,47.6194441,-122.3626432,3.492839635610142
2469,1728413067.483,1,220,0,0,185,0,0,3,476194444,-1223626498,0.0,0.6000000238418579,2.713731288909912,0.0,0.0,0.0,0.0,2.713731288909912,0.0,28,16000,47.6194444,-122.3626498,3.4788658458609185
2470,1728413067.737,1,220,0,0,185,0,0,3,476194444,-1223626498,0.0,0.6000000238418579,2.713731288909912,0.0,0.0,0.0,0.0,2.713731288909912,0.0,28,16000,47.6194444,-122.3626498,3.4764470584149554
2471,1728413068.013,1,220,0,0,185,0,0,3,476194434,-1223626493,0.0,0.6000000238418579,2.730210065841675,0.0,0.0,0.0,0.0,2.730210065841675,0.0,28,16300,47.6194434,-122.3626493,2.9351335954071636
2472,1728413068.336,1,220,0,0,185,0,0,3,476194434,-1223626493,0.0,0.6000000238418579,2.730210065841675,0.0,0.0,0.0,0.0,2.730210065841675,0.0,28,16300,47.6194434,-122.3626493,3.184206266950456
2473,1728413068.5419998,1,220,0,0,185,0,0,3,476194423,-1223626459,0.0,0.6000000238418579,2.6780121326446533,0.0,0.0,0.0,0.0,2.6780121326446533,0.0,28,16400,47.6194423,-122.3626459,3.1605562236064833
2474,1728413068.7719998,1,220,0,0,185,0,0,3,476194423,-1223626459,0.0,0.6000000238418579,2.6780121326446533,0.0,0.0,0.0,0.0,2.6780121326446533,0.0,28,16400,47.6194423,-122.3626459,3.183192746185872
2475,1728413069.0749998,1,220,0,0,185,0,0,3,476194416,-1223626436,0.0,0.6000000238418579,2.6397056579589844,0.0,0.0,0.0,0.0,2.6397056579589844,0.0,28,16400,47.6194416,-122.3626436,3.180661644178994
2476,1728413069.3179998,1,220,0,0,185,0,0,3,476194416,-1223626436,0.0,0.6000000238418579,2.6397056579589844,0.0,0.0,0.0,0.0,2.6397056579589844,0.0,28,16400,47.6194416,-122.3626436,3.1852205542709826
2477,1728413069.573,1,220,0,0,185,0,0,3,476194411,-1223626415,0.0,0.6000000238418579,2.615361213684082,0.0,0.0,0.0,0.0,2.615361213684082,0.0,28,16200,47.6194411,-122.3626415,3.1857280007777655
2478,1728413069.842,1,220,0,0,185,0,0,3,476194411,-1223626415,0.0,0.6000000238418579,2.615361213684082,0.0,0.0,0.0,0.0,2.615361213684082,0.0,28,16200,47.6194411,-122.3626415,3.1852205542709826
2479,1728413070.12,1,220,0,0,185,0,0,3,476194403,-1223626393,0.0,0.6000000238418579,2.5926601886749268,0.0,0.0,0.0,0.0,2.5926601886749268,0.0,28,16200,47.6194403,-122.3626393,3.175107267546609
2480,1728413070.3739998,1,220,0,0,185,0,0,3,476194403,-1223626393,0.0,0.6000000238418579,2.5926601886749268,0.0,0.0,0.0,0.0,2.5926601886749268,0.0,28,16200,47.6194403,-122.3626393,3.1660598825049675
2481,1728413071.6999998,1,220,0,0,185,0,0,3,476194379,-1223626376,0.0,0.6000000238418579,2.925105094909668,0.0,0.0,0.0,0.0,2.925105094909668,0.0,28,16200,47.6194379,-122.3626376,3.180661644178994
2482,1728413071.957,1,220,0,0,185,0,0,3,476194372,-1223626371,0.0,0.6000000238418579,2.56847882270813,0.0,0.0,0.0,0.0,2.56847882270813,0.0,28,16200,47.6194372,-122.3626371,3.20512820022973
2483,1728413072.243,1,220,0,0,185,0,0,3,476194372,-1223626371,0.0,0.6000000238418579,2.56847882270813,0.0,0.0,0.0,0.0,2.56847882270813,0.0,28,16200,47.6194372,-122.3626371,3.1705770009226057
2484,1728413072.4589999,1,220,0,0,185,0,0,3,476194366,-1223626385,0.0,0.6000000238418579,2.515627384185791,0.0,0.0,0.0,0.0,2.515627384185791,0.0,28,16200,47.6194366,-122.3626385,3.15756230670837
2485,1728413072.7129998,1,220,0,0,185,0,0,3,476194366,-1223626385,0.0,0.6000000238418579,2.515627384185791,0.0,0.0,0.0,0.0,2.515627384185791,0.0,28,16200,47.6194366,-122.3626385,3.1625552846264995
2486,1728413072.998,1,220,0,0,185,0,0,3,476194365,-1223626414,0.0,0.6000000238418579,2.465721368789673,0.0,0.0,0.0,0.0,2.465721368789673,0.0,28,16200,47.6194365,-122.3626414,3.1695720167479413
2487,1728413073.245,1,220,0,0,185,0,0,3,476194365,-1223626414,0.0,0.6000000238418579,2.465721368789673,0.0,0.0,0.0,0.0,2.465721368789673,0.0,28,16200,47.6194365,-122.3626414,3.155071784528278
2488,1728413073.534,1,220,0,0,185,0,0,3,476194361,-1223626457,0.0,0.6000000238418579,2.4238336086273193,0.0,0.0,0.0,0.0,2.4238336086273193,0.0,28,16099,47.6194361,-122.3626457,3.1595577000087083
2489,1728413073.7819998,1,220,0,0,185,0,0,3,476194361,-1223626457,0.0,0.6000000238418579,2.4238336086273193,0.0,0.0,0.0,0.0,2.4238336086273193,0.0,28,16099,47.6194361,-122.3626457,3.17409928973892
2490,1728413074.054,1,220,0,0,185,0,0,3,476194352,-1223626483,0.0,0.6000000238418579,2.3958232402801514,0.0,0.0,0.0,0.0,2.3958232402801514,0.0,28,16099,47.6194352,-122.3626483,2.992220220577849
2491,1728413074.3009999,1,220,0,0,185,0,0,3,476194352,-1223626483,0.0,0.6000000238418579,2.3958232402801514,0.0,0.0,0.0,0.0,2.3958232402801514,0.0,28,16099,47.6194352,-122.3626483,3.58294516992022
2492,1728413074.576,1,220,0,0,185,0,0,3,476194337,-1223626451,0.0,0.6000000238418579,2.3871009349823,0.0,0.0,0.0,0.0,2.3871009349823,0.0,28,16099,47.6194337,-122.3626451,3.578457693286378
2493,1728413074.85,1,220,0,0,185,0,0,3,476194337,-1223626451,0.0,0.6000000238418579,2.3871009349823,0.0,0.0,0.0,0.0,2.3871009349823,0.0,28,16099,47.6194337,-122.3626451,3.5932447098146896
2494,1728413075.106,1,220,0,0,185,0,0,3,476194329,-1223626414,0.0,0.6000000238418579,2.3926455974578857,0.0,0.0,0.0,0.0,2.3926455974578857,0.0,28,16000,47.6194329,-122.3626414,3.541076486056291
2495,1728413075.399,1,220,0,0,185,0,0,3,476194329,-1223626414,0.0,0.6000000238418579,2.3862297534942627,0.0,0.0,0.0,0.0,2.3862297534942627,0.0,28,16000,47.6194329,-122.3626414,3.5505058617405063
2496,1728413075.628,1,220,0,0,185,0,0,3,476194318,-1223626384,0.0,0.6000000238418579,2.3862297534942627,0.0,0.0,0.0,0.0,2.3862297534942627,0.0,28,16000,47.6194318,-122.3626384,3.5746201783251648
2497,1728413075.912,1,220,0,0,185,0,0,3,476194318,-1223626384,0.0,0.6000000238418579,2.4395384788513184,0.0,0.0,0.0,0.0,2.4395384788513184,0.0,28,16000,47.6194318,-122.3626384,3.569516377926856
2498,1728413076.172,1,220,0,0,185,0,0,3,476194304,-1223626349,0.0,0.6000000238418579,2.4395384788513184,0.0,0.0,0.0,0.0,2.4395384788513184,0.0,28,16000,47.6194304,-122.3626349,3.5720664550380627
2499,1728413076.421,1,220,0,0,185,0,0,3,476194304,-1223626349,0.0,0.6000000238418579,2.4395384788513184,0.0,0.0,0.0,0.0,2.4395384788513184,0.0,28,16000,47.6194304,-122.3626349,3.5707908851995187
2500,1728413077.0579998,1,220,0,0,185,0,0,3,476194287,-1223626314,0.0,0.6000000238418579,2.739849090576172,0.0,0.0,0.0,0.0,2.739849090576172,0.0,28,16000,47.6194287,-122.3626314,3.5727045056852056
2501,1728413077.2819998,1,220,0,0,185,0,0,3,476194287,-1223626314,0.0,0.6000000238418579,2.739849090576172,0.0,0.0,0.0,0.0,2.739849090576172,0.0,28,16000,47.6194287,-122.3626314,3.5492457912774174
2502,1728413077.546,1,220,0,0,185,0,0,3,476194285,-1223626337,0.0,0.6000000238418579,2.6520068645477295,0.0,0.0,0.0,0.0,2.6520068645477295,0.0,28,15900,47.6194285,-122.3626337,3.581020566409115
2503,1728413077.809,1,220,0,0,185,0,0,3,476194285,-1223626337,0.0,0.6000000238418579,2.6520068645477295,0.0,0.0,0.0,0.0,2.6520068645477295,0.0,28,15900,47.6194285,-122.3626337,3.5727045056852056
2504,1728413078.1069999,1,220,0,0,185,0,0,3,476194279,-1223626342,0.0,0.6000000238418579,2.6193151473999023,0.0,0.0,0.0,0.0,2.6193151473999023,0.0,28,15800,47.6194279,-122.3626342,3.5932447098146896
2505,1728413078.346,1,220,0,0,185,0,0,3,476194279,-1223626342,0.0,0.6000000238418579,2.6311986446380615,0.0,0.0,0.0,0.0,2.6311986446380615,0.0,28,15800,47.6194279,-122.3626342,3.594536375052829
2506,1728413078.593,1,220,0,0,185,0,0,3,476194273,-1223626353,0.0,0.6000000238418579,2.6311986446380615,0.0,0.0,0.0,0.0,2.6311986446380615,0.0,28,15699,47.6194273,-122.3626353,3.572704657846542
2507,1728413078.8479998,1,220,0,0,185,0,0,3,476194273,-1223626353,0.0,0.6000000238418579,2.6311986446380615,0.0,0.0,0.0,0.0,2.6311986446380615,0.0,28,15699,47.6194273,-122.3626353,3.554291748323369
2508,1728413079.133,1,220,0,0,185,0,0,3,476194267,-1223626349,0.0,0.6000000238418579,2.6277778148651123,0.0,0.0,0.0,0.0,2.6277778148651123,0.0,28,15600,47.6194267,-122.3626349,3.5823034565911422
2509,1728413079.383,1,220,0,0,185,0,0,3,476194267,-1223626349,0.0,0.6000000238418579,2.5937204360961914,0.0,0.0,0.0,0.0,2.5937204360961914,0.0,28,15600,47.6194267,-122.3626349,3.5733429365289004
2510,1728413079.652,1,220,0,0,185,0,0,3,476194251,-1223626292,0.0,0.6000000238418579,2.5937204360961914,0.0,0.0,0.0,0.0,2.5937204360961914,0.0,28,15500,47.6194251,-122.3626292,3.648969043038489
2511,1728413079.9359999,1,220,0,0,185,0,0,3,476194242,-1223626274,0.0,0.6000000238418579,2.526282787322998,0.0,0.0,0.0,0.0,2.526282787322998,0.0,28,15500,47.6194242,-122.3626274,3.6277888551574917
2512,1728413080.161,1,220,0,0,185,0,0,3,476194242,-1223626274,0.0,0.6000000238418579,2.526282787322998,0.0,0.0,0.0,0.0,2.526282787322998,0.0,28,15500,47.6194242,-122.3626274,3.608805604617835
2513,1728413080.448,1,220,0,0,185,0,0,3,476194231,-1223626243,0.0,0.6000000238418579,2.5073139667510986,0.0,0.0,0.0,0.0,2.5073139667510986,0.0,28,15300,47.6194231,-122.3626243,3.5938905033614024
2514,1728413080.672,1,220,0,0,185,0,0,3,476194231,-1223626243,0.0,0.6000000238418579,2.5073139667510986,0.0,0.0,0.0,0.0,2.5073139667510986,0.0,28,15300,47.6194231,-122.3626243,3.6549706786982066
2515,1728413080.9629998,1,220,0,0,185,0,0,3,476194225,-1223626226,0.0,0.6000000238418579,2.456340789794922,0.0,0.0,0.0,0.0,2.456340789794922,0.0,28,15300,47.6194225,-122.3626226,3.6370248656830646
2516,1728413081.2259998,1,220,0,0,185,0,0,3,476194225,-1223626226,0.0,0.6000000238418579,2.456340789794922,0.0,0.0,0.0,0.0,2.456340789794922,0.0,28,15300,47.6194225,-122.3626226,3.631082130354019
2517,1728413081.539,1,220,0,0,185,0,0,3,476194219,-1223626182,0.0,0.6000000238418579,2.3902220726013184,0.0,0.0,0.0,0.0,2.3902220726013184,0.0,28,15300,47.6194219,-122.3626182,3.611411992462908
2518,1728413081.7549999,1,220,0,0,185,0,0,3,476194219,-1223626182,0.0,0.6000000238418579,2.3902220726013184,0.0,0.0,0.0,0.0,2.3902220726013184,0.0,28,15300,47.6194219,-122.3626182,3.629105479521808
2519,1728413082.018,1,220,0,0,185,0,0,3,476194219,-1223626182,0.0,0.6000000238418579,2.3902220726013184,0.0,0.0,0.0,0.0,2.3902220726013184,0.0,28,15300,47.6194219,-122.3626182,3.6192544185960625
2520,1728413082.539,1,220,0,0,185,0,0,3,476194206,-1223626185,0.0,0.6000000238418579,2.53601336479187,0.0,0.0,0.0,0.0,2.53601336479187,0.0,28,15100,47.6194206,-122.3626185,3.640334938615678
2521,1728413082.7949998,1,220,0,0,185,0,0,3,476194206,-1223626185,0.0,0.6000000238418579,2.53601336479187,0.0,0.0,0.0,0.0,2.53601336479187,0.0,28,15100,47.6194206,-122.3626185,3.615328952557203
2522,1728413083.0879998,1,220,0,0,185,0,0,3,476194199,-1223626187,0.0,0.6000000238418579,2.3789286613464355,0.0,0.0,0.0,0.0,2.3789286613464355,0.0,28,15000,47.6194199,-122.3626187,3.5997120267454497
2523,1728413083.3739998,1,220,0,0,185,0,0,3,476194199,-1223626187,0.0,0.6000000238418579,2.3907086849212646,0.0,0.0,0.0,0.0,2.3907086849212646,0.0,28,15000,47.6194199,-122.3626187,3.604253002456412
2524,1728413083.579,1,220,0,0,185,0,0,3,476194190,-1223626164,0.0,0.6000000238418579,2.3907086849212646,0.0,0.0,0.0,0.0,2.3907086849212646,0.0,28,15000,47.619419,-122.3626164,3.591953972540329
2525,1728413083.845,1,220,0,0,185,0,0,3,476194191,-1223626197,0.0,0.6000000238418579,2.4024996757507324,0.0,0.0,0.0,0.0,2.4024996757507324,0.0,28,15100,47.6194191,-122.3626197,3.5900196811944363
2526,1728413084.1009998,1,220,0,0,185,0,0,3,476194191,-1223626197,0.0,0.6000000238418579,2.4024996757507324,0.0,0.0,0.0,0.0,2.4024996757507324,0.0,28,15100,47.6194191,-122.3626197,3.6094566935100194
2527,1728413084.386,1,220,0,0,185,0,0,3,476194191,-1223626197,0.0,0.6000000238418579,2.454911231994629,0.0,0.0,0.0,0.0,2.454911231994629,0.0,28,15100,47.6194191,-122.3626197,3.6357026474301026
2528,1728413084.6439998,1,220,0,0,185,0,0,3,476194190,-1223626239,0.0,0.6000000238418579,2.454911231994629,0.0,0.0,0.0,0.0,2.454911231994629,0.0,28,15100,47.619419,-122.3626239,3.625158627008024
2529,1728413084.909,1,220,0,0,185,0,0,3,476194183,-1223626237,0.0,0.6000000238418579,2.529289960861206,0.0,0.0,0.0,0.0,2.529289960861206,0.0,28,15100,47.6194183,-122.3626237,3.6218760830461725
2530,1728413085.146,1,220,0,0,185,0,0,3,476194183,-1223626237,0.0,0.6000000238418579,2.529289960861206,0.0,0.0,0.0,0.0,2.529289960861206,0.0,28,15100,47.6194183,-122.3626237,3.608805604617835
2531,1728413085.468,1,220,0,0,185,0,0,3,476194179,-1223626233,0.0,0.6000000238418579,2.597076892852783,0.0,0.0,0.0,0.0,2.597076892852783,0.0,28,15000,47.6194179,-122.3626233,3.6264731857783903
2532,1728413085.717,1,220,0,0,185,0,0,3,476194179,-1223626233,0.0,0.6000000238418579,2.597076892852783,0.0,0.0,0.0,0.0,2.597076892852783,0.0,28,15000,47.6194179,-122.3626233,3.629764071618172
2533,1728413085.997,1,220,0,0,185,0,0,3,476194175,-1223626253,0.0,0.6000000238418579,2.60262131690979,0.0,0.0,0.0,0.0,2.60262131690979,0.0,28,14900,47.6194175,-122.3626253,3.657644360853572
2534,1728413086.24,1,220,0,0,185,0,0,3,476194175,-1223626253,0.0,0.6000000238418579,2.60262131690979,0.0,0.0,0.0,0.0,2.60262131690979,0.0,28,14900,47.6194175,-122.3626253,3.620564854364616
2535,1728413086.534,1,220,0,0,185,0,0,3,476194166,-1223626254,0.0,0.6000000238418579,2.615086555480957,0.0,0.0,0.0,0.0,2.615086555480957,0.0,28,14900,47.6194166,-122.3626254,3.618599634421966
2536,1728413086.767,1,220,0,0,185,0,0,3,476194166,-1223626254,0.0,0.6000000238418579,2.615086555480957,0.0,0.0,0.0,0.0,2.615086555480957,0.0,28,14900,47.6194166,-122.3626254,3.6159825535021453
2537,1728413087.04,1,220,0,0,185,0,0,3,476194164,-1223626263,0.0,0.6000000238418579,2.6172420978546143,0.0,0.0,0.0,0.0,2.6172420978546143,0.0,28,14900,47.6194164,-122.3626263,3.631082130354019
2538,1728413087.2719998,1,220,0,0,185,0,0,3,476194164,-1223626263,0.0,0.6000000238418579,2.6172420978546143,0.0,0.0,0.0,0.0,2.6172420978546143,0.0,28,14900,47.6194164,-122.3626263,3.637686335519545
2539,1728413087.54,1,220,0,0,185,0,0,3,476194164,-1223626263,0.0,0.6000000238418579,2.6172420978546143,0.0,0.0,0.0,0.0,2.6172420978546143,0.0,28,14900,47.6194164,-122.3626263,3.625158627008024
2540,1728413088.0809999,1,220,0,0,185,0,0,3,476194151,-1223626222,0.0,0.6000000238418579,2.8112940788269043,0.0,0.0,0.0,0.0,2.8112940788269043,0.0,28,14900,47.6194151,-122.3626222,3.6238448643714087
2541,1728413088.31,1,220,0,0,185,0,0,3,476194151,-1223626222,0.0,0.6000000238418579,2.8112940788269043,0.0,0.0,0.0,0.0,2.8112940788269043,0.0,28,14900,47.6194151,-122.3626222,3.6529681001596686
2542,1728413088.5979998,1,220,0,0,185,0,0,3,476194140,-1223626189,0.0,0.6000000238418579,2.5430266857147217,0.0,0.0,0.0,0.0,2.5430266857147217,0.0,28,14800,47.619414,-122.3626189,3.657644520336085
2543,1728413088.842,1,220,0,0,185,0,0,3,476194140,-1223626189,0.0,0.6000000238418579,2.5430266857147217,0.0,0.0,0.0,0.0,2.5430266857147217,0.0,28,14800,47.619414,-122.3626189,3.658313512363139
2544,1728413089.103,1,220,0,0,185,0,0,3,476194134,-1223626184,0.0,0.6000000238418579,2.4283976554870605,0.0,0.0,0.0,0.0,2.4283976554870605,0.0,28,14800,47.6194134,-122.3626184,3.6529681001596686
2545,1728413089.372,1,220,0,0,185,0,0,3,476194131,-1223626160,0.0,0.6000000238418579,2.3520591259002686,0.0,0.0,0.0,0.0,2.3520591259002686,0.0,28,14800,47.6194131,-122.362616,3.654302908602088
2546,1728413089.632,1,220,0,0,185,0,0,3,476194131,-1223626160,0.0,0.6000000238418579,2.3520591259002686,0.0,0.0,0.0,0.0,2.3520591259002686,0.0,28,14800,47.6194131,-122.362616,3.6503012476920196
2547,1728413089.8939998,1,220,0,0,185,0,0,3,476194125,-1223626147,0.0,0.6000000238418579,2.3329997062683105,0.0,0.0,0.0,0.0,2.3329997062683105,0.0,28,14700,47.6194125,-122.3626147,3.651634107534223
2548,1728413090.142,1,220,0,0,185,0,0,3,476194125,-1223626147,0.0,0.6000000238418579,2.3329997062683105,0.0,0.0,0.0,0.0,2.3329997062683105,0.0,28,14700,47.6194125,-122.3626147,3.637686335519545
2549,1728413090.4259999,1,220,0,0,185,0,0,3,476194111,-1223626109,0.0,0.6000000238418579,2.3236236572265625,0.0,0.0,0.0,0.0,2.3236236572265625,0.0,28,14700,47.6194111,-122.3626109,3.6409976131231696
2550,1728413090.665,1,220,0,0,185,0,0,3,476194111,-1223626109,0.0,0.6000000238418579,2.3236236572265625,0.0,0.0,0.0,0.0,2.3236236572265625,0.0,28,14700,47.6194111,-122.3626109,3.648969043038489
2551,1728413090.9429998,1,220,0,0,185,0,0,3,476194108,-1223626147,0.0,0.6000000238418579,2.341994285583496,0.0,0.0,0.0,0.0,2.341994285583496,0.0,28,14600,47.6194108,-122.3626147,3.6363636363636362
2552,1728413091.185,1,220,0,0,185,0,0,3,476194108,-1223626147,0.0,0.6000000238418579,2.341994285583496,0.0,0.0,0.0,0.0,2.341994285583496,0.0,28,14600,47.6194108,-122.3626147,3.643650883797114
2553,1728413091.464,1,220,0,0,185,0,0,3,476194108,-1223626206,0.0,0.6000000238418579,2.3658177852630615,0.0,0.0,0.0,0.0,2.3658177852630615,0.0,28,14600,47.6194108,-122.3626206,3.642323844337459
2554,1728413091.715,1,220,0,0,185,0,0,3,476194108,-1223626206,0.0,0.6000000238418579,2.3658177852630615,0.0,0.0,0.0,0.0,2.3658177852630615,0.0,28,14600,47.6194108,-122.3626206,3.6416605289367303
2555,1728413092.007,1,220,0,0,185,0,0,3,476194108,-1223626216,0.0,0.6000000238418579,2.438302516937256,0.0,0.0,0.0,0.0,2.438302516937256,0.0,28,14500,47.6194108,-122.3626216,3.633060935589173
2556,1728413092.2459998,1,220,0,0,185,0,0,3,476194108,-1223626216,0.0,0.6000000238418579,2.438302516937256,0.0,0.0,0.0,0.0,2.438302516937256,0.0,28,14500,47.6194108,-122.3626216,3.6416606870284185
2557,1728413092.517,1,220,0,0,185,0,0,3,476194103,-1223626211,0.0,0.6000000238418579,2.4808342456817627,0.0,0.0,0.0,0.0,2.4808342456817627,0.0,28,14500,47.6194103,-122.3626211,3.631081973179469
2558,1728413092.77,1,220,0,0,185,0,0,3,476194103,-1223626211,0.0,0.6000000238418579,2.4808342456817627,0.0,0.0,0.0,0.0,2.4808342456817627,0.0,28,14500,47.6194103,-122.3626211,3.6277888551574917
2559,1728413093.033,1,220,0,0,185,0,0,3,476194103,-1223626211,0.0,0.6000000238418579,2.4808342456817627,0.0,0.0,0.0,0.0,2.4808342456817627,0.0,28,14500,47.6194103,-122.3626211,3.646308024278096
2560,1728413093.562,1,220,0,0,185,0,0,3,476194084,-1223626173,0.0,0.6000000238418579,2.7831215858459473,0.0,0.0,0.0,0.0,2.7831215858459473,0.0,28,14400,47.6194084,-122.3626173,3.6416606870284185
2561,1728413093.81,1,220,0,0,185,0,0,3,476194084,-1223626173,0.0,0.6000000238418579,2.7831215858459473,0.0,0.0,0.0,0.0,2.7831215858459473,0.0,28,14400,47.6194084,-122.3626173,3.625158470345864
2562,1728413094.087,1,220,0,0,185,0,0,3,476194084,-1223626215,0.0,0.6000000238418579,2.623248338699341,0.0,0.0,0.0,0.0,2.623248338699341,0.0,28,14400,47.6194084,-122.3626215,3.640334938615678
2563,1728413094.333,1,220,0,0,185,0,0,3,476194084,-1223626215,0.0,0.6000000238418579,2.623248338699341,0.0,0.0,0.0,0.0,2.623248338699341,0.0,28,14400,47.6194084,-122.3626215,3.650967555966238
2564,1728413094.595,1,220,0,0,185,0,0,3,476194083,-1223626218,0.0,0.6000000238418579,2.5975053310394287,0.0,0.0,0.0,0.0,2.5975053310394287,0.0,28,14400,47.6194083,-122.3626218,3.6456434155099497
2565,1728413094.8769999,1,220,0,0,185,0,0,3,476194081,-1223626242,0.0,0.6000000238418579,2.5617189407348633,0.0,0.0,0.0,0.0,2.5617189407348633,0.0,28,14500,47.6194081,-122.3626242,3.6549708379476464
2566,1728413095.1239998,1,220,0,0,185,0,0,3,476194081,-1223626242,0.0,0.6000000238418579,2.5617189407348633,0.0,0.0,0.0,0.0,2.5617189407348633,0.0,28,14500,47.6194081,-122.3626242,3.654302908602088
2567,1728413095.402,1,220,0,0,185,0,0,3,476194076,-1223626245,0.0,0.6000000238418579,2.5539710521698,0.0,0.0,0.0,0.0,2.5539710521698,0.0,28,14500,47.6194076,-122.3626245,3.644979048972749
2568,1728413095.655,1,220,0,0,185,0,0,3,476194076,-1223626245,0.0,0.6000000238418579,2.5539710521698,0.0,0.0,0.0,0.0,2.5539710521698,0.0,28,14500,47.6194076,-122.3626245,3.6264733425542026
2569,1728413095.911,1,220,0,0,185,0,0,3,476194062,-1223626223,0.0,0.6000000238418579,2.5106961727142334,0.0,0.0,0.0,0.0,2.5106961727142334,0.0,28,14400,47.6194062,-122.3626223,3.639672505282523
2570,1728413096.1569998,1,220,0,0,185,0,0,3,476194062,-1223626223,0.0,0.6000000238418579,2.5106961727142334,0.0,0.0,0.0,0.0,2.5106961727142334,0.0,28,14400,47.6194062,-122.3626223,3.6350418987514006
2571,1728413096.46,1,220,0,0,185,0,0,3,476194052,-1223626194,0.0,0.6000000238418579,2.4877560138702393,0.0,0.0,0.0,0.0,2.4877560138702393,0.0,28,14400,47.6194052,-122.3626194,3.6231884183164556
2572,1728413096.679,1,220,0,0,185,0,0,3,476194052,-1223626194,0.0,0.6000000238418579,2.4877560138702393,0.0,0.0,0.0,0.0,2.4877560138702393,0.0,28,14400,47.6194052,-122.3626194,3.6370248656830646
2573,1728413096.942,1,220,0,0,185,0,0,3,476194044,-1223626158,0.0,0.6000000238418579,2.4701781272888184,0.0,0.0,0.0,0.0,2.4701781272888184,0.0,28,14400,47.6194044,-122.3626158,3.638348203808547
2574,1728413097.201,1,220,0,0,185,0,0,3,476194044,-1223626158,0.0,0.6000000238418579,2.4701781272888184,0.0,0.0,0.0,0.0,2.4701781272888184,0.0,28,14400,47.6194044,-122.3626158,3.6277888551574917
2575,1728413097.4789999,1,220,0,0,185,0,0,3,476194037,-1223626119,0.0,0.6000000238418579,2.4571573734283447,0.0,0.0,0.0,0.0,2.4571573734283447,0.0,28,14400,47.6194037,-122.3626119,3.6370248656830646
2576,1728413097.7189999,1,220,0,0,185,0,0,3,476194037,-1223626119,0.0,0.6000000238418579,2.4571573734283447,0.0,0.0,0.0,0.0,2.4571573734283447,0.0,28,14400,47.6194037,-122.3626119,3.6456434155099497
2577,1728413098.004,1,220,0,0,185,0,0,3,476194032,-1223626095,0.0,0.6000000238418579,2.4414114952087402,0.0,0.0,0.0,0.0,2.4414114952087402,0.0,28,14500,47.6194032,-122.3626095,3.6529681001596686
2578,1728413098.2849998,1,220,0,0,185,0,0,3,476194032,-1223626095,0.0,0.6000000238418579,2.4414114952087402,0.0,0.0,0.0,0.0,2.4414114952087402,0.0,28,14500,47.6194032,-122.3626095,3.658313512363139
2579,1728413098.5279999,1,220,0,0,185,0,0,3,476194032,-1223626095,0.0,0.6000000238418579,2.4414114952087402,0.0,0.0,0.0,0.0,2.4414114952087402,0.0,28,14500,47.6194032,-122.3626095,3.644979048972749
2580,1728413099.064,1,220,0,0,185,0,0,3,476194021,-1223626066,0.0,0.6000000238418579,2.69730544090271,0.0,0.0,0.0,0.0,2.69730544090271,0.0,28,14400,47.6194021,-122.3626066,3.635702489855292
2581,1728413099.33,1,220,0,0,185,0,0,3,476194021,-1223626066,0.0,0.6000000238418579,2.69730544090271,0.0,0.0,0.0,0.0,2.69730544090271,0.0,28,14400,47.6194021,-122.3626066,3.666361187849892
2582,1728413099.586,1,220,0,0,185,0,0,3,476194012,-1223626038,0.0,0.6000000238418579,2.5052194595336914,0.0,0.0,0.0,0.0,2.5052194595336914,0.0,28,14400,47.6194012,-122.3626038,3.640334938615678
2583,1728413099.83,1,220,0,0,185,0,0,3,476194012,-1223626038,0.0,0.6000000238418579,2.5052194595336914,0.0,0.0,0.0,0.0,2.5052194595336914,0.0,28,14400,47.6194012,-122.3626038,3.625815787243145
2584,1728413100.108,1,220,0,0,185,0,0,3,476194018,-1223626119,0.0,0.6000000238418579,2.4540696144104004,0.0,0.0,0.0,0.0,2.4540696144104004,0.0,28,14400,47.6194018,-122.3626119,3.6489692017653677
2585,1728413100.376,1,220,0,0,185,0,0,3,476194020,-1223626149,0.0,0.6000000238418579,2.4583613872528076,0.0,0.0,0.0,0.0,2.4583613872528076,0.0,28,14400,47.619402,-122.3626149,3.654302908602088
2586,1728413100.61,1,220,0,0,185,0,0,3,476194020,-1223626149,0.0,0.6000000238418579,2.4583613872528076,0.0,0.0,0.0,0.0,2.4583613872528076,0.0,28,14400,47.619402,-122.3626149,3.6523009025292525
2587,1728413100.8769999,1,220,0,0,185,0,0,3,476194020,-1223626149,0.0,0.6000000238418579,2.477219343185425,0.0,0.0,0.0,0.0,2.477219343185425,0.0,28,14400,47.619402,-122.3626149,3.654302908602088
2588,1728413101.122,1,220,0,0,185,0,0,3,476194019,-1223626156,0.0,0.6000000238418579,2.477219343185425,0.0,0.0,0.0,0.0,2.477219343185425,0.0,28,14500,47.6194019,-122.3626156,3.6778227534540116
2589,1728413101.398,1,220,0,0,185,0,0,3,476194016,-1223626187,0.0,0.6000000238418579,2.4910616874694824,0.0,0.0,0.0,0.0,2.4910616874694824,0.0,28,14400,47.6194016,-122.3626187,3.676470549564461
2590,1728413101.658,1,220,0,0,185,0,0,3,476194016,-1223626187,0.0,0.6000000238418579,2.4910616874694824,0.0,0.0,0.0,0.0,2.4910616874694824,0.0,28,14400,47.6194016,-122.3626187,3.6778227534540116
2591,1728413101.915,1,220,0,0,185,0,0,3,476194009,-1223626185,0.0,0.6000000238418579,2.4930224418640137,0.0,0.0,0.0,0.0,2.4930224418640137,0.0,28,14400,47.6194009,-122.3626185,3.684598396902983
2592,1728413102.1729999,1,220,0,0,185,0,0,3,476194009,-1223626185,0.0,0.6000000238418579,2.4930224418640137,0.0,0.0,0.0,0.0,2.4930224418640137,0.0,28,14400,47.6194009,-122.3626185,3.6536353824671313
2593,1728413102.458,1,220,0,0,185,0,0,3,476194005,-1223626168,0.0,0.6000000238418579,2.5031402111053467,0.0,0.0,0.0,0.0,2.5031402111053467,0.0,28,14400,47.6194005,-122.3626168,3.6589827491554807
2594,1728413102.682,1,220,0,0,185,0,0,3,476194005,-1223626168,0.0,0.6000000238418579,2.5031402111053467,0.0,0.0,0.0,0.0,2.5031402111053467,0.0,28,14400,47.6194005,-122.3626168,3.654303067793343
2595,1728413102.952,1,220,0,0,185,0,0,3,476193999,-1223626141,0.0,0.6000000238418579,2.4917426109313965,0.0,0.0,0.0,0.0,2.4917426109313965,0.0,28,14400,47.6193999,-122.3626141,3.6737692834273554
2596,1728413103.195,1,220,0,0,185,0,0,3,476193999,-1223626141,0.0,0.6000000238418579,2.4917426109313965,0.0,0.0,0.0,0.0,2.4917426109313965,0.0,28,14400,47.6193999,-122.3626141,3.642987243216351
2597,1728413103.477,1,220,0,0,185,0,0,3,476193992,-1223626142,0.0,0.6000000238418579,2.47278094291687,0.0,0.0,0.0,0.0,2.47278094291687,0.0,28,14400,47.6193992,-122.3626142,3.6569756135158613
2598,1728413103.7229998,1,220,0,0,185,0,0,3,476193992,-1223626142,0.0,0.6000000238418579,2.47278094291687,0.0,0.0,0.0,0.0,2.47278094291687,0.0,28,14400,47.6193992,-122.3626142,3.656975772940062
2599,1728413103.968,1,220,0,0,185,0,0,3,476193992,-1223626142,0.0,0.6000000238418579,2.47278094291687,0.0,0.0,0.0,0.0,2.47278094291687,0.0,28,14400,47.6193992,-122.3626142,3.646973033962953
2600,1728413104.5019999,1,220,0,0,185,0,0,3,476193978,-1223626099,0.0,0.6000000238418579,2.698207378387451,0.0,0.0,0.0,0.0,2.698207378387451,0.0,28,14400,47.6193978,-122.3626099,3.6549708379476464
2601,1728413104.758,1,220,0,0,185,0,0,3,476193978,-1223626099,0.0,0.6000000238418579,2.698207378387451,0.0,0.0,0.0,0.0,2.698207378387451,0.0,28,14400,47.6193978,-122.3626099,3.6463081827735553
2602,1728413105.06,1,220,0,0,185,0,0,3,476193977,-1223626083,0.0,0.6000000238418579,2.515394926071167,0.0,0.0,0.0,0.0,2.515394926071167,0.0,28,14400,47.6193977,-122.3626083,3.650301088849234
2603,1728413105.296,1,220,0,0,185,0,0,3,476193977,-1223626083,0.0,0.6000000238418579,2.515394926071167,0.0,0.0,0.0,0.0,2.515394926071167,0.0,28,14400,47.6193977,-122.3626083,3.656975772940062
2604,1728413105.5809999,1,220,0,0,185,0,0,3,476193970,-1223626076,0.0,0.6000000238418579,2.45501446723938,0.0,0.0,0.0,0.0,2.45501446723938,0.0,28,14400,47.619397,-122.3626076,3.649635023793565
2605,1728413105.82,1,220,0,0,185,0,0,3,476193970,-1223626076,0.0,0.6000000238418579,2.45501446723938,0.0,0.0,0.0,0.0,2.45501446723938,0.0,28,14400,47.619397,-122.3626076,3.657644520336085
2606,1728413106.1,1,220,0,0,185,0,0,3,476193968,-1223626137,0.0,0.6000000238418579,2.4209296703338623,0.0,0.0,0.0,0.0,2.4209296703338623,0.0,28,14400,47.6193968,-122.3626137,3.639672505282523
2607,1728413106.346,1,220,0,0,185,0,0,3,476193968,-1223626137,0.0,0.6000000238418579,2.3997714519500732,0.0,0.0,0.0,0.0,2.3997714519500732,0.0,28,14400,47.6193968,-122.3626137,3.6523010615461295
2608,1728413106.5909998,1,220,0,0,185,0,0,3,476193966,-1223626141,0.0,0.6000000238418579,2.3997714519500732,0.0,0.0,0.0,0.0,2.3997714519500732,0.0,28,14400,47.6193966,-122.3626141,3.6443147662118656
2609,1728413106.882,1,220,0,0,185,0,0,3,476193966,-1223626141,0.0,0.6000000238418579,2.3769991397857666,0.0,0.0,0.0,0.0,2.3769991397857666,0.0,28,14400,47.6193966,-122.3626141,3.6304229027939896
2610,1728413107.1299999,1,220,0,0,185,0,0,3,476193964,-1223626124,0.0,0.6000000238418579,2.3769991397857666,0.0,0.0,0.0,0.0,2.3769991397857666,0.0,28,14400,47.6193964,-122.3626124,3.4764470584149554
2611,1728413107.3999999,1,220,0,0,185,0,0,3,476193964,-1223626124,0.0,0.6000000238418579,2.369154930114746,0.0,0.0,0.0,0.0,2.369154930114746,0.0,28,14400,47.6193964,-122.3626124,3.466204517523848
2612,1728413107.652,1,220,0,0,185,0,0,3,476193952,-1223626051,0.0,0.6000000238418579,2.369154930114746,0.0,0.0,0.0,0.0,2.369154930114746,0.0,28,14400,47.6193952,-122.3626051,3.501400625698518
2613,1728413107.9269998,1,220,0,0,185,0,0,3,476193953,-1223626136,0.0,0.6000000238418579,2.384502649307251,0.0,0.0,0.0,0.0,2.384502649307251,0.0,28,14400,47.6193953,-122.3626136,3.4746352818999493
2614,1728413108.162,1,220,0,0,185,0,0,3,476193953,-1223626136,0.0,0.6000000238418579,2.384502649307251,0.0,0.0,0.0,0.0,2.384502649307251,0.0,28,14400,47.6193953,-122.3626136,3.477655959471413
2615,1728413108.4199998,1,220,0,0,185,0,0,3,476193951,-1223626159,0.0,0.6000000238418579,2.388230562210083,0.0,0.0,0.0,0.0,2.388230562210083,0.0,28,14400,47.6193951,-122.3626159,3.462603864395306
2616,1728413108.6899998,1,220,0,0,185,0,0,3,476193951,-1223626159,0.0,0.6000000238418579,2.388230562210083,0.0,0.0,0.0,0.0,2.388230562210083,0.0,28,14400,47.6193951,-122.3626159,3.466204517523848
2617,1728413108.9529998,1,220,0,0,185,0,0,3,476193947,-1223626153,0.0,0.6000000238418579,2.4106929302215576,0.0,0.0,0.0,0.0,2.4106929302215576,0.0,28,14400,47.6193947,-122.3626153,3.4758429230101484
2618,1728413109.211,1,220,0,0,185,0,0,3,476193947,-1223626153,0.0,0.6000000238418579,2.4106929302215576,0.0,0.0,0.0,0.0,2.4106929302215576,0.0,28,14400,47.6193947,-122.3626153,3.4650034203482654
2619,1728413109.477,1,220,0,0,185,0,0,3,476193947,-1223626153,0.0,0.6000000238418579,2.4106929302215576,0.0,0.0,0.0,0.0,2.4106929302215576,0.0,28,14400,47.6193947,-122.3626153,3.477656103644218
2620,1728413110.2549999,1,220,0,0,185,0,0,3,476193936,-1223626099,0.0,0.6000000238418579,2.6879234313964844,0.0,0.0,0.0,0.0,2.6879234313964844,0.0,28,14400,47.6193936,-122.3626099,3.4764470584149554
2621,1728413110.5279999,1,220,0,0,185,0,0,3,476193924,-1223626056,0.0,0.6000000238418579,2.5385496616363525,0.0,0.0,0.0,0.0,2.5385496616363525,0.0,28,14400,47.6193924,-122.3626056,3.489183462552291
2622,1728413110.7719998,1,220,0,0,185,0,0,3,476193924,-1223626056,0.0,0.6000000238418579,2.5385496616363525,0.0,0.0,0.0,0.0,2.5385496616363525,0.0,28,14400,47.6193924,-122.3626056,3.4668053067867257
2623,1728413111.0519998,1,220,0,0,185,0,0,3,476193924,-1223626056,0.0,0.6000000238418579,2.5385496616363525,0.0,0.0,0.0,0.0,2.5385496616363525,0.0,28,14400,47.6193924,-122.3626056,3.4873582448801117
2624,1728413111.332,1,220,0,0,185,0,0,3,476193924,-1223626056,0.0,0.6000000238418579,2.5385496616363525,0.0,0.0,0.0,0.0,2.5385496616363525,0.0,28,14400,47.6193924,-122.3626056,3.4674064476767725
2625,1728413111.596,1,220,0,0,185,0,0,3,476193909,-1223625996,0.0,0.6000000238418579,3.070688247680664,0.0,0.0,0.0,0.0,3.070688247680664,0.0,28,14400,47.6193909,-122.3625996,3.472825105298088
2626,1728413111.87,1,220,0,0,185,0,0,3,476193909,-1223625996,0.0,0.6000000238418579,2.7399916648864746,0.0,0.0,0.0,0.0,2.7399916648864746,0.0,28,14400,47.6193909,-122.3625996,3.4710169574280916
2627,1728413112.1,1,220,0,0,185,0,0,3,476193904,-1223625979,0.0,0.6000000238418579,2.7399916648864746,0.0,0.0,0.0,0.0,2.7399916648864746,0.0,28,14400,47.6193904,-122.3625979,3.477655959471413
2628,1728413112.363,1,220,0,0,185,0,0,3,476193904,-1223625979,0.0,0.6000000238418579,2.7399916648864746,0.0,0.0,0.0,0.0,2.7399916648864746,0.0,28,14400,47.6193904,-122.3625979,3.4686090682501916
2629,1728413112.633,1,220,0,0,185,0,0,3,476193895,-1223625948,0.0,0.6000000238418579,2.662393569946289,0.0,0.0,0.0,0.0,2.662393569946289,0.0,28,14400,47.6193895,-122.3625948,3.325020855185067
2630,1728413112.883,1,220,0,0,185,0,0,3,476193880,-1223625880,0.0,0.6000000238418579,2.635099172592163,0.0,0.0,0.0,0.0,2.635099172592163,0.0,28,14400,47.619388,-122.362588,3.6456434155099497
2631,1728413113.132,1,220,0,0,185,0,0,3,476193880,-1223625880,0.0,0.6000000238418579,2.635099172592163,0.0,0.0,0.0,0.0,2.635099172592163,0.0,28,14400,47.619388,-122.362588,3.625815787243145
2632,1728413113.421,1,220,0,0,185,0,0,3,476193867,-1223625820,0.0,0.6000000238418579,2.635223627090454,0.0,0.0,0.0,0.0,2.635223627090454,0.0,28,14400,47.6193867,-122.362582,3.6238448643714087
2633,1728413113.662,1,220,0,0,185,0,0,3,476193867,-1223625820,0.0,0.6000000238418579,2.635223627090454,0.0,0.0,0.0,0.0,2.635223627090454,0.0,28,14400,47.6193867,-122.362582,3.6245015483380914
2634,1728413113.9299998,1,220,0,0,185,0,0,3,476193870,-1223625842,0.0,0.6000000238418579,2.634944438934326,0.0,0.0,0.0,0.0,2.634944438934326,0.0,28,14400,47.619387,-122.3625842,3.6376864932663664
2635,1728413114.179,1,220,0,0,185,0,0,3,476193870,-1223625842,0.0,0.6000000238418579,2.634944438934326,0.0,0.0,0.0,0.0,2.634944438934326,0.0,28,14400,47.619387,-122.3625842,3.6212203500077984
2636,1728413114.452,1,220,0,0,185,0,0,3,476193878,-1223625951,0.0,0.6000000238418579,2.6149110794067383,0.0,0.0,0.0,0.0,2.6149110794067383,0.0,28,14400,47.6193878,-122.3625951,3.649635023793565
2637,1728413114.704,1,220,0,0,185,0,0,3,476193878,-1223625951,0.0,0.6000000238418579,2.6149110794067383,0.0,0.0,0.0,0.0,2.6149110794067383,0.0,28,14400,47.6193878,-122.3625951,3.6238448643714087
2638,1728413114.977,1,220,0,0,185,0,0,3,476193878,-1223625951,0.0,0.6000000238418579,2.6149110794067383,0.0,0.0,0.0,0.0,2.6149110794067383,0.0,28,14400,47.6193878,-122.3625951,3.629105479521808
2639,1728413115.4919999,1,220,0,0,185,0,0,3,476193871,-1223625962,0.0,0.6000000238418579,2.8446969985961914,0.0,0.0,0.0,0.0,2.8446969985961914,0.0,28,14400,47.6193871,-122.3625962,3.63504174123386
2640,1728413115.741,1,220,0,0,185,0,0,3,476193871,-1223625962,0.0,0.6000000238418579,2.8446969985961914,0.0,0.0,0.0,0.0,2.8446969985961914,0.0,28,14400,47.6193871,-122.3625962,3.625815787243145
2641,1728413116.044,1,220,0,0,185,0,0,3,476193865,-1223625938,0.0,0.6000000238418579,2.6465229988098145,0.0,0.0,0.0,0.0,2.6465229988098145,0.0,28,14400,47.6193865,-122.3625938,3.629764071618172
2642,1728413116.291,1,220,0,0,185,0,0,3,476193865,-1223625938,0.0,0.6000000238418579,2.6465229988098145,0.0,0.0,0.0,0.0,2.6465229988098145,0.0,28,14400,47.6193865,-122.3625938,3.644979048972749
2643,1728413116.57,1,220,0,0,185,0,0,3,476193850,-1223625873,0.0,0.6000000238418579,2.585923671722412,0.0,0.0,0.0,0.0,2.585923671722412,0.0,28,14400,47.619385,-122.3625873,3.63504174123386
2644,1728413116.83,1,220,0,0,185,0,0,3,476193850,-1223625873,0.0,0.6000000238418579,2.585923671722412,0.0,0.0,0.0,0.0,2.585923671722412,0.0,28,14400,47.619385,-122.3625873,3.6127167542928156
2645,1728413117.119,1,220,0,0,185,0,0,3,476193831,-1223625805,0.0,0.6000000238418579,2.583423137664795,0.0,0.0,0.0,0.0,2.583423137664795,0.0,28,14500,47.6193831,-122.3625805,3.6146755878506753
2646,1728413117.35,1,220,0,0,185,0,0,3,476193831,-1223625805,0.0,0.6000000238418579,2.583423137664795,0.0,0.0,0.0,0.0,2.583423137664795,0.0,28,14500,47.6193831,-122.3625805,3.6062026661095254
2647,1728413117.619,1,220,0,0,185,0,0,3,476193834,-1223625832,0.0,0.6000000238418579,2.568441390991211,0.0,0.0,0.0,0.0,2.568441390991211,0.0,28,14400,47.6193834,-122.3625832,3.6231884183164556
2648,1728413117.8739998,1,220,0,0,185,0,0,3,476193834,-1223625832,0.0,0.6000000238418579,2.5588772296905518,0.0,0.0,0.0,0.0,2.5588772296905518,0.0,28,14400,47.6193834,-122.3625832,3.6284471263747835
2649,1728413118.135,1,220,0,0,185,0,0,3,476193828,-1223625820,0.0,0.6000000238418579,2.5588772296905518,0.0,0.0,0.0,0.0,2.5588772296905518,0.0,28,14400,47.6193828,-122.362582,3.591309028452211
2650,1728413118.399,1,220,0,0,185,0,0,3,476193828,-1223625820,0.0,0.6000000238418579,2.5303192138671875,0.0,0.0,0.0,0.0,2.5303192138671875,0.0,28,14400,47.6193828,-122.362582,3.609456848818006
2651,1728413118.642,1,220,0,0,185,0,0,3,476193819,-1223625778,0.0,0.6000000238418579,2.5303192138671875,0.0,0.0,0.0,0.0,2.5303192138671875,0.0,28,14400,47.6193819,-122.3625778,3.6120643333164972
2652,1728413118.908,1,220,0,0,185,0,0,3,476193815,-1223625773,0.0,0.6000000238418579,2.527304172515869,0.0,0.0,0.0,0.0,2.527304172515869,0.0,28,14400,47.6193815,-122.3625773,3.6172906206028235
2653,1728413119.164,1,220,0,0,185,0,0,3,476193815,-1223625773,0.0,0.6000000238418579,2.527304172515869,0.0,0.0,0.0,0.0,2.527304172515869,0.0,28,14400,47.6193815,-122.3625773,3.6357026474301026
2654,1728413119.4659998,1,220,0,0,185,0,0,3,476193807,-1223625760,0.0,0.6000000238418579,2.5161068439483643,0.0,0.0,0.0,0.0,2.5161068439483643,0.0,28,14400,47.6193807,-122.362576,3.638348203808547
2655,1728413119.712,1,220,0,0,185,0,0,3,476193807,-1223625760,0.0,0.6000000238418579,2.5161068439483643,0.0,0.0,0.0,0.0,2.5161068439483643,0.0,28,14400,47.6193807,-122.362576,3.646973033962953
2656,1728413119.998,1,220,0,0,185,0,0,3,476193800,-1223625743,0.0,0.6000000238418579,2.489570140838623,0.0,0.0,0.0,0.0,2.489570140838623,0.0,28,14400,47.61938,-122.3625743,3.6231884183164556
2657,1728413120.224,1,220,0,0,185,0,0,3,476193800,-1223625743,0.0,0.6000000238418579,2.489570140838623,0.0,0.0,0.0,0.0,2.489570140838623,0.0,28,14400,47.61938,-122.3625743,3.6324009893894638
2658,1728413120.4889998,1,220,0,0,185,0,0,3,476193800,-1223625743,0.0,0.6000000238418579,2.489570140838623,0.0,0.0,0.0,0.0,2.489570140838623,0.0,28,14400,47.61938,-122.3625743,3.617944931088708
2659,1728413121.0609999,1,220,0,0,185,0,0,3,476193793,-1223625735,0.0,0.6000000238418579,2.668616771697998,0.0,0.0,0.0,0.0,2.668616771697998,0.0,28,14400,47.6193793,-122.3625735,3.6264733425542026
2660,1728413121.2819998,1,220,0,0,185,0,0,3,476193793,-1223625735,0.0,0.6000000238418579,2.668616771697998,0.0,0.0,0.0,0.0,2.668616771697998,0.0,28,14400,47.6193793,-122.3625735,3.618599634421966
2661,1728413121.5809999,1,220,0,0,185,0,0,3,476193788,-1223625730,0.0,0.6000000238418579,2.455048084259033,0.0,0.0,0.0,0.0,2.455048084259033,0.0,28,14400,47.6193788,-122.362573,3.6101083281073474
2662,1728413121.82,1,220,0,0,185,0,0,3,476193788,-1223625730,0.0,0.6000000238418579,2.455048084259033,0.0,0.0,0.0,0.0,2.455048084259033,0.0,28,14400,47.6193788,-122.362573,3.5990642939448416
2663,1728413122.0709999,1,220,0,0,185,0,0,3,476193773,-1223625688,0.0,0.6000000238418579,2.364119052886963,0.0,0.0,0.0,0.0,2.364119052886963,0.0,28,14400,47.6193773,-122.3625688,3.6120643333164972
2664,1728413122.327,1,220,0,0,185,0,0,3,476193773,-1223625688,0.0,0.6000000238418579,2.364119052886963,0.0,0.0,0.0,0.0,2.364119052886963,0.0,28,14400,47.6193773,-122.3625688,3.6291053225183334
2665,1728413122.603,1,220,0,0,185,0,0,3,476193751,-1223625621,0.0,0.6000000238418579,2.338822603225708,0.0,0.0,0.0,0.0,2.338822603225708,0.0,28,14400,47.6193751,-122.3625621,3.6277888551574917
2666,1728413122.87,1,220,0,0,185,0,0,3,476193751,-1223625621,0.0,0.6000000238418579,2.338822603225708,0.0,0.0,0.0,0.0,2.338822603225708,0.0,28,14400,47.6193751,-122.3625621,3.6284469694282677
2667,1728413123.125,1,220,0,0,185,0,0,3,476193738,-1223625587,0.0,0.6000000238418579,2.352039337158203,0.0,0.0,0.0,0.0,2.352039337158203,0.0,28,14400,47.6193738,-122.3625587,3.608805449365887
2668,1728413123.402,1,220,0,0,185,0,0,3,476193743,-1223625611,0.0,0.6000000238418579,2.3580501079559326,0.0,0.0,0.0,0.0,2.3580501079559326,0.0,28,14400,47.6193743,-122.3625611,3.6120641777840397
2669,1728413123.6499999,1,220,0,0,185,0,0,3,476193743,-1223625611,0.0,0.6000000238418579,2.3580501079559326,0.0,0.0,0.0,0.0,2.3580501079559326,0.0,28,14400,47.6193743,-122.3625611,3.6416605289367303
2670,1728413123.9259999,1,220,0,0,185,0,0,3,476193744,-1223625620,0.0,0.6000000238418579,2.3710925579071045,0.0,0.0,0.0,0.0,2.3710925579071045,0.0,28,14400,47.6193744,-122.362562,3.627130822743402
2671,1728413124.182,1,220,0,0,185,0,0,3,476193744,-1223625620,0.0,0.6000000238418579,2.3710925579071045,0.0,0.0,0.0,0.0,2.3710925579071045,0.0,28,14400,47.6193744,-122.362562,3.6569756135158613
2672,1728413124.465,1,220,0,0,185,0,0,3,476193732,-1223625590,0.0,0.6000000238418579,2.38146710395813,0.0,0.0,0.0,0.0,2.38146710395813,0.0,28,14400,47.6193732,-122.362559,3.625158627008024
2673,1728413124.701,1,220,0,0,185,0,0,3,476193732,-1223625590,0.0,0.6000000238418579,2.38146710395813,0.0,0.0,0.0,0.0,2.38146710395813,0.0,28,14400,47.6193732,-122.362559,3.6291053225183334
2674,1728413124.977,1,220,0,0,185,0,0,3,476193713,-1223625539,0.0,0.6000000238418579,2.391845226287842,0.0,0.0,0.0,0.0,2.391845226287842,0.0,28,14400,47.6193713,-122.3625539,3.617944931088708
2675,1728413125.225,1,220,0,0,185,0,0,3,476193713,-1223625539,0.0,0.6000000238418579,2.391845226287842,0.0,0.0,0.0,0.0,2.391845226287842,0.0,28,14400,47.6193713,-122.3625539,3.6370248656830646
2676,1728413125.51,1,220,0,0,185,0,0,3,476193702,-1223625502,0.0,0.6000000238418579,2.4207561016082764,0.0,0.0,0.0,0.0,2.4207561016082764,0.0,28,14400,47.6193702,-122.3625502,3.649635023793565
2677,1728413125.766,1,220,0,0,185,0,0,3,476193702,-1223625502,0.0,0.6000000238418579,2.4207561016082764,0.0,0.0,0.0,0.0,2.4207561016082764,0.0,28,14400,47.6193702,-122.3625502,3.637025023372522
2678,1728413126.026,1,220,0,0,185,0,0,3,476193702,-1223625502,0.0,0.6000000238418579,2.4207561016082764,0.0,0.0,0.0,0.0,2.4207561016082764,0.0,28,14400,47.6193702,-122.3625502,3.6529681001596686
2679,1728413126.553,1,220,0,0,185,0,0,3,476193676,-1223625444,0.0,0.6000000238418579,2.760871648788452,0.0,0.0,0.0,0.0,2.760871648788452,0.0,28,14400,47.6193676,-122.3625444,3.633060778243268
2680,1728413126.796,1,220,0,0,185,0,0,3,476193676,-1223625444,0.0,0.6000000238418579,2.760871648788452,0.0,0.0,0.0,0.0,2.760871648788452,0.0,28,14400,47.6193676,-122.3625444,3.6357026474301026
2681,1728413127.05,1,220,0,0,185,0,0,3,476193660,-1223625398,0.0,0.6000000238418579,2.6411967277526855,0.0,0.0,0.0,0.0,2.6411967277526855,0.0,28,14400,47.619366,-122.3625398,3.6363636363636362
2682,1728413127.337,1,220,0,0,185,0,0,3,476193660,-1223625398,0.0,0.6000000238418579,2.6411967277526855,0.0,0.0,0.0,0.0,2.6411967277526855,0.0,28,14400,47.619366,-122.3625398,3.644314924534089
2683,1728413127.582,1,220,0,0,185,0,0,3,476193681,-1223625482,0.0,0.6000000238418579,2.617672920227051,0.0,0.0,0.0,0.0,2.617672920227051,0.0,28,14400,47.6193681,-122.3625482,3.6489692017653677
2684,1728413127.855,1,220,0,0,185,0,0,3,476193681,-1223625482,0.0,0.6000000238418579,2.617672920227051,0.0,0.0,0.0,0.0,2.617672920227051,0.0,28,14400,47.6193681,-122.3625482,3.64365104206166
2685,1728413128.102,1,220,0,0,185,0,0,3,476193693,-1223625531,0.0,0.6000000238418579,2.61767840385437,0.0,0.0,0.0,0.0,2.61767840385437,0.0,28,14400,47.6193693,-122.3625531,3.6569756135158613
2686,1728413128.35,1,220,0,0,185,0,0,3,476193693,-1223625531,0.0,0.6000000238418579,2.61767840385437,0.0,0.0,0.0,0.0,2.61767840385437,0.0,28,14400,47.6193693,-122.3625531,3.6503012476920196
2687,1728413128.6239998,1,220,0,0,185,0,0,3,476193730,-1223625699,0.0,0.6000000238418579,2.605727195739746,0.0,0.0,0.0,0.0,2.605727195739746,0.0,28,14400,47.619373,-122.3625699,3.657644520336085
2688,1728413128.8769999,1,220,0,0,185,0,0,3,476193730,-1223625699,0.0,0.6000000238418579,2.605727195739746,0.0,0.0,0.0,0.0,2.605727195739746,0.0,28,14400,47.619373,-122.3625699,3.656975772940062
2689,1728413129.155,1,220,0,0,185,0,0,3,476193749,-1223625801,0.0,0.6000000238418579,2.5948472023010254,0.0,0.0,0.0,0.0,2.5948472023010254,0.0,28,14400,47.6193749,-122.3625801,3.642323844337459
2690,1728413129.4269998,1,220,0,0,185,0,0,3,476193749,-1223625860,0.0,0.6000000238418579,2.5702807903289795,0.0,0.0,0.0,0.0,2.5702807903289795,0.0,28,14400,47.6193749,-122.362586,3.642987243216351
2691,1728413129.682,1,220,0,0,185,0,0,3,476193749,-1223625860,0.0,0.6000000238418579,2.5702807903289795,0.0,0.0,0.0,0.0,2.5702807903289795,0.0,28,14400,47.6193749,-122.362586,3.6370248656830646
2692,1728413129.9529998,1,220,0,0,185,0,0,3,476193744,-1223625880,0.0,0.6000000238418579,2.5487098693847656,0.0,0.0,0.0,0.0,2.5487098693847656,0.0,28,14400,47.6193744,-122.362588,3.6690515668640775
2693,1728413130.182,1,220,0,0,185,0,0,3,476193744,-1223625880,0.0,0.6000000238418579,2.5487098693847656,0.0,0.0,0.0,0.0,2.5487098693847656,0.0,28,14400,47.6193744,-122.362588,3.632401146678224
2694,1728413130.4659998,1,220,0,0,185,0,0,3,476193742,-1223625884,0.0,0.6000000238418579,2.558645009994507,0.0,0.0,0.0,0.0,2.558645009994507,0.0,28,14400,47.6193742,-122.3625884,3.66568924951545
2695,1728413130.694,1,220,0,0,185,0,0,3,476193742,-1223625884,0.0,0.6000000238418579,2.558645009994507,0.0,0.0,0.0,0.0,2.558645009994507,0.0,28,14400,47.6193742,-122.3625884,3.6549708379476464
2696,1728413130.9889998,1,220,0,0,185,0,0,3,476193747,-1223625901,0.0,0.6000000238418579,2.5492405891418457,0.0,0.0,0.0,0.0,2.5492405891418457,0.0,28,14400,47.6193747,-122.3625901,3.646973033962953
2697,1728413131.234,1,220,0,0,185,0,0,3,476193747,-1223625901,0.0,0.6000000238418579,2.5492405891418457,0.0,0.0,0.0,0.0,2.5492405891418457,0.0,28,14400,47.6193747,-122.3625901,3.654302908602088
2698,1728413131.495,1,220,0,0,185,0,0,3,476193747,-1223625901,0.0,0.6000000238418579,2.5492405891418457,0.0,0.0,0.0,0.0,2.5492405891418457,0.0,28,14400,47.6193747,-122.3625901,3.665017397303611
2699,1728413132.044,1,220,0,0,185,0,0,3,476193744,-1223625909,0.0,0.6000000238418579,2.8192861080169678,0.0,0.0,0.0,0.0,2.8192861080169678,0.0,28,14400,47.6193744,-122.3625909,3.671745897182634
2700,1728413132.286,1,220,0,0,185,0,0,3,476193744,-1223625909,0.0,0.6000000238418579,2.8192861080169678,0.0,0.0,0.0,0.0,2.8192861080169678,0.0,28,14400,47.6193744,-122.3625909,3.651634107534223
2701,1728413132.549,1,220,0,0,185,0,0,3,476193737,-1223625913,0.0,0.6000000238418579,2.619443655014038,0.0,0.0,0.0,0.0,2.619443655014038,0.0,28,14400,47.6193737,-122.3625913,3.6363636363636362
2702,1728413132.7879999,1,220,0,0,185,0,0,3,476193737,-1223625913,0.0,0.6000000238418579,2.619443655014038,0.0,0.0,0.0,0.0,2.619443655014038,0.0,28,14400,47.6193737,-122.3625913,3.642323686188188
2703,1728413133.0879998,1,220,0,0,185,0,0,3,476193736,-1223625915,0.0,0.6000000238418579,2.5736255645751953,0.0,0.0,0.0,0.0,2.5736255645751953,0.0,28,14400,47.6193736,-122.3625915,3.6304229027939896
2704,1728413133.3109999,1,220,0,0,185,0,0,3,476193736,-1223625915,0.0,0.6000000238418579,2.5736255645751953,0.0,0.0,0.0,0.0,2.5736255645751953,0.0,28,14400,47.6193736,-122.3625915,3.631741440136545
2705,1728413133.574,1,220,0,0,185,0,0,3,476193742,-1223625933,0.0,0.6000000238418579,2.568016767501831,0.0,0.0,0.0,0.0,2.568016767501831,0.0,28,14400,47.6193742,-122.3625933,3.6199095959877323
2706,1728413133.8339999,1,220,0,0,185,0,0,3,476193742,-1223625933,0.0,0.6000000238418579,2.568016767501831,0.0,0.0,0.0,0.0,2.568016767501831,0.0,28,14400,47.6193742,-122.3625933,3.6403347806390753
2707,1728413134.097,1,220,0,0,185,0,0,3,476193745,-1223625959,0.0,0.6000000238418579,2.599961996078491,0.0,0.0,0.0,0.0,2.599961996078491,0.0,28,14400,47.6193745,-122.3625959,3.6409976131231696
2708,1728413134.3339999,1,220,0,0,185,0,0,3,476193745,-1223625959,0.0,0.6000000238418579,2.599961996078491,0.0,0.0,0.0,0.0,2.599961996078491,0.0,28,14400,47.6193745,-122.3625959,3.618599634421966
2709,1728413134.602,1,220,0,0,185,0,0,3,476193749,-1223625983,0.0,0.6000000238418579,2.570073127746582,0.0,0.0,0.0,0.0,2.570073127746582,0.0,28,14400,47.6193749,-122.3625983,3.202561986061466
2710,1728413134.9039998,1,220,0,0,185,0,0,3,476193745,-1223626001,0.0,0.6000000238418579,2.561278820037842,0.0,0.0,0.0,0.0,2.561278820037842,0.0,28,14400,47.6193745,-122.3626001,3.1913196310557113
2711,1728413135.182,1,220,0,0,185,0,0,3,476193745,-1223626001,0.0,0.6000000238418579,2.561278820037842,0.0,0.0,0.0,0.0,2.561278820037842,0.0,28,14400,47.6193745,-122.3626001,3.204101319113268
2712,1728413135.444,1,220,0,0,185,0,0,3,476193748,-1223626009,0.0,0.6000000238418579,2.5603692531585693,0.0,0.0,0.0,0.0,2.5603692531585693,0.0,28,14400,47.6193748,-122.3626009,3.1771246636385424
2713,1728413135.691,1,220,0,0,185,0,0,3,476193748,-1223626009,0.0,0.6000000238418579,2.5603692531585693,0.0,0.0,0.0,0.0,2.5603692531585693,0.0,28,14400,47.6193748,-122.3626009,3.1994879969731405
2714,1728413135.9729998,1,220,0,0,185,0,0,3,476193744,-1223625971,0.0,0.6000000238418579,2.5607073307037354,0.0,0.0,0.0,0.0,2.5607073307037354,0.0,28,14400,47.6193744,-122.3625971,3.1928480515446966
2715,1728413136.2189999,1,220,0,0,185,0,0,3,476193744,-1223625971,0.0,0.6000000238418579,2.5607073307037354,0.0,0.0,0.0,0.0,2.5607073307037354,0.0,28,14400,47.6193744,-122.3625971,3.185727879793897
2716,1728413136.483,1,220,0,0,185,0,0,3,476193745,-1223625981,0.0,0.6000000238418579,2.557297706604004,0.0,0.0,0.0,0.0,2.557297706604004,0.0,28,14400,47.6193745,-122.3625981,3.1816735535348513
2717,1728413136.727,1,220,0,0,185,0,0,3,476193745,-1223625981,0.0,0.6000000238418579,2.557297706604004,0.0,0.0,0.0,0.0,2.557297706604004,0.0,28,14400,47.6193745,-122.3625981,3.195398593844641
2718,1728413137.0219998,1,220,0,0,185,0,0,3,476193745,-1223625981,0.0,0.6000000238418579,2.557297706604004,0.0,0.0,0.0,0.0,2.557297706604004,0.0,28,14400,47.6193745,-122.3625981,3.1705770009226057
2719,1728413138.289,1,220,0,0,185,0,0,3,476193706,-1223625817,0.0,0.6000000238418579,2.9429919719696045,0.0,0.0,0.0,0.0,2.9429919719696045,0.0,28,14400,47.6193706,-122.3625817,3.1862354879733648
2720,1728413138.553,1,220,0,0,185,0,0,3,476193699,-1223625770,0.0,0.6000000238418579,2.6579208374023438,0.0,0.0,0.0,0.0,2.6579208374023438,0.0,28,14400,47.6193699,-122.362577,3.190301456311935
2721,1728413138.791,1,220,0,0,185,0,0,3,476193699,-1223625770,0.0,0.6000000238418579,2.6579208374023438,0.0,0.0,0.0,0.0,2.6579208374023438,0.0,28,14400,47.6193699,-122.362577,3.215434068811205
2722,1728413139.083,1,220,0,0,185,0,0,3,476193697,-1223625734,0.0,0.6000000238418579,2.585202693939209,0.0,0.0,0.0,0.0,2.585202693939209,0.0,28,14400,47.6193697,-122.3625734,3.207184183595463
2723,1728413139.339,1,220,0,0,185,0,0,3,476193697,-1223625734,0.0,0.6000000238418579,2.585202693939209,0.0,0.0,0.0,0.0,2.585202693939209,0.0,28,14400,47.6193697,-122.3625734,3.1913196310557113
2724,1728413139.5749998,1,220,0,0,185,0,0,3,476193698,-1223625724,0.0,0.6000000238418579,2.5658230781555176,0.0,0.0,0.0,0.0,2.5658230781555176,0.0,28,14400,47.6193698,-122.3625724,3.218020838128558
2725,1728413139.852,1,220,0,0,185,0,0,3,476193698,-1223625724,0.0,0.6000000238418579,2.5716309547424316,0.0,0.0,0.0,0.0,2.5716309547424316,0.0,28,14400,47.6193698,-122.3625724,3.2005120448118567
2726,1728413140.12,1,220,0,0,185,0,0,3,476193701,-1223625710,0.0,0.6000000238418579,2.5716309547424316,0.0,0.0,0.0,0.0,2.5716309547424316,0.0,28,14400,47.6193701,-122.362571,3.2097576908071828
2727,1728413140.356,1,220,0,0,185,0,0,3,476193701,-1223625710,0.0,0.6000000238418579,2.5716309547424316,0.0,0.0,0.0,0.0,2.5716309547424316,0.0,28,14400,47.6193701,-122.362571,3.199488119004398
2728,1728413140.642,1,220,0,0,185,0,0,3,476193700,-1223625693,0.0,0.6000000238418579,2.567802906036377,0.0,0.0,0.0,0.0,2.567802906036377,0.0,28,14400,47.61937,-122.3625693,3.0845157464551507
2729,1728413140.879,1,220,0,0,185,0,0,3,476193700,-1223625693,0.0,0.6000000238418579,2.567802906036377,0.0,0.0,0.0,0.0,2.567802906036377,0.0,28,14400,47.61937,-122.3625693,3.657644520336085
2730,1728413141.1729999,1,220,0,0,185,0,0,3,476193703,-1223625682,0.0,0.6000000238418579,2.5485641956329346,0.0,0.0,0.0,0.0,2.5485641956329346,0.0,28,14400,47.6193703,-122.3625682,3.640334938615678
2731,1728413141.402,1,220,0,0,185,0,0,3,476193703,-1223625682,0.0,0.6000000238418579,2.5485641956329346,0.0,0.0,0.0,0.0,2.5485641956329346,0.0,28,14400,47.6193703,-122.3625682,3.650967555966238
2732,1728413141.6799998,1,220,0,0,185,0,0,3,476193711,-1223625692,0.0,0.6000000238418579,2.5270614624023438,0.0,0.0,0.0,0.0,2.5270614624023438,0.0,28,14400,47.6193711,-122.3625692,3.657644520336085
2733,1728413141.958,1,220,0,0,185,0,0,3,476193714,-1223625697,0.0,0.6000000238418579,2.4964206218719482,0.0,0.0,0.0,0.0,2.4964206218719482,0.0,28,14400,47.6193714,-122.3625697,3.6589829087547296
2734,1728413142.188,1,220,0,0,185,0,0,3,476193714,-1223625697,0.0,0.6000000238418579,2.4964206218719482,0.0,0.0,0.0,0.0,2.4964206218719482,0.0,28,14400,47.6193714,-122.3625697,3.633060778243268
2735,1728413142.468,1,220,0,0,185,0,0,3,476193714,-1223625697,0.0,0.6000000238418579,2.4659676551818848,0.0,0.0,0.0,0.0,2.4659676551818848,0.0,28,14400,47.6193714,-122.3625697,3.658313512363139
2736,1728413142.714,1,220,0,0,185,0,0,3,476193721,-1223625715,0.0,0.6000000238418579,2.4659676551818848,0.0,0.0,0.0,0.0,2.4659676551818848,0.0,28,14400,47.6193721,-122.3625715,3.6549706786982066
2737,1728413142.978,1,220,0,0,185,0,0,3,476193721,-1223625715,0.0,0.6000000238418579,2.4659676551818848,0.0,0.0,0.0,0.0,2.4659676551818848,0.0,28,14400,47.6193721,-122.3625715,3.6370248656830646
2738,1728413143.5059998,1,220,0,0,185,0,0,3,476193721,-1223625715,0.0,0.6000000238418579,2.6914639472961426,0.0,0.0,0.0,0.0,2.6914639472961426,0.0,28,14400,47.6193721,-122.3625715,3.665017397303611
2739,1728413143.757,1,220,0,0,185,0,0,3,476193728,-1223625718,0.0,0.6000000238418579,2.6914639472961426,0.0,0.0,0.0,0.0,2.6914639472961426,0.0,28,14400,47.6193728,-122.3625718,3.6549708379476464
2740,1728413144.047,1,220,0,0,185,0,0,3,476193733,-1223625718,0.0,0.6000000238418579,2.5113208293914795,0.0,0.0,0.0,0.0,2.5113208293914795,0.0,28,14400,47.6193733,-122.3625718,3.6563071106749936
2741,1728413144.2689998,1,220,0,0,185,0,0,3,476193733,-1223625718,0.0,0.6000000238418579,2.5113208293914795,0.0,0.0,0.0,0.0,2.5113208293914795,0.0,28,14400,47.6193733,-122.3625718,3.6343812327362617
2742,1728413144.5509999,1,220,0,0,185,0,0,3,476193738,-1223625720,0.0,0.6000000238418579,2.461947441101074,0.0,0.0,0.0,0.0,2.461947441101074,0.0,28,14400,47.6193738,-122.362572,3.6483034639626757
2743,1728413144.8049998,1,220,0,0,185,0,0,3,476193738,-1223625720,0.0,0.6000000238418579,2.461947441101074,0.0,0.0,0.0,0.0,2.461947441101074,0.0,28,14400,47.6193738,-122.362572,3.6589827491554807
2744,1728413145.08,1,220,0,0,185,0,0,3,476193738,-1223625721,0.0,0.6000000238418579,2.441300868988037,0.0,0.0,0.0,0.0,2.441300868988037,0.0,28,14400,47.6193738,-122.3625721,3.6363636363636362
2745,1728413145.319,1,220,0,0,185,0,0,3,476193738,-1223625721,0.0,0.6000000238418579,2.441300868988037,0.0,0.0,0.0,0.0,2.441300868988037,0.0,28,14400,47.6193738,-122.3625721,3.6264731857783903
2746,1728413145.592,1,220,0,0,185,0,0,3,476193724,-1223625657,0.0,0.6000000238418579,2.4555068016052246,0.0,0.0,0.0,0.0,2.4555068016052246,0.0,28,14400,47.6193724,-122.3625657,3.647638127648428
2747,1728413145.855,1,220,0,0,185,0,0,3,476193724,-1223625657,0.0,0.6000000238418579,2.4555068016052246,0.0,0.0,0.0,0.0,2.4555068016052246,0.0,28,14400,47.6193724,-122.3625657,3.649635023793565
2748,1728413146.099,1,220,0,0,185,0,0,3,476193717,-1223625615,0.0,0.6000000238418579,2.4727494716644287,0.0,0.0,0.0,0.0,2.4727494716644287,0.0,28,14400,47.6193717,-122.3625615,3.6516339485754177
2749,1728413146.3509998,1,220,0,0,185,0,0,3,476193717,-1223625615,0.0,0.6000000238418579,2.4727494716644287,0.0,0.0,0.0,0.0,2.4727494716644287,0.0,28,14400,47.6193717,-122.3625615,3.6463081827735553
2750,1728413146.643,1,220,0,0,185,0,0,3,476193717,-1223625591,0.0,0.6000000238418579,2.526374101638794,0.0,0.0,0.0,0.0,2.526374101638794,0.0,28,14400,47.6193717,-122.3625591,3.6529681001596686
2751,1728413146.905,1,220,0,0,185,0,0,3,476193717,-1223625591,0.0,0.6000000238418579,2.556039333343506,0.0,0.0,0.0,0.0,2.556039333343506,0.0,28,14400,47.6193717,-122.3625591,3.6324009893894638
2752,1728413147.162,1,220,0,0,185,0,0,3,476193721,-1223625582,0.0,0.6000000238418579,2.556039333343506,0.0,0.0,0.0,0.0,2.556039333343506,0.0,28,14400,47.6193721,-122.3625582,3.6264731857783903
2753,1728413147.424,1,220,0,0,185,0,0,3,476193720,-1223625579,0.0,0.6000000238418579,2.5420994758605957,0.0,0.0,0.0,0.0,2.5420994758605957,0.0,28,14400,47.619372,-122.3625579,3.6337208068285434
2754,1728413147.688,1,220,0,0,185,0,0,3,476193720,-1223625579,0.0,0.6000000238418579,2.5420994758605957,0.0,0.0,0.0,0.0,2.5420994758605957,0.0,28,14400,47.619372,-122.3625579,3.6304229027939896
2755,1728413147.983,1,220,0,0,185,0,0,3,476193717,-1223625563,0.0,0.6000000238418579,2.537933111190796,0.0,0.0,0.0,0.0,2.537933111190796,0.0,28,14400,47.6193717,-122.3625563,3.631741440136545
2756,1728413148.197,1,220,0,0,185,0,0,3,476193717,-1223625563,0.0,0.6000000238418579,2.537933111190796,0.0,0.0,0.0,0.0,2.537933111190796,0.0,28,14400,47.6193717,-122.3625563,3.6146755878506753
2757,1728413148.458,1,220,0,0,185,0,0,3,476193717,-1223625563,0.0,0.6000000238418579,2.537933111190796,0.0,0.0,0.0,0.0,2.537933111190796,0.0,28,14400,47.6193717,-122.3625563,3.6304230599114877
2758,1728413148.983,1,220,0,0,185,0,0,3,476193717,-1223625563,0.0,0.6000000238418579,2.8463053703308105,0.0,0.0,0.0,0.0,2.8463053703308105,0.0,28,14500,47.6193717,-122.3625563,3.629764071618172
2759,1728413149.2419999,1,220,0,0,185,0,0,3,476193724,-1223625551,0.0,0.6000000238418579,2.8463053703308105,0.0,0.0,0.0,0.0,2.8463053703308105,0.0,28,14600,47.6193724,-122.3625551,3.631081973179469
2760,1728413149.5219998,1,220,0,0,185,0,0,3,476193730,-1223625556,0.0,0.6000000238418579,2.6669089794158936,0.0,0.0,0.0,0.0,2.6669089794158936,0.0,28,14600,47.619373,-122.3625556,3.6343812327362617
2761,1728413149.7749999,1,220,0,0,185,0,0,3,476193730,-1223625556,0.0,0.6000000238418579,2.6669089794158936,0.0,0.0,0.0,0.0,2.6669089794158936,0.0,28,14600,47.619373,-122.3625556,3.6218762394247626
2762,1728413150.066,1,220,0,0,185,0,0,3,476193731,-1223625553,0.0,0.6000000238418579,2.6001148223876953,0.0,0.0,0.0,0.0,2.6001148223876953,0.0,28,14600,47.6193731,-122.3625553,3.6238448643714087
2763,1728413150.309,1,220,0,0,185,0,0,3,476193731,-1223625553,0.0,0.6000000238418579,2.6001148223876953,0.0,0.0,0.0,0.0,2.6001148223876953,0.0,28,14600,47.6193731,-122.3625553,3.61336956664073
2764,1728413150.589,1,220,0,0,185,0,0,3,476193722,-1223625520,0.0,0.6000000238418579,2.5558056831359863,0.0,0.0,0.0,0.0,2.5558056831359863,0.0,28,14500,47.6193722,-122.362552,3.631741440136545
2765,1728413150.826,1,220,0,0,185,0,0,3,476193722,-1223625520,0.0,0.6000000238418579,2.5558056831359863,0.0,0.0,0.0,0.0,2.5558056831359863,0.0,28,14500,47.6193722,-122.362552,3.6616624663324324
2766,1728413151.125,1,220,0,0,185,0,0,3,476193722,-1223625503,0.0,0.6000000238418579,2.5370123386383057,0.0,0.0,0.0,0.0,2.5370123386383057,0.0,28,14500,47.6193722,-122.3625503,3.637025023372522
2767,1728413151.3639998,1,220,0,0,185,0,0,3,476193722,-1223625503,0.0,0.6000000238418579,2.5370123386383057,0.0,0.0,0.0,0.0,2.5370123386383057,0.0,28,14500,47.6193722,-122.3625503,3.6357026474301026
2768,1728413151.609,1,220,0,0,185,0,0,3,476193703,-1223625431,0.0,0.6000000238418579,2.557004451751709,0.0,0.0,0.0,0.0,2.557004451751709,0.0,28,14500,47.6193703,-122.3625431,3.606853126196527
2769,1728413151.859,1,220,0,0,185,0,0,3,476193703,-1223625431,0.0,0.6000000238418579,2.557004451751709,0.0,0.0,0.0,0.0,2.557004451751709,0.0,28,14500,47.6193703,-122.3625431,3.599064139529911
2770,1728413152.146,1,220,0,0,185,0,0,3,476193684,-1223625365,0.0,0.6000000238418579,2.569291591644287,0.0,0.0,0.0,0.0,2.569291591644287,0.0,28,14500,47.6193684,-122.3625365,3.6094566935100194
2771,1728413152.4269998,1,220,0,0,185,0,0,3,476193684,-1223625365,0.0,0.6000000238418579,2.587045431137085,0.0,0.0,0.0,0.0,2.587045431137085,0.0,28,14500,47.6193684,-122.3625365,3.603603634564543
2772,1728413152.681,1,220,0,0,185,0,0,3,476193675,-1223625337,0.0,0.6000000238418579,2.587045431137085,0.0,0.0,0.0,0.0,2.587045431137085,0.0,28,14500,47.6193675,-122.3625337,3.6140224592545054
2773,1728413152.9589999,1,220,0,0,185,0,0,3,476193676,-1223625319,0.0,0.6000000238418579,2.592536211013794,0.0,0.0,0.0,0.0,2.592536211013794,0.0,28,14500,47.6193676,-122.3625319,3.6159827093722297
2774,1728413153.195,1,220,0,0,185,0,0,3,476193676,-1223625319,0.0,0.6000000238418579,2.592536211013794,0.0,0.0,0.0,0.0,2.592536211013794,0.0,28,14500,47.6193676,-122.3625319,3.608805604617835
2775,1728413153.445,1,220,0,0,185,0,0,3,476193682,-1223625307,0.0,0.6000000238418579,2.617687702178955,0.0,0.0,0.0,0.0,2.617687702178955,0.0,28,14500,47.6193682,-122.3625307,3.60555259556042
2776,1728413153.6959999,1,220,0,0,185,0,0,3,476193682,-1223625307,0.0,0.6000000238418579,2.617687702178955,0.0,0.0,0.0,0.0,2.617687702178955,0.0,28,14500,47.6193682,-122.3625307,3.62713097957608
2777,1728413153.9589999,1,220,0,0,185,0,0,3,476193682,-1223625307,0.0,0.6000000238418579,2.617687702178955,0.0,0.0,0.0,0.0,2.617687702178955,0.0,28,14500,47.6193682,-122.3625307,3.627130822743402
2778,1728413154.5279999,1,220,0,0,185,0,0,3,476193690,-1223625308,0.0,0.6000000238418579,2.8996996879577637,0.0,0.0,0.0,0.0,2.8996996879577637,0.0,28,14500,47.619369,-122.3625308,3.594536375052829
2779,1728413154.799,1,220,0,0,185,0,0,3,476193690,-1223625308,0.0,0.6000000238418579,2.8996996879577637,0.0,0.0,0.0,0.0,2.8996996879577637,0.0,28,14500,47.619369,-122.3625308,3.608805449365887
2780,1728413155.063,1,220,0,0,185,0,0,3,476193697,-1223625319,0.0,0.6000000238418579,2.7196857929229736,0.0,0.0,0.0,0.0,2.7196857929229736,0.0,28,14500,47.6193697,-122.3625319,3.61990943977892
2781,1728413155.3249998,1,220,0,0,185,0,0,3,476193697,-1223625319,0.0,0.6000000238418579,2.7196857929229736,0.0,0.0,0.0,0.0,2.7196857929229736,0.0,28,14500,47.6193697,-122.3625319,3.638348046004331
2782,1728413155.6,1,220,0,0,185,0,0,3,476193702,-1223625314,0.0,0.6000000238418579,2.660062313079834,0.0,0.0,0.0,0.0,2.660062313079834,0.0,28,14500,47.6193702,-122.3625314,3.639672505282523
2783,1728413155.84,1,220,0,0,185,0,0,3,476193702,-1223625314,0.0,0.6000000238418579,2.660062313079834,0.0,0.0,0.0,0.0,2.660062313079834,0.0,28,14500,47.6193702,-122.3625314,3.6324009893894638
2784,1728413156.1309998,1,220,0,0,185,0,0,3,476193714,-1223625325,0.0,0.6000000238418579,2.6667532920837402,0.0,0.0,0.0,0.0,2.6667532920837402,0.0,28,14500,47.6193714,-122.3625325,3.639672505282523
2785,1728413156.373,1,220,0,0,185,0,0,3,476193714,-1223625325,0.0,0.6000000238418579,2.646549701690674,0.0,0.0,0.0,0.0,2.646549701690674,0.0,28,14500,47.6193714,-122.3625325,3.6304229027939896
2786,1728413156.639,1,220,0,0,185,0,0,3,476193730,-1223625363,0.0,0.6000000238418579,2.646549701690674,0.0,0.0,0.0,0.0,2.646549701690674,0.0,28,14500,47.619373,-122.3625363,3.616636546740109
2787,1728413156.878,1,220,0,0,185,0,0,3,476193730,-1223625363,0.0,0.6000000238418579,2.646549701690674,0.0,0.0,0.0,0.0,2.646549701690674,0.0,28,14500,47.619373,-122.3625363,3.6049026044221146
2788,1728413157.1729999,1,220,0,0,185,0,0,3,476193739,-1223625395,0.0,0.6000000238418579,2.648437023162842,0.0,0.0,0.0,0.0,2.648437023162842,0.0,28,14500,47.6193739,-122.3625395,3.6146755878506753
2789,1728413157.401,1,220,0,0,185,0,0,3,476193739,-1223625395,0.0,0.6000000238418579,2.648437023162842,0.0,0.0,0.0,0.0,2.648437023162842,0.0,28,14500,47.6193739,-122.3625395,3.644979048972749
2790,1728413157.671,1,220,0,0,185,0,0,3,476193746,-1223625414,0.0,0.6000000238418579,2.6520862579345703,0.0,0.0,0.0,0.0,2.6520862579345703,0.0,28,14500,47.6193746,-122.3625414,3.642987243216351
2791,1728413157.924,1,220,0,0,185,0,0,3,476193762,-1223625438,0.0,0.6000000238418579,2.672260046005249,0.0,0.0,0.0,0.0,2.672260046005249,0.0,28,14500,47.6193762,-122.3625438,3.652967941084702
2792,1728413158.1759999,1,220,0,0,185,0,0,3,476193762,-1223625438,0.0,0.6000000238418579,2.672260046005249,0.0,0.0,0.0,0.0,2.672260046005249,0.0,28,14500,47.6193762,-122.3625438,3.651634107534223
2793,1728413158.465,1,220,0,0,185,0,0,3,476193777,-1223625474,0.0,0.6000000238418579,2.6846210956573486,0.0,0.0,0.0,0.0,2.6846210956573486,0.0,28,14500,47.6193777,-122.3625474,3.63504174123386
2794,1728413158.6899998,1,220,0,0,185,0,0,3,476193777,-1223625474,0.0,0.6000000238418579,2.6846210956573486,0.0,0.0,0.0,0.0,2.6846210956573486,0.0,28,14500,47.6193777,-122.3625474,3.644978890592817
2795,1728413158.954,1,220,0,0,185,0,0,3,476193767,-1223625459,0.0,0.6000000238418579,2.692497491836548,0.0,0.0,0.0,0.0,2.692497491836548,0.0,28,14500,47.6193767,-122.3625459,3.631741440136545
2796,1728413159.2259998,1,220,0,0,185,0,0,3,476193767,-1223625459,0.0,0.6000000238418579,2.692497491836548,0.0,0.0,0.0,0.0,2.692497491836548,0.0,28,14500,47.6193767,-122.3625459,3.6363636363636362
2797,1728413159.507,1,220,0,0,185,0,0,3,476193767,-1223625459,0.0,0.6000000238418579,2.692497491836548,0.0,0.0,0.0,0.0,2.692497491836548,0.0,28,14500,47.6193767,-122.3625459,3.6304230599114877
2798,1728413160.0609999,1,220,0,0,185,0,0,3,476193749,-1223625395,0.0,0.6000000238418579,2.974050760269165,0.0,0.0,0.0,0.0,2.974050760269165,0.0,28,14500,47.6193749,-122.3625395,3.638348203808547
2799,1728413160.286,1,220,0,0,185,0,0,3,476193749,-1223625395,0.0,0.6000000238418579,2.974050760269165,0.0,0.0,0.0,0.0,2.974050760269165,0.0,28,14500,47.6193749,-122.3625395,3.608805604617835
2800,1728413160.553,1,220,0,0,185,0,0,3,476193754,-1223625398,0.0,0.6000000238418579,2.839332342147827,0.0,0.0,0.0,0.0,2.839332342147827,0.0,28,14500,47.6193754,-122.3625398,3.6153291083709447
2801,1728413160.8,1,220,0,0,185,0,0,3,476193754,-1223625398,0.0,0.6000000238418579,2.839332342147827,0.0,0.0,0.0,0.0,2.839332342147827,0.0,28,14500,47.6193754,-122.3625398,3.604902759338441
2802,1728413161.077,1,220,0,0,185,0,0,3,476193757,-1223625414,0.0,0.6000000238418579,2.7729458808898926,0.0,0.0,0.0,0.0,2.7729458808898926,0.0,28,14500,47.6193757,-122.3625414,3.6094566935100194
2803,1728413161.342,1,220,0,0,185,0,0,3,476193757,-1223625414,0.0,0.6000000238418579,2.7729458808898926,0.0,0.0,0.0,0.0,2.7729458808898926,0.0,28,14500,47.6193757,-122.3625414,3.616636546740109
2804,1728413161.618,1,220,0,0,185,0,0,3,476193768,-1223625440,0.0,0.6000000238418579,2.7398903369903564,0.0,0.0,0.0,0.0,2.7398903369903564,0.0,28,14500,47.6193768,-122.362544,3.58294516992022
2805,1728413161.8799999,1,220,0,0,185,0,0,3,476193768,-1223625440,0.0,0.6000000238418579,2.7474358081817627,0.0,0.0,0.0,0.0,2.7474358081817627,0.0,28,14500,47.6193768,-122.362544,3.580379542234618
2806,1728413162.139,1,220,0,0,185,0,0,3,476193779,-1223625451,0.0,0.6000000238418579,2.7474358081817627,0.0,0.0,0.0,0.0,2.7474358081817627,0.0,28,14500,47.6193779,-122.3625451,3.6062026661095254
2807,1728413162.3869998,1,220,0,0,185,0,0,3,476193779,-1223625451,0.0,0.6000000238418579,2.7474358081817627,0.0,0.0,0.0,0.0,2.7474358081817627,0.0,28,14500,47.6193779,-122.3625451,3.6101083281073474
2808,1728413162.6699998,1,220,0,0,185,0,0,3,476193790,-1223625467,0.0,0.6000000238418579,2.740105152130127,0.0,0.0,0.0,0.0,2.740105152130127,0.0,28,14500,47.619379,-122.3625467,3.610760042613178
2809,1728413162.9429998,1,220,0,0,185,0,0,3,476193795,-1223625476,0.0,0.6000000238418579,2.722248077392578,0.0,0.0,0.0,0.0,2.722248077392578,0.0,28,14400,47.6193795,-122.3625476,3.6114121479392054
2810,1728413163.2029998,1,220,0,0,185,0,0,3,476193795,-1223625476,0.0,0.6000000238418579,2.722248077392578,0.0,0.0,0.0,0.0,2.722248077392578,0.0,28,14400,47.6193795,-122.3625476,3.609456848818006
2811,1728413163.472,1,220,0,0,185,0,0,3,476193803,-1223625509,0.0,0.6000000238418579,2.7066972255706787,0.0,0.0,0.0,0.0,2.7066972255706787,0.0,28,14400,47.6193803,-122.3625509,3.608154440183669
2812,1728413163.717,1,220,0,0,185,0,0,3,476193803,-1223625509,0.0,0.6000000238418579,2.7066972255706787,0.0,0.0,0.0,0.0,2.7066972255706787,0.0,28,14400,47.6193803,-122.3625509,3.6140224592545054
2813,1728413163.995,1,220,0,0,185,0,0,3,476193781,-1223625458,0.0,0.6000000238418579,2.700350522994995,0.0,0.0,0.0,0.0,2.700350522994995,0.0,28,14300,47.6193781,-122.3625458,3.6225322100439645
2814,1728413164.2719998,1,220,0,0,185,0,0,3,476193781,-1223625458,0.0,0.6000000238418579,2.700350522994995,0.0,0.0,0.0,0.0,2.700350522994995,0.0,28,14300,47.6193781,-122.3625458,3.6264733425542026
2815,1728413164.54,1,220,0,0,185,0,0,3,476193777,-1223625425,0.0,0.6000000238418579,2.7164418697357178,0.0,0.0,0.0,0.0,2.7164418697357178,0.0,28,14300,47.6193777,-122.3625425,3.598416639849224
2816,1728413164.7719998,1,220,0,0,185,0,0,3,476193777,-1223625425,0.0,0.6000000238418579,2.7164418697357178,0.0,0.0,0.0,0.0,2.7164418697357178,0.0,28,14300,47.6193777,-122.3625425,3.616636546740109
2817,1728413165.047,1,220,0,0,185,0,0,3,476193777,-1223625425,0.0,0.6000000238418579,2.7164418697357178,0.0,0.0,0.0,0.0,2.7164418697357178,0.0,28,14300,47.6193777,-122.3625425,3.599064139529911
2818,1728413165.6,1,220,0,0,185,0,0,3,476193795,-1223625450,0.0,0.6000000238418579,3.0128843784332275,0.0,0.0,0.0,0.0,3.0128843784332275,0.0,28,14300,47.6193795,-122.362545,3.631081973179469
2819,1728413165.824,1,220,0,0,185,0,0,3,476193795,-1223625450,0.0,0.6000000238418579,3.0128843784332275,0.0,0.0,0.0,0.0,3.0128843784332275,0.0,28,14300,47.6193795,-122.362545,3.633060778243268
2820,1728413166.0939999,1,220,0,0,185,0,0,3,476193737,-1223625305,0.0,0.6000000238418579,2.7753124237060547,0.0,0.0,0.0,0.0,2.7753124237060547,0.0,28,14300,47.6193737,-122.3625305,3.63504174123386
2821,1728413166.343,1,220,0,0,185,0,0,3,476193737,-1223625305,0.0,0.6000000238418579,2.7753124237060547,0.0,0.0,0.0,0.0,2.7753124237060547,0.0,28,14300,47.6193737,-122.3625305,3.6409976131231696
2822,1728413166.6109998,1,220,0,0,185,0,0,3,476193715,-1223625238,0.0,0.6000000238418579,2.7357072830200195,0.0,0.0,0.0,0.0,2.7357072830200195,0.0,28,14300,47.6193715,-122.3625238,3.640334938615678
2823,1728413166.863,1,220,0,0,185,0,0,3,476193715,-1223625238,0.0,0.6000000238418579,2.7357072830200195,0.0,0.0,0.0,0.0,2.7357072830200195,0.0,28,14300,47.6193715,-122.3625238,3.63504174123386
2824,1728413167.133,1,220,0,0,185,0,0,3,476193715,-1223625209,0.0,0.6000000238418579,2.7369723320007324,0.0,0.0,0.0,0.0,2.7369723320007324,0.0,28,14300,47.6193715,-122.3625209,3.658313512363139
2825,1728413167.438,1,220,0,0,185,0,0,3,476193722,-1223625217,0.0,0.6000000238418579,2.6981453895568848,0.0,0.0,0.0,0.0,2.6981453895568848,0.0,28,14300,47.6193722,-122.3625217,3.6456434155099497
2826,1728413167.669,1,220,0,0,185,0,0,3,476193722,-1223625217,0.0,0.6000000238418579,2.6981453895568848,0.0,0.0,0.0,0.0,2.6981453895568848,0.0,28,14300,47.6193722,-122.3625217,3.6390101551304133
2827,1728413167.944,1,220,0,0,185,0,0,3,476193733,-1223625238,0.0,0.6000000238418579,2.6194331645965576,0.0,0.0,0.0,0.0,2.6194331645965576,0.0,28,14300,47.6193733,-122.3625238,3.650967555966238
2828,1728413168.178,1,220,0,0,185,0,0,3,476193733,-1223625238,0.0,0.6000000238418579,2.6194331645965576,0.0,0.0,0.0,0.0,2.6194331645965576,0.0,28,14300,47.6193733,-122.3625238,3.6536353824671313
2829,1728413168.448,1,220,0,0,185,0,0,3,476193738,-1223625251,0.0,0.6000000238418579,2.584933042526245,0.0,0.0,0.0,0.0,2.584933042526245,0.0,28,14300,47.6193738,-122.3625251,3.651634107534223
2830,1728413168.705,1,220,0,0,185,0,0,3,476193738,-1223625251,0.0,0.6000000238418579,2.584933042526245,0.0,0.0,0.0,0.0,2.584933042526245,0.0,28,14300,47.6193738,-122.3625251,3.651634107534223
2831,1728413168.965,1,220,0,0,185,0,0,3,476193745,-1223625262,0.0,0.6000000238418579,2.59067964553833,0.0,0.0,0.0,0.0,2.59067964553833,0.0,28,14300,47.6193745,-122.3625262,3.6343812327362617
2832,1728413169.211,1,220,0,0,185,0,0,3,476193745,-1223625262,0.0,0.6000000238418579,2.59067964553833,0.0,0.0,0.0,0.0,2.59067964553833,0.0,28,14300,47.6193745,-122.3625262,3.6456434155099497
2833,1728413169.497,1,220,0,0,185,0,0,3,476193728,-1223625208,0.0,0.6000000238418579,2.5898566246032715,0.0,0.0,0.0,0.0,2.5898566246032715,0.0,28,14300,47.6193728,-122.3625208,3.6489692017653677
2834,1728413169.7389998,1,220,0,0,185,0,0,3,476193728,-1223625208,0.0,0.6000000238418579,2.5898566246032715,0.0,0.0,0.0,0.0,2.5898566246032715,0.0,28,14300,47.6193728,-122.3625208,3.6416605289367303
2835,1728413170.026,1,220,0,0,185,0,0,3,476193714,-1223625169,0.0,0.6000000238418579,2.575918197631836,0.0,0.0,0.0,0.0,2.575918197631836,0.0,28,14300,47.6193714,-122.3625169,3.688675812113845
2836,1728413170.268,1,220,0,0,185,0,0,3,476193714,-1223625169,0.0,0.6000000238418579,2.575918197631836,0.0,0.0,0.0,0.0,2.575918197631836,0.0,28,14300,47.6193714,-122.3625169,3.6523009025292525
2837,1728413170.5249999,1,220,0,0,185,0,0,3,476193714,-1223625169,0.0,0.6000000238418579,2.575918197631836,0.0,0.0,0.0,0.0,2.575918197631836,0.0,28,14300,47.6193714,-122.3625169,3.637025023372522
2838,1728413171.074,1,220,0,0,185,0,0,3,476193715,-1223625153,0.0,0.6000000238418579,2.82993483543396,0.0,0.0,0.0,0.0,2.82993483543396,0.0,28,14400,47.6193715,-122.3625153,3.642987243216351
2839,1728413171.3009999,1,220,0,0,185,0,0,3,476193715,-1223625153,0.0,0.6000000238418579,2.82993483543396,0.0,0.0,0.0,0.0,2.82993483543396,0.0,28,14400,47.6193715,-122.3625153,3.6523009025292525
2840,1728413171.5709999,1,220,0,0,185,0,0,3,476193696,-1223625101,0.0,0.6000000238418579,2.654590129852295,0.0,0.0,0.0,0.0,2.654590129852295,0.0,28,14400,47.6193696,-122.3625101,3.651634107534223
2841,1728413171.846,1,220,0,0,185,0,0,3,476193696,-1223625101,0.0,0.6000000238418579,2.654590129852295,0.0,0.0,0.0,0.0,2.654590129852295,0.0,28,14400,47.6193696,-122.3625101,3.640334938615678
2842,1728413172.097,1,220,0,0,185,0,0,3,476193694,-1223625088,0.0,0.6000000238418579,2.6115260124206543,0.0,0.0,0.0,0.0,2.6115260124206543,0.0,28,14500,47.6193694,-122.3625088,3.6324009893894638
2843,1728413172.3439999,1,220,0,0,185,0,0,3,476193694,-1223625088,0.0,0.6000000238418579,2.6115260124206543,0.0,0.0,0.0,0.0,2.6115260124206543,0.0,28,14500,47.6193694,-122.3625088,3.631082130354019
2844,1728413172.625,1,220,0,0,185,0,0,3,476193697,-1223625090,0.0,0.6000000238418579,2.5998432636260986,0.0,0.0,0.0,0.0,2.5998432636260986,0.0,28,14500,47.6193697,-122.362509,3.650301088849234
2845,1728413172.86,1,220,0,0,185,0,0,3,476193697,-1223625090,0.0,0.6000000238418579,2.5998432636260986,0.0,0.0,0.0,0.0,2.5998432636260986,0.0,28,14500,47.6193697,-122.362509,3.6376864932663664
2846,1728413173.145,1,220,0,0,185,0,0,3,476193702,-1223625088,0.0,0.6000000238418579,2.588653802871704,0.0,0.0,0.0,0.0,2.588653802871704,0.0,28,14600,47.6193702,-122.3625088,3.642987243216351
2847,1728413173.4429998,1,220,0,0,185,0,0,3,476193711,-1223625098,0.0,0.6000000238418579,2.5878067016601562,0.0,0.0,0.0,0.0,2.5878067016601562,0.0,28,14600,47.6193711,-122.3625098,3.63504174123386
2848,1728413173.668,1,220,0,0,185,0,0,3,476193711,-1223625098,0.0,0.6000000238418579,2.5878067016601562,0.0,0.0,0.0,0.0,2.5878067016601562,0.0,28,14600,47.6193711,-122.3625098,3.646308024278096
2849,1728413173.924,1,220,0,0,185,0,0,3,476193708,-1223625091,0.0,0.6000000238418579,2.6187047958374023,0.0,0.0,0.0,0.0,2.6187047958374023,0.0,28,14700,47.6193708,-122.3625091,3.6489692017653677
2850,1728413174.182,1,220,0,0,185,0,0,3,476193708,-1223625091,0.0,0.6000000238418579,2.6187047958374023,0.0,0.0,0.0,0.0,2.6187047958374023,0.0,28,14700,47.6193708,-122.3625091,3.650301088849234
2851,1728413174.4589999,1,220,0,0,185,0,0,3,476193708,-1223625086,0.0,0.6000000238418579,2.627479076385498,0.0,0.0,0.0,0.0,2.627479076385498,0.0,28,14700,47.6193708,-122.3625086,3.6529681001596686
2852,1728413174.717,1,220,0,0,185,0,0,3,476193708,-1223625086,0.0,0.6000000238418579,2.627479076385498,0.0,0.0,0.0,0.0,2.627479076385498,0.0,28,14700,47.6193708,-122.3625086,3.5746201783251648
2853,1728413175.0049999,1,220,0,0,185,0,0,3,476193713,-1223625088,0.0,0.6000000238418579,2.62046217918396,0.0,0.0,0.0,0.0,2.62046217918396,0.0,28,14700,47.6193713,-122.3625088,3.586157341552112
2854,1728413175.218,1,220,0,0,185,0,0,3,476193713,-1223625088,0.0,0.6000000238418579,2.62046217918396,0.0,0.0,0.0,0.0,2.62046217918396,0.0,28,14700,47.6193713,-122.3625088,3.6179450871280188
2855,1728413175.524,1,220,0,0,185,0,0,3,476193726,-1223625108,0.0,0.6000000238418579,2.6416802406311035,0.0,0.0,0.0,0.0,2.6416802406311035,0.0,28,14700,47.6193726,-122.3625108,3.573342784313191
2856,1728413175.758,1,220,0,0,185,0,0,3,476193726,-1223625108,0.0,0.6000000238418579,2.6416802406311035,0.0,0.0,0.0,0.0,2.6416802406311035,0.0,28,14700,47.6193726,-122.3625108,3.606853126196527
2857,1728413176.027,1,220,0,0,185,0,0,3,476193726,-1223625108,0.0,0.6000000238418579,2.6416802406311035,0.0,0.0,0.0,0.0,2.6416802406311035,0.0,28,14700,47.6193726,-122.3625108,3.615328952557203
2858,1728413176.559,1,220,0,0,185,0,0,3,476193750,-1223625175,0.0,0.6000000238418579,2.978243112564087,0.0,0.0,0.0,0.0,2.978243112564087,0.0,28,14700,47.619375,-122.3625175,3.58294516992022
2859,1728413176.7819998,1,220,0,0,185,0,0,3,476193750,-1223625175,0.0,0.6000000238418579,2.978243112564087,0.0,0.0,0.0,0.0,2.978243112564087,0.0,28,14700,47.619375,-122.3625175,3.5938905033614024
2860,1728413177.05,1,220,0,0,185,0,0,3,476193731,-1223625134,0.0,0.6000000238418579,2.7880470752716064,0.0,0.0,0.0,0.0,2.7880470752716064,0.0,28,14700,47.6193731,-122.3625134,3.59259930217489
2861,1728413177.3209999,1,220,0,0,185,0,0,3,476193731,-1223625134,0.0,0.6000000238418579,2.7880470752716064,0.0,0.0,0.0,0.0,2.7880470752716064,0.0,28,14700,47.6193731,-122.3625134,3.591953972540329
2862,1728413177.692,1,220,0,0,185,0,0,3,476193733,-1223625113,0.0,0.6000000238418579,2.732739210128784,0.0,0.0,0.0,0.0,2.732739210128784,0.0,28,14700,47.6193733,-122.3625113,3.590019834834252
2863,1728413177.921,1,220,0,0,185,0,0,3,476193747,-1223625124,0.0,0.6000000238418579,2.655644178390503,0.0,0.0,0.0,0.0,2.655644178390503,0.0,28,14700,47.6193747,-122.3625124,3.6127167542928156
2864,1728413178.1529999,1,220,0,0,185,0,0,3,476193747,-1223625124,0.0,0.6000000238418579,2.655644178390503,0.0,0.0,0.0,0.0,2.655644178390503,0.0,28,14700,47.6193747,-122.3625124,3.596475537935951
2865,1728413178.457,1,220,0,0,185,0,0,3,476193758,-1223625162,0.0,0.6000000238418579,2.6097235679626465,0.0,0.0,0.0,0.0,2.6097235679626465,0.0,28,14700,47.6193758,-122.3625162,3.610760042613178
2866,1728413178.6899998,1,220,0,0,185,0,0,3,476193758,-1223625162,0.0,0.6000000238418579,2.6097235679626465,0.0,0.0,0.0,0.0,2.6097235679626465,0.0,28,14700,47.6193758,-122.3625162,3.595182478930085
2867,1728413178.975,1,220,0,0,185,0,0,3,476193709,-1223625059,0.0,0.6000000238418579,2.57942271232605,0.0,0.0,0.0,0.0,2.57942271232605,0.0,28,14800,47.6193709,-122.3625059,3.282455311483136
2868,1728413179.25,1,220,0,0,185,0,0,3,476193709,-1223625059,0.0,0.6000000238418579,2.57942271232605,0.0,0.0,0.0,0.0,2.57942271232605,0.0,28,14800,47.6193709,-122.3625059,3.4299434934460034
2869,1728413179.4889998,1,220,0,0,185,0,0,3,476193719,-1223625061,0.0,0.6000000238418579,2.568293333053589,0.0,0.0,0.0,0.0,2.568293333053589,0.0,28,14900,47.6193719,-122.3625061,3.4158838488210397
2870,1728413179.7489998,1,220,0,0,185,0,0,3,476193719,-1223625061,0.0,0.6000000238418579,2.568293333053589,0.0,0.0,0.0,0.0,2.568293333053589,0.0,28,14900,47.6193719,-122.3625061,3.4135518195398817
2871,1728413180.027,1,220,0,0,185,0,0,3,476193738,-1223625078,0.0,0.6000000238418579,2.5575995445251465,0.0,0.0,0.0,0.0,2.5575995445251465,0.0,28,14900,47.6193738,-122.3625078,3.4281795716066936
2872,1728413180.2879999,1,220,0,0,185,0,0,3,476193738,-1223625078,0.0,0.6000000238418579,2.5575995445251465,0.0,0.0,0.0,0.0,2.5575995445251465,0.0,28,14900,47.6193738,-122.3625078,3.492839635610142
2873,1728413180.541,1,220,0,0,185,0,0,3,476193728,-1223625063,0.0,0.6000000238418579,2.5356180667877197,0.0,0.0,0.0,0.0,2.5356180667877197,0.0,28,14800,47.6193728,-122.3625063,3.4644032553944526
2874,1728413180.7789998,1,220,0,0,185,0,0,3,476193728,-1223625063,0.0,0.6000000238418579,2.5356180667877197,0.0,0.0,0.0,0.0,2.5356180667877197,0.0,28,14800,47.6193728,-122.3625063,3.453038641056922
2875,1728413181.063,1,220,0,0,185,0,0,3,476193745,-1223625112,0.0,0.6000000238418579,2.547140598297119,0.0,0.0,0.0,0.0,2.547140598297119,0.0,28,14800,47.6193745,-122.3625112,3.4710171010509576
2876,1728413181.3209999,1,220,0,0,185,0,0,3,476193745,-1223625112,0.0,0.6000000238418579,2.547140598297119,0.0,0.0,0.0,0.0,2.547140598297119,0.0,28,14800,47.6193745,-122.3625112,3.4506556222975835
2877,1728413182.12,1,220,0,0,185,0,0,3,476193738,-1223625075,0.0,0.6000000238418579,2.8544795513153076,0.0,0.0,0.0,0.0,2.8544795513153076,0.0,28,14900,47.6193738,-122.3625075,3.475238853569153
2878,1728413182.3899999,1,220,0,0,185,0,0,3,476193738,-1223625075,0.0,0.6000000238418579,2.688899040222168,0.0,0.0,0.0,0.0,2.688899040222168,0.0,28,14900,47.6193738,-122.3625075,3.472825249070627
2879,1728413182.6369998,1,220,0,0,185,0,0,3,476193748,-1223625092,0.0,0.6000000238418579,2.688899040222168,0.0,0.0,0.0,0.0,2.688899040222168,0.0,28,15000,47.6193748,-122.3625092,3.4686090682501916
2880,1728413182.909,1,220,0,0,185,0,0,3,476193760,-1223625132,0.0,0.6000000238418579,2.6399900913238525,0.0,0.0,0.0,0.0,2.6399900913238525,0.0,28,15000,47.619376,-122.3625132,3.444712369912298
2881,1728413183.155,1,220,0,0,185,0,0,3,476193760,-1223625132,0.0,0.6000000238418579,2.6399900913238525,0.0,0.0,0.0,0.0,2.6399900913238525,0.0,28,15000,47.619376,-122.3625132,3.472825105298088
2882,1728413183.418,1,220,0,0,185,0,0,3,476193771,-1223625164,0.0,0.6000000238418579,2.61069655418396,0.0,0.0,0.0,0.0,2.61069655418396,0.0,28,15000,47.6193771,-122.3625164,3.453038641056922
2883,1728413183.694,1,220,0,0,185,0,0,3,476193771,-1223625164,0.0,0.6000000238418579,2.61069655418396,0.0,0.0,0.0,0.0,2.61069655418396,0.0,28,15000,47.6193771,-122.3625164,3.4560221538529485
2884,1728413183.945,1,220,0,0,185,0,0,3,476193751,-1223625119,0.0,0.6000000238418579,2.637985944747925,0.0,0.0,0.0,0.0,2.637985944747925,0.0,28,15000,47.6193751,-122.3625119,3.4352456043059165
2885,1728413184.2189999,1,220,0,0,185,0,0,3,476193751,-1223625119,0.0,0.6000000238418579,2.637985944747925,0.0,0.0,0.0,0.0,2.637985944747925,0.0,28,15000,47.6193751,-122.3625119,3.4578147090250417
2886,1728413184.4859998,1,220,0,0,185,0,0,3,476193719,-1223625034,0.0,0.6000000238418579,2.637855291366577,0.0,0.0,0.0,0.0,2.637855291366577,0.0,28,15000,47.6193719,-122.3625034,3.443526118779576
2887,1728413184.73,1,220,0,0,185,0,0,3,476193719,-1223625034,0.0,0.6000000238418579,2.637855291366577,0.0,0.0,0.0,0.0,2.637855291366577,0.0,28,15000,47.6193719,-122.3625034,3.4500604169220024
2888,1728413185.0089998,1,220,0,0,185,0,0,3,476193714,-1223625008,0.0,0.6000000238418579,2.6277551651000977,0.0,0.0,0.0,0.0,2.6277551651000977,0.0,28,14900,47.6193714,-122.3625008,3.4560221538529485
2889,1728413185.2549999,1,220,0,0,185,0,0,3,476193714,-1223625008,0.0,0.6000000238418579,2.6277551651000977,0.0,0.0,0.0,0.0,2.6277551651000977,0.0,28,14900,47.6193714,-122.3625008,3.4518466493713755
2890,1728413185.5549998,1,220,0,0,185,0,0,3,476193729,-1223625044,0.0,0.6000000238418579,2.6115500926971436,0.0,0.0,0.0,0.0,2.6115500926971436,0.0,28,15000,47.6193729,-122.3625044,3.4770514038655227
2891,1728413185.786,1,220,0,0,185,0,0,3,476193729,-1223625044,0.0,0.6000000238418579,2.6115500926971436,0.0,0.0,0.0,0.0,2.6115500926971436,0.0,28,15000,47.6193729,-122.3625044,3.4632035489896524
2892,1728413186.08,1,220,0,0,185,0,0,3,476193736,-1223625079,0.0,0.6000000238418579,2.609771251678467,0.0,0.0,0.0,0.0,2.609771251678467,0.0,28,15100,47.6193736,-122.3625079,3.47342833583746
2893,1728413186.3279998,1,220,0,0,185,0,0,3,476193736,-1223625079,0.0,0.6000000238418579,2.609771251678467,0.0,0.0,0.0,0.0,2.609771251678467,0.0,28,15100,47.6193736,-122.3625079,3.4752389975416165
2894,1728413186.6009998,1,220,0,0,185,0,0,3,476193728,-1223625055,0.0,0.6000000238418579,2.612811803817749,0.0,0.0,0.0,0.0,2.612811803817749,0.0,28,15100,47.6193728,-122.3625055,3.4698126668599163
2895,1728413186.847,1,220,0,0,185,0,0,3,476193728,-1223625055,0.0,0.6000000238418579,2.612811803817749,0.0,0.0,0.0,0.0,2.612811803817749,0.0,28,15100,47.6193728,-122.3625055,3.474635137977503
2896,1728413187.129,1,220,0,0,185,0,0,3,476193728,-1223625055,0.0,0.6000000238418579,2.612811803817749,0.0,0.0,0.0,0.0,2.612811803817749,0.0,28,15100,47.6193728,-122.3625055,3.475238853569153
2897,1728413187.9169998,1,220,0,0,185,0,0,3,476193723,-1223625062,0.0,0.6000000238418579,2.8259313106536865,0.0,0.0,0.0,0.0,2.8259313106536865,0.0,28,15000,47.6193723,-122.3625062,3.460207629584314
2898,1728413188.1769998,1,220,0,0,185,0,0,3,476193707,-1223625033,0.0,0.6000000238418579,2.608567714691162,0.0,0.0,0.0,0.0,2.608567714691162,0.0,28,15000,47.6193707,-122.3625033,3.4674063043525525
2899,1728413188.431,1,220,0,0,185,0,0,3,476193704,-1223625020,0.0,0.6000000238418579,2.5603647232055664,0.0,0.0,0.0,0.0,2.5603647232055664,0.0,28,15000,47.6193704,-122.362502,3.4668053067867257
2900,1728413188.661,1,220,0,0,185,0,0,3,476193704,-1223625020,0.0,0.6000000238418579,2.5603647232055664,0.0,0.0,0.0,0.0,2.5603647232055664,0.0,28,15000,47.6193704,-122.362502,3.4831068689047453
2901,1728413188.9299998,1,220,0,0,185,0,0,3,476193711,-1223625023,0.0,0.6000000238418579,2.5473411083221436,0.0,0.0,0.0,0.0,2.5473411083221436,0.0,28,15000,47.6193711,-122.3625023,3.465603936455643
2902,1728413189.1759999,1,220,0,0,185,0,0,3,476193711,-1223625023,0.0,0.6000000238418579,2.5473411083221436,0.0,0.0,0.0,0.0,2.5473411083221436,0.0,28,15000,47.6193711,-122.3625023,3.499562607238822
2903,1728413189.449,1,220,0,0,185,0,0,3,476193718,-1223625050,0.0,0.6000000238418579,2.574187994003296,0.0,0.0,0.0,0.0,2.574187994003296,0.0,28,15000,47.6193718,-122.362505,3.4674063043525525
2904,1728413189.7089999,1,220,0,0,185,0,0,3,476193718,-1223625050,0.0,0.6000000238418579,2.574187994003296,0.0,0.0,0.0,0.0,2.574187994003296,0.0,28,15000,47.6193718,-122.362505,3.4831068689047453
2905,1728413189.975,1,220,0,0,185,0,0,3,476193724,-1223625074,0.0,0.6000000238418579,2.549581527709961,0.0,0.0,0.0,0.0,2.549581527709961,0.0,28,15100,47.6193724,-122.3625074,3.4922297898831673
2906,1728413190.241,1,220,0,0,185,0,0,3,476193724,-1223625074,0.0,0.6000000238418579,2.549581527709961,0.0,0.0,0.0,0.0,2.549581527709961,0.0,28,15100,47.6193724,-122.3625074,3.342246007415121
2907,1728413190.51,1,220,0,0,185,0,0,3,476193736,-1223625099,0.0,0.6000000238418579,2.615981340408325,0.0,0.0,0.0,0.0,2.615981340408325,0.0,28,15100,47.6193736,-122.3625099,3.652967941084702
2908,1728413190.777,1,220,0,0,185,0,0,3,476193736,-1223625099,0.0,0.6000000238418579,2.615981340408325,0.0,0.0,0.0,0.0,2.615981340408325,0.0,28,15100,47.6193736,-122.3625099,3.658313512363139
2909,1728413191.024,1,220,0,0,185,0,0,3,476193705,-1223625026,0.0,0.6000000238418579,2.646965503692627,0.0,0.0,0.0,0.0,2.646965503692627,0.0,28,15000,47.6193705,-122.3625026,3.646973033962953
2910,1728413191.297,1,220,0,0,185,0,0,3,476193705,-1223625026,0.0,0.6000000238418579,2.646965503692627,0.0,0.0,0.0,0.0,2.646965503692627,0.0,28,15000,47.6193705,-122.3625026,3.6416606870284185
2911,1728413191.557,1,220,0,0,185,0,0,3,476193695,-1223625015,0.0,0.6000000238418579,2.6824727058410645,0.0,0.0,0.0,0.0,2.6824727058410645,0.0,28,15000,47.6193695,-122.3625015,3.633060778243268
2912,1728413191.7949998,1,220,0,0,185,0,0,3,476193695,-1223625015,0.0,0.6000000238418579,2.6824727058410645,0.0,0.0,0.0,0.0,2.6824727058410645,0.0,28,15000,47.6193695,-122.3625015,3.6343812327362617
2913,1728413192.096,1,220,0,0,185,0,0,3,476193684,-1223624995,0.0,0.6000000238418579,2.737553834915161,0.0,0.0,0.0,0.0,2.737553834915161,0.0,28,15000,47.6193684,-122.3624995,3.6343812327362617
2914,1728413192.343,1,220,0,0,185,0,0,3,476193684,-1223624995,0.0,0.6000000238418579,2.737553834915161,0.0,0.0,0.0,0.0,2.737553834915161,0.0,28,15000,47.6193684,-122.3624995,3.651634107534223
2915,1728413192.574,1,220,0,0,185,0,0,3,476193684,-1223624995,0.0,0.6000000238418579,2.737553834915161,0.0,0.0,0.0,0.0,2.737553834915161,0.0,28,15000,47.6193684,-122.3624995,3.631741440136545
2916,1728413193.113,1,220,0,0,185,0,0,3,476193697,-1223625018,0.0,0.6000000238418579,3.032867908477783,0.0,0.0,0.0,0.0,3.032867908477783,0.0,28,15100,47.6193697,-122.3625018,3.6556388521969088
2917,1728413193.392,1,220,0,0,185,0,0,3,476193697,-1223625018,0.0,0.6000000238418579,2.775392532348633,0.0,0.0,0.0,0.0,2.775392532348633,0.0,28,15100,47.6193697,-122.3625018,3.647638127648428
2918,1728413193.6439998,1,220,0,0,185,0,0,3,476193714,-1223625058,0.0,0.6000000238418579,2.775392532348633,0.0,0.0,0.0,0.0,2.775392532348633,0.0,28,15000,47.6193714,-122.3625058,3.6798528446297825
2919,1728413193.915,1,220,0,0,185,0,0,3,476193709,-1223625045,0.0,0.6000000238418579,2.70350980758667,0.0,0.0,0.0,0.0,2.70350980758667,0.0,28,15000,47.6193709,-122.3625045,3.642987243216351
2920,1728413194.1529999,1,220,0,0,185,0,0,3,476193709,-1223625045,0.0,0.6000000238418579,2.70350980758667,0.0,0.0,0.0,0.0,2.70350980758667,0.0,28,15000,47.6193709,-122.3625045,3.639672505282523
2921,1728413194.435,1,220,0,0,185,0,0,3,476193712,-1223625050,0.0,0.6000000238418579,2.6328024864196777,0.0,0.0,0.0,0.0,2.6328024864196777,0.0,28,15000,47.6193712,-122.362505,3.6456434155099497
2922,1728413194.679,1,220,0,0,185,0,0,3,476193712,-1223625050,0.0,0.6000000238418579,2.6328024864196777,0.0,0.0,0.0,0.0,2.6328024864196777,0.0,28,15000,47.6193712,-122.362505,3.6589827491554807
2923,1728413194.952,1,220,0,0,185,0,0,3,476193720,-1223625064,0.0,0.6000000238418579,2.6038262844085693,0.0,0.0,0.0,0.0,2.6038262844085693,0.0,28,15000,47.619372,-122.3625064,3.6636747514544123
2924,1728413195.1859999,1,220,0,0,185,0,0,3,476193720,-1223625064,0.0,0.6000000238418579,2.6038262844085693,0.0,0.0,0.0,0.0,2.6038262844085693,0.0,28,15000,47.619372,-122.3625064,3.667705803806827
2925,1728413195.4819999,1,220,0,0,185,0,0,3,476193675,-1223624962,0.0,0.6000000238418579,2.556839942932129,0.0,0.0,0.0,0.0,2.556839942932129,0.0,28,15000,47.6193675,-122.3624962,3.650967555966238
2926,1728413195.712,1,220,0,0,185,0,0,3,476193675,-1223624962,0.0,0.6000000238418579,2.556839942932129,0.0,0.0,0.0,0.0,2.556839942932129,0.0,28,15000,47.6193675,-122.3624962,3.6416605289367303
2927,1728413195.993,1,220,0,0,185,0,0,3,476193667,-1223624945,0.0,0.6000000238418579,2.498286008834839,0.0,0.0,0.0,0.0,2.498286008834839,0.0,28,15000,47.6193667,-122.3624945,3.6778227534540116
2928,1728413196.212,1,220,0,0,185,0,0,3,476193667,-1223624945,0.0,0.6000000238418579,2.498286008834839,0.0,0.0,0.0,0.0,2.498286008834839,0.0,28,15000,47.6193667,-122.3624945,3.66300363741163
2929,1728413196.514,1,220,0,0,185,0,0,3,476193664,-1223624944,0.0,0.6000000238418579,2.475585460662842,0.0,0.0,0.0,0.0,2.475585460662842,0.0,28,15000,47.6193664,-122.3624944,3.6805299859844625
2930,1728413196.7919998,1,220,0,0,185,0,0,3,476193664,-1223624944,0.0,0.6000000238418579,2.475585460662842,0.0,0.0,0.0,0.0,2.475585460662842,0.0,28,15000,47.6193664,-122.3624944,3.6663610276063356
2931,1728413197.043,1,220,0,0,185,0,0,3,476193656,-1223624933,0.0,0.6000000238418579,2.4574286937713623,0.0,0.0,0.0,0.0,2.4574286937713623,0.0,28,15000,47.6193656,-122.3624933,3.6556388521969088
2932,1728413197.261,1,220,0,0,185,0,0,3,476193656,-1223624933,0.0,0.6000000238418579,2.4574286937713623,0.0,0.0,0.0,0.0,2.4574286937713623,0.0,28,15000,47.6193656,-122.3624933,3.6697247385346583
2933,1728413197.5549998,1,220,0,0,185,0,0,3,476193640,-1223624889,0.0,0.6000000238418579,2.4577903747558594,0.0,0.0,0.0,0.0,2.4577903747558594,0.0,28,15000,47.619364,-122.3624889,3.6536353824671313
2934,1728413197.796,1,220,0,0,185,0,0,3,476193640,-1223624889,0.0,0.6000000238418579,2.4577903747558594,0.0,0.0,0.0,0.0,2.4577903747558594,0.0,28,15000,47.619364,-122.3624889,3.6489692017653677
2935,1728413198.0519998,1,220,0,0,185,0,0,3,476193640,-1223624889,0.0,0.6000000238418579,2.4577903747558594,0.0,0.0,0.0,0.0,2.4577903747558594,0.0,28,15000,47.619364,-122.3624889,3.6757949009535342
2936,1728413198.605,1,220,0,0,185,0,0,3,476193649,-1223624911,0.0,0.6000000238418579,2.631753444671631,0.0,0.0,0.0,0.0,2.631753444671631,0.0,28,15000,47.6193649,-122.3624911,3.666361187849892
2937,1728413198.83,1,220,0,0,185,0,0,3,476193649,-1223624911,0.0,0.6000000238418579,2.631753444671631,0.0,0.0,0.0,0.0,2.631753444671631,0.0,28,15000,47.6193649,-122.3624911,3.651634107534223
2938,1728413199.1039999,1,220,0,0,185,0,0,3,476193670,-1223624961,0.0,0.6000000238418579,2.4591705799102783,0.0,0.0,0.0,0.0,2.4591705799102783,0.0,28,15000,47.619367,-122.3624961,3.633720964231625
2939,1728413199.349,1,220,0,0,185,0,0,3,476193670,-1223624961,0.0,0.6000000238418579,2.434638738632202,0.0,0.0,0.0,0.0,2.434638738632202,0.0,28,15000,47.619367,-122.3624961,3.63504174123386
2940,1728413199.608,1,220,0,0,185,0,0,3,476193684,-1223624992,0.0,0.6000000238418579,2.434638738632202,0.0,0.0,0.0,0.0,2.434638738632202,0.0,28,15000,47.6193684,-122.3624992,3.6589827491554807
2941,1728413199.906,1,220,0,0,185,0,0,3,476193700,-1223625007,0.0,0.6000000238418579,2.455606698989868,0.0,0.0,0.0,0.0,2.455606698989868,0.0,28,15000,47.61937,-122.3625007,3.6563071106749936
2942,1728413200.129,1,220,0,0,185,0,0,3,476193700,-1223625007,0.0,0.6000000238418579,2.455606698989868,0.0,0.0,0.0,0.0,2.455606698989868,0.0,28,15000,47.61937,-122.3625007,3.642323844337459
2943,1728413200.4259999,1,220,0,0,185,0,0,3,476193663,-1223624912,0.0,0.6000000238418579,2.452319860458374,0.0,0.0,0.0,0.0,2.452319860458374,0.0,28,15000,47.6193663,-122.3624912,3.644979048972749
2944,1728413200.6669998,1,220,0,0,185,0,0,3,476193663,-1223624912,0.0,0.6000000238418579,2.452319860458374,0.0,0.0,0.0,0.0,2.452319860458374,0.0,28,15000,47.6193663,-122.3624912,3.654303067793343
2945,1728413200.9229999,1,220,0,0,185,0,0,3,476193628,-1223624839,0.0,0.6000000238418579,2.4420650005340576,0.0,0.0,0.0,0.0,2.4420650005340576,0.0,28,15100,47.6193628,-122.3624839,3.649635023793565
2946,1728413201.1669998,1,220,0,0,185,0,0,3,476193628,-1223624839,0.0,0.6000000238418579,2.4420650005340576,0.0,0.0,0.0,0.0,2.4420650005340576,0.0,28,15100,47.6193628,-122.3624839,3.348401244311114
2947,1728413201.47,1,220,0,0,185,0,0,3,476193607,-1223624810,0.0,0.6000000238418579,2.427462577819824,0.0,0.0,0.0,0.0,2.427462577819824,0.0,27,15000,47.6193607,-122.362481,3.3333333333333335
2948,1728413201.7159998,1,220,0,0,185,0,0,3,476193607,-1223624810,0.0,0.6000000238418579,2.427462577819824,0.0,0.0,0.0,0.0,2.427462577819824,0.0,27,15000,47.6193607,-122.362481,3.328340787236794
2949,1728413202.016,1,220,0,0,185,0,0,3,476193611,-1223624817,0.0,0.6000000238418579,2.4389901161193848,0.0,0.0,0.0,0.0,2.4389901161193848,0.0,27,15000,47.6193611,-122.3624817,3.3338890737161733
2950,1728413202.258,1,220,0,0,185,0,0,3,476193611,-1223624817,0.0,0.6000000238418579,2.4389901161193848,0.0,0.0,0.0,0.0,2.4389901161193848,0.0,27,15000,47.6193611,-122.3624817,3.3283409192950906
2951,1728413202.513,1,220,0,0,185,0,0,3,476193613,-1223624804,0.0,0.6000000238418579,2.4137508869171143,0.0,0.0,0.0,0.0,2.4137508869171143,0.0,27,15000,47.6193613,-122.3624804,3.348961753380977
2952,1728413202.7519999,1,220,0,0,185,0,0,3,476193613,-1223624804,0.0,0.6000000238418579,2.4137508869171143,0.0,0.0,0.0,0.0,2.4137508869171143,0.0,27,15000,47.6193613,-122.3624804,3.3244680671882256
2953,1728413203.0419998,1,220,0,0,185,0,0,3,476193622,-1223624817,0.0,0.6000000238418579,2.384089946746826,0.0,0.0,0.0,0.0,2.384089946746826,0.0,27,15000,47.6193622,-122.3624817,3.322811068706221
2954,1728413203.2689998,1,220,0,0,185,0,0,3,476193622,-1223624817,0.0,0.6000000238418579,2.384089946746826,0.0,0.0,0.0,0.0,2.384089946746826,0.0,27,15000,47.6193622,-122.3624817,3.328340787236794
2955,1728413203.5319998,1,220,0,0,185,0,0,3,476193622,-1223624817,0.0,0.6000000238418579,2.384089946746826,0.0,0.0,0.0,0.0,2.384089946746826,0.0,27,15000,47.6193622,-122.3624817,3.30797221094626
2956,1728413204.5779998,1,220,0,0,185,0,0,3,476193657,-1223624878,0.0,0.6000000238418579,2.6866681575775146,0.0,0.0,0.0,0.0,2.6866681575775146,0.0,27,15000,47.6193657,-122.3624878,3.3101621676439317
2957,1728413204.83,1,220,0,0,185,0,0,3,476193657,-1223624878,0.0,0.6000000238418579,2.6866681575775146,0.0,0.0,0.0,0.0,2.6866681575775146,0.0,27,15000,47.6193657,-122.3624878,3.338340879673433
2958,1728413205.113,1,220,0,0,185,0,0,3,476193648,-1223624863,0.0,0.6000000238418579,2.4203298091888428,0.0,0.0,0.0,0.0,2.4203298091888428,0.0,27,15000,47.6193648,-122.3624863,3.318400426977716
2959,1728413205.3479998,1,220,0,0,185,0,0,3,476193648,-1223624863,0.0,0.6000000238418579,2.4203298091888428,0.0,0.0,0.0,0.0,2.4203298091888428,0.0,27,15000,47.6193648,-122.3624863,3.3450410589182606
2960,1728413205.6169999,1,220,0,0,185,0,0,3,476193635,-1223624843,0.0,0.6000000238418579,2.329099416732788,0.0,0.0,0.0,0.0,2.329099416732788,0.0,27,15000,47.6193635,-122.3624843,3.3400134068645757
2961,1728413205.878,1,220,0,0,185,0,0,3,476193637,-1223624849,0.0,0.6000000238418579,2.353957176208496,0.0,0.0,0.0,0.0,2.353957176208496,0.0,27,15000,47.6193637,-122.3624849,3.3283409192950906
2962,1728413206.145,1,220,0,0,185,0,0,3,476193637,-1223624849,0.0,0.6000000238418579,2.353957176208496,0.0,0.0,0.0,0.0,2.353957176208496,0.0,27,15000,47.6193637,-122.3624849,3.325020723390099
2963,1728413206.445,1,220,0,0,185,0,0,3,476193615,-1223624796,0.0,0.6000000238418579,2.358372449874878,0.0,0.0,0.0,0.0,2.358372449874878,0.0,27,15000,47.6193615,-122.3624796,3.331112487899384
2964,1728413206.6759999,1,220,0,0,185,0,0,3,476193615,-1223624796,0.0,0.6000000238418579,2.358372449874878,0.0,0.0,0.0,0.0,2.358372449874878,0.0,27,15000,47.6193615,-122.3624796,3.3156498317275522
2965,1728413206.9689999,1,220,0,0,185,0,0,3,476193616,-1223624791,0.0,0.6000000238418579,2.3554232120513916,0.0,0.0,0.0,0.0,2.3554232120513916,0.0,27,15000,47.6193616,-122.3624791,3.3266799269484215
2966,1728413207.2089999,1,220,0,0,185,0,0,3,476193616,-1223624791,0.0,0.6000000238418579,2.3554232120513916,0.0,0.0,0.0,0.0,2.3554232120513916,0.0,27,15000,47.6193616,-122.3624791,3.6343812327362617
2967,1728413207.461,1,220,0,0,185,0,0,3,476193629,-1223624824,0.0,0.6000000238418579,2.3773839473724365,0.0,0.0,0.0,0.0,2.3773839473724365,0.0,27,15000,47.6193629,-122.3624824,3.63504174123386
2968,1728413207.743,1,220,0,0,185,0,0,3,476193629,-1223624824,0.0,0.6000000238418579,2.3773839473724365,0.0,0.0,0.0,0.0,2.3773839473724365,0.0,27,15000,47.6193629,-122.3624824,3.6489692017653677
2969,1728413207.995,1,220,0,0,185,0,0,3,476193651,-1223624873,0.0,0.6000000238418579,2.421090602874756,0.0,0.0,0.0,0.0,2.421090602874756,0.0,27,15000,47.6193651,-122.3624873,3.629763914557708
2970,1728413208.2459998,1,220,0,0,185,0,0,3,476193651,-1223624873,0.0,0.6000000238418579,2.421090602874756,0.0,0.0,0.0,0.0,2.421090602874756,0.0,27,15000,47.6193651,-122.3624873,3.635702489855292
2971,1728413208.5219998,1,220,0,0,185,0,0,3,476193632,-1223624814,0.0,0.6000000238418579,2.4285221099853516,0.0,0.0,0.0,0.0,2.4285221099853516,0.0,27,15000,47.6193632,-122.3624814,3.6350418987514006
2972,1728413208.767,1,220,0,0,185,0,0,3,476193632,-1223624814,0.0,0.6000000238418579,2.4285221099853516,0.0,0.0,0.0,0.0,2.4285221099853516,0.0,27,15000,47.6193632,-122.3624814,3.618599634421966
2973,1728413209.046,1,220,0,0,185,0,0,3,476193643,-1223624825,0.0,0.6000000238418579,2.4382593631744385,0.0,0.0,0.0,0.0,2.4382593631744385,0.0,27,15000,47.6193643,-122.3624825,3.6416605289367303
2974,1728413209.3009999,1,220,0,0,185,0,0,3,476193643,-1223624825,0.0,0.6000000238418579,2.4382593631744385,0.0,0.0,0.0,0.0,2.4382593631744385,0.0,27,15000,47.6193643,-122.3624825,3.6370248656830646
2975,1728413209.544,1,220,0,0,185,0,0,3,476193643,-1223624825,0.0,0.6000000238418579,2.4382593631744385,0.0,0.0,0.0,0.0,2.4382593631744385,0.0,27,15000,47.6193643,-122.3624825,3.652967941084702
2976,1728413210.0809999,1,220,0,0,185,0,0,3,476193615,-1223624781,0.0,0.6000000238418579,2.6640195846557617,0.0,0.0,0.0,0.0,2.6640195846557617,0.0,27,15100,47.6193615,-122.3624781,3.6536353824671313
2977,1728413210.332,1,220,0,0,185,0,0,3,476193615,-1223624781,0.0,0.6000000238418579,2.6640195846557617,0.0,0.0,0.0,0.0,2.6640195846557617,0.0,27,15100,47.6193615,-122.3624781,3.6277888551574917
2978,1728413210.5939999,1,220,0,0,185,0,0,3,476193617,-1223624759,0.0,0.6000000238418579,2.5215723514556885,0.0,0.0,0.0,0.0,2.5215723514556885,0.0,27,15100,47.6193617,-122.3624759,3.6690515668640775
2979,1728413210.858,1,220,0,0,185,0,0,3,476193617,-1223624759,0.0,0.6000000238418579,2.5215723514556885,0.0,0.0,0.0,0.0,2.5215723514556885,0.0,27,15100,47.6193617,-122.3624759,3.638348203808547
2980,1728413211.118,1,220,0,0,185,0,0,3,476193632,-1223624782,0.0,0.6000000238418579,2.514523506164551,0.0,0.0,0.0,0.0,2.514523506164551,0.0,27,15000,47.6193632,-122.3624782,3.652967941084702
2981,1728413211.3799999,1,220,0,0,185,0,0,3,476193632,-1223624782,0.0,0.6000000238418579,2.514523506164551,0.0,0.0,0.0,0.0,2.514523506164551,0.0,27,15000,47.6193632,-122.3624782,3.66300363741163
2982,1728413211.672,1,220,0,0,185,0,0,3,476193657,-1223624863,0.0,0.6000000238418579,2.5035016536712646,0.0,0.0,0.0,0.0,2.5035016536712646,0.0,27,15000,47.6193657,-122.3624863,3.6643459513899543
2983,1728413211.937,1,220,0,0,185,0,0,3,476193678,-1223624920,0.0,0.6000000238418579,2.4878485202789307,0.0,0.0,0.0,0.0,2.4878485202789307,0.0,27,15000,47.6193678,-122.362492,3.620564854364616
2984,1728413212.175,1,220,0,0,185,0,0,3,476193678,-1223624920,0.0,0.6000000238418579,2.4878485202789307,0.0,0.0,0.0,0.0,2.4878485202789307,0.0,27,15000,47.6193678,-122.362492,3.6563071106749936
2985,1728413212.444,1,220,0,0,185,0,0,3,476193678,-1223624920,0.0,0.6000000238418579,2.5090696811676025,0.0,0.0,0.0,0.0,2.5090696811676025,0.0,27,15000,47.6193678,-122.362492,3.6376864932663664
2986,1728413212.6829998,1,220,0,0,185,0,0,3,476193694,-1223624924,0.0,0.6000000238418579,2.5090696811676025,0.0,0.0,0.0,0.0,2.5090696811676025,0.0,27,15000,47.6193694,-122.3624924,3.6409976131231696
2987,1728413212.974,1,220,0,0,185,0,0,3,476193717,-1223624951,0.0,0.6000000238418579,2.5601718425750732,0.0,0.0,0.0,0.0,2.5601718425750732,0.0,27,15100,47.6193717,-122.3624951,3.642987243216351
2988,1728413213.194,1,220,0,0,185,0,0,3,476193717,-1223624951,0.0,0.6000000238418579,2.5601718425750732,0.0,0.0,0.0,0.0,2.5601718425750732,0.0,27,15100,47.6193717,-122.3624951,3.6192544185960625
2989,1728413213.4919999,1,220,0,0,185,0,0,3,476193746,-1223625027,0.0,0.6000000238418579,2.5763957500457764,0.0,0.0,0.0,0.0,2.5763957500457764,0.0,28,15100,47.6193746,-122.3625027,3.629105479521808
2990,1728413213.721,1,220,0,0,185,0,0,3,476193746,-1223625027,0.0,0.6000000238418579,2.5763957500457764,0.0,0.0,0.0,0.0,2.5763957500457764,0.0,28,15100,47.6193746,-122.3625027,3.609456848818006
2991,1728413213.9819999,1,220,0,0,185,0,0,3,476193743,-1223625039,0.0,0.6000000238418579,2.6010117530822754,0.0,0.0,0.0,0.0,2.6010117530822754,0.0,28,15000,47.6193743,-122.3625039,3.625815787243145
2992,1728413214.225,1,220,0,0,185,0,0,3,476193743,-1223625039,0.0,0.6000000238418579,2.6010117530822754,0.0,0.0,0.0,0.0,2.6010117530822754,0.0,28,15000,47.6193743,-122.3625039,3.6556388521969088
2993,1728413214.57,1,220,0,0,185,0,0,3,476193745,-1223625032,0.0,0.6000000238418579,2.612025260925293,0.0,0.0,0.0,0.0,2.612025260925293,0.0,28,15000,47.6193745,-122.3625032,3.631082130354019
2994,1728413214.771,1,220,0,0,185,0,0,3,476193745,-1223625032,0.0,0.6000000238418579,2.612025260925293,0.0,0.0,0.0,0.0,2.612025260925293,0.0,28,15000,47.6193745,-122.3625032,3.640334938615678
2995,1728413215.0419998,1,220,0,0,185,0,0,3,476193745,-1223625032,0.0,0.6000000238418579,2.612025260925293,0.0,0.0,0.0,0.0,2.612025260925293,0.0,28,15000,47.6193745,-122.3625032,3.640334938615678
2996,1728413215.574,1,220,0,0,185,0,0,3,476193716,-1223624959,0.0,0.6000000238418579,2.971909284591675,0.0,0.0,0.0,0.0,2.971909284591675,0.0,28,15100,47.6193716,-122.3624959,3.6304229027939896
2997,1728413215.822,1,220,0,0,185,0,0,3,476193716,-1223624959,0.0,0.6000000238418579,2.971909284591675,0.0,0.0,0.0,0.0,2.971909284591675,0.0,28,15100,47.6193716,-122.3624959,3.6363636363636362
2998,1728413216.12,1,220,0,0,185,0,0,3,476193703,-1223624936,0.0,0.6000000238418579,2.84372878074646,0.0,0.0,0.0,0.0,2.84372878074646,0.0,28,15100,47.6193703,-122.3624936,3.6179450871280188
2999,1728413216.369,1,220,0,0,185,0,0,3,476193703,-1223624936,0.0,0.6000000238418579,2.84372878074646,0.0,0.0,0.0,0.0,2.84372878074646,0.0,28,15100,47.6193703,-122.3624936,3.625158627008024
3000,1728413216.659,1,220,0,0,185,0,0,3,476193710,-1223624957,0.0,0.6000000238418579,2.7816998958587646,0.0,0.0,0.0,0.0,2.7816998958587646,0.0,28,15100,47.619371,-122.3624957,3.6179450871280188
3001,1728413216.896,1,220,0,0,185,0,0,3,476193730,-1223624990,0.0,0.6000000238418579,2.724938154220581,0.0,0.0,0.0,0.0,2.724938154220581,0.0,28,15000,47.619373,-122.362499,3.615328952557203
3002,1728413217.143,1,220,0,0,185,0,0,3,476193730,-1223624990,0.0,0.6000000238418579,2.724938154220581,0.0,0.0,0.0,0.0,2.724938154220581,0.0,28,15000,47.619373,-122.362499,3.603603634564543
3003,1728413217.445,1,220,0,0,185,0,0,3,476193668,-1223624853,0.0,0.6000000238418579,2.7156708240509033,0.0,0.0,0.0,0.0,2.7156708240509033,0.0,28,15000,47.6193668,-122.3624853,3.625158627008024
3004,1728413217.669,1,220,0,0,185,0,0,3,476193668,-1223624853,0.0,0.6000000238418579,2.7156708240509033,0.0,0.0,0.0,0.0,2.7156708240509033,0.0,28,15000,47.6193668,-122.3624853,3.60555259556042
3005,1728413217.938,1,220,0,0,185,0,0,3,476193654,-1223624826,0.0,0.6000000238418579,2.7282888889312744,0.0,0.0,0.0,0.0,2.7282888889312744,0.0,28,15000,47.6193654,-122.3624826,3.291639120610603
3006,1728413218.192,1,220,0,0,185,0,0,3,476193654,-1223624826,0.0,0.6000000238418579,2.7282888889312744,0.0,0.0,0.0,0.0,2.7282888889312744,0.0,28,15000,47.6193654,-122.3624826,3.460207629584314
3007,1728413218.474,1,220,0,0,185,0,0,3,476193660,-1223624841,0.0,0.6000000238418579,2.7383604049682617,0.0,0.0,0.0,0.0,2.7383604049682617,0.0,28,15100,47.619366,-122.3624841,3.43642615625536
3008,1728413218.722,1,220,0,0,185,0,0,3,476193660,-1223624841,0.0,0.6000000238418579,2.7383604049682617,0.0,0.0,0.0,0.0,2.7383604049682617,0.0,28,15100,47.619366,-122.3624841,3.477656103644218
3009,1728413219.0089998,1,220,0,0,185,0,0,3,476193680,-1223624880,0.0,0.6000000238418579,2.7392525672912598,0.0,0.0,0.0,0.0,2.7392525672912598,0.0,28,15100,47.619368,-122.362488,3.4716195599250685
3010,1728413219.2489998,1,220,0,0,185,0,0,3,476193680,-1223624880,0.0,0.6000000238418579,2.7392525672912598,0.0,0.0,0.0,0.0,2.7392525672912598,0.0,28,15100,47.619368,-122.362488,3.4965034790147262
3011,1728413219.514,1,220,0,0,185,0,0,3,476193713,-1223624939,0.0,0.6000000238418579,2.7117972373962402,0.0,0.0,0.0,0.0,2.7117972373962402,0.0,28,15000,47.6193713,-122.3624939,3.4716195599250685
3012,1728413219.7749999,1,220,0,0,185,0,0,3,476193713,-1223624939,0.0,0.6000000238418579,2.7117972373962402,0.0,0.0,0.0,0.0,2.7117972373962402,0.0,28,15000,47.6193713,-122.3624939,3.4584125931844363
3013,1728413220.087,1,220,0,0,185,0,0,3,476193744,-1223625010,0.0,0.6000000238418579,2.735595941543579,0.0,0.0,0.0,0.0,2.735595941543579,0.0,28,15000,47.6193744,-122.362501,3.488574892772981
3014,1728413220.3179998,1,220,0,0,185,0,0,3,476193744,-1223625010,0.0,0.6000000238418579,2.735595941543579,0.0,0.0,0.0,0.0,2.735595941543579,0.0,28,15000,47.6193744,-122.362501,3.4590106841376107
3015,1728413221.118,1,220,0,0,185,0,0,3,476193796,-1223625121,0.0,0.6000000238418579,3.0866355895996094,0.0,0.0,0.0,0.0,3.0866355895996094,0.0,28,15000,47.6193796,-122.3625121,3.4740316321033577
3016,1728413221.3539999,1,220,0,0,185,0,0,3,476193796,-1223625121,0.0,0.6000000238418579,3.0866355895996094,0.0,0.0,0.0,0.0,3.0866355895996094,0.0,28,15000,47.6193796,-122.3625121,3.4560221538529485
3017,1728413221.642,1,220,0,0,185,0,0,3,476193759,-1223625038,0.0,0.6000000238418579,2.893876791000366,0.0,0.0,0.0,0.0,2.893876791000366,0.0,28,15000,47.6193759,-122.3625038,3.490401384542038
3018,1728413221.8709998,1,220,0,0,185,0,0,3,476193759,-1223625038,0.0,0.6000000238418579,2.858304977416992,0.0,0.0,0.0,0.0,2.858304977416992,0.0,28,15000,47.6193759,-122.3625038,3.4566194182248795
3019,1728413222.1299999,1,220,0,0,185,0,0,3,476193732,-1223624984,0.0,0.6000000238418579,2.858304977416992,0.0,0.0,0.0,0.0,2.858304977416992,0.0,28,15000,47.6193732,-122.3624984,3.4831068689047453
3020,1728413222.379,1,220,0,0,185,0,0,3,476193732,-1223624984,0.0,0.6000000238418579,2.858304977416992,0.0,0.0,0.0,0.0,2.858304977416992,0.0,28,15000,47.6193732,-122.3624984,3.46140526086388
3021,1728413222.6569998,1,220,0,0,185,0,0,3,476193734,-1223625007,0.0,0.6000000238418579,2.8408265113830566,0.0,0.0,0.0,0.0,2.8408265113830566,0.0,28,15000,47.6193734,-122.3625007,3.4506556222975835
3022,1728413222.9259999,1,220,0,0,185,0,0,3,476193734,-1223625007,0.0,0.6000000238418579,2.8410136699676514,0.0,0.0,0.0,0.0,2.8410136699676514,0.0,28,15000,47.6193734,-122.3625007,3.445305731266327
3023,1728413223.178,1,220,0,0,185,0,0,3,476193691,-1223624928,0.0,0.6000000238418579,2.8410136699676514,0.0,0.0,0.0,0.0,2.8410136699676514,0.0,28,15000,47.6193691,-122.3624928,3.474635137977503
3024,1728413223.451,1,220,0,0,185,0,0,3,476193674,-1223624885,0.0,0.6000000238418579,2.846846580505371,0.0,0.0,0.0,0.0,2.846846580505371,0.0,28,15000,47.6193674,-122.3624885,2.638174352130305
3025,1728413223.695,1,220,0,0,185,0,0,3,476193674,-1223624885,0.0,0.6000000238418579,2.846846580505371,0.0,0.0,0.0,0.0,2.846846580505371,0.0,28,15000,47.6193674,-122.3624885,2.8457598672997717
3026,1728413223.9789999,1,220,0,0,185,0,0,3,476193607,-1223624743,0.0,0.6000000238418579,2.8071160316467285,0.0,0.0,0.0,0.0,2.8071160316467285,0.0,28,15000,47.6193607,-122.3624743,2.8384899218240167
3027,1728413224.204,1,220,0,0,185,0,0,3,476193607,-1223624743,0.0,0.6000000238418579,2.8071160316467285,0.0,0.0,0.0,0.0,2.8071160316467285,0.0,28,15000,47.6193607,-122.3624743,2.8396989988281507
3028,1728413224.508,1,220,0,0,185,0,0,3,476193591,-1223624721,0.0,0.6000000238418579,2.833043098449707,0.0,0.0,0.0,0.0,2.833043098449707,0.0,28,15000,47.6193591,-122.3624721,2.822068523860007
3029,1728413224.751,1,220,0,0,185,0,0,3,476193591,-1223624721,0.0,0.6000000238418579,2.833043098449707,0.0,0.0,0.0,0.0,2.833043098449707,0.0,28,15000,47.6193591,-122.3624721,2.825656937832373
3030,1728413225.027,1,220,0,0,185,0,0,3,476193580,-1223624715,0.0,0.6000000238418579,2.8063087463378906,0.0,0.0,0.0,0.0,2.8063087463378906,0.0,28,15000,47.619358,-122.3624715,2.8268551046226214
3031,1728413225.31,1,220,0,0,185,0,0,3,476193580,-1223624715,0.0,0.6000000238418579,2.8063087463378906,0.0,0.0,0.0,0.0,2.8063087463378906,0.0,28,15000,47.619358,-122.3624715,2.8396989988281507
3032,1728413225.58,1,220,0,0,185,0,0,3,476193611,-1223624781,0.0,0.6000000238418579,2.8452956676483154,0.0,0.0,0.0,0.0,2.8452956676483154,0.0,28,15000,47.6193611,-122.3624781,2.8364770478755723
3033,1728413225.843,1,220,0,0,185,0,0,3,476193611,-1223624781,0.0,0.6000000238418579,2.8452956676483154,0.0,0.0,0.0,0.0,2.8452956676483154,0.0,28,15000,47.6193611,-122.3624781,2.8384899218240167
3034,1728413227.899,1,220,0,0,185,0,0,3,476193611,-1223624781,0.0,0.6000000238418579,4.385198593139648,0.0,0.0,0.0,0.0,4.385198593139648,0.0,28,15100,47.6193611,-122.3624781,2.833663987953815
3035,1728413228.146,1,220,0,0,185,0,0,3,476193624,-1223624821,0.0,0.6000000238418579,4.385198593139648,0.0,0.0,0.0,0.0,4.385198593139648,0.0,28,15100,47.6193624,-122.3624821,2.8328612127617023
3036,1728413228.3999999,1,220,0,0,185,0,0,3,476193624,-1223624821,0.0,0.6000000238418579,4.385198593139648,0.0,0.0,0.0,0.0,4.385198593139648,0.0,28,15100,47.6193624,-122.3624821,2.8384899218240167
3037,1728413228.685,1,220,0,0,185,0,0,3,476193566,-1223624722,0.0,0.6000000238418579,3.953014850616455,0.0,0.0,0.0,0.0,3.953014850616455,0.0,28,15100,47.6193566,-122.3624722,2.83446712248001
3038,1728413228.958,1,220,0,0,185,0,0,3,476193549,-1223624701,0.0,0.6000000238418579,3.8859150409698486,0.0,0.0,0.0,0.0,3.8859150409698486,0.0,27,15100,47.6193549,-122.3624701,2.6298487770992263
3039,1728413229.208,1,220,0,0,185,0,0,3,476193549,-1223624701,0.0,0.6000000238418579,3.8859150409698486,0.0,0.0,0.0,0.0,3.8859150409698486,0.0,27,15100,47.6193549,-122.3624701,2.634005027105866
3040,1728413229.454,1,220,0,0,185,0,0,3,476193549,-1223624716,0.0,0.6000000238418579,3.7300021648406982,0.0,0.0,0.0,0.0,3.7300021648406982,0.0,27,15000,47.6193549,-122.3624716,2.6367831113269222
3041,1728413229.6999998,1,220,0,0,185,0,0,3,476193549,-1223624716,0.0,0.6000000238418579,3.7300021648406982,0.0,0.0,0.0,0.0,3.7300021648406982,0.0,27,15000,47.6193549,-122.3624716,2.651464940410369
3042,1728413229.977,1,220,0,0,185,0,0,3,476193556,-1223624738,0.0,0.6000000238418579,3.546738386154175,0.0,0.0,0.0,0.0,3.546738386154175,0.0,27,15000,47.6193556,-122.3624738,2.6451527195373603
3043,1728413230.224,1,220,0,0,185,0,0,3,476193556,-1223624738,0.0,0.6000000238418579,3.546738386154175,0.0,0.0,0.0,0.0,3.546738386154175,0.0,27,15000,47.6193556,-122.3624738,2.649357522096671
3044,1728413230.5089998,1,220,0,0,185,0,0,3,476193533,-1223624696,0.0,0.6000000238418579,3.4849305152893066,0.0,0.0,0.0,0.0,3.4849305152893066,0.0,27,15000,47.6193533,-122.3624696,3.482500416806986
3045,1728413230.7549999,1,220,0,0,185,0,0,3,476193533,-1223624696,0.0,0.6000000238418579,3.4849305152893066,0.0,0.0,0.0,0.0,3.4849305152893066,0.0,27,15000,47.6193533,-122.3624696,3.4340658632129926
3046,1728413231.0249999,1,220,0,0,185,0,0,3,476193521,-1223624681,0.0,0.6000000238418579,3.3743581771850586,0.0,0.0,0.0,0.0,3.3743581771850586,0.0,27,15100,47.6193521,-122.3624681,3.437016666151097
3047,1728413231.26,1,220,0,0,185,0,0,3,476193521,-1223624681,0.0,0.6000000238418579,3.3743581771850586,0.0,0.0,0.0,0.0,3.3743581771850586,0.0,27,15100,47.6193521,-122.3624681,3.4387895551017476
3048,1728413232.113,1,220,0,0,185,0,0,3,476193515,-1223624704,0.0,0.6000000238418579,3.299595594406128,0.0,0.0,0.0,0.0,3.299595594406128,0.0,27,15100,47.6193515,-122.3624704,3.4536350167609378
3049,1728413232.3439999,1,220,0,0,185,0,0,3,476193515,-1223624704,0.0,0.6000000238418579,3.299595594406128,0.0,0.0,0.0,0.0,3.299595594406128,0.0,27,15100,47.6193515,-122.3624704,3.432297980757857
3050,1728413232.612,1,220,0,0,185,0,0,3,476193513,-1223624709,0.0,0.6000000238418579,2.9204227924346924,0.0,0.0,0.0,0.0,2.9204227924346924,0.0,27,15100,47.6193513,-122.3624709,3.4488704801661356
3051,1728413232.853,1,220,0,0,185,0,0,3,476193513,-1223624709,0.0,0.6000000238418579,2.9204227924346924,0.0,0.0,0.0,0.0,2.9204227924346924,0.0,27,15100,47.6193513,-122.3624709,3.424071173720648
3052,1728413233.141,1,220,0,0,185,0,0,3,476193517,-1223624719,0.0,0.6000000238418579,2.7366323471069336,0.0,0.0,0.0,0.0,2.7366323471069336,0.0,27,15200,47.6193517,-122.3624719,3.434655702769373
3053,1728413233.392,1,220,0,0,185,0,0,3,476193517,-1223624719,0.0,0.6000000238418579,2.7366323471069336,0.0,0.0,0.0,0.0,2.7366323471069336,0.0,27,15200,47.6193517,-122.3624719,3.4299434934460034
3054,1728413233.642,1,220,0,0,185,0,0,3,476193515,-1223624728,0.0,0.6000000238418579,2.6684155464172363,0.0,0.0,0.0,0.0,2.6684155464172363,0.0,27,15300,47.6193515,-122.3624728,3.4399724034806654
3055,1728413233.97,1,220,0,0,185,0,0,3,476193506,-1223624730,0.0,0.6000000238418579,2.582667112350464,0.0,0.0,0.0,0.0,2.582667112350464,0.0,27,15300,47.6193506,-122.362473,3.4322978403213393
3056,1728413234.2189999,1,220,0,0,185,0,0,3,476193506,-1223624730,0.0,0.6000000238418579,2.582667112350464,0.0,0.0,0.0,0.0,2.582667112350464,0.0,27,15300,47.6193506,-122.362473,3.4429333701953877
3057,1728413234.501,1,220,0,0,185,0,0,3,476193497,-1223624727,0.0,0.6000000238418579,2.4264934062957764,0.0,0.0,0.0,0.0,2.4264934062957764,0.0,27,15300,47.6193497,-122.3624727,3.13038037111649
3058,1728413234.7489998,1,220,0,0,185,0,0,3,476193497,-1223624727,0.0,0.6000000238418579,2.4264934062957764,0.0,0.0,0.0,0.0,2.4264934062957764,0.0,27,15300,47.6193497,-122.3624727,3.4506556222975835
3059,1728413235.0349998,1,220,0,0,185,0,0,3,476193495,-1223624731,0.0,0.6000000238418579,2.3904829025268555,0.0,0.0,0.0,0.0,2.3904829025268555,0.0,27,15300,47.6193495,-122.3624731,3.4500602750281817
3060,1728413235.253,1,220,0,0,185,0,0,3,476193495,-1223624731,0.0,0.6000000238418579,2.3904829025268555,0.0,0.0,0.0,0.0,2.3904829025268555,0.0,27,15300,47.6193495,-122.3624731,3.443526260136433
3061,1728413235.541,1,220,0,0,185,0,0,3,476193490,-1223624733,0.0,0.6000000238418579,2.363576889038086,0.0,0.0,0.0,0.0,2.363576889038086,0.0,27,15300,47.619349,-122.3624733,3.416467319305274
3062,1728413235.8,1,220,0,0,185,0,0,3,476193490,-1223624733,0.0,0.6000000238418579,2.363576889038086,0.0,0.0,0.0,0.0,2.363576889038086,0.0,27,15300,47.619349,-122.3624733,3.442933511503584
3063,1728413236.0549998,1,220,0,0,185,0,0,3,476193483,-1223624735,0.0,0.6000000238418579,2.360887050628662,0.0,0.0,0.0,0.0,2.360887050628662,0.0,27,15300,47.6193483,-122.3624735,3.4411562070360966
3064,1728413236.323,1,220,0,0,185,0,0,3,476193483,-1223624735,0.0,0.6000000238418579,2.360887050628662,0.0,0.0,0.0,0.0,2.360887050628662,0.0,27,15300,47.6193483,-122.3624735,3.4065746592687467
3065,1728413236.582,1,220,0,0,185,0,0,3,476193432,-1223624648,0.0,0.6000000238418579,2.3181369304656982,0.0,0.0,0.0,0.0,2.3181369304656982,0.0,27,15300,47.6193432,-122.3624648,3.4770515479882063
3066,1728413236.8339999,1,220,0,0,185,0,0,3,476193432,-1223624648,0.0,0.6000000238418579,2.3181369304656982,0.0,0.0,0.0,0.0,2.3181369304656982,0.0,27,15300,47.6193432,-122.3624648,3.454231456263985
3067,1728413237.649,1,220,0,0,185,0,0,3,476193387,-1223624588,0.0,0.6000000238418579,2.454336643218994,0.0,0.0,0.0,0.0,2.454336643218994,0.0,27,15300,47.6193387,-122.3624588,3.4922297898831673
3068,1728413237.909,1,220,0,0,185,0,0,3,476193361,-1223624563,0.0,0.6000000238418579,2.313305377960205,0.0,0.0,0.0,0.0,2.313305377960205,0.0,27,15300,47.6193361,-122.3624563,3.4794710326411122
3069,1728413238.141,1,220,0,0,185,0,0,3,476193361,-1223624563,0.0,0.6000000238418579,2.313305377960205,0.0,0.0,0.0,0.0,2.313305377960205,0.0,27,15300,47.6193361,-122.3624563,3.492839635610142
3070,1728413238.4199998,1,220,0,0,185,0,0,3,476193361,-1223624563,0.0,0.6000000238418579,2.313305377960205,0.0,0.0,0.0,0.0,2.313305377960205,0.0,27,15300,47.6193361,-122.3624563,3.4417484850101134
3071,1728413238.707,1,220,0,0,185,0,0,3,476193342,-1223624547,0.0,0.6000000238418579,2.282522439956665,0.0,0.0,0.0,0.0,2.282522439956665,0.0,27,15300,47.6193342,-122.3624547,3.4812880014618024
3072,1728413238.9499998,1,220,0,0,185,0,0,3,476193364,-1223624606,0.0,0.6000000238418579,2.280838966369629,0.0,0.0,0.0,0.0,2.280838966369629,0.0,27,15300,47.6193364,-122.3624606,3.474635137977503
3073,1728413239.204,1,220,0,0,185,0,0,3,476193364,-1223624606,0.0,0.6000000238418579,2.280838966369629,0.0,0.0,0.0,0.0,2.280838966369629,0.0,27,15300,47.6193364,-122.3624606,3.4800765743892312
3074,1728413239.513,1,220,0,0,185,0,0,3,476193369,-1223624634,0.0,0.6000000238418579,2.3121697902679443,0.0,0.0,0.0,0.0,2.3121697902679443,0.0,27,15300,47.6193369,-122.3624634,3.4806821825183416
3075,1728413239.722,1,220,0,0,185,0,0,3,476193369,-1223624634,0.0,0.6000000238418579,2.3121697902679443,0.0,0.0,0.0,0.0,2.3121697902679443,0.0,27,15300,47.6193369,-122.3624634,3.4885750378525375
3076,1728413240.0089998,1,220,0,0,185,0,0,3,476193372,-1223624651,0.0,0.6000000238418579,2.348175048828125,0.0,0.0,0.0,0.0,2.348175048828125,0.0,27,15300,47.6193372,-122.3624651,3.4704147076668845
3077,1728413240.228,1,220,0,0,185,0,0,3,476193372,-1223624651,0.0,0.6000000238418579,2.348175048828125,0.0,0.0,0.0,0.0,2.348175048828125,0.0,27,15300,47.6193372,-122.3624651,3.648303622631656
3078,1728413240.497,1,220,0,0,185,0,0,3,476193349,-1223624625,0.0,0.6000000238418579,2.402845621109009,0.0,0.0,0.0,0.0,2.402845621109009,0.0,27,15300,47.6193349,-122.3624625,3.6146755878506753
3079,1728413240.761,1,220,0,0,185,0,0,3,476193349,-1223624625,0.0,0.6000000238418579,2.402845621109009,0.0,0.0,0.0,0.0,2.402845621109009,0.0,27,15300,47.6193349,-122.3624625,3.6042531573169114
3080,1728413241.064,1,220,0,0,185,0,0,3,476193324,-1223624596,0.0,0.6000000238418579,2.4360578060150146,0.0,0.0,0.0,0.0,2.4360578060150146,0.0,27,15200,47.6193324,-122.3624596,3.627130822743402
3081,1728413241.286,1,220,0,0,185,0,0,3,476193324,-1223624596,0.0,0.6000000238418579,2.4360578060150146,0.0,0.0,0.0,0.0,2.4360578060150146,0.0,27,15200,47.6193324,-122.3624596,3.6463081827735553
3082,1728413241.556,1,220,0,0,185,0,0,3,476193312,-1223624582,0.0,0.6000000238418579,2.555345058441162,0.0,0.0,0.0,0.0,2.555345058441162,0.0,27,15000,47.6193312,-122.3624582,3.631081973179469
3083,1728413241.8019998,1,220,0,0,185,0,0,3,476193312,-1223624582,0.0,0.6000000238418579,2.555345058441162,0.0,0.0,0.0,0.0,2.555345058441162,0.0,27,15000,47.6193312,-122.3624582,3.6463081827735553
3084,1728413242.069,1,220,0,0,185,0,0,3,476193317,-1223624611,0.0,0.6000000238418579,2.6095848083496094,0.0,0.0,0.0,0.0,2.6095848083496094,0.0,27,14900,47.6193317,-122.3624611,3.6609922490174127
3085,1728413242.3149998,1,220,0,0,185,0,0,3,476193317,-1223624611,0.0,0.6000000238418579,2.6095848083496094,0.0,0.0,0.0,0.0,2.6095848083496094,0.0,27,14900,47.6193317,-122.3624611,3.6212203500077984
3086,1728413242.597,1,220,0,0,185,0,0,3,476193317,-1223624611,0.0,0.6000000238418579,2.6095848083496094,0.0,0.0,0.0,0.0,2.6095848083496094,0.0,27,14900,47.6193317,-122.3624611,3.637686335519545
3087,1728413243.1309998,1,220,0,0,185,0,0,3,476193341,-1223624677,0.0,0.6000000238418579,2.9387571811676025,0.0,0.0,0.0,0.0,2.9387571811676025,0.0,27,14900,47.6193341,-122.3624677,3.615328952557203
3088,1728413243.442,1,220,0,0,185,0,0,3,476193341,-1223624677,0.0,0.6000000238418579,2.7542707920074463,0.0,0.0,0.0,0.0,2.7542707920074463,0.0,27,14900,47.6193341,-122.3624677,3.6225322100439645
3089,1728413243.6899998,1,220,0,0,185,0,0,3,476193347,-1223624703,0.0,0.6000000238418579,2.7542707920074463,0.0,0.0,0.0,0.0,2.7542707920074463,0.0,27,14900,47.6193347,-122.3624703,3.61990943977892
3090,1728413243.934,1,220,0,0,185,0,0,3,476193343,-1223624714,0.0,0.6000000238418579,2.6834592819213867,0.0,0.0,0.0,0.0,2.6834592819213867,0.0,27,14900,47.6193343,-122.3624714,2.6378264250486296
3091,1728413244.192,1,220,0,0,185,0,0,3,476193343,-1223624714,0.0,0.6000000238418579,2.6834592819213867,0.0,0.0,0.0,0.0,2.6834592819213867,0.0,27,14900,47.6193343,-122.3624714,2.634351946773115
3092,1728413244.458,1,220,0,0,185,0,0,3,476193336,-1223624711,0.0,0.6000000238418579,2.706749200820923,0.0,0.0,0.0,0.0,2.706749200820923,0.0,27,14900,47.6193336,-122.3624711,2.6315789803903855
3093,1728413244.689,1,220,0,0,185,0,0,3,476193336,-1223624711,0.0,0.6000000238418579,2.706749200820923,0.0,0.0,0.0,0.0,2.706749200820923,0.0,27,14900,47.6193336,-122.3624711,2.630886609447253
3094,1728413244.9759998,1,220,0,0,185,0,0,3,476193305,-1223624662,0.0,0.6000000238418579,2.6940019130706787,0.0,0.0,0.0,0.0,2.6940019130706787,0.0,27,14900,47.6193305,-122.3624662,2.6267402693497472
3095,1728413245.245,1,220,0,0,185,0,0,3,476193305,-1223624662,0.0,0.6000000238418579,2.6940019130706787,0.0,0.0,0.0,0.0,2.6940019130706787,0.0,27,14900,47.6193305,-122.3624662,2.623638937384395
3096,1728413245.507,1,220,0,0,185,0,0,3,476193290,-1223624658,0.0,0.6000000238418579,2.5953080654144287,0.0,0.0,0.0,0.0,2.5953080654144287,0.0,27,14900,47.619329,-122.3624658,2.634698957836628
3097,1728413245.76,1,220,0,0,185,0,0,3,476193290,-1223624658,0.0,0.6000000238418579,2.5953080654144287,0.0,0.0,0.0,0.0,2.5953080654144287,0.0,27,14900,47.619329,-122.3624658,2.7192386061365927
3098,1728413246.018,1,220,0,0,185,0,0,3,476193294,-1223624685,0.0,0.6000000238418579,2.6715216636657715,0.0,0.0,0.0,0.0,2.6715216636657715,0.0,27,14900,47.6193294,-122.3624685,2.742731740028933
3099,1728413246.286,1,220,0,0,185,0,0,3,476193294,-1223624685,0.0,0.6000000238418579,2.6715216636657715,0.0,0.0,0.0,0.0,2.6715216636657715,0.0,27,14900,47.6193294,-122.3624685,2.7393507294968353
3100,1728413248.646,1,220,0,0,185,0,0,3,476193292,-1223624736,0.0,0.6000000238418579,3.538957118988037,0.0,0.0,0.0,0.0,3.538957118988037,0.0,27,14900,47.6193292,-122.3624736,2.7359781335915083
3101,1728413248.878,1,220,0,0,185,0,0,3,476193292,-1223624736,0.0,0.6000000238418579,3.538957118988037,0.0,0.0,0.0,0.0,3.538957118988037,0.0,27,14900,47.6193292,-122.3624736,2.7307481802109783
3102,1728413249.156,1,220,0,0,185,0,0,3,476193288,-1223624753,0.0,0.6000000238418579,3.0590898990631104,0.0,0.0,0.0,0.0,3.0590898990631104,0.0,27,14900,47.6193288,-122.3624753,2.729630171355831
3103,1728413249.4039998,1,220,0,0,185,0,0,3,476193288,-1223624753,0.0,0.6000000238418579,3.0590898990631104,0.0,0.0,0.0,0.0,3.0590898990631104,0.0,27,14900,47.6193288,-122.3624753,2.7192386061365927
3104,1728413249.6829998,1,220,0,0,185,0,0,3,476193257,-1223624703,0.0,0.6000000238418579,2.98232102394104,0.0,0.0,0.0,0.0,2.98232102394104,0.0,27,14900,47.6193257,-122.3624703,2.73785076211208
3105,1728413249.938,1,220,0,0,185,0,0,3,476193257,-1223624703,0.0,0.6000000238418579,2.8035523891448975,0.0,0.0,0.0,0.0,2.8035523891448975,0.0,27,14900,47.6193257,-122.3624703,2.7192386061365927
3106,1728413250.188,1,220,0,0,185,0,0,3,476193255,-1223624717,0.0,0.6000000238418579,2.8035523891448975,0.0,0.0,0.0,0.0,2.8035523891448975,0.0,27,14900,47.6193255,-122.3624717,2.7408524308893245
3107,1728413250.4859998,1,220,0,0,185,0,0,3,476193255,-1223624736,0.0,0.6000000238418579,2.666769027709961,0.0,0.0,0.0,0.0,2.666769027709961,0.0,27,14900,47.6193255,-122.3624736,2.727396720422855
3108,1728413250.734,1,220,0,0,185,0,0,3,476193255,-1223624736,0.0,0.6000000238418579,2.666769027709961,0.0,0.0,0.0,0.0,2.666769027709961,0.0,27,14900,47.6193255,-122.3624736,2.7412280687421937
3109,1728413250.991,1,220,0,0,185,0,0,3,476193257,-1223624755,0.0,0.6000000238418579,2.584672212600708,0.0,0.0,0.0,0.0,2.584672212600708,0.0,27,14900,47.6193257,-122.3624755,2.750275089539752
3110,1728413251.244,1,220,0,0,185,0,0,3,476193257,-1223624755,0.0,0.6000000238418579,2.584672212600708,0.0,0.0,0.0,0.0,2.584672212600708,0.0,27,14900,47.6193257,-122.3624755,3.6616623064993417
3111,1728413251.516,1,220,0,0,185,0,0,3,476193252,-1223624759,0.0,0.6000000238418579,2.5326361656188965,0.0,0.0,0.0,0.0,2.5326361656188965,0.0,27,14900,47.6193252,-122.3624759,3.640334938615678
3112,1728413251.7849998,1,220,0,0,185,0,0,3,476193252,-1223624759,0.0,0.6000000238418579,2.5326361656188965,0.0,0.0,0.0,0.0,2.5326361656188965,0.0,27,14900,47.6193252,-122.3624759,3.643650883797114
3113,1728413252.044,1,220,0,0,185,0,0,3,476193247,-1223624764,0.0,0.6000000238418579,2.5093047618865967,0.0,0.0,0.0,0.0,2.5093047618865967,0.0,27,14900,47.6193247,-122.3624764,3.6456434155099497
3114,1728413252.281,1,220,0,0,185,0,0,3,476193247,-1223624764,0.0,0.6000000238418579,2.5093047618865967,0.0,0.0,0.0,0.0,2.5093047618865967,0.0,27,14900,47.6193247,-122.3624764,3.649635023793565
3115,1728413252.6,1,220,0,0,185,0,0,3,476193245,-1223624782,0.0,0.6000000238418579,2.476757526397705,0.0,0.0,0.0,0.0,2.476757526397705,0.0,27,14900,47.6193245,-122.3624782,3.62713097957608
3116,1728413252.804,1,220,0,0,185,0,0,3,476193245,-1223624782,0.0,0.6000000238418579,2.476757526397705,0.0,0.0,0.0,0.0,2.476757526397705,0.0,27,14900,47.6193245,-122.3624782,3.646973033962953
3117,1728413253.093,1,220,0,0,185,0,0,3,476193239,-1223624797,0.0,0.6000000238418579,2.4646503925323486,0.0,0.0,0.0,0.0,2.4646503925323486,0.0,27,14900,47.6193239,-122.3624797,3.6643457913225075
3118,1728413253.314,1,220,0,0,185,0,0,3,476193239,-1223624797,0.0,0.6000000238418579,2.4646503925323486,0.0,0.0,0.0,0.0,2.4646503925323486,0.0,27,14900,47.6193239,-122.3624797,3.66300363741163
3119,1728413253.5579998,1,220,0,0,185,0,0,3,476193239,-1223624797,0.0,0.6000000238418579,2.4646503925323486,0.0,0.0,0.0,0.0,2.4646503925323486,0.0,27,14900,47.6193239,-122.3624797,3.658313512363139
3120,1728413254.108,1,220,0,0,185,0,0,3,476193232,-1223624796,0.0,0.6000000238418579,2.6105082035064697,0.0,0.0,0.0,0.0,2.6105082035064697,0.0,27,14900,47.6193232,-122.3624796,3.6159827093722297
3121,1728413254.372,1,220,0,0,185,0,0,3,476193232,-1223624796,0.0,0.6000000238418579,2.6105082035064697,0.0,0.0,0.0,0.0,2.6105082035064697,0.0,27,14900,47.6193232,-122.3624796,3.6107601980333457
3122,1728413254.645,1,220,0,0,185,0,0,3,476193228,-1223624805,0.0,0.6000000238418579,2.4785664081573486,0.0,0.0,0.0,0.0,2.4785664081573486,0.0,27,14900,47.6193228,-122.3624805,3.6231884183164556
3123,1728413254.8899999,1,220,0,0,185,0,0,3,476193228,-1223624805,0.0,0.6000000238418579,2.4785664081573486,0.0,0.0,0.0,0.0,2.4785664081573486,0.0,27,14900,47.6193228,-122.3624805,3.6192544185960625
3124,1728413255.1629999,1,220,0,0,185,0,0,3,476193194,-1223624773,0.0,0.6000000238418579,2.438016653060913,0.0,0.0,0.0,0.0,2.438016653060913,0.0,27,14900,47.6193194,-122.3624773,3.6127167542928156
3125,1728413255.452,1,220,0,0,185,0,0,3,476193173,-1223624751,0.0,0.6000000238418579,2.465919017791748,0.0,0.0,0.0,0.0,2.465919017791748,0.0,27,14900,47.6193173,-122.3624751,3.658313512363139
3126,1728413255.672,1,220,0,0,185,0,0,3,476193173,-1223624751,0.0,0.6000000238418579,2.465919017791748,0.0,0.0,0.0,0.0,2.465919017791748,0.0,27,14900,47.6193173,-122.3624751,3.631741440136545
3127,1728413255.944,1,220,0,0,185,0,0,3,476193176,-1223624764,0.0,0.6000000238418579,2.5012195110321045,0.0,0.0,0.0,0.0,2.5012195110321045,0.0,27,14900,47.6193176,-122.3624764,3.63504174123386
3128,1728413256.194,1,220,0,0,185,0,0,3,476193176,-1223624764,0.0,0.6000000238418579,2.5012195110321045,0.0,0.0,0.0,0.0,2.5012195110321045,0.0,27,14900,47.6193176,-122.3624764,3.615328952557203
3129,1728413256.458,1,220,0,0,185,0,0,3,476193171,-1223624771,0.0,0.6000000238418579,2.510371446609497,0.0,0.0,0.0,0.0,2.510371446609497,0.0,27,14800,47.6193171,-122.3624771,3.285690745454233
3130,1728413256.7749999,1,220,0,0,185,0,0,3,476193171,-1223624771,0.0,0.6000000238418579,2.510371446609497,0.0,0.0,0.0,0.0,2.510371446609497,0.0,27,14800,47.6193171,-122.3624771,3.4340660037942285
3131,1728413257.0549998,1,220,0,0,185,0,0,3,476193168,-1223624784,0.0,0.6000000238418579,2.482013463973999,0.0,0.0,0.0,0.0,2.482013463973999,0.0,27,14800,47.6193168,-122.3624784,3.457217031552196
3132,1728413257.3049998,1,220,0,0,185,0,0,3,476193168,-1223624784,0.0,0.6000000238418579,2.482013463973999,0.0,0.0,0.0,0.0,2.482013463973999,0.0,27,14800,47.6193168,-122.3624784,3.454231456263985
3133,1728413257.57,1,220,0,0,185,0,0,3,476193161,-1223624787,0.0,0.6000000238418579,2.4595305919647217,0.0,0.0,0.0,0.0,2.4595305919647217,0.0,27,14800,47.6193161,-122.3624787,3.4417483437991745
3134,1728413257.817,1,220,0,0,185,0,0,3,476193161,-1223624787,0.0,0.6000000238418579,2.4595305919647217,0.0,0.0,0.0,0.0,2.4595305919647217,0.0,27,14800,47.6193161,-122.3624787,3.4590106841376107
3135,1728413258.067,1,220,0,0,185,0,0,3,476193150,-1223624775,0.0,0.6000000238418579,2.473597764968872,0.0,0.0,0.0,0.0,2.473597764968872,0.0,27,14800,47.619315,-122.3624775,3.4861425901857652
3136,1728413258.3109999,1,220,0,0,185,0,0,3,476193150,-1223624775,0.0,0.6000000238418579,2.473597764968872,0.0,0.0,0.0,0.0,2.473597764968872,0.0,27,14800,47.619315,-122.3624775,3.4500604169220024
3137,1728413258.595,1,220,0,0,185,0,0,3,476193149,-1223624788,0.0,0.6000000238418579,2.446781873703003,0.0,0.0,0.0,0.0,2.446781873703003,0.0,27,14700,47.6193149,-122.3624788,3.454828101811693
3138,1728413258.846,1,220,0,0,185,0,0,3,476193149,-1223624788,0.0,0.6000000238418579,2.446781873703003,0.0,0.0,0.0,0.0,2.446781873703003,0.0,27,14700,47.6193149,-122.3624788,3.4429333701953877
3139,1728413259.645,1,220,0,0,185,0,0,3,476193138,-1223624797,0.0,0.6000000238418579,2.6384377479553223,0.0,0.0,0.0,0.0,2.6384377479553223,0.0,27,14500,47.6193138,-122.3624797,3.4512510330785924
3140,1728413259.932,1,220,0,0,185,0,0,3,476193138,-1223624797,0.0,0.6000000238418579,2.4700450897216797,0.0,0.0,0.0,0.0,2.4700450897216797,0.0,27,14500,47.6193138,-122.3624797,3.4849276379474134
3141,1728413260.1569998,1,220,0,0,185,0,0,3,476193119,-1223624782,0.0,0.6000000238418579,2.4700450897216797,0.0,0.0,0.0,0.0,2.4700450897216797,0.0,27,14400,47.6193119,-122.3624782,3.497726371616665
3142,1728413260.435,1,220,0,0,185,0,0,3,476193119,-1223624782,0.0,0.6000000238418579,2.44346284866333,0.0,0.0,0.0,0.0,2.44346284866333,0.0,27,14400,47.6193119,-122.3624782,3.4843205517022526
3143,1728413260.701,1,220,0,0,185,0,0,3,476193109,-1223624766,0.0,0.6000000238418579,2.44346284866333,0.0,0.0,0.0,0.0,2.44346284866333,0.0,27,14400,47.6193109,-122.3624766,3.505696804112785
3144,1728413260.945,1,220,0,0,185,0,0,3,476193100,-1223624770,0.0,0.6000000238418579,2.462613821029663,0.0,0.0,0.0,0.0,2.462613821029663,0.0,27,14400,47.61931,-122.362477,3.4716195599250685
3145,1728413261.189,1,220,0,0,185,0,0,3,476193100,-1223624770,0.0,0.6000000238418579,2.462613821029663,0.0,0.0,0.0,0.0,2.462613821029663,0.0,27,14400,47.61931,-122.362477,3.4716195599250685
3146,1728413261.4689999,1,220,0,0,185,0,0,3,476193078,-1223624762,0.0,0.6000000238418579,2.439614772796631,0.0,0.0,0.0,0.0,2.439614772796631,0.0,27,14500,47.6193078,-122.3624762,3.4716194162523415
3147,1728413261.733,1,220,0,0,185,0,0,3,476193078,-1223624762,0.0,0.6000000238418579,2.439614772796631,0.0,0.0,0.0,0.0,2.439614772796631,0.0,27,14500,47.6193078,-122.3624762,3.4740316321033577
3148,1728413262.003,1,220,0,0,185,0,0,3,476193043,-1223624705,0.0,0.6000000238418579,2.4436910152435303,0.0,0.0,0.0,0.0,2.4436910152435303,0.0,27,14500,47.6193043,-122.3624705,3.4849276379474134
3149,1728413262.253,1,220,0,0,185,0,0,3,476193043,-1223624705,0.0,0.6000000238418579,2.4436910152435303,0.0,0.0,0.0,0.0,2.4436910152435303,0.0,27,14500,47.6193043,-122.3624705,3.644979048972749
3150,1728413262.514,1,220,0,0,185,0,0,3,476193023,-1223624674,0.0,0.6000000238418579,2.497908592224121,0.0,0.0,0.0,0.0,2.497908592224121,0.0,27,14500,47.6193023,-122.3624674,3.6724200579804553
3151,1728413262.773,1,220,0,0,185,0,0,3,476193023,-1223624674,0.0,0.6000000238418579,2.497908592224121,0.0,0.0,0.0,0.0,2.497908592224121,0.0,27,14500,47.6193023,-122.3624674,3.6390101551304133
3152,1728413263.0449998,1,220,0,0,185,0,0,3,476193010,-1223624668,0.0,0.6000000238418579,2.5551745891571045,0.0,0.0,0.0,0.0,2.5551745891571045,0.0,27,14400,47.619301,-122.3624668,3.6231884183164556
3153,1728413263.2749999,1,220,0,0,185,0,0,3,476193010,-1223624668,0.0,0.6000000238418579,2.5551745891571045,0.0,0.0,0.0,0.0,2.5551745891571045,0.0,27,14400,47.619301,-122.3624668,3.657644520336085
3154,1728413263.5779998,1,220,0,0,185,0,0,3,476193027,-1223624725,0.0,0.6000000238418579,2.548677921295166,0.0,0.0,0.0,0.0,2.548677921295166,0.0,27,14400,47.6193027,-122.3624725,3.644314924534089
3155,1728413263.8279998,1,220,0,0,185,0,0,3,476193027,-1223624725,0.0,0.6000000238418579,2.548677921295166,0.0,0.0,0.0,0.0,2.548677921295166,0.0,27,14400,47.6193027,-122.3624725,3.6212203500077984
3156,1728413264.072,1,220,0,0,185,0,0,3,476193017,-1223624716,0.0,0.6000000238418579,2.5271403789520264,0.0,0.0,0.0,0.0,2.5271403789520264,0.0,27,14400,47.6193017,-122.3624716,3.646973033962953
3157,1728413264.352,1,220,0,0,185,0,0,3,476193017,-1223624716,0.0,0.6000000238418579,2.5271403789520264,0.0,0.0,0.0,0.0,2.5271403789520264,0.0,27,14400,47.6193017,-122.3624716,3.6583136719040112
3158,1728413264.585,1,220,0,0,185,0,0,3,476193017,-1223624716,0.0,0.6000000238418579,2.5271403789520264,0.0,0.0,0.0,0.0,2.5271403789520264,0.0,27,14400,47.6193017,-122.3624716,3.649635023793565
3159,1728413265.132,1,220,0,0,185,0,0,3,476192994,-1223624681,0.0,0.6000000238418579,2.792085886001587,0.0,0.0,0.0,0.0,2.792085886001587,0.0,27,14400,47.6192994,-122.3624681,3.608154440183669
3160,1728413265.378,1,220,0,0,185,0,0,3,476192994,-1223624681,0.0,0.6000000238418579,2.792085886001587,0.0,0.0,0.0,0.0,2.792085886001587,0.0,27,14400,47.6192994,-122.3624681,3.601656779429968
3161,1728413265.6529999,1,220,0,0,185,0,0,3,476192969,-1223624665,0.0,0.6000000238418579,2.6568827629089355,0.0,0.0,0.0,0.0,2.6568827629089355,0.0,27,14300,47.6192969,-122.3624665,3.6010083466250764
3162,1728413265.955,1,220,0,0,185,0,0,3,476192954,-1223624661,0.0,0.6000000238418579,2.630600929260254,0.0,0.0,0.0,0.0,2.630600929260254,0.0,27,14300,47.6192954,-122.3624661,3.608805449365887
3163,1728413266.169,1,220,0,0,185,0,0,3,476192954,-1223624661,0.0,0.6000000238418579,2.630600929260254,0.0,0.0,0.0,0.0,2.630600929260254,0.0,27,14300,47.6192954,-122.3624661,3.601656779429968
3164,1728413266.4329998,1,220,0,0,185,0,0,3,476192954,-1223624661,0.0,0.6000000238418579,2.657247543334961,0.0,0.0,0.0,0.0,2.657247543334961,0.0,27,14300,47.6192954,-122.3624661,3.6291053225183334
3165,1728413266.712,1,220,0,0,185,0,0,3,476192932,-1223624627,0.0,0.6000000238418579,2.657247543334961,0.0,0.0,0.0,0.0,2.657247543334961,0.0,27,14400,47.6192932,-122.3624627,3.6343812327362617
3166,1728413266.9529998,1,220,0,0,185,0,0,3,476192952,-1223624665,0.0,0.6000000238418579,2.632436752319336,0.0,0.0,0.0,0.0,2.632436752319336,0.0,27,14400,47.6192952,-122.3624665,3.6146755878506753
3167,1728413267.1999998,1,220,0,0,185,0,0,3,476192952,-1223624665,0.0,0.6000000238418579,2.632436752319336,0.0,0.0,0.0,0.0,2.632436752319336,0.0,27,14400,47.6192952,-122.3624665,3.6304230599114877
3168,1728413267.483,1,220,0,0,185,0,0,3,476192964,-1223624693,0.0,0.6000000238418579,2.6599392890930176,0.0,0.0,0.0,0.0,2.6599392890930176,0.0,27,14400,47.6192964,-122.3624693,3.036744625608617
3169,1728413267.796,1,220,0,0,185,0,0,3,476192964,-1223624693,0.0,0.6000000238418579,2.6599392890930176,0.0,0.0,0.0,0.0,2.6599392890930176,0.0,27,14400,47.6192964,-122.3624693,3.183192746185872
3170,1728413268.067,1,220,0,0,185,0,0,3,476192959,-1223624699,0.0,0.6000000238418579,2.651029348373413,0.0,0.0,0.0,0.0,2.651029348373413,0.0,27,14400,47.6192959,-122.3624699,3.1710797919744005
3171,1728413268.327,1,220,0,0,185,0,0,3,476192959,-1223624699,0.0,0.6000000238418579,2.651029348373413,0.0,0.0,0.0,0.0,2.651029348373413,0.0,27,14400,47.6192959,-122.3624699,3.1715826226051287
3172,1728413268.587,1,220,0,0,185,0,0,3,476192942,-1223624673,0.0,0.6000000238418579,2.6722054481506348,0.0,0.0,0.0,0.0,2.6722054481506348,0.0,27,14400,47.6192942,-122.3624673,3.2035880029207515
3173,1728413268.8279998,1,220,0,0,185,0,0,3,476192942,-1223624673,0.0,0.6000000238418579,2.6722054481506348,0.0,0.0,0.0,0.0,2.6722054481506348,0.0,27,14400,47.6192942,-122.3624673,3.183699425905374
3174,1728413269.089,1,220,0,0,185,0,0,3,476192929,-1223624645,0.0,0.6000000238418579,2.676121950149536,0.0,0.0,0.0,0.0,2.676121950149536,0.0,28,14400,47.6192929,-122.3624645,3.197953214300936
3175,1728413269.3309999,1,220,0,0,185,0,0,3,476192929,-1223624645,0.0,0.6000000238418579,2.676121950149536,0.0,0.0,0.0,0.0,2.676121950149536,0.0,28,14400,47.6192929,-122.3624645,3.2015367483865718
3176,1728413269.605,1,220,0,0,185,0,0,3,476192919,-1223624639,0.0,0.6000000238418579,2.69708251953125,0.0,0.0,0.0,0.0,2.69708251953125,0.0,28,14400,47.6192919,-122.3624639,3.081664094084894
3177,1728413269.8609998,1,220,0,0,185,0,0,3,476192919,-1223624639,0.0,0.6000000238418579,2.69708251953125,0.0,0.0,0.0,0.0,2.69708251953125,0.0,28,14400,47.6192919,-122.3624639,3.1675640781070427
3178,1728413271.171,1,220,0,0,185,0,0,3,476192924,-1223624638,0.0,0.6000000238418579,3.0220727920532227,0.0,0.0,0.0,0.0,3.0220727920532227,0.0,28,14400,47.6192924,-122.3624638,3.187251068675685
3179,1728413271.415,1,220,0,0,185,0,0,3,476192924,-1223624638,0.0,0.6000000238418579,3.0220727920532227,0.0,0.0,0.0,0.0,3.0220727920532227,0.0,28,14400,47.6192924,-122.3624638,3.2025621083273257
3180,1728413271.685,1,220,0,0,185,0,0,3,476192916,-1223624623,0.0,0.6000000238418579,2.7035789489746094,0.0,0.0,0.0,0.0,2.7035789489746094,0.0,28,14400,47.6192916,-122.3624623,3.0637254355914303
3181,1728413271.9589999,1,220,0,0,185,0,0,3,476192921,-1223624634,0.0,0.6000000238418579,2.666426420211792,0.0,0.0,0.0,0.0,2.666426420211792,0.0,28,14400,47.6192921,-122.3624634,3.190301456311935
3182,1728413272.198,1,220,0,0,185,0,0,3,476192921,-1223624634,0.0,0.6000000238418579,2.666426420211792,0.0,0.0,0.0,0.0,2.666426420211792,0.0,28,14400,47.6192921,-122.3624634,3.20769840765454
3183,1728413272.451,1,220,0,0,185,0,0,3,476192923,-1223624629,0.0,0.6000000238418579,2.6047616004943848,0.0,0.0,0.0,0.0,2.6047616004943848,0.0,28,14400,47.6192923,-122.3624629,3.2035880029207515
3184,1728413272.687,1,220,0,0,185,0,0,3,476192923,-1223624629,0.0,0.6000000238418579,2.6047616004943848,0.0,0.0,0.0,0.0,2.6047616004943848,0.0,28,14400,47.6192923,-122.3624629,3.20564201015719
3185,1728413272.9589999,1,220,0,0,185,0,0,3,476192935,-1223624652,0.0,0.6000000238418579,2.6041946411132812,0.0,0.0,0.0,0.0,2.6041946411132812,0.0,28,14500,47.6192935,-122.3624652,3.1994879969731405
3186,1728413273.4429998,1,220,0,0,185,0,0,3,476192935,-1223624652,0.0,0.6000000238418579,2.6041946411132812,0.0,0.0,0.0,0.0,2.6041946411132812,0.0,28,14500,47.6192935,-122.3624652,3.194888183780963
3187,1728413273.514,1,220,0,0,185,0,0,3,476192946,-1223624670,0.0,0.6000000238418579,2.5411322116851807,0.0,0.0,0.0,0.0,2.5411322116851807,0.0,28,14700,47.6192946,-122.362467,2.94854784350518
3188,1728413273.758,1,220,0,0,185,0,0,3,476192946,-1223624670,0.0,0.6000000238418579,2.5411322116851807,0.0,0.0,0.0,0.0,2.5411322116851807,0.0,28,14700,47.6192946,-122.362467,3.506311362793744
3189,1728413274.041,1,220,0,0,185,0,0,3,476192943,-1223624662,0.0,0.6000000238418579,2.5522329807281494,0.0,0.0,0.0,0.0,2.5522329807281494,0.0,28,14700,47.6192943,-122.3624662,3.493449839853509
3190,1728413274.595,1,220,0,0,185,0,0,3,476192943,-1223624662,0.0,0.6000000238418579,2.5522329807281494,0.0,0.0,0.0,0.0,2.5522329807281494,0.0,28,14700,47.6192943,-122.3624662,3.493449839853509
3191,1728413274.596,1,220,0,0,185,0,0,3,476192940,-1223624644,0.0,0.6000000238418579,2.5644261837005615,0.0,0.0,0.0,0.0,2.5644261837005615,0.0,28,14700,47.619294,-122.3624644,3.495281295583698
3192,1728413274.822,1,220,0,0,185,0,0,3,476192940,-1223624644,0.0,0.6000000238418579,2.5644261837005615,0.0,0.0,0.0,0.0,2.5644261837005615,0.0,28,14700,47.619294,-122.3624644,3.490401384542038
3193,1728413275.0709999,1,220,0,0,185,0,0,3,476192938,-1223624642,0.0,0.6000000238418579,2.5672032833099365,0.0,0.0,0.0,0.0,2.5672032833099365,0.0,28,14700,47.6192938,-122.3624642,3.4861425901857652
3194,1728413275.3279998,1,220,0,0,185,0,0,3,476192938,-1223624642,0.0,0.6000000238418579,2.5672032833099365,0.0,0.0,0.0,0.0,2.5672032833099365,0.0,28,14700,47.6192938,-122.3624642,3.4626040073227857
3195,1728413275.582,1,220,0,0,185,0,0,3,476192938,-1223624642,0.0,0.6000000238418579,2.5672032833099365,0.0,0.0,0.0,0.0,2.5672032833099365,0.0,28,14700,47.6192938,-122.3624642,3.4722222279711272
3196,1728413275.865,1,220,0,0,185,0,0,3,476192938,-1223624642,0.0,0.6000000238418579,2.5672032833099365,0.0,0.0,0.0,0.0,2.5672032833099365,0.0,28,14700,47.6192938,-122.3624642,3.590664162230098
3197,1728413276.6439998,1,220,0,0,185,0,0,3,476192915,-1223624596,0.0,0.6000000238418579,3.093599557876587,0.0,0.0,0.0,0.0,3.093599557876587,0.0,28,14700,47.6192915,-122.3624596,3.4782608695652173
3198,1728413276.875,1,220,0,0,185,0,0,3,476192915,-1223624596,0.0,0.6000000238418579,3.093599557876587,0.0,0.0,0.0,0.0,3.093599557876587,0.0,28,14700,47.6192915,-122.3624596,3.4578147090250417
3199,1728413277.1399999,1,220,0,0,185,0,0,3,476192910,-1223624589,0.0,0.6000000238418579,2.6246840953826904,0.0,0.0,0.0,0.0,2.6246840953826904,0.0,28,14700,47.619291,-122.3624589,3.454828101811693
3200,1728413277.4099998,1,220,0,0,185,0,0,3,476192910,-1223624589,0.0,0.6000000238418579,2.6246840953826904,0.0,0.0,0.0,0.0,2.6246840953826904,0.0,28,14700,47.619291,-122.3624589,3.654303067793343
3201,1728413277.681,1,220,0,0,185,0,0,3,476192908,-1223624601,0.0,0.6000000238418579,2.460610866546631,0.0,0.0,0.0,0.0,2.460610866546631,0.0,28,14700,47.6192908,-122.3624601,3.499562607238822
3202,1728413277.928,1,220,0,0,185,0,0,3,476192903,-1223624606,0.0,0.6000000238418579,2.44580340385437,0.0,0.0,0.0,0.0,2.44580340385437,0.0,28,14700,47.6192903,-122.3624606,3.4620045303244744
3203,1728413278.188,1,220,0,0,185,0,0,3,476192903,-1223624606,0.0,0.6000000238418579,2.44580340385437,0.0,0.0,0.0,0.0,2.44580340385437,0.0,28,14700,47.6192903,-122.3624606,3.460806341612359
3204,1728413278.4629998,1,220,0,0,185,0,0,3,476192892,-1223624597,0.0,0.6000000238418579,2.3617610931396484,0.0,0.0,0.0,0.0,2.3617610931396484,0.0,28,14700,47.6192892,-122.3624597,3.4524426133721913
3205,1728413278.7189999,1,220,0,0,185,0,0,3,476192892,-1223624597,0.0,0.6000000238418579,2.3617610931396484,0.0,0.0,0.0,0.0,2.3617610931396484,0.0,28,14700,47.6192892,-122.3624597,3.4596091246722156
3206,1728413279.013,1,220,0,0,185,0,0,3,476192886,-1223624575,0.0,0.6000000238418579,2.2933342456817627,0.0,0.0,0.0,0.0,2.2933342456817627,0.0,28,14700,47.6192886,-122.3624575,3.186743136880376
3207,1728413279.264,1,220,0,0,185,0,0,3,476192886,-1223624575,0.0,0.6000000238418579,2.2933342456817627,0.0,0.0,0.0,0.0,2.2933342456817627,0.0,28,14700,47.6192886,-122.3624575,3.465603793280397
3208,1728413279.5419998,1,220,0,0,185,0,0,3,476192877,-1223624564,0.0,0.6000000238418579,2.3141701221466064,0.0,0.0,0.0,0.0,2.3141701221466064,0.0,28,14600,47.6192877,-122.3624564,3.4620045303244744
3209,1728413279.83,1,220,0,0,185,0,0,3,476192877,-1223624564,0.0,0.6000000238418579,2.3141701221466064,0.0,0.0,0.0,0.0,2.3141701221466064,0.0,28,14600,47.6192877,-122.3624564,3.4644032553944526
3210,1728413280.0679998,1,220,0,0,185,0,0,3,476192877,-1223624573,0.0,0.6000000238418579,2.2838199138641357,0.0,0.0,0.0,0.0,2.2838199138641357,0.0,28,14600,47.6192877,-122.3624573,3.4680076537036055
3211,1728413280.3109999,1,220,0,0,185,0,0,3,476192877,-1223624573,0.0,0.6000000238418579,2.2838199138641357,0.0,0.0,0.0,0.0,2.2838199138641357,0.0,28,14600,47.6192877,-122.3624573,3.469210834898459
3212,1728413280.599,1,220,0,0,185,0,0,3,476192878,-1223624560,0.0,0.6000000238418579,2.268589496612549,0.0,0.0,0.0,0.0,2.268589496612549,0.0,28,14700,47.6192878,-122.362456,3.4764470584149554
3213,1728413280.85,1,220,0,0,185,0,0,3,476192878,-1223624560,0.0,0.6000000238418579,2.268589496612549,0.0,0.0,0.0,0.0,2.268589496612549,0.0,28,14700,47.6192878,-122.362456,3.4788658458609185
3214,1728413281.1209998,1,220,0,0,185,0,0,3,476192876,-1223624556,0.0,0.6000000238418579,2.2541654109954834,0.0,0.0,0.0,0.0,2.2541654109954834,0.0,28,14700,47.6192876,-122.3624556,3.4958922076342787
3215,1728413281.363,1,220,0,0,185,0,0,3,476192876,-1223624556,0.0,0.6000000238418579,2.2541654109954834,0.0,0.0,0.0,0.0,2.2541654109954834,0.0,28,14700,47.6192876,-122.3624556,3.4686090682501916
3216,1728413282.141,1,220,0,0,185,0,0,3,476192856,-1223624521,0.0,0.6000000238418579,2.3463165760040283,0.0,0.0,0.0,0.0,2.3463165760040283,0.0,28,14800,47.6192856,-122.3624521,3.4922297898831673
3217,1728413282.415,1,220,0,0,185,0,0,3,476192856,-1223624521,0.0,0.6000000238418579,2.1891424655914307,0.0,0.0,0.0,0.0,2.1891424655914307,0.0,28,14800,47.6192856,-122.3624521,3.472825105298088
3218,1728413282.652,1,220,0,0,185,0,0,3,476192847,-1223624500,0.0,0.6000000238418579,2.1891424655914307,0.0,0.0,0.0,0.0,2.1891424655914307,0.0,28,14900,47.6192847,-122.36245,3.5020135327065316
3219,1728413282.9129999,1,220,0,0,185,0,0,3,476192836,-1223624487,0.0,0.6000000238418579,2.115859270095825,0.0,0.0,0.0,0.0,2.115859270095825,0.0,28,14900,47.6192836,-122.3624487,3.52174684791237
3220,1728413283.1769998,1,220,0,0,185,0,0,3,476192836,-1223624487,0.0,0.6000000238418579,2.115859270095825,0.0,0.0,0.0,0.0,2.115859270095825,0.0,28,14900,47.6192836,-122.3624487,3.495281295583698
3221,1728413283.4459999,1,220,0,0,185,0,0,3,476192836,-1223624487,0.0,0.6000000238418579,2.004002809524536,0.0,0.0,0.0,0.0,2.004002809524536,0.0,28,14900,47.6192836,-122.3624487,3.485534935779269
3222,1728413283.681,1,220,0,0,185,0,0,3,476192823,-1223624471,0.0,0.6000000238418579,2.004002809524536,0.0,0.0,0.0,0.0,2.004002809524536,0.0,28,14900,47.6192823,-122.3624471,3.528581520919569
3223,1728413283.937,1,220,0,0,185,0,0,3,476192824,-1223624481,0.0,0.6000000238418579,2.0497219562530518,0.0,0.0,0.0,0.0,2.0497219562530518,0.0,28,14900,47.6192824,-122.3624481,3.4983382846440088
3224,1728413284.184,1,220,0,0,185,0,0,3,476192824,-1223624481,0.0,0.6000000238418579,2.0497219562530518,0.0,0.0,0.0,0.0,2.0497219562530518,0.0,28,14900,47.6192824,-122.3624481,3.518029791123943
3225,1728413284.485,1,220,0,0,185,0,0,3,476192815,-1223624472,0.0,0.6000000238418579,2.0578038692474365,0.0,0.0,0.0,0.0,2.0578038692474365,0.0,28,14900,47.6192815,-122.3624472,3.50754127344709
3226,1728413284.74,1,220,0,0,185,0,0,3,476192815,-1223624472,0.0,0.6000000238418579,2.0578038692474365,0.0,0.0,0.0,0.0,2.0578038692474365,0.0,28,14900,47.6192815,-122.3624472,3.642323844337459
3227,1728413285.023,1,220,0,0,185,0,0,3,476192802,-1223624450,0.0,0.6000000238418579,2.069788932800293,0.0,0.0,0.0,0.0,2.069788932800293,0.0,28,14900,47.6192802,-122.362445,3.6697247385346583
3228,1728413285.253,1,220,0,0,185,0,0,3,476192802,-1223624450,0.0,0.6000000238418579,2.069788932800293,0.0,0.0,0.0,0.0,2.069788932800293,0.0,28,14900,47.6192802,-122.362445,3.658313512363139
3229,1728413285.5089998,1,220,0,0,185,0,0,3,476192802,-1223624439,0.0,0.6000000238418579,2.09574031829834,0.0,0.0,0.0,0.0,2.09574031829834,0.0,28,14900,47.6192802,-122.3624439,3.643650883797114
3230,1728413285.79,1,220,0,0,185,0,0,3,476192802,-1223624439,0.0,0.6000000238418579,2.09574031829834,0.0,0.0,0.0,0.0,2.09574031829834,0.0,28,14900,47.6192802,-122.3624439,3.6337208068285434
3231,1728413286.049,1,220,0,0,185,0,0,3,476192799,-1223624440,0.0,0.6000000238418579,2.1301655769348145,0.0,0.0,0.0,0.0,2.1301655769348145,0.0,28,14900,47.6192799,-122.362444,3.660322117289636
3232,1728413286.267,1,220,0,0,185,0,0,3,476192799,-1223624440,0.0,0.6000000238418579,2.1301655769348145,0.0,0.0,0.0,0.0,2.1301655769348145,0.0,28,14900,47.6192799,-122.362444,3.638348203808547
3233,1728413286.567,1,220,0,0,185,0,0,3,476192818,-1223624486,0.0,0.6000000238418579,2.1525914669036865,0.0,0.0,0.0,0.0,2.1525914669036865,0.0,28,14700,47.6192818,-122.3624486,3.6277890120470797
3234,1728413286.806,1,220,0,0,185,0,0,3,476192818,-1223624486,0.0,0.6000000238418579,2.1525914669036865,0.0,0.0,0.0,0.0,2.1525914669036865,0.0,28,14700,47.6192818,-122.3624486,3.637025023372522
3235,1728413287.0649998,1,220,0,0,185,0,0,3,476192818,-1223624486,0.0,0.6000000238418579,2.1525914669036865,0.0,0.0,0.0,0.0,2.1525914669036865,0.0,28,14700,47.6192818,-122.3624486,3.6596523905051206
3236,1728413287.632,1,220,0,0,185,0,0,3,476192806,-1223624456,0.0,0.6000000238418579,2.4514641761779785,0.0,0.0,0.0,0.0,2.4514641761779785,0.0,28,14800,47.6192806,-122.3624456,3.651634107534223
3237,1728413287.865,1,220,0,0,185,0,0,3,476192806,-1223624456,0.0,0.6000000238418579,2.4514641761779785,0.0,0.0,0.0,0.0,2.4514641761779785,0.0,28,14800,47.6192806,-122.3624456,3.6523010615461295
3238,1728413288.119,1,220,0,0,185,0,0,3,476192816,-1223624461,0.0,0.6000000238418579,2.2250211238861084,0.0,0.0,0.0,0.0,2.2250211238861084,0.0,28,15600,47.6192816,-122.3624461,3.648303622631656
3239,1728413288.402,1,220,0,0,185,0,0,3,476192816,-1223624461,0.0,0.6000000238418579,2.199392557144165,0.0,0.0,0.0,0.0,2.199392557144165,0.0,28,15600,47.6192816,-122.3624461,3.63504174123386
3240,1728413288.681,1,220,0,0,185,0,0,3,476192814,-1223624467,0.0,0.6000000238418579,2.199392557144165,0.0,0.0,0.0,0.0,2.199392557144165,0.0,28,16600,47.6192814,-122.3624467,3.6324009893894638
3241,1728413288.9099998,1,220,0,0,185,0,0,3,476192808,-1223624475,0.0,0.6000000238418579,2.1976120471954346,0.0,0.0,0.0,0.0,2.1976120471954346,0.0,28,17100,47.6192808,-122.3624475,3.6172907765856994
3242,1728413289.178,1,220,0,0,185,0,0,3,476192808,-1223624475,0.0,0.6000000238418579,2.1976120471954346,0.0,0.0,0.0,0.0,2.1976120471954346,0.0,28,17100,47.6192808,-122.3624475,3.5990642939448416
3243,1728413289.4499998,1,220,0,0,185,0,0,3,476192802,-1223624476,0.0,0.6000000238418579,2.1742398738861084,0.0,0.0,0.0,0.0,2.1742398738861084,0.0,28,17300,47.6192802,-122.3624476,3.6218760830461725
3244,1728413289.6829998,1,220,0,0,185,0,0,3,476192802,-1223624476,0.0,0.6000000238418579,2.1742398738861084,0.0,0.0,0.0,0.0,2.1742398738861084,0.0,28,17300,47.6192802,-122.3624476,3.6264733425542026
3245,1728413289.9499998,1,220,0,0,185,0,0,3,476192791,-1223624458,0.0,0.6000000238418579,2.1206889152526855,0.0,0.0,0.0,0.0,2.1206889152526855,0.0,28,17300,47.6192791,-122.3624458,3.6140223035533716
3246,1728413290.217,1,220,0,0,185,0,0,3,476192791,-1223624458,0.0,0.6000000238418579,2.1206889152526855,0.0,0.0,0.0,0.0,2.1206889152526855,0.0,28,17300,47.6192791,-122.3624458,3.642323844337459
3247,1728413290.4989998,1,220,0,0,185,0,0,3,476192794,-1223624450,0.0,0.6000000238418579,2.105227470397949,0.0,0.0,0.0,0.0,2.105227470397949,0.0,28,17100,47.6192794,-122.362445,3.6343812327362617
3248,1728413290.735,1,220,0,0,185,0,0,3,476192794,-1223624450,0.0,0.6000000238418579,2.105227470397949,0.0,0.0,0.0,0.0,2.105227470397949,0.0,28,17100,47.6192794,-122.362445,3.6304229027939896
3249,1728413291.011,1,220,0,0,185,0,0,3,476192792,-1223624451,0.0,0.6000000238418579,2.1049861907958984,0.0,0.0,0.0,0.0,2.1049861907958984,0.0,28,16900,47.6192792,-122.3624451,3.642987243216351
3250,1728413291.296,1,220,0,0,185,0,0,3,476192792,-1223624451,0.0,0.6000000238418579,2.1049861907958984,0.0,0.0,0.0,0.0,2.1049861907958984,0.0,28,16900,47.6192792,-122.3624451,3.639672505282523
3251,1728413291.5779998,1,220,0,0,185,0,0,3,476192796,-1223624471,0.0,0.6000000238418579,2.0731146335601807,0.0,0.0,0.0,0.0,2.0731146335601807,0.0,28,16600,47.6192796,-122.3624471,3.6101083281073474
3252,1728413291.824,1,220,0,0,185,0,0,3,476192796,-1223624471,0.0,0.6000000238418579,2.0731146335601807,0.0,0.0,0.0,0.0,2.0731146335601807,0.0,28,16600,47.6192796,-122.3624471,3.64365104206166
3253,1728413292.089,1,220,0,0,185,0,0,3,476192798,-1223624485,0.0,0.6000000238418579,2.0877444744110107,0.0,0.0,0.0,0.0,2.0877444744110107,0.0,28,16300,47.6192798,-122.3624485,3.6403347806390753
3254,1728413292.3209999,1,220,0,0,185,0,0,3,476192798,-1223624485,0.0,0.6000000238418579,2.0877444744110107,0.0,0.0,0.0,0.0,2.0877444744110107,0.0,28,16300,47.6192798,-122.3624485,3.63504174123386
3255,1728413292.599,1,220,0,0,185,0,0,3,476192798,-1223624485,0.0,0.6000000238418579,2.0877444744110107,0.0,0.0,0.0,0.0,2.0877444744110107,0.0,28,16300,47.6192798,-122.3624485,3.6238448643714087
3256,1728413293.123,1,220,0,0,185,0,0,3,476192841,-1223624542,0.0,0.6000000238418579,2.2687971591949463,0.0,0.0,0.0,0.0,2.2687971591949463,0.0,28,16200,47.6192841,-122.3624542,3.6416606870284185
3257,1728413293.368,1,220,0,0,185,0,0,3,476192841,-1223624542,0.0,0.6000000238418579,2.2687971591949463,0.0,0.0,0.0,0.0,2.2687971591949463,0.0,28,16200,47.6192841,-122.3624542,3.6284469694282677
3258,1728413293.628,1,220,0,0,185,0,0,3,476192850,-1223624565,0.0,0.6000000238418579,2.1065056324005127,0.0,0.0,0.0,0.0,2.1065056324005127,0.0,28,16300,47.619285,-122.3624565,3.6238448643714087
3259,1728413293.892,1,220,0,0,185,0,0,3,476192850,-1223624565,0.0,0.6000000238418579,2.1065056324005127,0.0,0.0,0.0,0.0,2.1065056324005127,0.0,28,16300,47.619285,-122.3624565,3.6376864932663664
3260,1728413294.1759999,1,220,0,0,185,0,0,3,476192844,-1223624564,0.0,0.6000000238418579,2.1083970069885254,0.0,0.0,0.0,0.0,2.1083970069885254,0.0,28,16300,47.6192844,-122.3624564,3.662332929085556
3261,1728413294.4499998,1,220,0,0,185,0,0,3,476192835,-1223624525,0.0,0.6000000238418579,2.190481185913086,0.0,0.0,0.0,0.0,2.190481185913086,0.0,28,16300,47.6192835,-122.3624525,3.6697247385346583
3262,1728413294.6669998,1,220,0,0,185,0,0,3,476192835,-1223624525,0.0,0.6000000238418579,2.190481185913086,0.0,0.0,0.0,0.0,2.190481185913086,0.0,28,16300,47.6192835,-122.3624525,3.6724200579804553
3263,1728413294.944,1,220,0,0,185,0,0,3,476192832,-1223624510,0.0,0.6000000238418579,2.235982656478882,0.0,0.0,0.0,0.0,2.235982656478882,0.0,28,16300,47.6192832,-122.362451,3.658313512363139
3264,1728413295.185,1,220,0,0,185,0,0,3,476192832,-1223624510,0.0,0.6000000238418579,2.235982656478882,0.0,0.0,0.0,0.0,2.235982656478882,0.0,28,16300,47.6192832,-122.362451,3.6277888551574917
3265,1728413295.4689999,1,220,0,0,185,0,0,3,476192827,-1223624513,0.0,0.6000000238418579,2.26851224899292,0.0,0.0,0.0,0.0,2.26851224899292,0.0,28,16200,47.6192827,-122.3624513,3.644314924534089
3266,1728413295.7089999,1,220,0,0,185,0,0,3,476192827,-1223624513,0.0,0.6000000238418579,2.26851224899292,0.0,0.0,0.0,0.0,2.26851224899292,0.0,28,16200,47.6192827,-122.3624513,3.6075036658362296
3267,1728413296.011,1,220,0,0,185,0,0,3,476192819,-1223624529,0.0,0.6000000238418579,2.226001024246216,0.0,0.0,0.0,0.0,2.226001024246216,0.0,28,16200,47.6192819,-122.3624529,3.608154440183669
3268,1728413296.254,1,220,0,0,185,0,0,3,476192819,-1223624529,0.0,0.6000000238418579,2.226001024246216,0.0,0.0,0.0,0.0,2.226001024246216,0.0,28,16200,47.6192819,-122.3624529,3.601656779429968
3269,1728413296.5089998,1,220,0,0,185,0,0,3,476192810,-1223624520,0.0,0.6000000238418579,2.1981515884399414,0.0,0.0,0.0,0.0,2.1981515884399414,0.0,28,16200,47.619281,-122.362452,3.604253002456412
3270,1728413296.757,1,220,0,0,185,0,0,3,476192810,-1223624520,0.0,0.6000000238418579,2.1981515884399414,0.0,0.0,0.0,0.0,2.1981515884399414,0.0,28,16200,47.619281,-122.362452,3.631081973179469
3271,1728413297.0279999,1,220,0,0,185,0,0,3,476192798,-1223624479,0.0,0.6000000238418579,2.184910774230957,0.0,0.0,0.0,0.0,2.184910774230957,0.0,28,16300,47.6192798,-122.3624479,3.6225320536087247
3272,1728413297.27,1,220,0,0,185,0,0,3,476192798,-1223624479,0.0,0.6000000238418579,2.184910774230957,0.0,0.0,0.0,0.0,2.184910774230957,0.0,28,16300,47.6192798,-122.3624479,3.6049026044221146
3273,1728413297.556,1,220,0,0,185,0,0,3,476192789,-1223624471,0.0,0.6000000238418579,2.1635255813598633,0.0,0.0,0.0,0.0,2.1635255813598633,0.0,28,16200,47.6192789,-122.3624471,3.588087625459546
3274,1728413297.8339999,1,220,0,0,185,0,0,3,476192789,-1223624471,0.0,0.6000000238418579,2.1635255813598633,0.0,0.0,0.0,0.0,2.1635255813598633,0.0,28,16200,47.6192789,-122.3624471,3.585514477196533
3275,1728413298.087,1,220,0,0,185,0,0,3,476192789,-1223624471,0.0,0.6000000238418579,2.1635255813598633,0.0,0.0,0.0,0.0,2.1635255813598633,0.0,28,16200,47.6192789,-122.3624471,3.608154440183669
3276,1728413298.6669998,1,220,0,0,185,0,0,3,476192814,-1223624523,0.0,0.6000000238418579,2.318790912628174,0.0,0.0,0.0,0.0,2.318790912628174,0.0,28,16300,47.6192814,-122.3624523,3.6029543458710895
3277,1728413298.911,1,220,0,0,185,0,0,3,476192814,-1223624523,0.0,0.6000000238418579,2.318790912628174,0.0,0.0,0.0,0.0,2.318790912628174,0.0,28,16300,47.6192814,-122.3624523,3.608154440183669
3278,1728413299.181,1,220,0,0,185,0,0,3,476192819,-1223624518,0.0,0.6000000238418579,2.130927562713623,0.0,0.0,0.0,0.0,2.130927562713623,0.0,28,16300,47.6192819,-122.3624518,3.616636546740109
3279,1728413299.441,1,220,0,0,185,0,0,3,476192814,-1223624501,0.0,0.6000000238418579,2.1082756519317627,0.0,0.0,0.0,0.0,2.1082756519317627,0.0,28,16300,47.6192814,-122.3624501,3.598416639849224
3280,1728413299.684,1,220,0,0,185,0,0,3,476192814,-1223624501,0.0,0.6000000238418579,2.1082756519317627,0.0,0.0,0.0,0.0,2.1082756519317627,0.0,28,16300,47.6192814,-122.3624501,3.5984167942085987
3281,1728413299.971,1,220,0,0,185,0,0,3,476192810,-1223624497,0.0,0.6000000238418579,2.1724934577941895,0.0,0.0,0.0,0.0,2.1724934577941895,0.0,28,16300,47.619281,-122.3624497,3.5958288151183955
3282,1728413300.215,1,220,0,0,185,0,0,3,476192810,-1223624497,0.0,0.6000000238418579,2.1724934577941895,0.0,0.0,0.0,0.0,2.1724934577941895,0.0,28,16300,47.619281,-122.3624497,3.5855146304509775
3283,1728413300.518,1,220,0,0,185,0,0,3,476192807,-1223624493,0.0,0.6000000238418579,2.1700479984283447,0.0,0.0,0.0,0.0,2.1700479984283447,0.0,28,16099,47.6192807,-122.3624493,3.588731412933624
3284,1728413300.763,1,220,0,0,185,0,0,3,476192807,-1223624493,0.0,0.6000000238418579,2.1700479984283447,0.0,0.0,0.0,0.0,2.1700479984283447,0.0,28,16099,47.6192807,-122.3624493,3.631081973179469
3285,1728413301.0119998,1,220,0,0,185,0,0,3,476192798,-1223624488,0.0,0.6000000238418579,2.138983964920044,0.0,0.0,0.0,0.0,2.138983964920044,0.0,28,15900,47.6192798,-122.3624488,3.30961443932042
3286,1728413301.26,1,220,0,0,185,0,0,3,476192798,-1223624488,0.0,0.6000000238418579,2.138983964920044,0.0,0.0,0.0,0.0,2.138983964920044,0.0,28,15900,47.6192798,-122.3624488,3.500787640995292
3287,1728413301.554,1,220,0,0,185,0,0,3,476192786,-1223624459,0.0,0.6000000238418579,2.139063835144043,0.0,0.0,0.0,0.0,2.139063835144043,0.0,28,15900,47.6192786,-122.3624459,3.4837136769332284
3288,1728413301.784,1,220,0,0,185,0,0,3,476192786,-1223624459,0.0,0.6000000238418579,2.139063835144043,0.0,0.0,0.0,0.0,2.139063835144043,0.0,28,15900,47.6192786,-122.3624459,3.497726517458386
3289,1728413302.067,1,220,0,0,185,0,0,3,476192774,-1223624437,0.0,0.6000000238418579,2.1417157649993896,0.0,0.0,0.0,0.0,2.1417157649993896,0.0,28,15900,47.6192774,-122.3624437,3.493449839853509
3290,1728413302.3149998,1,220,0,0,185,0,0,3,476192774,-1223624437,0.0,0.6000000238418579,2.1417157649993896,0.0,0.0,0.0,0.0,2.1417157649993896,0.0,28,15900,47.6192774,-122.3624437,3.4704147076668845
3291,1728413302.59,1,220,0,0,185,0,0,3,476192770,-1223624438,0.0,0.6000000238418579,2.112853527069092,0.0,0.0,0.0,0.0,2.112853527069092,0.0,28,16000,47.619277,-122.3624438,3.5032405758779777
3292,1728413302.8479998,1,220,0,0,185,0,0,3,476192770,-1223624438,0.0,0.6000000238418579,2.112853527069092,0.0,0.0,0.0,0.0,2.112853527069092,0.0,28,16000,47.619277,-122.3624438,3.474635137977503
3293,1728413303.129,1,220,0,0,185,0,0,3,476192794,-1223624503,0.0,0.6000000238418579,2.0652694702148438,0.0,0.0,0.0,0.0,2.0652694702148438,0.0,28,15900,47.6192794,-122.3624503,3.5143208669169357
3294,1728413303.342,1,220,0,0,185,0,0,3,476192794,-1223624503,0.0,0.6000000238418579,2.0652694702148438,0.0,0.0,0.0,0.0,2.0652694702148438,0.0,28,15900,47.6192794,-122.3624503,3.493449839853509
3295,1728413304.1299999,1,220,0,0,185,0,0,3,476192792,-1223624490,0.0,0.6000000238418579,2.1298532485961914,0.0,0.0,0.0,0.0,2.1298532485961914,0.0,27,15699,47.6192792,-122.362449,3.490401384542038
3296,1728413304.3799999,1,220,0,0,185,0,0,3,476192792,-1223624490,0.0,0.6000000238418579,2.1298532485961914,0.0,0.0,0.0,0.0,2.1298532485961914,0.0,27,15699,47.6192792,-122.362449,3.4752389975416165
3297,1728413304.652,1,220,0,0,185,0,0,3,476192789,-1223624479,0.0,0.6000000238418579,2.0065388679504395,0.0,0.0,0.0,0.0,2.0065388679504395,0.0,27,15600,47.6192789,-122.3624479,3.494060111805152
3298,1728413304.899,1,220,0,0,185,0,0,3,476192789,-1223624479,0.0,0.6000000238418579,1.9498454332351685,0.0,0.0,0.0,0.0,1.9498454332351685,0.0,27,15600,47.6192789,-122.3624479,3.4740316321033577
3299,1728413305.166,1,220,0,0,185,0,0,3,476192786,-1223624482,0.0,0.6000000238418579,1.9498454332351685,0.0,0.0,0.0,0.0,1.9498454332351685,0.0,27,15600,47.6192786,-122.3624482,3.491620157075723
3300,1728413305.447,1,220,0,0,185,0,0,3,476192780,-1223624491,0.0,0.6000000238418579,1.9151939153671265,0.0,0.0,0.0,0.0,1.9151939153671265,0.0,27,15600,47.619278,-122.3624491,3.477655959471413
3301,1728413305.6799998,1,220,0,0,185,0,0,3,476192780,-1223624491,0.0,0.6000000238418579,1.9151939153671265,0.0,0.0,0.0,0.0,1.9151939153671265,0.0,27,15600,47.619278,-122.3624491,3.4965034790147262
3302,1728413305.971,1,220,0,0,185,0,0,3,476192775,-1223624492,0.0,0.6000000238418579,1.8716833591461182,0.0,0.0,0.0,0.0,1.8716833591461182,0.0,27,15600,47.6192775,-122.3624492,3.492839635610142
3303,1728413306.2089999,1,220,0,0,185,0,0,3,476192775,-1223624492,0.0,0.6000000238418579,1.8716833591461182,0.0,0.0,0.0,0.0,1.8716833591461182,0.0,27,15600,47.6192775,-122.3624492,3.499562607238822
3304,1728413306.488,1,220,0,0,185,0,0,3,476192767,-1223624480,0.0,0.6000000238418579,1.8603538274765015,0.0,0.0,0.0,0.0,1.8603538274765015,0.0,27,15600,47.6192767,-122.362448,3.4855350806060903
3305,1728413306.7419999,1,220,0,0,185,0,0,3,476192767,-1223624480,0.0,0.6000000238418579,1.8603538274765015,0.0,0.0,0.0,0.0,1.8603538274765015,0.0,27,15600,47.6192767,-122.362448,3.604253002456412
3306,1728413307.0149999,1,220,0,0,185,0,0,3,476192756,-1223624455,0.0,0.6000000238418579,1.9033012390136719,0.0,0.0,0.0,0.0,1.9033012390136719,0.0,28,15600,47.6192756,-122.3624455,3.6264731857783903
3307,1728413307.2779999,1,220,0,0,185,0,0,3,476192756,-1223624455,0.0,0.6000000238418579,1.9033012390136719,0.0,0.0,0.0,0.0,1.9033012390136719,0.0,28,15600,47.6192756,-122.3624455,3.6245017049434782
3308,1728413307.541,1,220,0,0,185,0,0,3,476192745,-1223624448,0.0,0.6000000238418579,1.8857805728912354,0.0,0.0,0.0,0.0,1.8857805728912354,0.0,28,15699,47.6192745,-122.3624448,3.6370248656830646
3309,1728413307.7949998,1,220,0,0,185,0,0,3,476192745,-1223624448,0.0,0.6000000238418579,1.8857805728912354,0.0,0.0,0.0,0.0,1.8857805728912354,0.0,28,15699,47.6192745,-122.3624448,3.616636546740109
3310,1728413308.066,1,220,0,0,185,0,0,3,476192761,-1223624489,0.0,0.6000000238418579,1.8647700548171997,0.0,0.0,0.0,0.0,1.8647700548171997,0.0,28,15500,47.6192761,-122.3624489,3.618599634421966
3311,1728413308.31,1,220,0,0,185,0,0,3,476192761,-1223624489,0.0,0.6000000238418579,1.8647700548171997,0.0,0.0,0.0,0.0,1.8647700548171997,0.0,28,15500,47.6192761,-122.3624489,3.63504174123386
3312,1728413308.574,1,220,0,0,185,0,0,3,476192761,-1223624489,0.0,0.6000000238418579,1.8647700548171997,0.0,0.0,0.0,0.0,1.8647700548171997,0.0,28,15500,47.6192761,-122.3624489,3.6523009025292525
3313,1728413308.8439999,1,220,0,0,185,0,0,3,476192761,-1223624489,0.0,0.6000000238418579,1.8647700548171997,0.0,0.0,0.0,0.0,1.8647700548171997,0.0,28,15500,47.6192761,-122.3624489,3.644979048972749
3314,1728413309.08,1,220,0,0,185,0,0,3,476192761,-1223624489,0.0,0.6000000238418579,1.8647700548171997,0.0,0.0,0.0,0.0,1.8647700548171997,0.0,28,15500,47.6192761,-122.3624489,3.633720964231625
3315,1728413309.679,1,220,0,0,185,0,0,3,476192757,-1223624483,0.0,0.6000000238418579,2.262272357940674,0.0,0.0,0.0,0.0,2.262272357940674,0.0,28,15500,47.6192757,-122.3624483,3.625158627008024
3316,1728413309.895,1,220,0,0,185,0,0,3,476192757,-1223624483,0.0,0.6000000238418579,2.262272357940674,0.0,0.0,0.0,0.0,2.262272357940674,0.0,28,15500,47.6192757,-122.3624483,3.6231884183164556
3317,1728413310.1699998,1,220,0,0,185,0,0,3,476192753,-1223624479,0.0,0.6000000238418579,1.9490677118301392,0.0,0.0,0.0,0.0,1.9490677118301392,0.0,28,15400,47.6192753,-122.3624479,3.631081973179469
3318,1728413310.398,1,220,0,0,185,0,0,3,476192753,-1223624479,0.0,0.6000000238418579,1.9490677118301392,0.0,0.0,0.0,0.0,1.9490677118301392,0.0,28,15400,47.6192753,-122.3624479,3.633720964231625
3319,1728413310.6959999,1,220,0,0,185,0,0,3,476192742,-1223624462,0.0,0.6000000238418579,1.8745704889297485,0.0,0.0,0.0,0.0,1.8745704889297485,0.0,28,15300,47.6192742,-122.3624462,3.6483034639626757
3320,1728413310.974,1,220,0,0,185,0,0,3,476192732,-1223624437,0.0,0.6000000238418579,1.860264778137207,0.0,0.0,0.0,0.0,1.860264778137207,0.0,28,15300,47.6192732,-122.3624437,3.629764071618172
3321,1728413311.182,1,220,0,0,185,0,0,3,476192732,-1223624437,0.0,0.6000000238418579,1.860264778137207,0.0,0.0,0.0,0.0,1.860264778137207,0.0,28,15300,47.6192732,-122.3624437,3.629105479521808
3322,1728413311.447,1,220,0,0,185,0,0,3,476192732,-1223624437,0.0,0.6000000238418579,1.8205500841140747,0.0,0.0,0.0,0.0,1.8205500841140747,0.0,28,15300,47.6192732,-122.3624437,3.6159825535021453
3323,1728413311.6959999,1,220,0,0,185,0,0,3,476192721,-1223624429,0.0,0.6000000238418579,1.8205500841140747,0.0,0.0,0.0,0.0,1.8205500841140747,0.0,28,15300,47.6192721,-122.3624429,3.6416605289367303
3324,1728413311.9919999,1,220,0,0,185,0,0,3,476192699,-1223624412,0.0,0.6000000238418579,1.8385828733444214,0.0,0.0,0.0,0.0,1.8385828733444214,0.0,28,15300,47.6192699,-122.3624412,3.310710207954206
3325,1728413312.2589998,1,220,0,0,185,0,0,3,476192699,-1223624412,0.0,0.6000000238418579,1.8385828733444214,0.0,0.0,0.0,0.0,1.8385828733444214,0.0,28,15300,47.6192699,-122.3624412,3.508771900471705
3326,1728413312.5349998,1,220,0,0,185,0,0,3,476192682,-1223624389,0.0,0.6000000238418579,1.8405189514160156,0.0,0.0,0.0,0.0,1.8405189514160156,0.0,28,15300,47.6192682,-122.3624389,3.4698126668599163
3327,1728413312.786,1,220,0,0,185,0,0,3,476192682,-1223624389,0.0,0.6000000238418579,1.8405189514160156,0.0,0.0,0.0,0.0,1.8405189514160156,0.0,28,15300,47.6192682,-122.3624389,3.4831068689047453
3328,1728413313.0449998,1,220,0,0,185,0,0,3,476192666,-1223624365,0.0,0.6000000238418579,1.83934485912323,0.0,0.0,0.0,0.0,1.83934485912323,0.0,28,15300,47.6192666,-122.3624365,3.4596091246722156
3329,1728413313.277,1,220,0,0,185,0,0,3,476192666,-1223624365,0.0,0.6000000238418579,1.83934485912323,0.0,0.0,0.0,0.0,1.83934485912323,0.0,28,15300,47.6192666,-122.3624365,3.4758429230101484
3330,1728413313.576,1,220,0,0,185,0,0,3,476192651,-1223624346,0.0,0.6000000238418579,1.8242366313934326,0.0,0.0,0.0,0.0,1.8242366313934326,0.0,28,15300,47.6192651,-122.3624346,3.4928397810446317
3331,1728413313.8209999,1,220,0,0,185,0,0,3,476192651,-1223624346,0.0,0.6000000238418579,1.8242366313934326,0.0,0.0,0.0,0.0,1.8242366313934326,0.0,28,15300,47.6192651,-122.3624346,3.4470871841097677
3332,1728413314.105,1,220,0,0,185,0,0,3,476192636,-1223624345,0.0,0.6000000238418579,1.858381986618042,0.0,0.0,0.0,0.0,1.858381986618042,0.0,28,15300,47.6192636,-122.3624345,3.466204517523848
3333,1728413314.336,1,220,0,0,185,0,0,3,476192636,-1223624345,0.0,0.6000000238418579,1.858381986618042,0.0,0.0,0.0,0.0,1.858381986618042,0.0,28,15300,47.6192636,-122.3624345,3.4381982949854595
3334,1728413315.1209998,1,220,0,0,185,0,0,3,476192612,-1223624304,0.0,0.6000000238418579,2.113517999649048,0.0,0.0,0.0,0.0,2.113517999649048,0.0,28,15300,47.6192612,-122.3624304,3.4812880014618024
3335,1728413315.379,1,220,0,0,185,0,0,3,476192612,-1223624304,0.0,0.6000000238418579,2.113517999649048,0.0,0.0,0.0,0.0,2.113517999649048,0.0,28,15300,47.6192612,-122.3624304,3.4843205517022526
3336,1728413315.659,1,220,0,0,185,0,0,3,476192599,-1223624286,0.0,0.6000000238418579,1.9710736274719238,0.0,0.0,0.0,0.0,1.9710736274719238,0.0,28,15300,47.6192599,-122.3624286,3.5026269468275633
3337,1728413315.912,1,220,0,0,185,0,0,3,476192588,-1223624290,0.0,0.6000000238418579,1.889357089996338,0.0,0.0,0.0,0.0,1.889357089996338,0.0,28,15300,47.6192588,-122.362429,3.4680076537036055
3338,1728413316.179,1,220,0,0,185,0,0,3,476192588,-1223624290,0.0,0.6000000238418579,1.889357089996338,0.0,0.0,0.0,0.0,1.889357089996338,0.0,28,15300,47.6192588,-122.362429,3.4740316321033577
3339,1728413316.4499998,1,220,0,0,185,0,0,3,476192577,-1223624286,0.0,0.6000000238418579,1.8825963735580444,0.0,0.0,0.0,0.0,1.8825963735580444,0.0,28,15300,47.6192577,-122.3624286,3.445899438623646
3340,1728413316.6999998,1,220,0,0,185,0,0,3,476192577,-1223624286,0.0,0.6000000238418579,1.8825963735580444,0.0,0.0,0.0,0.0,1.8825963735580444,0.0,28,15300,47.6192577,-122.3624286,3.469210834898459
3341,1728413316.984,1,220,0,0,185,0,0,3,476192611,-1223624330,0.0,0.6000000238418579,1.908182978630066,0.0,0.0,0.0,0.0,1.908182978630066,0.0,28,15300,47.6192611,-122.362433,3.454828101811693
3342,1728413317.217,1,220,0,0,185,0,0,3,476192611,-1223624330,0.0,0.6000000238418579,1.908182978630066,0.0,0.0,0.0,0.0,1.908182978630066,0.0,28,15300,47.6192611,-122.362433,3.465003563473909
3343,1728413317.513,1,220,0,0,185,0,0,3,476192619,-1223624335,0.0,0.6000000238418579,1.9157909154891968,0.0,0.0,0.0,0.0,1.9157909154891968,0.0,28,15400,47.6192619,-122.3624335,3.163055534523674
3344,1728413317.737,1,220,0,0,185,0,0,3,476192619,-1223624335,0.0,0.6000000238418579,1.9157909154891968,0.0,0.0,0.0,0.0,1.9157909154891968,0.0,28,15400,47.6192619,-122.3624335,3.46140526086388
3345,1728413317.9989998,1,220,0,0,185,0,0,3,476192614,-1223624330,0.0,0.6000000238418579,1.8408358097076416,0.0,0.0,0.0,0.0,1.8408358097076416,0.0,28,15600,47.6192614,-122.362433,3.445899438623646
3346,1728413318.245,1,220,0,0,185,0,0,3,476192614,-1223624330,0.0,0.6000000238418579,1.8408358097076416,0.0,0.0,0.0,0.0,1.8408358097076416,0.0,28,15600,47.6192614,-122.362433,3.4584125931844363
3347,1728413318.553,1,220,0,0,185,0,0,3,476192607,-1223624321,0.0,0.6000000238418579,1.8387329578399658,0.0,0.0,0.0,0.0,1.8387329578399658,0.0,28,15800,47.6192607,-122.3624321,3.469210834898459
3348,1728413318.8019998,1,220,0,0,185,0,0,3,476192607,-1223624321,0.0,0.6000000238418579,1.8387329578399658,0.0,0.0,0.0,0.0,1.8387329578399658,0.0,28,15800,47.6192607,-122.3624321,3.46140526086388
3349,1728413319.0809999,1,220,0,0,185,0,0,3,476192611,-1223624325,0.0,0.6000000238418579,1.8176625967025757,0.0,0.0,0.0,0.0,1.8176625967025757,0.0,27,15800,47.6192611,-122.3624325,3.474031488230915
3350,1728413319.3409998,1,220,0,0,185,0,0,3,476192611,-1223624325,0.0,0.6000000238418579,1.8176625967025757,0.0,0.0,0.0,0.0,1.8176625967025757,0.0,27,15800,47.6192611,-122.3624325,3.4584124506027685
3351,1728413319.61,1,220,0,0,185,0,0,3,476192604,-1223624310,0.0,0.6000000238418579,1.7783640623092651,0.0,0.0,0.0,0.0,1.7783640623092651,0.0,27,15699,47.6192604,-122.362431,3.488574892772981
3352,1728413319.8769999,1,220,0,0,185,0,0,3,476192604,-1223624310,0.0,0.6000000238418579,1.7783640623092651,0.0,0.0,0.0,0.0,1.7783640623092651,0.0,27,15699,47.6192604,-122.362431,3.4722222279711272
3353,1728413320.659,1,220,0,0,185,0,0,3,476192580,-1223624284,0.0,0.6000000238418579,1.9164940118789673,0.0,0.0,0.0,0.0,1.9164940118789673,0.0,27,15699,47.619258,-122.3624284,3.490401384542038
3354,1728413320.899,1,220,0,0,185,0,0,3,476192580,-1223624284,0.0,0.6000000238418579,1.9164940118789673,0.0,0.0,0.0,0.0,1.9164940118789673,0.0,27,15699,47.619258,-122.3624284,3.466204517523848
3355,1728413321.1829998,1,220,0,0,185,0,0,3,476192558,-1223624256,0.0,0.6000000238418579,1.7826614379882812,0.0,0.0,0.0,0.0,1.7826614379882812,0.0,27,15699,47.6192558,-122.3624256,3.4584125931844363
3356,1728413321.442,1,220,0,0,185,0,0,3,476192565,-1223624263,0.0,0.6000000238418579,1.7257959842681885,0.0,0.0,0.0,0.0,1.7257959842681885,0.0,27,15699,47.6192565,-122.3624263,3.4554249535108497
3357,1728413321.6769998,1,220,0,0,185,0,0,3,476192565,-1223624263,0.0,0.6000000238418579,1.7257959842681885,0.0,0.0,0.0,0.0,1.7257959842681885,0.0,27,15699,47.6192565,-122.3624263,3.493449839853509
3358,1728413321.957,1,220,0,0,185,0,0,3,476192562,-1223624274,0.0,0.6000000238418579,1.7258316278457642,0.0,0.0,0.0,0.0,1.7258316278457642,0.0,27,15699,47.6192562,-122.3624274,3.4806821825183416
3359,1728413322.207,1,220,0,0,185,0,0,3,476192562,-1223624274,0.0,0.6000000238418579,1.7258316278457642,0.0,0.0,0.0,0.0,1.7258316278457642,0.0,27,15699,47.6192562,-122.3624274,3.4965034790147262
3360,1728413322.483,1,220,0,0,185,0,0,3,476192548,-1223624280,0.0,0.6000000238418579,1.754620909690857,0.0,0.0,0.0,0.0,1.754620909690857,0.0,27,15699,47.6192548,-122.362428,3.4818940313297113
3361,1728413322.717,1,220,0,0,185,0,0,3,476192548,-1223624280,0.0,0.6000000238418579,1.754620909690857,0.0,0.0,0.0,0.0,1.754620909690857,0.0,27,15699,47.6192548,-122.362428,3.4897923898752437
3362,1728413322.977,1,220,0,0,185,0,0,3,476192527,-1223624253,0.0,0.6000000238418579,1.7890783548355103,0.0,0.0,0.0,0.0,1.7890783548355103,0.0,27,15699,47.6192527,-122.3624253,3.5143208669169357
3363,1728413323.243,1,220,0,0,185,0,0,3,476192527,-1223624253,0.0,0.6000000238418579,1.7890783548355103,0.0,0.0,0.0,0.0,1.7890783548355103,0.0,27,15699,47.6192527,-122.3624253,3.6697247385346583
3364,1728413323.507,1,220,0,0,185,0,0,3,476192508,-1223624210,0.0,0.6000000238418579,1.8404511213302612,0.0,0.0,0.0,0.0,1.8404511213302612,0.0,27,15699,47.6192508,-122.362421,3.6656890893306247
3365,1728413323.7819998,1,220,0,0,185,0,0,3,476192508,-1223624210,0.0,0.6000000238418579,1.8404511213302612,0.0,0.0,0.0,0.0,1.8404511213302612,0.0,27,15699,47.6192508,-122.362421,3.6825630677723797
3366,1728413324.033,1,220,0,0,185,0,0,3,476192494,-1223624194,0.0,0.6000000238418579,1.828953504562378,0.0,0.0,0.0,0.0,1.828953504562378,0.0,27,15699,47.6192494,-122.3624194,3.6798528446297825
3367,1728413324.2779999,1,220,0,0,185,0,0,3,476192494,-1223624194,0.0,0.6000000238418579,1.828953504562378,0.0,0.0,0.0,0.0,1.828953504562378,0.0,27,15699,47.6192494,-122.3624194,3.6643457913225075
3368,1728413324.5479999,1,220,0,0,185,0,0,3,476192472,-1223624206,0.0,0.6000000238418579,1.8025615215301514,0.0,0.0,0.0,0.0,1.8025615215301514,0.0,27,15699,47.6192472,-122.3624206,3.688675812113845
3369,1728413324.8009999,1,220,0,0,185,0,0,3,476192472,-1223624206,0.0,0.6000000238418579,1.8025615215301514,0.0,0.0,0.0,0.0,1.8025615215301514,0.0,27,15699,47.6192472,-122.3624206,3.6503012476920196
3370,1728413325.085,1,220,0,0,185,0,0,3,476192484,-1223624231,0.0,0.6000000238418579,1.8423144817352295,0.0,0.0,0.0,0.0,1.8423144817352295,0.0,27,15699,47.6192484,-122.3624231,3.6549708379476464
3371,1728413325.3409998,1,220,0,0,185,0,0,3,476192484,-1223624231,0.0,0.6000000238418579,1.8423144817352295,0.0,0.0,0.0,0.0,1.8423144817352295,0.0,27,15699,47.6192484,-122.3624231,3.6536353824671313
3372,1728413325.5679998,1,220,0,0,185,0,0,3,476192484,-1223624231,0.0,0.6000000238418579,1.8423144817352295,0.0,0.0,0.0,0.0,1.8423144817352295,0.0,27,15699,47.6192484,-122.3624231,3.6463081827735553
3373,1728413326.109,1,220,0,0,185,0,0,3,476192467,-1223624187,0.0,0.6000000238418579,2.0842387676239014,0.0,0.0,0.0,0.0,2.0842387676239014,0.0,27,15699,47.6192467,-122.3624187,3.6523010615461295
3374,1728413326.355,1,220,0,0,185,0,0,3,476192467,-1223624187,0.0,0.6000000238418579,2.0842387676239014,0.0,0.0,0.0,0.0,2.0842387676239014,0.0,27,15699,47.6192467,-122.3624187,3.6324009893894638
3375,1728413326.6139998,1,220,0,0,185,0,0,3,476192471,-1223624195,0.0,0.6000000238418579,1.9134852886199951,0.0,0.0,0.0,0.0,1.9134852886199951,0.0,27,15800,47.6192471,-122.3624195,3.648969043038489
3376,1728413326.8769999,1,220,0,0,185,0,0,3,476192471,-1223624195,0.0,0.6000000238418579,1.9134852886199951,0.0,0.0,0.0,0.0,1.9134852886199951,0.0,27,15800,47.6192471,-122.3624195,3.631741440136545
3377,1728413327.135,1,220,0,0,185,0,0,3,476192458,-1223624198,0.0,0.6000000238418579,1.878174901008606,0.0,0.0,0.0,0.0,1.878174901008606,0.0,27,15800,47.6192458,-122.3624198,3.633720964231625
3378,1728413327.379,1,220,0,0,185,0,0,3,476192458,-1223624198,0.0,0.6000000238418579,1.878174901008606,0.0,0.0,0.0,0.0,1.878174901008606,0.0,27,15800,47.6192458,-122.3624198,3.625815787243145
3379,1728413327.6859999,1,220,0,0,185,0,0,3,476192444,-1223624183,0.0,0.6000000238418579,1.9050644636154175,0.0,0.0,0.0,0.0,1.9050644636154175,0.0,27,15800,47.6192444,-122.3624183,3.608154440183669
3380,1728413327.955,1,220,0,0,185,0,0,3,476192426,-1223624157,0.0,0.6000000238418579,1.9367784261703491,0.0,0.0,0.0,0.0,1.9367784261703491,0.0,28,15900,47.6192426,-122.3624157,3.6218762394247626
3381,1728413328.191,1,220,0,0,185,0,0,3,476192426,-1223624157,0.0,0.6000000238418579,1.9367784261703491,0.0,0.0,0.0,0.0,1.9367784261703491,0.0,28,15900,47.6192426,-122.3624157,3.6337208068285434
3382,1728413328.462,1,220,0,0,185,0,0,3,476192405,-1223624132,0.0,0.6000000238418579,1.9315661191940308,0.0,0.0,0.0,0.0,1.9315661191940308,0.0,28,16000,47.6192405,-122.3624132,3.6291053225183334
3383,1728413328.7189999,1,220,0,0,185,0,0,3,476192405,-1223624132,0.0,0.6000000238418579,1.9315661191940308,0.0,0.0,0.0,0.0,1.9315661191940308,0.0,28,16000,47.6192405,-122.3624132,3.6304229027939896
3384,1728413329.013,1,220,0,0,185,0,0,3,476192381,-1223624114,0.0,0.6000000238418579,1.945422887802124,0.0,0.0,0.0,0.0,1.945422887802124,0.0,28,16099,47.6192381,-122.3624114,3.640334938615678
3385,1728413329.263,1,220,0,0,185,0,0,3,476192381,-1223624114,0.0,0.6000000238418579,1.945422887802124,0.0,0.0,0.0,0.0,1.945422887802124,0.0,28,16099,47.6192381,-122.3624114,3.6212203500077984
3386,1728413329.54,1,220,0,0,185,0,0,3,476192366,-1223624112,0.0,0.6000000238418579,1.9347633123397827,0.0,0.0,0.0,0.0,1.9347633123397827,0.0,28,16099,47.6192366,-122.3624112,3.6409976131231696
3387,1728413329.7819998,1,220,0,0,185,0,0,3,476192366,-1223624112,0.0,0.6000000238418579,1.9347633123397827,0.0,0.0,0.0,0.0,1.9347633123397827,0.0,28,16099,47.6192366,-122.3624112,3.6153291083709447
3388,1728413330.064,1,220,0,0,185,0,0,3,476192346,-1223624100,0.0,0.6000000238418579,1.9875845909118652,0.0,0.0,0.0,0.0,1.9875845909118652,0.0,28,16099,47.6192346,-122.36241,3.615328952557203
3389,1728413330.3439999,1,220,0,0,185,0,0,3,476192346,-1223624100,0.0,0.6000000238418579,1.9875845909118652,0.0,0.0,0.0,0.0,1.9875845909118652,0.0,28,16099,47.6192346,-122.36241,3.654302908602088
3390,1728413330.6069999,1,220,0,0,185,0,0,3,476192324,-1223624079,0.0,0.6000000238418579,2.0121591091156006,0.0,0.0,0.0,0.0,2.0121591091156006,0.0,28,16000,47.6192324,-122.3624079,3.639672505282523
3391,1728413330.845,1,220,0,0,185,0,0,3,476192324,-1223624079,0.0,0.6000000238418579,2.0121591091156006,0.0,0.0,0.0,0.0,2.0121591091156006,0.0,28,16000,47.6192324,-122.3624079,3.6409976131231696
3392,1728413331.079,1,220,0,0,185,0,0,3,476192324,-1223624079,0.0,0.6000000238418579,2.0121591091156006,0.0,0.0,0.0,0.0,2.0121591091156006,0.0,28,16000,47.6192324,-122.3624079,3.6324009893894638
3393,1728413331.618,1,220,0,0,185,0,0,3,476192332,-1223624091,0.0,0.6000000238418579,2.177415370941162,0.0,0.0,0.0,0.0,2.177415370941162,0.0,28,16000,47.6192332,-122.3624091,3.6443147662118656
3394,1728413331.849,1,220,0,0,185,0,0,3,476192332,-1223624091,0.0,0.6000000238418579,2.177415370941162,0.0,0.0,0.0,0.0,2.177415370941162,0.0,28,16000,47.6192332,-122.3624091,3.6609922490174127
3395,1728413332.1369998,1,220,0,0,185,0,0,3,476192323,-1223624092,0.0,0.6000000238418579,1.9949700832366943,0.0,0.0,0.0,0.0,1.9949700832366943,0.0,28,16099,47.6192323,-122.3624092,3.6589829087547296
3396,1728413332.37,1,220,0,0,185,0,0,3,476192323,-1223624092,0.0,0.6000000238418579,1.9949700832366943,0.0,0.0,0.0,0.0,1.9949700832366943,0.0,28,16099,47.6192323,-122.3624092,3.6556388521969088
3397,1728413332.6669998,1,220,0,0,185,0,0,3,476192328,-1223624111,0.0,0.6000000238418579,1.9854110479354858,0.0,0.0,0.0,0.0,1.9854110479354858,0.0,28,16099,47.6192328,-122.3624111,3.6370248656830646
3398,1728413332.911,1,220,0,0,185,0,0,3,476192317,-1223624090,0.0,0.6000000238418579,1.9510259628295898,0.0,0.0,0.0,0.0,1.9510259628295898,0.0,28,16000,47.6192317,-122.362409,3.6549706786982066
3399,1728413333.159,1,220,0,0,185,0,0,3,476192317,-1223624090,0.0,0.6000000238418579,1.9510259628295898,0.0,0.0,0.0,0.0,1.9510259628295898,0.0,28,16000,47.6192317,-122.362409,3.6724200579804553
3400,1728413333.4499998,1,220,0,0,185,0,0,3,476192299,-1223624062,0.0,0.6000000238418579,1.979822039604187,0.0,0.0,0.0,0.0,1.979822039604187,0.0,28,16000,47.6192299,-122.3624062,3.6231884183164556
3401,1728413333.684,1,220,0,0,185,0,0,3,476192299,-1223624062,0.0,0.6000000238418579,1.979822039604187,0.0,0.0,0.0,0.0,1.979822039604187,0.0,28,16000,47.6192299,-122.3624062,3.6357026474301026
3402,1728413333.968,1,220,0,0,185,0,0,3,476192309,-1223624071,0.0,0.6000000238418579,1.9409867525100708,0.0,0.0,0.0,0.0,1.9409867525100708,0.0,28,16000,47.6192309,-122.3624071,3.625158627008024
3403,1728413334.207,1,220,0,0,185,0,0,3,476192309,-1223624071,0.0,0.6000000238418579,1.9409867525100708,0.0,0.0,0.0,0.0,1.9409867525100708,0.0,28,16000,47.6192309,-122.3624071,3.310710207954206
3404,1728413334.4759998,1,220,0,0,185,0,0,3,476192311,-1223624088,0.0,0.6000000238418579,1.9083360433578491,0.0,0.0,0.0,0.0,1.9083360433578491,0.0,28,16099,47.6192311,-122.3624088,3.289473725487982
3405,1728413334.7289999,1,220,0,0,185,0,0,3,476192311,-1223624088,0.0,0.6000000238418579,1.9083360433578491,0.0,0.0,0.0,0.0,1.9083360433578491,0.0,28,16099,47.6192311,-122.3624088,3.3255735633685366
3406,1728413335.011,1,220,0,0,185,0,0,3,476192334,-1223624112,0.0,0.6000000238418579,1.9222630262374878,0.0,0.0,0.0,0.0,1.9222630262374878,0.0,28,16099,47.6192334,-122.3624112,3.294350135605228
3407,1728413335.281,1,220,0,0,185,0,0,3,476192334,-1223624112,0.0,0.6000000238418579,1.9222630262374878,0.0,0.0,0.0,0.0,1.9222630262374878,0.0,28,16099,47.6192334,-122.3624112,3.3316674879391694
3408,1728413335.536,1,220,0,0,185,0,0,3,476192337,-1223624101,0.0,0.6000000238418579,1.9213061332702637,0.0,0.0,0.0,0.0,1.9213061332702637,0.0,28,16000,47.6192337,-122.3624101,3.312355156662688
3409,1728413335.79,1,220,0,0,185,0,0,3,476192337,-1223624101,0.0,0.6000000238418579,1.9213061332702637,0.0,0.0,0.0,0.0,1.9213061332702637,0.0,28,16000,47.6192337,-122.3624101,3.3025099106501177
3410,1728413336.1269999,1,220,0,0,185,0,0,3,476192339,-1223624099,0.0,0.6000000238418579,1.9178963899612427,0.0,0.0,0.0,0.0,1.9178963899612427,0.0,28,16000,47.6192339,-122.3624099,3.3107100772912683
3411,1728413336.346,1,220,0,0,185,0,0,3,476192339,-1223624099,0.0,0.6000000238418579,1.9178963899612427,0.0,0.0,0.0,0.0,1.9178963899612427,0.0,28,16000,47.6192339,-122.3624099,3.2976093318253277
3412,1728413336.596,1,220,0,0,185,0,0,3,476192339,-1223624099,0.0,0.6000000238418579,1.9178963899612427,0.0,0.0,0.0,0.0,1.9178963899612427,0.0,28,16000,47.6192339,-122.3624099,3.3101621676439317
3413,1728413337.659,1,220,0,0,185,0,0,3,476192277,-1223624024,0.0,0.6000000238418579,2.0928988456726074,0.0,0.0,0.0,0.0,2.0928988456726074,0.0,28,16099,47.6192277,-122.3624024,3.2992412845656807
3414,1728413337.929,1,220,0,0,185,0,0,3,476192307,-1223624065,0.0,0.6000000238418579,1.8996754884719849,0.0,0.0,0.0,0.0,1.8996754884719849,0.0,28,16099,47.6192307,-122.3624065,3.2927230168483113
3415,1728413338.151,1,220,0,0,185,0,0,3,476192307,-1223624065,0.0,0.6000000238418579,1.8996754884719849,0.0,0.0,0.0,0.0,1.8996754884719849,0.0,28,16099,47.6192307,-122.3624065,3.2981529637583322
3416,1728413338.441,1,220,0,0,185,0,0,3,476192311,-1223624078,0.0,0.6000000238418579,1.8759766817092896,0.0,0.0,0.0,0.0,1.8759766817092896,0.0,28,16000,47.6192311,-122.3624078,3.312903792593132
3417,1728413338.6699998,1,220,0,0,185,0,0,3,476192311,-1223624078,0.0,0.6000000238418579,1.8759766817092896,0.0,0.0,0.0,0.0,1.8759766817092896,0.0,28,16000,47.6192311,-122.3624078,3.3107100772912683
3418,1728413338.949,1,220,0,0,185,0,0,3,476192312,-1223624089,0.0,0.6000000238418579,1.9037339687347412,0.0,0.0,0.0,0.0,1.9037339687347412,0.0,28,16000,47.6192312,-122.3624089,3.308519526284949
3419,1728413339.215,1,220,0,0,185,0,0,3,476192312,-1223624089,0.0,0.6000000238418579,1.9037339687347412,0.0,0.0,0.0,0.0,1.9037339687347412,0.0,28,16000,47.6192312,-122.3624089,3.295435818280337
3420,1728413339.491,1,220,0,0,185,0,0,3,476192300,-1223624057,0.0,0.6000000238418579,1.9234890937805176,0.0,0.0,0.0,0.0,1.9234890937805176,0.0,28,16000,47.61923,-122.3624057,3.3557046765083935
3421,1728413339.7489998,1,220,0,0,185,0,0,3,476192300,-1223624057,0.0,0.6000000238418579,1.9234890937805176,0.0,0.0,0.0,0.0,1.9234890937805176,0.0,28,16000,47.61923,-122.3624057,3.320053159744764
3422,1728413340.01,1,220,0,0,185,0,0,3,476192320,-1223624070,0.0,0.6000000238418579,1.8797699213027954,0.0,0.0,0.0,0.0,1.8797699213027954,0.0,28,16000,47.619232,-122.362407,3.3161996908030003
3423,1728413340.2689998,1,220,0,0,185,0,0,3,476192320,-1223624070,0.0,0.6000000238418579,1.8797699213027954,0.0,0.0,0.0,0.0,1.8797699213027954,0.0,28,16000,47.619232,-122.362407,3.8044512299985995
3424,1728413340.55,1,220,0,0,185,0,0,3,476192325,-1223624100,0.0,0.6000000238418579,1.89572274684906,0.0,0.0,0.0,0.0,1.89572274684906,0.0,28,16000,47.6192325,-122.36241,3.8058990607896135
3425,1728413340.793,1,220,0,0,185,0,0,3,476192325,-1223624100,0.0,0.6000000238418579,1.89572274684906,0.0,0.0,0.0,0.0,1.89572274684906,0.0,28,16000,47.6192325,-122.36241,3.7807183637472512
3426,1728413341.0479999,1,220,0,0,185,0,0,3,476192317,-1223624100,0.0,0.6000000238418579,1.9089231491088867,0.0,0.0,0.0,0.0,1.9089231491088867,0.0,28,16000,47.6192317,-122.36241,3.822630061393697
3427,1728413341.322,1,220,0,0,185,0,0,3,476192317,-1223624100,0.0,0.6000000238418579,1.9089231491088867,0.0,0.0,0.0,0.0,1.9089231491088867,0.0,28,16000,47.6192317,-122.36241,3.780718193351511
3428,1728413341.5809999,1,220,0,0,185,0,0,3,476192303,-1223624068,0.0,0.6000000238418579,1.9294278621673584,0.0,0.0,0.0,0.0,1.9294278621673584,0.0,28,16000,47.6192303,-122.3624068,3.8008361233411514
3429,1728413341.859,1,220,0,0,185,0,0,3,476192303,-1223624068,0.0,0.6000000238418579,1.9167733192443848,0.0,0.0,0.0,0.0,1.9167733192443848,0.0,28,16000,47.6192303,-122.3624068,3.79867038964931
3430,1728413342.087,1,220,0,0,185,0,0,3,476192287,-1223624039,0.0,0.6000000238418579,1.9167733192443848,0.0,0.0,0.0,0.0,1.9167733192443848,0.0,28,16000,47.6192287,-122.3624039,3.8189803405966702
3431,1728413342.37,1,220,0,0,185,0,0,3,476192287,-1223624039,0.0,0.6000000238418579,1.9167733192443848,0.0,0.0,0.0,0.0,1.9167733192443848,0.0,28,16000,47.6192287,-122.3624039,3.8001139951569725
3432,1728413342.6269999,1,220,0,0,185,0,0,3,476192287,-1223624039,0.0,0.6000000238418579,1.9167733192443848,0.0,0.0,0.0,0.0,1.9167733192443848,0.0,28,16000,47.6192287,-122.3624039,3.8175225419107472
3433,1728413342.916,1,220,0,0,185,0,0,3,476192287,-1223624039,0.0,0.6000000238418579,2.0866591930389404,0.0,0.0,0.0,0.0,2.0866591930389404,0.0,27,16000,47.6192287,-122.3624039,3.7936266536048984
3434,1728413343.184,1,220,0,0,185,0,0,3,476192263,-1223624036,0.0,0.6000000238418579,2.0866591930389404,0.0,0.0,0.0,0.0,2.0866591930389404,0.0,27,16000,47.6192263,-122.3624036,3.821169301471367
3435,1728413343.441,1,220,0,0,185,0,0,3,476192243,-1223624019,0.0,0.6000000238418579,1.950147032737732,0.0,0.0,0.0,0.0,1.950147032737732,0.0,27,16000,47.6192243,-122.3624019,3.8066235622449702
3436,1728413343.6729999,1,220,0,0,185,0,0,3,476192243,-1223624019,0.0,0.6000000238418579,1.950147032737732,0.0,0.0,0.0,0.0,1.950147032737732,0.0,27,16000,47.6192243,-122.3624019,3.817522368181355
3437,1728413343.96,1,220,0,0,185,0,0,3,476192269,-1223624034,0.0,0.6000000238418579,1.965244174003601,0.0,0.0,0.0,0.0,1.965244174003601,0.0,27,16000,47.6192269,-122.3624034,3.8008362955551336
3438,1728413344.211,1,220,0,0,185,0,0,3,476192269,-1223624034,0.0,0.6000000238418579,1.965244174003601,0.0,0.0,0.0,0.0,1.965244174003601,0.0,27,16000,47.6192269,-122.3624034,3.8146099339285415
3439,1728413344.48,1,220,0,0,185,0,0,3,476192307,-1223624074,0.0,0.6000000238418579,1.9755679368972778,0.0,0.0,0.0,0.0,1.9755679368972778,0.0,27,15900,47.6192307,-122.3624074,3.8299502959800993
3440,1728413344.728,1,220,0,0,185,0,0,3,476192307,-1223624074,0.0,0.6000000238418579,1.9755679368972778,0.0,0.0,0.0,0.0,1.9755679368972778,0.0,27,15900,47.6192307,-122.3624074,3.8102495187342313
3441,1728413345.0119998,1,220,0,0,185,0,0,3,476192324,-1223624087,0.0,0.6000000238418579,1.9798027276992798,0.0,0.0,0.0,0.0,1.9798027276992798,0.0,27,15800,47.6192324,-122.3624087,3.7957866383152634
3442,1728413345.2489998,1,220,0,0,185,0,0,3,476192324,-1223624087,0.0,0.6000000238418579,1.9798027276992798,0.0,0.0,0.0,0.0,1.9798027276992798,0.0,27,15800,47.6192324,-122.3624087,3.8058990607896135
3443,1728413345.541,1,220,0,0,185,0,0,3,476192332,-1223624083,0.0,0.6000000238418579,2.0186595916748047,0.0,0.0,0.0,0.0,2.0186595916748047,0.0,27,15800,47.6192332,-122.3624083,3.5958288151183955
3444,1728413345.784,1,220,0,0,185,0,0,3,476192332,-1223624083,0.0,0.6000000238418579,2.0186595916748047,0.0,0.0,0.0,0.0,2.0186595916748047,0.0,27,15800,47.6192332,-122.3624083,3.625815943962123
3445,1728413346.047,1,220,0,0,185,0,0,3,476192350,-1223624086,0.0,0.6000000238418579,2.061976909637451,0.0,0.0,0.0,0.0,2.061976909637451,0.0,27,15800,47.619235,-122.3624086,3.6172906206028235
3446,1728413346.287,1,220,0,0,185,0,0,3,476192350,-1223624086,0.0,0.6000000238418579,2.061976909637451,0.0,0.0,0.0,0.0,2.061976909637451,0.0,27,15800,47.619235,-122.3624086,3.6140223035533716
3447,1728413346.5839999,1,220,0,0,185,0,0,3,476192360,-1223624091,0.0,0.6000000238418579,2.0598154067993164,0.0,0.0,0.0,0.0,2.0598154067993164,0.0,27,15900,47.619236,-122.3624091,3.6153291083709447
3448,1728413346.824,1,220,0,0,185,0,0,3,476192360,-1223624091,0.0,0.6000000238418579,2.0598154067993164,0.0,0.0,0.0,0.0,2.0598154067993164,0.0,27,15900,47.619236,-122.3624091,3.6159827093722297
3449,1728413347.0809999,1,220,0,0,185,0,0,3,476192368,-1223624101,0.0,0.6000000238418579,2.064190626144409,0.0,0.0,0.0,0.0,2.064190626144409,0.0,27,15800,47.6192368,-122.3624101,3.629764071618172
3450,1728413347.336,1,220,0,0,185,0,0,3,476192368,-1223624101,0.0,0.6000000238418579,2.064190626144409,0.0,0.0,0.0,0.0,2.064190626144409,0.0,27,15800,47.6192368,-122.3624101,3.6264731857783903
3451,1728413347.639,1,220,0,0,185,0,0,3,476192373,-1223624098,0.0,0.6000000238418579,2.0985376834869385,0.0,0.0,0.0,0.0,2.0985376834869385,0.0,27,15800,47.6192373,-122.3624098,3.633060778243268
3452,1728413347.882,1,220,0,0,185,0,0,3,476192373,-1223624098,0.0,0.6000000238418579,2.0985376834869385,0.0,0.0,0.0,0.0,2.0985376834869385,0.0,27,15800,47.6192373,-122.3624098,3.6264731857783903
3453,1728413348.478,1,220,0,0,185,0,0,3,476192381,-1223624091,0.0,0.6000000238418579,2.316349744796753,0.0,0.0,0.0,0.0,2.316349744796753,0.0,27,15600,47.6192381,-122.3624091,3.649635023793565
3454,1728413348.6999998,1,220,0,0,185,0,0,3,476192381,-1223624091,0.0,0.6000000238418579,2.316349744796753,0.0,0.0,0.0,0.0,2.316349744796753,0.0,27,15600,47.6192381,-122.3624091,3.6284469694282677
3455,1728413348.97,1,220,0,0,185,0,0,3,476192386,-1223624102,0.0,0.6000000238418579,2.2031216621398926,0.0,0.0,0.0,0.0,2.2031216621398926,0.0,28,15500,47.6192386,-122.3624102,3.609456848818006
3456,1728413349.207,1,220,0,0,185,0,0,3,476192386,-1223624102,0.0,0.6000000238418579,2.2031216621398926,0.0,0.0,0.0,0.0,2.2031216621398926,0.0,28,15500,47.6192386,-122.3624102,3.587443915504456
3457,1728413349.4919999,1,220,0,0,185,0,0,3,476192376,-1223624087,0.0,0.6000000238418579,2.14654541015625,0.0,0.0,0.0,0.0,2.14654541015625,0.0,28,15500,47.6192376,-122.3624087,3.6390101551304133
3458,1728413349.7419999,1,220,0,0,185,0,0,3,476192376,-1223624087,0.0,0.6000000238418579,2.14654541015625,0.0,0.0,0.0,0.0,2.14654541015625,0.0,28,15500,47.6192376,-122.3624087,3.6225320536087247
3459,1728413349.99,1,220,0,0,185,0,0,3,476192375,-1223624071,0.0,0.6000000238418579,2.1574299335479736,0.0,0.0,0.0,0.0,2.1574299335479736,0.0,28,15500,47.6192375,-122.3624071,3.6101083281073474
3460,1728413350.243,1,220,0,0,185,0,0,3,476192375,-1223624071,0.0,0.6000000238418579,2.1574299335479736,0.0,0.0,0.0,0.0,2.1574299335479736,0.0,28,15500,47.6192375,-122.3624071,3.604902759338441
3461,1728413350.517,1,220,0,0,185,0,0,3,476192378,-1223624077,0.0,0.6000000238418579,2.1617164611816406,0.0,0.0,0.0,0.0,2.1617164611816406,0.0,28,15500,47.6192378,-122.3624077,3.6456434155099497
3462,1728413350.764,1,220,0,0,185,0,0,3,476192378,-1223624077,0.0,0.6000000238418579,2.1617164611816406,0.0,0.0,0.0,0.0,2.1617164611816406,0.0,28,15500,47.6192378,-122.3624077,3.639672505282523
3463,1728413351.021,1,220,0,0,185,0,0,3,476192383,-1223624090,0.0,0.6000000238418579,2.163222551345825,0.0,0.0,0.0,0.0,2.163222551345825,0.0,28,15500,47.6192383,-122.362409,3.51741111811309
3464,1728413351.296,1,220,0,0,185,0,0,3,476192383,-1223624090,0.0,0.6000000238418579,2.163222551345825,0.0,0.0,0.0,0.0,2.163222551345825,0.0,28,15500,47.6192383,-122.362409,3.489183462552291
3465,1728413351.5879998,1,220,0,0,185,0,0,3,476192374,-1223624086,0.0,0.6000000238418579,2.153904914855957,0.0,0.0,0.0,0.0,2.153904914855957,0.0,28,15600,47.6192374,-122.3624086,3.5161744246527493
3466,1728413351.862,1,220,0,0,185,0,0,3,476192373,-1223624068,0.0,0.6000000238418579,2.16046404838562,0.0,0.0,0.0,0.0,2.16046404838562,0.0,28,15600,47.6192373,-122.3624068,3.4849277827237715
3467,1728413352.08,1,220,0,0,185,0,0,3,476192373,-1223624068,0.0,0.6000000238418579,2.16046404838562,0.0,0.0,0.0,0.0,2.16046404838562,0.0,28,15600,47.6192373,-122.3624068,3.505082314368304
3468,1728413352.345,1,220,0,0,185,0,0,3,476192373,-1223624068,0.0,0.6000000238418579,2.16046404838562,0.0,0.0,0.0,0.0,2.16046404838562,0.0,28,15600,47.6192373,-122.3624068,3.4764470584149554
3469,1728413352.6209998,1,220,0,0,185,0,0,3,476192378,-1223624062,0.0,0.6000000238418579,2.1745755672454834,0.0,0.0,0.0,0.0,2.1745755672454834,0.0,28,15600,47.6192378,-122.3624062,3.482500416806986
3470,1728413352.8839998,1,220,0,0,185,0,0,3,476192382,-1223624067,0.0,0.6000000238418579,2.127861976623535,0.0,0.0,0.0,0.0,2.127861976623535,0.0,28,15600,47.6192382,-122.3624067,3.461405403692426
3471,1728413353.125,1,220,0,0,185,0,0,3,476192382,-1223624067,0.0,0.6000000238418579,2.127861976623535,0.0,0.0,0.0,0.0,2.127861976623535,0.0,28,15600,47.6192382,-122.3624067,3.4782608695652173
3472,1728413353.3769999,1,220,0,0,185,0,0,3,476192382,-1223624067,0.0,0.6000000238418579,2.127861976623535,0.0,0.0,0.0,0.0,2.127861976623535,0.0,28,15600,47.6192382,-122.3624067,3.466204517523848
3473,1728413354.164,1,220,0,0,185,0,0,3,476192359,-1223624038,0.0,0.6000000238418579,2.2784571647644043,0.0,0.0,0.0,0.0,2.2784571647644043,0.0,28,15500,47.6192359,-122.3624038,3.4812880014618024
3474,1728413354.432,1,220,0,0,185,0,0,3,476192364,-1223624039,0.0,0.6000000238418579,2.130678653717041,0.0,0.0,0.0,0.0,2.130678653717041,0.0,28,15500,47.6192364,-122.3624039,3.4788659901340573
3475,1728413354.658,1,220,0,0,185,0,0,3,476192364,-1223624039,0.0,0.6000000238418579,2.130678653717041,0.0,0.0,0.0,0.0,2.130678653717041,0.0,28,15500,47.6192364,-122.3624039,3.5137033504134356
3476,1728413354.9459999,1,220,0,0,185,0,0,3,476192341,-1223624015,0.0,0.6000000238418579,2.083163022994995,0.0,0.0,0.0,0.0,2.083163022994995,0.0,28,15500,47.6192341,-122.3624015,3.4983382846440088
3477,1728413355.198,1,220,0,0,185,0,0,3,476192341,-1223624015,0.0,0.6000000238418579,2.083163022994995,0.0,0.0,0.0,0.0,2.083163022994995,0.0,28,15500,47.6192341,-122.3624015,3.489183462552291
3478,1728413355.495,1,220,0,0,185,0,0,3,476192316,-1223624001,0.0,0.6000000238418579,2.073152780532837,0.0,0.0,0.0,0.0,2.073152780532837,0.0,28,15500,47.6192316,-122.3624001,3.481894175854125
3479,1728413355.733,1,220,0,0,185,0,0,3,476192316,-1223624001,0.0,0.6000000238418579,2.073152780532837,0.0,0.0,0.0,0.0,2.073152780532837,0.0,28,15500,47.6192316,-122.3624001,3.4910105917941063
3480,1728413356.021,1,220,0,0,185,0,0,3,476192303,-1223623987,0.0,0.6000000238418579,2.0700204372406006,0.0,0.0,0.0,0.0,2.0700204372406006,0.0,28,15600,47.6192303,-122.3623987,3.498950265868412
3481,1728413356.267,1,220,0,0,185,0,0,3,476192303,-1223623987,0.0,0.6000000238418579,2.0700204372406006,0.0,0.0,0.0,0.0,2.0700204372406006,0.0,28,15600,47.6192303,-122.3623987,3.4837136769332284
3482,1728413356.534,1,220,0,0,185,0,0,3,476192297,-1223623975,0.0,0.6000000238418579,2.040471315383911,0.0,0.0,0.0,0.0,2.040471315383911,0.0,28,15600,47.6192297,-122.3623975,3.189792673180298
3483,1728413356.766,1,220,0,0,185,0,0,3,476192297,-1223623975,0.0,0.6000000238418579,2.040471315383911,0.0,0.0,0.0,0.0,2.040471315383911,0.0,28,15600,47.6192297,-122.3623975,3.4746352818999493
3484,1728413357.0449998,1,220,0,0,185,0,0,3,476192293,-1223623974,0.0,0.6000000238418579,2.026233196258545,0.0,0.0,0.0,0.0,2.026233196258545,0.0,28,15600,47.6192293,-122.3623974,3.4873583898584926
3485,1728413357.28,1,220,0,0,185,0,0,3,476192293,-1223623974,0.0,0.6000000238418579,2.026233196258545,0.0,0.0,0.0,0.0,2.026233196258545,0.0,28,15600,47.6192293,-122.3623974,3.4596091246722156
3486,1728413357.579,1,220,0,0,185,0,0,3,476192294,-1223623973,0.0,0.6000000238418579,2.014303684234619,0.0,0.0,0.0,0.0,2.014303684234619,0.0,28,15600,47.6192294,-122.3623973,3.4800765743892312
3487,1728413357.812,1,220,0,0,185,0,0,3,476192294,-1223623973,0.0,0.6000000238418579,2.014303684234619,0.0,0.0,0.0,0.0,2.014303684234619,0.0,28,15600,47.6192294,-122.3623973,3.4716195599250685
3488,1728413358.089,1,220,0,0,185,0,0,3,476192297,-1223623976,0.0,0.6000000238418579,2.0383188724517822,0.0,0.0,0.0,0.0,2.0383188724517822,0.0,28,15500,47.6192297,-122.3623976,3.494060111805152
3489,1728413358.35,1,220,0,0,185,0,0,3,476192297,-1223623976,0.0,0.6000000238418579,2.0362191200256348,0.0,0.0,0.0,0.0,2.0362191200256348,0.0,28,15500,47.6192297,-122.3623976,3.340571244067113
3490,1728413358.6,1,220,0,0,185,0,0,3,476192300,-1223623967,0.0,0.6000000238418579,2.0362191200256348,0.0,0.0,0.0,0.0,2.0362191200256348,0.0,28,15500,47.61923,-122.3623967,3.492839635610142
3491,1728413358.866,1,220,0,0,185,0,0,3,476192300,-1223623967,0.0,0.6000000238418579,2.0362191200256348,0.0,0.0,0.0,0.0,2.0362191200256348,0.0,28,15500,47.61923,-122.3623967,3.474635137977503
3492,1728413359.6469998,1,220,0,0,185,0,0,3,476192303,-1223623963,0.0,0.6000000238418579,2.1993579864501953,0.0,0.0,0.0,0.0,2.1993579864501953,0.0,28,15600,47.6192303,-122.3623963,3.498950265868412
3493,1728413359.9199998,1,220,0,0,185,0,0,3,476192311,-1223623961,0.0,0.6000000238418579,2.0445480346679688,0.0,0.0,0.0,0.0,2.0445480346679688,0.0,28,15600,47.6192311,-122.3623961,3.480682326942172
3494,1728413360.1669998,1,220,0,0,185,0,0,3,476192311,-1223623961,0.0,0.6000000238418579,2.0445480346679688,0.0,0.0,0.0,0.0,2.0445480346679688,0.0,28,15600,47.6192311,-122.3623961,3.506926136980272
3495,1728413360.439,1,220,0,0,185,0,0,3,476192318,-1223623960,0.0,0.6000000238418579,2.0115842819213867,0.0,0.0,0.0,0.0,2.0115842819213867,0.0,28,15600,47.6192318,-122.362396,3.4722222279711272
3496,1728413360.6929998,1,220,0,0,185,0,0,3,476192318,-1223623960,0.0,0.6000000238418579,2.0115842819213867,0.0,0.0,0.0,0.0,2.0115842819213867,0.0,28,15600,47.6192318,-122.362396,3.505696804112785
3497,1728413360.9589999,1,220,0,0,185,0,0,3,476192310,-1223623946,0.0,0.6000000238418579,2.0083775520324707,0.0,0.0,0.0,0.0,2.0083775520324707,0.0,28,15600,47.619231,-122.3623946,3.4855350806060903
3498,1728413361.2189999,1,220,0,0,185,0,0,3,476192310,-1223623946,0.0,0.6000000238418579,2.0083775520324707,0.0,0.0,0.0,0.0,2.0083775520324707,0.0,28,15600,47.619231,-122.3623946,3.5007877870924107
3499,1728413361.72,1,220,0,0,185,0,0,3,476192306,-1223623934,0.0,0.6000000238418579,1.997914433479309,0.0,0.0,0.0,0.0,1.997914433479309,0.0,28,15600,47.6192306,-122.3623934,3.495281295583698
3500,1728413361.747,1,220,0,0,185,0,0,3,476192306,-1223623934,0.0,0.6000000238418579,1.997914433479309,0.0,0.0,0.0,0.0,1.997914433479309,0.0,28,15600,47.6192306,-122.3623934,3.4855350806060903
3501,1728413362.023,1,220,0,0,185,0,0,3,476192310,-1223623920,0.0,0.6000000238418579,2.000775098800659,0.0,0.0,0.0,0.0,2.000775098800659,0.0,28,15600,47.619231,-122.362392,3.197953336215146
3502,1728413362.25,1,220,0,0,185,0,0,3,476192310,-1223623920,0.0,0.6000000238418579,2.000775098800659,0.0,0.0,0.0,0.0,2.000775098800659,0.0,28,15600,47.619231,-122.362392,3.485534935779269
3503,1728413362.5119998,1,220,0,0,185,0,0,3,476192330,-1223623933,0.0,0.6000000238418579,2.0371153354644775,0.0,0.0,0.0,0.0,2.0371153354644775,0.0,28,15600,47.619233,-122.3623933,3.4958922076342787
3504,1728413362.748,1,220,0,0,185,0,0,3,476192330,-1223623933,0.0,0.6000000238418579,2.0371153354644775,0.0,0.0,0.0,0.0,2.0371153354644775,0.0,28,15600,47.619233,-122.3623933,3.4758427789876416
3505,1728413363.04,1,220,0,0,185,0,0,3,476192340,-1223623935,0.0,0.6000000238418579,2.0562500953674316,0.0,0.0,0.0,0.0,2.0562500953674316,0.0,28,15600,47.619234,-122.3623935,3.502013678905988
3506,1728413363.284,1,220,0,0,185,0,0,3,476192340,-1223623935,0.0,0.6000000238418579,2.0562500953674316,0.0,0.0,0.0,0.0,2.0562500953674316,0.0,28,15600,47.619234,-122.3623935,3.474635137977503
3507,1728413363.55,1,220,0,0,185,0,0,3,476192347,-1223623935,0.0,0.6000000238418579,2.0678839683532715,0.0,0.0,0.0,0.0,2.0678839683532715,0.0,28,15600,47.6192347,-122.3623935,3.4958923533230846
3508,1728413363.8019998,1,220,0,0,185,0,0,3,476192347,-1223623935,0.0,0.6000000238418579,2.0678839683532715,0.0,0.0,0.0,0.0,2.0678839683532715,0.0,28,15600,47.6192347,-122.3623935,3.4740316321033577
3509,1728413364.072,1,220,0,0,185,0,0,3,476192353,-1223623926,0.0,0.6000000238418579,2.091874122619629,0.0,0.0,0.0,0.0,2.091874122619629,0.0,28,15600,47.6192353,-122.3623926,3.6284471263747835
3510,1728413364.3379998,1,220,0,0,185,0,0,3,476192353,-1223623926,0.0,0.6000000238418579,2.091874122619629,0.0,0.0,0.0,0.0,2.091874122619629,0.0,28,15600,47.6192353,-122.3623926,3.4782608695652173
3511,1728413365.12,1,220,0,0,185,0,0,3,476192363,-1223623909,0.0,0.6000000238418579,2.3509135246276855,0.0,0.0,0.0,0.0,2.3509135246276855,0.0,28,15600,47.6192363,-122.3623909,3.4897923898752437
3512,1728413365.385,1,220,0,0,185,0,0,3,476192368,-1223623908,0.0,0.6000000238418579,2.2508442401885986,0.0,0.0,0.0,0.0,2.2508442401885986,0.0,28,15600,47.6192368,-122.3623908,3.4488704801661356
3513,1728413365.641,1,220,0,0,185,0,0,3,476192368,-1223623908,0.0,0.6000000238418579,2.2508442401885986,0.0,0.0,0.0,0.0,2.2508442401885986,0.0,28,15600,47.6192368,-122.3623908,3.474635137977503
3514,1728413365.921,1,220,0,0,185,0,0,3,476192373,-1223623901,0.0,0.6000000238418579,2.240607261657715,0.0,0.0,0.0,0.0,2.240607261657715,0.0,28,15500,47.6192373,-122.3623901,3.443526118779576
3515,1728413366.1499999,1,220,0,0,185,0,0,3,476192373,-1223623901,0.0,0.6000000238418579,2.240607261657715,0.0,0.0,0.0,0.0,2.240607261657715,0.0,28,15500,47.6192373,-122.3623901,3.4758429230101484
3516,1728413366.449,1,220,0,0,185,0,0,3,476192362,-1223623869,0.0,0.6000000238418579,2.2192556858062744,0.0,0.0,0.0,0.0,2.2192556858062744,0.0,28,15500,47.6192362,-122.3623869,3.4536350167609378
3517,1728413366.6799998,1,220,0,0,185,0,0,3,476192362,-1223623869,0.0,0.6000000238418579,2.2192556858062744,0.0,0.0,0.0,0.0,2.2192556858062744,0.0,28,15500,47.6192362,-122.3623869,3.4578147090250417
3518,1728413366.9759998,1,220,0,0,185,0,0,3,476192357,-1223623851,0.0,0.6000000238418579,2.1913254261016846,0.0,0.0,0.0,0.0,2.1913254261016846,0.0,27,15500,47.6192357,-122.3623851,3.445305731266327
3519,1728413367.2319999,1,220,0,0,185,0,0,3,476192357,-1223623851,0.0,0.6000000238418579,2.1913254261016846,0.0,0.0,0.0,0.0,2.1913254261016846,0.0,27,15500,47.6192357,-122.3623851,3.472825249070627
3520,1728413367.497,1,220,0,0,185,0,0,3,476192355,-1223623841,0.0,0.6000000238418579,2.174835443496704,0.0,0.0,0.0,0.0,2.174835443496704,0.0,27,15500,47.6192355,-122.3623841,3.4758427789876416
3521,1728413367.754,1,220,0,0,185,0,0,3,476192355,-1223623841,0.0,0.6000000238418579,2.174835443496704,0.0,0.0,0.0,0.0,2.174835443496704,0.0,27,15500,47.6192355,-122.3623841,3.637686335519545
3522,1728413368.049,1,220,0,0,185,0,0,3,476192356,-1223623839,0.0,0.6000000238418579,2.1499667167663574,0.0,0.0,0.0,0.0,2.1499667167663574,0.0,27,15500,47.6192356,-122.3623839,3.648303622631656
3523,1728413368.268,1,220,0,0,185,0,0,3,476192356,-1223623839,0.0,0.6000000238418579,2.1499667167663574,0.0,0.0,0.0,0.0,2.1499667167663574,0.0,27,15500,47.6192356,-122.3623839,3.6556388521969088
3524,1728413368.556,1,220,0,0,185,0,0,3,476192304,-1223623781,0.0,0.6000000238418579,2.1352381706237793,0.0,0.0,0.0,0.0,2.1352381706237793,0.0,27,15500,47.6192304,-122.3623781,3.651634107534223
3525,1728413368.794,1,220,0,0,185,0,0,3,476192304,-1223623781,0.0,0.6000000238418579,2.1352381706237793,0.0,0.0,0.0,0.0,2.1352381706237793,0.0,27,15500,47.6192304,-122.3623781,3.6363636363636362
3526,1728413369.0749998,1,220,0,0,185,0,0,3,476192275,-1223623754,0.0,0.6000000238418579,2.1155166625976562,0.0,0.0,0.0,0.0,2.1155166625976562,0.0,27,15500,47.6192275,-122.3623754,3.6443147662118656
3527,1728413369.3339999,1,220,0,0,185,0,0,3,476192275,-1223623754,0.0,0.6000000238418579,2.1155166625976562,0.0,0.0,0.0,0.0,2.1155166625976562,0.0,27,15500,47.6192275,-122.3623754,3.6363636363636362
3528,1728413369.6069999,1,220,0,0,185,0,0,3,476192259,-1223623741,0.0,0.6000000238418579,2.096517324447632,0.0,0.0,0.0,0.0,2.096517324447632,0.0,27,15500,47.6192259,-122.3623741,3.650301088849234
3529,1728413369.8309999,1,220,0,0,185,0,0,3,476192259,-1223623741,0.0,0.6000000238418579,2.096517324447632,0.0,0.0,0.0,0.0,2.096517324447632,0.0,27,15500,47.6192259,-122.3623741,3.6643459513899543
3530,1728413370.092,1,220,0,0,185,0,0,3,476192259,-1223623741,0.0,0.6000000238418579,2.096517324447632,0.0,0.0,0.0,0.0,2.096517324447632,0.0,27,15500,47.6192259,-122.3623741,3.6503012476920196
3531,1728413370.618,1,220,0,0,185,0,0,3,476192273,-1223623739,0.0,0.6000000238418579,2.2588999271392822,0.0,0.0,0.0,0.0,2.2588999271392822,0.0,28,15500,47.6192273,-122.3623739,3.649635023793565
3532,1728413370.8669999,1,220,0,0,185,0,0,3,476192273,-1223623739,0.0,0.6000000238418579,2.1317942142486572,0.0,0.0,0.0,0.0,2.1317942142486572,0.0,28,15500,47.6192273,-122.3623739,3.6724202187540866
3533,1728413371.112,1,220,0,0,185,0,0,3,476192282,-1223623733,0.0,0.6000000238418579,2.1317942142486572,0.0,0.0,0.0,0.0,2.1317942142486572,0.0,28,15500,47.6192282,-122.3623733,3.6523009025292525
3534,1728413371.398,1,220,0,0,185,0,0,3,476192287,-1223623728,0.0,0.6000000238418579,2.101604700088501,0.0,0.0,0.0,0.0,2.101604700088501,0.0,28,15500,47.6192287,-122.3623728,3.6409976131231696
3535,1728413371.6499999,1,220,0,0,185,0,0,3,476192287,-1223623728,0.0,0.6000000238418579,2.101604700088501,0.0,0.0,0.0,0.0,2.101604700088501,0.0,28,15500,47.6192287,-122.3623728,3.647638127648428
3536,1728413371.937,1,220,0,0,185,0,0,3,476192296,-1223623723,0.0,0.6000000238418579,2.0739212036132812,0.0,0.0,0.0,0.0,2.0739212036132812,0.0,28,15500,47.6192296,-122.3623723,3.663674591445599
3537,1728413372.1799998,1,220,0,0,185,0,0,3,476192296,-1223623723,0.0,0.6000000238418579,2.0739212036132812,0.0,0.0,0.0,0.0,2.0739212036132812,0.0,28,15500,47.6192296,-122.3623723,3.671745897182634
3538,1728413372.455,1,220,0,0,185,0,0,3,476192311,-1223623718,0.0,0.6000000238418579,2.0835154056549072,0.0,0.0,0.0,0.0,2.0835154056549072,0.0,28,15500,47.6192311,-122.3623718,3.6489692017653677
3539,1728413372.6899998,1,220,0,0,185,0,0,3,476192311,-1223623718,0.0,0.6000000238418579,2.0835154056549072,0.0,0.0,0.0,0.0,2.0835154056549072,0.0,28,15500,47.6192311,-122.3623718,3.660322117289636
3540,1728413372.9759998,1,220,0,0,185,0,0,3,476192320,-1223623708,0.0,0.6000000238418579,2.0846593379974365,0.0,0.0,0.0,0.0,2.0846593379974365,0.0,28,15500,47.619232,-122.3623708,3.649635023793565
3541,1728413373.234,1,220,0,0,185,0,0,3,476192320,-1223623708,0.0,0.6000000238418579,2.0846593379974365,0.0,0.0,0.0,0.0,2.0846593379974365,0.0,28,15500,47.619232,-122.3623708,3.640334938615678
3542,1728413373.495,1,220,0,0,185,0,0,3,476192326,-1223623706,0.0,0.6000000238418579,2.079885244369507,0.0,0.0,0.0,0.0,2.079885244369507,0.0,28,15500,47.6192326,-122.3623706,3.6192544185960625
3543,1728413373.744,1,220,0,0,185,0,0,3,476192326,-1223623706,0.0,0.6000000238418579,2.079885244369507,0.0,0.0,0.0,0.0,2.079885244369507,0.0,28,15500,47.6192326,-122.3623706,3.633720964231625
3544,1728413374.049,1,220,0,0,185,0,0,3,476192276,-1223623648,0.0,0.6000000238418579,2.0814759731292725,0.0,0.0,0.0,0.0,2.0814759731292725,0.0,28,15500,47.6192276,-122.3623648,3.6343812327362617
3545,1728413374.277,1,220,0,0,185,0,0,3,476192276,-1223623648,0.0,0.6000000238418579,2.0814759731292725,0.0,0.0,0.0,0.0,2.0814759731292725,0.0,28,15500,47.6192276,-122.3623648,3.6127167542928156
3546,1728413374.534,1,220,0,0,185,0,0,3,476192249,-1223623610,0.0,0.6000000238418579,2.087419271469116,0.0,0.0,0.0,0.0,2.087419271469116,0.0,28,15500,47.6192249,-122.362361,3.6277890120470797
3547,1728413374.781,1,220,0,0,185,0,0,3,476192249,-1223623610,0.0,0.6000000238418579,2.087419271469116,0.0,0.0,0.0,0.0,2.087419271469116,0.0,28,15500,47.6192249,-122.362361,3.6324009893894638
3548,1728413375.0879998,1,220,0,0,185,0,0,3,476192241,-1223623589,0.0,0.6000000238418579,2.0972115993499756,0.0,0.0,0.0,0.0,2.0972115993499756,0.0,28,15500,47.6192241,-122.3623589,3.6357026474301026
3549,1728413375.2949998,1,220,0,0,185,0,0,3,476192241,-1223623589,0.0,0.6000000238418579,2.0972115993499756,0.0,0.0,0.0,0.0,2.0972115993499756,0.0,28,15500,47.6192241,-122.3623589,3.631081973179469
3550,1728413375.572,1,220,0,0,185,0,0,3,476192241,-1223623589,0.0,0.6000000238418579,2.0972115993499756,0.0,0.0,0.0,0.0,2.0972115993499756,0.0,28,15500,47.6192241,-122.3623589,3.6337208068285434
3551,1728413376.112,1,220,0,0,185,0,0,3,476192219,-1223623578,0.0,0.6000000238418579,2.3215417861938477,0.0,0.0,0.0,0.0,2.3215417861938477,0.0,28,15500,47.6192219,-122.3623578,3.638348203808547
3552,1728413376.393,1,220,0,0,185,0,0,3,476192219,-1223623578,0.0,0.6000000238418579,2.17124605178833,0.0,0.0,0.0,0.0,2.17124605178833,0.0,28,15500,47.6192219,-122.3623578,3.6324009893894638
3553,1728413376.616,1,220,0,0,185,0,0,3,476192212,-1223623556,0.0,0.6000000238418579,2.17124605178833,0.0,0.0,0.0,0.0,2.17124605178833,0.0,28,15500,47.6192212,-122.3623556,3.6324009893894638
3554,1728413376.901,1,220,0,0,185,0,0,3,476192211,-1223623537,0.0,0.6000000238418579,2.138625144958496,0.0,0.0,0.0,0.0,2.138625144958496,0.0,28,15500,47.6192211,-122.3623537,3.662332929085556
3555,1728413377.1859999,1,220,0,0,185,0,0,3,476192211,-1223623537,0.0,0.6000000238418579,2.138625144958496,0.0,0.0,0.0,0.0,2.138625144958496,0.0,28,15500,47.6192211,-122.3623537,3.6463081827735553
3556,1728413377.4499998,1,220,0,0,185,0,0,3,476192218,-1223623538,0.0,0.6000000238418579,2.1337757110595703,0.0,0.0,0.0,0.0,2.1337757110595703,0.0,28,15500,47.6192218,-122.3623538,3.625815787243145
3557,1728413377.6859999,1,220,0,0,185,0,0,3,476192218,-1223623538,0.0,0.6000000238418579,2.1337757110595703,0.0,0.0,0.0,0.0,2.1337757110595703,0.0,28,15500,47.6192218,-122.3623538,3.6396723473634096
3558,1728413377.9559999,1,220,0,0,185,0,0,3,476192227,-1223623548,0.0,0.6000000238418579,2.1308176517486572,0.0,0.0,0.0,0.0,2.1308176517486572,0.0,28,15500,47.6192227,-122.3623548,3.660992089242827
3559,1728413378.198,1,220,0,0,185,0,0,3,476192227,-1223623548,0.0,0.6000000238418579,2.1308176517486572,0.0,0.0,0.0,0.0,2.1308176517486572,0.0,28,15500,47.6192227,-122.3623548,3.638348203808547
3560,1728413378.48,1,220,0,0,185,0,0,3,476192234,-1223623535,0.0,0.6000000238418579,2.168872594833374,0.0,0.0,0.0,0.0,2.168872594833374,0.0,28,15500,47.6192234,-122.3623535,3.646973033962953
3561,1728413378.731,1,220,0,0,185,0,0,3,476192234,-1223623535,0.0,0.6000000238418579,2.168872594833374,0.0,0.0,0.0,0.0,2.168872594833374,0.0,28,15500,47.6192234,-122.3623535,3.631082130354019
3562,1728413379.001,1,220,0,0,185,0,0,3,476192243,-1223623525,0.0,0.6000000238418579,2.161378860473633,0.0,0.0,0.0,0.0,2.161378860473633,0.0,28,15500,47.6192243,-122.3623525,3.66300363741163
3563,1728413379.25,1,220,0,0,185,0,0,3,476192243,-1223623525,0.0,0.6000000238418579,2.161378860473633,0.0,0.0,0.0,0.0,2.161378860473633,0.0,28,15500,47.6192243,-122.3623525,3.6489692017653677
3564,1728413379.51,1,220,0,0,185,0,0,3,476192256,-1223623526,0.0,0.6000000238418579,2.170213460922241,0.0,0.0,0.0,0.0,2.170213460922241,0.0,28,15400,47.6192256,-122.3623526,3.665017397303611
3565,1728413379.7619998,1,220,0,0,185,0,0,3,476192256,-1223623526,0.0,0.6000000238418579,2.170213460922241,0.0,0.0,0.0,0.0,2.170213460922241,0.0,28,15400,47.6192256,-122.3623526,3.6483034639626757
3566,1728413380.05,1,220,0,0,185,0,0,3,476192276,-1223623539,0.0,0.6000000238418579,2.1642203330993652,0.0,0.0,0.0,0.0,2.1642203330993652,0.0,28,15500,47.6192276,-122.3623539,3.667705803806827
3567,1728413380.276,1,220,0,0,185,0,0,3,476192276,-1223623539,0.0,0.6000000238418579,2.1642203330993652,0.0,0.0,0.0,0.0,2.1642203330993652,0.0,28,15500,47.6192276,-122.3623539,3.6724200579804553
3568,1728413380.5509999,1,220,0,0,185,0,0,3,476192292,-1223623541,0.0,0.6000000238418579,2.1725704669952393,0.0,0.0,0.0,0.0,2.1725704669952393,0.0,28,15500,47.6192292,-122.3623541,3.6324009893894638
3569,1728413380.7919998,1,220,0,0,185,0,0,3,476192292,-1223623541,0.0,0.6000000238418579,2.1725704669952393,0.0,0.0,0.0,0.0,2.1725704669952393,0.0,28,15500,47.6192292,-122.3623541,3.6350418987514006
3570,1728413381.056,1,220,0,0,185,0,0,3,476192292,-1223623541,0.0,0.6000000238418579,2.1725704669952393,0.0,0.0,0.0,0.0,2.1725704669952393,0.0,28,15500,47.6192292,-122.3623541,3.6456435739476367
3571,1728413381.62,1,220,0,0,185,0,0,3,476192266,-1223623491,0.0,0.6000000238418579,2.3969480991363525,0.0,0.0,0.0,0.0,2.3969480991363525,0.0,28,15500,47.6192266,-122.3623491,3.654302908602088
3572,1728413381.853,1,220,0,0,185,0,0,3,476192267,-1223623484,0.0,0.6000000238418579,2.2633614540100098,0.0,0.0,0.0,0.0,2.2633614540100098,0.0,28,15500,47.6192267,-122.3623484,3.6463081827735553
3573,1728413382.097,1,220,0,0,185,0,0,3,476192267,-1223623484,0.0,0.6000000238418579,2.2633614540100098,0.0,0.0,0.0,0.0,2.2633614540100098,0.0,28,15500,47.6192267,-122.3623484,3.638348203808547
3574,1728413382.358,1,220,0,0,185,0,0,3,476192267,-1223623484,0.0,0.6000000238418579,2.2633614540100098,0.0,0.0,0.0,0.0,2.2633614540100098,0.0,28,15500,47.6192267,-122.3623484,3.6343812327362617
3575,1728413382.668,1,220,0,0,185,0,0,3,476192253,-1223623472,0.0,0.6000000238418579,2.2666702270507812,0.0,0.0,0.0,0.0,2.2666702270507812,0.0,28,15500,47.6192253,-122.3623472,3.642987243216351
3576,1728413382.9029999,1,220,0,0,185,0,0,3,476192253,-1223623460,0.0,0.6000000238418579,2.2948989868164062,0.0,0.0,0.0,0.0,2.2948989868164062,0.0,28,15500,47.6192253,-122.362346,3.6456434155099497
3577,1728413383.132,1,220,0,0,185,0,0,3,476192253,-1223623460,0.0,0.6000000238418579,2.2948989868164062,0.0,0.0,0.0,0.0,2.2948989868164062,0.0,28,15500,47.6192253,-122.362346,3.650967555966238
3578,1728413383.462,1,220,0,0,185,0,0,3,476192260,-1223623457,0.0,0.6000000238418579,2.3301804065704346,0.0,0.0,0.0,0.0,2.3301804065704346,0.0,28,15500,47.619226,-122.3623457,3.633060778243268
3579,1728413383.6999998,1,220,0,0,185,0,0,3,476192260,-1223623457,0.0,0.6000000238418579,2.3301804065704346,0.0,0.0,0.0,0.0,2.3301804065704346,0.0,28,15500,47.619226,-122.3623457,3.635702489855292
3580,1728413383.9659998,1,220,0,0,185,0,0,3,476192273,-1223623459,0.0,0.6000000238418579,2.389777183532715,0.0,0.0,0.0,0.0,2.389777183532715,0.0,28,15500,47.6192273,-122.3623459,3.6350418987514006
3581,1728413384.204,1,220,0,0,185,0,0,3,476192273,-1223623459,0.0,0.6000000238418579,2.389777183532715,0.0,0.0,0.0,0.0,2.389777183532715,0.0,28,15500,47.6192273,-122.3623459,3.6225320536087247
3582,1728413384.4859998,1,220,0,0,185,0,0,3,476192277,-1223623455,0.0,0.6000000238418579,2.432654857635498,0.0,0.0,0.0,0.0,2.432654857635498,0.0,27,15500,47.6192277,-122.3623455,3.63504174123386
3583,1728413384.747,1,220,0,0,185,0,0,3,476192277,-1223623455,0.0,0.6000000238418579,2.432654857635498,0.0,0.0,0.0,0.0,2.432654857635498,0.0,27,15500,47.6192277,-122.3623455,3.6264731857783903
3584,1728413385.013,1,220,0,0,185,0,0,3,476192291,-1223623449,0.0,0.6000000238418579,2.426485061645508,0.0,0.0,0.0,0.0,2.426485061645508,0.0,27,15500,47.6192291,-122.3623449,3.639672505282523
3585,1728413385.2519999,1,220,0,0,185,0,0,3,476192291,-1223623449,0.0,0.6000000238418579,2.426485061645508,0.0,0.0,0.0,0.0,2.426485061645508,0.0,27,15500,47.6192291,-122.3623449,3.6556388521969088
3586,1728413385.536,1,220,0,0,185,0,0,3,476192308,-1223623456,0.0,0.6000000238418579,2.414748191833496,0.0,0.0,0.0,0.0,2.414748191833496,0.0,27,15500,47.6192308,-122.3623456,3.63504174123386
3587,1728413385.754,1,220,0,0,185,0,0,3,476192308,-1223623456,0.0,0.6000000238418579,2.414748191833496,0.0,0.0,0.0,0.0,2.414748191833496,0.0,27,15500,47.6192308,-122.3623456,3.6172906206028235
3588,1728413386.056,1,220,0,0,185,0,0,3,476192327,-1223623466,0.0,0.6000000238418579,2.4137563705444336,0.0,0.0,0.0,0.0,2.4137563705444336,0.0,27,15500,47.6192327,-122.3623466,3.6563071106749936
3589,1728413386.293,1,220,0,0,185,0,0,3,476192327,-1223623466,0.0,0.6000000238418579,2.4137563705444336,0.0,0.0,0.0,0.0,2.4137563705444336,0.0,27,15500,47.6192327,-122.3623466,3.6656890893306247
3590,1728413386.5579998,1,220,0,0,185,0,0,3,476192327,-1223623466,0.0,0.6000000238418579,2.4137563705444336,0.0,0.0,0.0,0.0,2.4137563705444336,0.0,27,15500,47.6192327,-122.3623466,3.6563071106749936
3591,1728413387.141,1,220,0,0,185,0,0,3,476192368,-1223623471,0.0,0.6000000238418579,2.6561777591705322,0.0,0.0,0.0,0.0,2.6561777591705322,0.0,27,15500,47.6192368,-122.3623471,3.6463081827735553
3592,1728413387.355,1,220,0,0,185,0,0,3,476192368,-1223623471,0.0,0.6000000238418579,2.6561777591705322,0.0,0.0,0.0,0.0,2.6561777591705322,0.0,27,15500,47.6192368,-122.3623471,3.6536352233340437
3593,1728413387.612,1,220,0,0,185,0,0,3,476192338,-1223623429,0.0,0.6000000238418579,2.468536615371704,0.0,0.0,0.0,0.0,2.468536615371704,0.0,27,15500,47.6192338,-122.3623429,3.6324009893894638
3594,1728413387.853,1,220,0,0,185,0,0,3,476192338,-1223623429,0.0,0.6000000238418579,2.468536615371704,0.0,0.0,0.0,0.0,2.468536615371704,0.0,27,15500,47.6192338,-122.3623429,3.629105479521808
3595,1728413388.139,1,220,0,0,185,0,0,3,476192329,-1223623424,0.0,0.6000000238418579,2.444672107696533,0.0,0.0,0.0,0.0,2.444672107696533,0.0,27,15500,47.6192329,-122.3623424,3.6172906206028235
3596,1728413388.405,1,220,0,0,185,0,0,3,476192284,-1223623374,0.0,0.6000000238418579,2.4141902923583984,0.0,0.0,0.0,0.0,2.4141902923583984,0.0,27,15500,47.6192284,-122.3623374,3.631741440136545
3597,1728413388.661,1,220,0,0,185,0,0,3,476192284,-1223623374,0.0,0.6000000238418579,2.4141902923583984,0.0,0.0,0.0,0.0,2.4141902923583984,0.0,27,15500,47.6192284,-122.3623374,3.6133694109958476
3598,1728413388.932,1,220,0,0,185,0,0,3,476192250,-1223623339,0.0,0.6000000238418579,2.4771816730499268,0.0,0.0,0.0,0.0,2.4771816730499268,0.0,27,15500,47.619225,-122.3623339,3.625815787243145
3599,1728413389.156,1,220,0,0,185,0,0,3,476192250,-1223623339,0.0,0.6000000238418579,2.4771816730499268,0.0,0.0,0.0,0.0,2.4771816730499268,0.0,27,15500,47.619225,-122.3623339,3.6218762394247626
3600,1728413389.4359999,1,220,0,0,185,0,0,3,476192250,-1223623339,0.0,0.6000000238418579,2.5077085494995117,0.0,0.0,0.0,0.0,2.5077085494995117,0.0,27,15500,47.619225,-122.3623339,3.2981529637583322
3601,1728413389.689,1,220,0,0,185,0,0,3,476192238,-1223623339,0.0,0.6000000238418579,2.5077085494995117,0.0,0.0,0.0,0.0,2.5077085494995117,0.0,27,15500,47.6192238,-122.3623339,3.5026270930782406
3602,1728413389.96,1,220,0,0,185,0,0,3,476192237,-1223623363,0.0,0.6000000238418579,2.4953086376190186,0.0,0.0,0.0,0.0,2.4953086376190186,0.0,27,15500,47.6192237,-122.3623363,3.4554250958462895
3603,1728413390.253,1,220,0,0,185,0,0,3,476192237,-1223623363,0.0,0.6000000238418579,2.4953086376190186,0.0,0.0,0.0,0.0,2.4953086376190186,0.0,27,15500,47.6192237,-122.3623363,3.463803298310907
3604,1728413390.524,1,220,0,0,185,0,0,3,476192242,-1223623361,0.0,0.6000000238418579,2.536508083343506,0.0,0.0,0.0,0.0,2.536508083343506,0.0,27,15500,47.6192242,-122.3623361,3.435835708508246
3605,1728413390.781,1,220,0,0,185,0,0,3,476192242,-1223623361,0.0,0.6000000238418579,2.536508083343506,0.0,0.0,0.0,0.0,2.536508083343506,0.0,27,15500,47.6192242,-122.3623361,3.4405642739867117
3606,1728413391.043,1,220,0,0,185,0,0,3,476192248,-1223623354,0.0,0.6000000238418579,2.6173903942108154,0.0,0.0,0.0,0.0,2.6173903942108154,0.0,28,15500,47.6192248,-122.3623354,3.4494654168455767
3607,1728413391.289,1,220,0,0,185,0,0,3,476192248,-1223623354,0.0,0.6000000238418579,2.6173903942108154,0.0,0.0,0.0,0.0,2.6173903942108154,0.0,28,15500,47.6192248,-122.3623354,3.4470873257591395
3608,1728413391.572,1,220,0,0,185,0,0,3,476192265,-1223623384,0.0,0.6000000238418579,2.6571078300476074,0.0,0.0,0.0,0.0,2.6571078300476074,0.0,28,15500,47.6192265,-122.3623384,3.4620045303244744
3609,1728413391.8149998,1,220,0,0,185,0,0,3,476192265,-1223623384,0.0,0.6000000238418579,2.6571078300476074,0.0,0.0,0.0,0.0,2.6571078300476074,0.0,28,15500,47.6192265,-122.3623384,3.4328870726262037
3610,1728413392.622,1,220,0,0,185,0,0,3,476192291,-1223623409,0.0,0.6000000238418579,2.9373533725738525,0.0,0.0,0.0,0.0,2.9373533725738525,0.0,28,15500,47.6192291,-122.3623409,3.4482758904183806
3611,1728413392.8509998,1,220,0,0,185,0,0,3,476192291,-1223623409,0.0,0.6000000238418579,2.9373533725738525,0.0,0.0,0.0,0.0,2.9373533725738525,0.0,28,15500,47.6192291,-122.3623409,3.4340658632129926
3612,1728413393.143,1,220,0,0,185,0,0,3,476192310,-1223623398,0.0,0.6000000238418579,2.738112449645996,0.0,0.0,0.0,0.0,2.738112449645996,0.0,28,15500,47.619231,-122.3623398,3.460207629584314
3613,1728413393.386,1,220,0,0,185,0,0,3,476192310,-1223623398,0.0,0.6000000238418579,2.738112449645996,0.0,0.0,0.0,0.0,2.738112449645996,0.0,28,15500,47.619231,-122.3623398,3.4632035489896524
3614,1728413393.674,1,220,0,0,185,0,0,3,476192317,-1223623407,0.0,0.6000000238418579,2.6943228244781494,0.0,0.0,0.0,0.0,2.6943228244781494,0.0,28,15500,47.6192317,-122.3623407,3.4782608695652173
3615,1728413393.952,1,220,0,0,185,0,0,3,476192328,-1223623424,0.0,0.6000000238418579,2.685694456100464,0.0,0.0,0.0,0.0,2.685694456100464,0.0,28,15500,47.6192328,-122.3623424,3.4644032553944526
3616,1728413394.2029998,1,220,0,0,185,0,0,3,476192328,-1223623424,0.0,0.6000000238418579,2.685694456100464,0.0,0.0,0.0,0.0,2.685694456100464,0.0,28,15500,47.6192328,-122.3623424,3.469210834898459
3617,1728413394.4629998,1,220,0,0,185,0,0,3,476192339,-1223623432,0.0,0.6000000238418579,2.6489593982696533,0.0,0.0,0.0,0.0,2.6489593982696533,0.0,28,15500,47.6192339,-122.3623432,3.43524574498376
3618,1728413394.7089999,1,220,0,0,185,0,0,3,476192339,-1223623432,0.0,0.6000000238418579,2.6489593982696533,0.0,0.0,0.0,0.0,2.6489593982696533,0.0,28,15500,47.6192339,-122.3623432,3.469210834898459
3619,1728413394.9819999,1,220,0,0,185,0,0,3,476192349,-1223623422,0.0,0.6000000238418579,2.5785417556762695,0.0,0.0,0.0,0.0,2.5785417556762695,0.0,28,15500,47.6192349,-122.3623422,3.4566194182248795
3620,1728413395.2359998,1,220,0,0,185,0,0,3,476192349,-1223623422,0.0,0.6000000238418579,2.5785417556762695,0.0,0.0,0.0,0.0,2.5785417556762695,0.0,28,15500,47.6192349,-122.3623422,3.6140224592545054
3621,1728413395.513,1,220,0,0,185,0,0,3,476192333,-1223623406,0.0,0.6000000238418579,2.5204966068267822,0.0,0.0,0.0,0.0,2.5204966068267822,0.0,28,15500,47.6192333,-122.3623406,3.602305445803232
3622,1728413395.74,1,220,0,0,185,0,0,3,476192333,-1223623406,0.0,0.6000000238418579,2.5204966068267822,0.0,0.0,0.0,0.0,2.5204966068267822,0.0,28,15500,47.6192333,-122.3623406,3.607503510696281
3623,1728413396.0279999,1,220,0,0,185,0,0,3,476192331,-1223623418,0.0,0.6000000238418579,2.4736599922180176,0.0,0.0,0.0,0.0,2.4736599922180176,0.0,28,15500,47.6192331,-122.3623418,3.62713097957608
3624,1728413396.274,1,220,0,0,185,0,0,3,476192331,-1223623418,0.0,0.6000000238418579,2.4736599922180176,0.0,0.0,0.0,0.0,2.4736599922180176,0.0,28,15500,47.6192331,-122.3623418,3.639010312992069
3625,1728413396.554,1,220,0,0,185,0,0,3,476192312,-1223623409,0.0,0.6000000238418579,2.4499645233154297,0.0,0.0,0.0,0.0,2.4499645233154297,0.0,28,15400,47.6192312,-122.3623409,3.657644520336085
3626,1728413396.8079998,1,220,0,0,185,0,0,3,476192312,-1223623409,0.0,0.6000000238418579,2.4499645233154297,0.0,0.0,0.0,0.0,2.4499645233154297,0.0,28,15400,47.6192312,-122.3623409,3.6324009893894638
3627,1728413397.1109998,1,220,0,0,185,0,0,3,476192302,-1223623392,0.0,0.6000000238418579,2.4428486824035645,0.0,0.0,0.0,0.0,2.4428486824035645,0.0,28,15500,47.6192302,-122.3623392,3.6456434155099497
3628,1728413397.337,1,220,0,0,185,0,0,3,476192302,-1223623392,0.0,0.6000000238418579,2.4428486824035645,0.0,0.0,0.0,0.0,2.4428486824035645,0.0,28,15500,47.6192302,-122.3623392,3.633060778243268
3629,1728413397.6009998,1,220,0,0,185,0,0,3,476192302,-1223623392,0.0,0.6000000238418579,2.4428486824035645,0.0,0.0,0.0,0.0,2.4428486824035645,0.0,28,15500,47.6192302,-122.3623392,3.633060778243268
3630,1728413398.156,1,220,0,0,185,0,0,3,476192302,-1223623392,0.0,0.6000000238418579,2.605597496032715,0.0,0.0,0.0,0.0,2.605597496032715,0.0,28,15500,47.6192302,-122.3623392,3.6277888551574917
3631,1728413398.4029999,1,220,0,0,185,0,0,3,476192319,-1223623418,0.0,0.6000000238418579,2.605597496032715,0.0,0.0,0.0,0.0,2.605597496032715,0.0,28,15500,47.6192319,-122.3623418,3.639010312992069
3632,1728413398.687,1,220,0,0,185,0,0,3,476192324,-1223623438,0.0,0.6000000238418579,2.421072006225586,0.0,0.0,0.0,0.0,2.421072006225586,0.0,28,15500,47.6192324,-122.3623438,3.6140224592545054
3633,1728413398.8999999,1,220,0,0,185,0,0,3,476192324,-1223623438,0.0,0.6000000238418579,2.421072006225586,0.0,0.0,0.0,0.0,2.421072006225586,0.0,28,15500,47.6192324,-122.3623438,3.6409976131231696
3634,1728413399.1699998,1,220,0,0,185,0,0,3,476192324,-1223623438,0.0,0.6000000238418579,2.421072006225586,0.0,0.0,0.0,0.0,2.421072006225586,0.0,28,15500,47.6192324,-122.3623438,3.6133694109958476
3635,1728413399.4199998,1,220,0,0,185,0,0,3,476192324,-1223623438,0.0,0.6000000238418579,2.421072006225586,0.0,0.0,0.0,0.0,2.421072006225586,0.0,28,15500,47.6192324,-122.3623438,3.6343812327362617
3636,1728413399.7089999,1,220,0,0,185,0,0,3,476192338,-1223623424,0.0,0.6000000238418579,2.789613723754883,0.0,0.0,0.0,0.0,2.789613723754883,0.0,28,15500,47.6192338,-122.3623424,3.6456434155099497
3637,1728413399.949,1,220,0,0,185,0,0,3,476192323,-1223623408,0.0,0.6000000238418579,2.4592576026916504,0.0,0.0,0.0,0.0,2.4592576026916504,0.0,28,15500,47.6192323,-122.3623408,3.6757949009535342
3638,1728413400.214,1,220,0,0,185,0,0,3,476192323,-1223623408,0.0,0.6000000238418579,2.4592576026916504,0.0,0.0,0.0,0.0,2.4592576026916504,0.0,28,15500,47.6192323,-122.3623408,3.6238448643714087
3639,1728413400.487,1,220,0,0,185,0,0,3,476192323,-1223623408,0.0,0.6000000238418579,2.4592576026916504,0.0,0.0,0.0,0.0,2.4592576026916504,0.0,28,15500,47.6192323,-122.3623408,3.644979048972749
3640,1728413400.7489998,1,220,0,0,185,0,0,3,476192323,-1223623408,0.0,0.6000000238418579,2.4592576026916504,0.0,0.0,0.0,0.0,2.4592576026916504,0.0,28,15500,47.6192323,-122.3623408,3.854307091944016
3641,1728413401.0089998,1,220,0,0,185,0,0,3,476192323,-1223623408,0.0,0.6000000238418579,2.8411214351654053,0.0,0.0,0.0,0.0,2.8411214351654053,0.0,28,15500,47.6192323,-122.3623408,3.155071784528278
3642,1728413401.274,1,220,0,0,185,0,0,3,476192329,-1223623426,0.0,0.6000000238418579,2.8411214351654053,0.0,0.0,0.0,0.0,2.8411214351654053,0.0,27,15400,47.6192329,-122.3623426,3.184713390304997
3643,1728413401.521,1,220,0,0,185,0,0,3,476192329,-1223623426,0.0,0.6000000238418579,2.8411214351654053,0.0,0.0,0.0,0.0,2.8411214351654053,0.0,27,15400,47.6192329,-122.3623426,3.15357930872597
3644,1728413401.809,1,220,0,0,185,0,0,3,476192328,-1223623421,0.0,0.6000000238418579,2.4811270236968994,0.0,0.0,0.0,0.0,2.4811270236968994,0.0,27,15500,47.6192328,-122.3623421,3.166059763010353
3645,1728413402.057,1,220,0,0,185,0,0,3,476192328,-1223623421,0.0,0.6000000238418579,2.412733316421509,0.0,0.0,0.0,0.0,2.412733316421509,0.0,27,15500,47.6192328,-122.3623421,3.159557581004405
3646,1728413402.294,1,220,0,0,185,0,0,3,476192330,-1223623414,0.0,0.6000000238418579,2.412733316421509,0.0,0.0,0.0,0.0,2.412733316421509,0.0,27,15500,47.619233,-122.3623414,3.1756112561278362
3647,1728413402.5519998,1,220,0,0,185,0,0,3,476192330,-1223623414,0.0,0.6000000238418579,2.412733316421509,0.0,0.0,0.0,0.0,2.412733316421509,0.0,27,15500,47.619233,-122.3623414,3.1665611222795897
3648,1728413402.856,1,220,0,0,185,0,0,3,476192303,-1223623395,0.0,0.6000000238418579,2.4209768772125244,0.0,0.0,0.0,0.0,2.4209768772125244,0.0,27,15500,47.6192303,-122.3623395,3.136762896384915
3649,1728413403.0879998,1,220,0,0,185,0,0,3,476192303,-1223623395,0.0,0.6000000238418579,2.4209768772125244,0.0,0.0,0.0,0.0,2.4209768772125244,0.0,27,15500,47.6192303,-122.3623395,3.174099409841167
3650,1728413403.345,1,220,0,0,185,0,0,3,476192303,-1223623395,0.0,0.6000000238418579,2.4209768772125244,0.0,0.0,0.0,0.0,2.4209768772125244,0.0,27,15500,47.6192303,-122.3623395,3.164556876070856
3651,1728413404.7419999,1,220,0,0,185,0,0,3,476192289,-1223623377,0.0,0.6000000238418579,3.10345196723938,0.0,0.0,0.0,0.0,3.10345196723938,0.0,28,15500,47.6192289,-122.3623377,3.1710796721005585
3652,1728413404.967,1,220,0,0,185,0,0,3,476192289,-1223623377,0.0,0.6000000238418579,3.10345196723938,0.0,0.0,0.0,0.0,3.10345196723938,0.0,28,15500,47.6192289,-122.3623377,3.1585596882153713
3653,1728413405.2419999,1,220,0,0,185,0,0,3,476192290,-1223623387,0.0,0.6000000238418579,2.6399991512298584,0.0,0.0,0.0,0.0,2.6399991512298584,0.0,28,15500,47.619229,-122.3623387,3.169069823397608
3654,1728413405.487,1,220,0,0,185,0,0,3,476192290,-1223623387,0.0,0.6000000238418579,2.6399991512298584,0.0,0.0,0.0,0.0,2.6399991512298584,0.0,28,15500,47.619229,-122.3623387,3.1801559308357876
3655,1728413405.75,1,220,0,0,185,0,0,3,476192290,-1223623387,0.0,0.6000000238418579,2.500946044921875,0.0,0.0,0.0,0.0,2.500946044921875,0.0,28,15500,47.619229,-122.3623387,3.162555403856726
3656,1728413406.007,1,220,0,0,185,0,0,3,476192291,-1223623402,0.0,0.6000000238418579,2.500946044921875,0.0,0.0,0.0,0.0,2.500946044921875,0.0,28,15500,47.6192291,-122.3623402,3.151094944910171
3657,1728413406.2649999,1,220,0,0,185,0,0,3,476192291,-1223623402,0.0,0.6000000238418579,2.500946044921875,0.0,0.0,0.0,0.0,2.500946044921875,0.0,28,15500,47.6192291,-122.3623402,3.1585596882153713
3658,1728413406.59,1,220,0,0,185,0,0,3,476192293,-1223623392,0.0,0.6000000238418579,2.479912519454956,0.0,0.0,0.0,0.0,2.479912519454956,0.0,28,15400,47.6192293,-122.3623392,3.1756113763445306
3659,1728413406.7879999,1,220,0,0,185,0,0,3,476192293,-1223623392,0.0,0.6000000238418579,2.479912519454956,0.0,0.0,0.0,0.0,2.479912519454956,0.0,28,15400,47.6192293,-122.3623392,2.91460216166642
3660,1728413407.069,1,220,0,0,185,0,0,3,476192319,-1223623403,0.0,0.6000000238418579,2.474811315536499,0.0,0.0,0.0,0.0,2.474811315536499,0.0,28,15400,47.6192319,-122.3623403,2.915451939627271
3661,1728413407.316,1,220,0,0,185,0,0,3,476192340,-1223623415,0.0,0.6000000238418579,2.4657504558563232,0.0,0.0,0.0,0.0,2.4657504558563232,0.0,28,15400,47.619234,-122.3623415,3.4897923898752437
3662,1728413407.606,1,220,0,0,185,0,0,3,476192302,-1223623389,0.0,0.6000000238418579,2.462073802947998,0.0,0.0,0.0,0.0,2.462073802947998,0.0,28,15400,47.6192302,-122.3623389,3.469210834898459
3663,1728413407.832,1,220,0,0,185,0,0,3,476192302,-1223623389,0.0,0.6000000238418579,2.462073802947998,0.0,0.0,0.0,0.0,2.462073802947998,0.0,28,15400,47.6192302,-122.3623389,3.4740316321033577
3664,1728413408.0979998,1,220,0,0,185,0,0,3,476192302,-1223623389,0.0,0.6000000238418579,2.462073802947998,0.0,0.0,0.0,0.0,2.462073802947998,0.0,28,15400,47.6192302,-122.3623389,3.4716195599250685
3665,1728413408.3809998,1,220,0,0,185,0,0,3,476192302,-1223623389,0.0,0.6000000238418579,2.462073802947998,0.0,0.0,0.0,0.0,2.462073802947998,0.0,28,15400,47.6192302,-122.3623389,3.457217031552196
3666,1728413408.641,1,220,0,0,185,0,0,3,476192291,-1223623361,0.0,0.6000000238418579,3.028442621231079,0.0,0.0,0.0,0.0,3.028442621231079,0.0,28,15400,47.6192291,-122.3623361,3.462603864395306
3667,1728413408.8839998,1,220,0,0,185,0,0,3,476192291,-1223623361,0.0,0.6000000238418579,3.028442621231079,0.0,0.0,0.0,0.0,3.028442621231079,0.0,28,15400,47.6192291,-122.3623361,3.460207629584314
3668,1728413409.1539998,1,220,0,0,185,0,0,3,476192291,-1223623361,0.0,0.6000000238418579,3.028442621231079,0.0,0.0,0.0,0.0,3.028442621231079,0.0,28,15400,47.6192291,-122.3623361,3.5143208669169357
3669,1728413409.9499998,1,220,0,0,185,0,0,3,476192340,-1223623414,0.0,0.6000000238418579,2.878561019897461,0.0,0.0,0.0,0.0,2.878561019897461,0.0,27,15400,47.619234,-122.3623414,3.4782608695652173
3670,1728413410.205,1,220,0,0,185,0,0,3,476192340,-1223623414,0.0,0.6000000238418579,2.878561019897461,0.0,0.0,0.0,0.0,2.878561019897461,0.0,27,15400,47.619234,-122.3623414,3.482500416806986
3671,1728413410.4729998,1,220,0,0,185,0,0,3,476192340,-1223623414,0.0,0.6000000238418579,2.7052154541015625,0.0,0.0,0.0,0.0,2.7052154541015625,0.0,27,15400,47.619234,-122.3623414,3.4566194182248795
3672,1728413410.7319999,1,220,0,0,185,0,0,3,476192367,-1223623422,0.0,0.6000000238418579,2.7052154541015625,0.0,0.0,0.0,0.0,2.7052154541015625,0.0,27,15400,47.6192367,-122.3623422,3.4716195599250685
3673,1728413410.9989998,1,220,0,0,185,0,0,3,476192359,-1223623396,0.0,0.6000000238418579,2.692627429962158,0.0,0.0,0.0,0.0,2.692627429962158,0.0,27,15400,47.6192359,-122.3623396,3.451846791412174
3674,1728413411.248,1,220,0,0,185,0,0,3,476192359,-1223623396,0.0,0.6000000238418579,2.692627429962158,0.0,0.0,0.0,0.0,2.692627429962158,0.0,27,15400,47.6192359,-122.3623396,3.453038641056922
3675,1728413411.5349998,1,220,0,0,185,0,0,3,476192343,-1223623390,0.0,0.6000000238418579,2.713434934616089,0.0,0.0,0.0,0.0,2.713434934616089,0.0,27,15400,47.6192343,-122.362339,3.463203406012673
3676,1728413411.783,1,220,0,0,185,0,0,3,476192334,-1223623384,0.0,0.6000000238418579,2.700958013534546,0.0,0.0,0.0,0.0,2.700958013534546,0.0,27,15400,47.6192334,-122.3623384,3.472825249070627
3677,1728413412.0449998,1,220,0,0,185,0,0,3,476192334,-1223623384,0.0,0.6000000238418579,2.700958013534546,0.0,0.0,0.0,0.0,2.700958013534546,0.0,27,15400,47.6192334,-122.3623384,3.460806341612359
3678,1728413412.281,1,220,0,0,185,0,0,3,476192334,-1223623384,0.0,0.6000000238418579,2.700958013534546,0.0,0.0,0.0,0.0,2.700958013534546,0.0,27,15400,47.6192334,-122.3623384,3.466204374298974
3679,1728413412.5379999,1,220,0,0,185,0,0,3,476192334,-1223623384,0.0,0.6000000238418579,2.700958013534546,0.0,0.0,0.0,0.0,2.700958013534546,0.0,27,15400,47.6192334,-122.3623384,3.494670597011282
3680,1728413412.812,1,220,0,0,185,0,0,3,476192331,-1223623355,0.0,0.6000000238418579,3.3342604637145996,0.0,0.0,0.0,0.0,3.3342604637145996,0.0,27,15400,47.6192331,-122.3623355,3.491620157075723
3681,1728413413.102,1,220,0,0,185,0,0,3,476192331,-1223623355,0.0,0.6000000238418579,2.9233832359313965,0.0,0.0,0.0,0.0,2.9233832359313965,0.0,27,15400,47.6192331,-122.3623355,3.4965034790147262
3682,1728413413.3669999,1,220,0,0,185,0,0,3,476192338,-1223623360,0.0,0.6000000238418579,2.9233832359313965,0.0,0.0,0.0,0.0,2.9233832359313965,0.0,27,15400,47.6192338,-122.362336,3.501400479550244
3683,1728413413.626,1,220,0,0,185,0,0,3,476192338,-1223623360,0.0,0.6000000238418579,2.7666311264038086,0.0,0.0,0.0,0.0,2.7666311264038086,0.0,27,15400,47.6192338,-122.362336,3.4983382846440088
3684,1728413413.8899999,1,220,0,0,185,0,0,3,476192349,-1223623372,0.0,0.6000000238418579,2.7666311264038086,0.0,0.0,0.0,0.0,2.7666311264038086,0.0,27,15400,47.6192349,-122.3623372,3.494670597011282
3685,1728413414.156,1,220,0,0,185,0,0,3,476192361,-1223623375,0.0,0.6000000238418579,2.7679083347320557,0.0,0.0,0.0,0.0,2.7679083347320557,0.0,27,15400,47.6192361,-122.3623375,3.506311362793744
3686,1728413414.3999999,1,220,0,0,185,0,0,3,476192361,-1223623375,0.0,0.6000000238418579,2.7679083347320557,0.0,0.0,0.0,0.0,2.7679083347320557,0.0,27,15400,47.6192361,-122.3623375,3.50754127344709
3687,1728413414.6629999,1,220,0,0,185,0,0,3,476192361,-1223623375,0.0,0.6000000238418579,2.7679083347320557,0.0,0.0,0.0,0.0,2.7679083347320557,0.0,27,15400,47.6192361,-122.3623375,3.493449694368212
3688,1728413414.924,1,220,0,0,185,0,0,3,476192361,-1223623375,0.0,0.6000000238418579,2.7679083347320557,0.0,0.0,0.0,0.0,2.7679083347320557,0.0,27,15400,47.6192361,-122.3623375,3.4770514038655227
3689,1728413415.6729999,1,220,0,0,185,0,0,3,476192352,-1223623356,0.0,0.6000000238418579,3.0494930744171143,0.0,0.0,0.0,0.0,3.0494930744171143,0.0,28,15400,47.6192352,-122.3623356,3.473428192014982
3690,1728413415.9329998,1,220,0,0,185,0,0,3,476192352,-1223623356,0.0,0.6000000238418579,3.0494930744171143,0.0,0.0,0.0,0.0,3.0494930744171143,0.0,28,15400,47.6192352,-122.3623356,3.4928397810446317
3691,1728413416.1929998,1,220,0,0,185,0,0,3,476192318,-1223623319,0.0,0.6000000238418579,2.9128057956695557,0.0,0.0,0.0,0.0,2.9128057956695557,0.0,28,15400,47.6192318,-122.3623319,3.47342833583746
3692,1728413416.444,1,220,0,0,185,0,0,3,476192318,-1223623319,0.0,0.6000000238418579,2.9128057956695557,0.0,0.0,0.0,0.0,2.9128057956695557,0.0,28,15400,47.6192318,-122.3623319,3.5056966576056463
3693,1728413416.7159998,1,220,0,0,185,0,0,3,476192341,-1223623340,0.0,0.6000000238418579,2.932844400405884,0.0,0.0,0.0,0.0,2.932844400405884,0.0,28,15400,47.6192341,-122.362334,3.4922297898831673
3694,1728413416.971,1,220,0,0,185,0,0,3,476192341,-1223623340,0.0,0.6000000238418579,2.932844400405884,0.0,0.0,0.0,0.0,2.932844400405884,0.0,28,15400,47.6192341,-122.362334,3.5056966576056463
3695,1728413417.2389998,1,220,0,0,185,0,0,3,476192333,-1223623318,0.0,0.6000000238418579,2.94636869430542,0.0,0.0,0.0,0.0,2.94636869430542,0.0,28,15400,47.6192333,-122.3623318,3.5137034975905563
3696,1728413417.485,1,220,0,0,185,0,0,3,476192333,-1223623318,0.0,0.6000000238418579,2.94636869430542,0.0,0.0,0.0,0.0,2.94636869430542,0.0,28,15400,47.6192333,-122.3623318,2.9529012246224404
3697,1728413417.77,1,220,0,0,185,0,0,3,476192335,-1223623319,0.0,0.6000000238418579,2.9913008213043213,0.0,0.0,0.0,0.0,2.9913008213043213,0.0,28,15400,47.6192335,-122.3623319,2.943773853701113
3698,1728413418.033,1,220,0,0,185,0,0,3,476192336,-1223623319,0.0,0.6000000238418579,3.0401346683502197,0.0,0.0,0.0,0.0,3.0401346683502197,0.0,28,15400,47.6192336,-122.3623319,2.958579885830653
3699,1728413418.296,1,220,0,0,185,0,0,3,476192342,-1223623318,0.0,0.6000000238418579,3.045577049255371,0.0,0.0,0.0,0.0,3.045577049255371,0.0,28,15400,47.6192342,-122.3623318,3.1771246636385424
3700,1728413418.5379999,1,220,0,0,185,0,0,3,476192342,-1223623318,0.0,0.6000000238418579,3.045577049255371,0.0,0.0,0.0,0.0,3.045577049255371,0.0,28,15400,47.6192342,-122.3623318,3.1887754723848607
3701,1728413418.86,1,220,0,0,185,0,0,3,476192342,-1223623318,0.0,0.6000000238418579,3.045577049255371,0.0,0.0,0.0,0.0,3.045577049255371,0.0,28,15400,47.6192342,-122.3623318,3.1872509475761057
3702,1728413419.072,1,220,0,0,185,0,0,3,476192373,-1223623316,0.0,0.6000000238418579,3.733797788619995,0.0,0.0,0.0,0.0,3.733797788619995,0.0,27,15400,47.6192373,-122.3623316,3.1725888824023034
3703,1728413419.353,1,220,0,0,185,0,0,3,476192373,-1223623316,0.0,0.6000000238418579,3.733797788619995,0.0,0.0,0.0,0.0,3.733797788619995,0.0,27,15400,47.6192373,-122.3623316,3.1766200743141924
3704,1728413419.595,1,220,0,0,185,0,0,3,476192381,-1223623319,0.0,0.6000000238418579,3.3036773204803467,0.0,0.0,0.0,0.0,3.3036773204803467,0.0,27,15400,47.6192381,-122.3623319,3.1857280007777655
3705,1728413419.8479998,1,220,0,0,185,0,0,3,476192381,-1223623319,0.0,0.6000000238418579,3.3036773204803467,0.0,0.0,0.0,0.0,3.3036773204803467,0.0,27,15400,47.6192381,-122.3623319,3.183192746185872
3706,1728413421.1729999,1,220,0,0,185,0,0,3,476192388,-1223623295,0.0,0.6000000238418579,3.8260440826416016,0.0,0.0,0.0,0.0,3.8260440826416016,0.0,27,15300,47.6192388,-122.3623295,3.183699425905374
3707,1728413421.457,1,220,0,0,185,0,0,3,476192388,-1223623295,0.0,0.6000000238418579,3.2449347972869873,0.0,0.0,0.0,0.0,3.2449347972869873,0.0,27,15300,47.6192388,-122.3623295,3.1791448659508474
3708,1728413421.684,1,220,0,0,185,0,0,3,476192342,-1223623244,0.0,0.6000000238418579,3.2449347972869873,0.0,0.0,0.0,0.0,3.2449347972869873,0.0,28,15300,47.6192342,-122.3623244,3.1928480515446966
3709,1728413421.968,1,220,0,0,185,0,0,3,476192342,-1223623244,0.0,0.6000000238418579,3.0416078567504883,0.0,0.0,0.0,0.0,3.0416078567504883,0.0,28,15300,47.6192342,-122.3623244,3.180155810274768
3710,1728413422.205,1,220,0,0,185,0,0,3,476192327,-1223623223,0.0,0.6000000238418579,3.0416078567504883,0.0,0.0,0.0,0.0,3.0416078567504883,0.0,28,15300,47.6192327,-122.3623223,3.169069823397608
3711,1728413422.468,1,220,0,0,185,0,0,3,476192327,-1223623223,0.0,0.6000000238418579,3.0416078567504883,0.0,0.0,0.0,0.0,3.0416078567504883,0.0,28,15300,47.6192327,-122.3623223,3.1852205542709826
3712,1728413422.748,1,220,0,0,185,0,0,3,476192331,-1223623232,0.0,0.6000000238418579,3.0192854404449463,0.0,0.0,0.0,0.0,3.0192854404449463,0.0,28,15300,47.6192331,-122.3623232,3.1680659139568377
3713,1728413423.0119998,1,220,0,0,185,0,0,3,476192329,-1223623242,0.0,0.6000000238418579,2.919541597366333,0.0,0.0,0.0,0.0,2.919541597366333,0.0,28,15300,47.6192329,-122.3623242,3.174099409841167
3714,1728413423.2489998,1,220,0,0,185,0,0,3,476192329,-1223623242,0.0,0.6000000238418579,2.919541597366333,0.0,0.0,0.0,0.0,2.919541597366333,0.0,28,15300,47.6192329,-122.3623242,2.917578503275934
3715,1728413423.5219998,1,220,0,0,185,0,0,3,476192329,-1223623242,0.0,0.6000000238418579,2.919541597366333,0.0,0.0,0.0,0.0,2.919541597366333,0.0,28,15300,47.6192329,-122.3623242,2.9218407474661015
3716,1728413423.767,1,220,0,0,185,0,0,3,476192329,-1223623242,0.0,0.6000000238418579,2.919541597366333,0.0,0.0,0.0,0.0,2.919541597366333,0.0,28,15300,47.6192329,-122.3623242,3.473428192014982
3717,1728413424.0609999,1,220,0,0,185,0,0,3,476192318,-1223623199,0.0,0.6000000238418579,3.552473783493042,0.0,0.0,0.0,0.0,3.552473783493042,0.0,28,15300,47.6192318,-122.3623199,3.4536350167609378
3718,1728413424.297,1,220,0,0,185,0,0,3,476192318,-1223623199,0.0,0.6000000238418579,3.552473783493042,0.0,0.0,0.0,0.0,3.552473783493042,0.0,28,15300,47.6192318,-122.3623199,3.4494654168455767
3719,1728413424.585,1,220,0,0,185,0,0,3,476192317,-1223623208,0.0,0.6000000238418579,3.109846830368042,0.0,0.0,0.0,0.0,3.109846830368042,0.0,28,15300,47.6192317,-122.3623208,3.454828101811693
3720,1728413424.849,1,220,0,0,185,0,0,3,476192317,-1223623208,0.0,0.6000000238418579,3.109846830368042,0.0,0.0,0.0,0.0,3.109846830368042,0.0,28,15300,47.6192317,-122.3623208,3.4488704801661356
3721,1728413425.139,1,220,0,0,185,0,0,3,476192317,-1223623208,0.0,0.6000000238418579,3.109846830368042,0.0,0.0,0.0,0.0,3.109846830368042,0.0,28,15300,47.6192317,-122.3623208,3.43819843590524
3722,1728413425.385,1,220,0,0,185,0,0,3,476192317,-1223623208,0.0,0.6000000238418579,3.109846830368042,0.0,0.0,0.0,0.0,3.109846830368042,0.0,28,15300,47.6192317,-122.3623208,3.4584125931844363
3723,1728413425.6539998,1,220,0,0,185,0,0,3,476192317,-1223623208,0.0,0.6000000238418579,3.109846830368042,0.0,0.0,0.0,0.0,3.109846830368042,0.0,28,15300,47.6192317,-122.3623208,3.445899297071884
3724,1728413426.4499998,1,220,0,0,185,0,0,3,476192292,-1223623156,0.0,0.6000000238418579,3.7690091133117676,0.0,0.0,0.0,0.0,3.7690091133117676,0.0,28,15300,47.6192292,-122.3623156,3.4376073790262383
3725,1728413426.6929998,1,220,0,0,185,0,0,3,476192292,-1223623162,0.0,0.6000000238418579,3.286747932434082,0.0,0.0,0.0,0.0,3.286747932434082,0.0,28,15300,47.6192292,-122.3623162,3.4393808775919257
3726,1728413426.931,1,220,0,0,185,0,0,3,476192292,-1223623162,0.0,0.6000000238418579,3.286747932434082,0.0,0.0,0.0,0.0,3.286747932434082,0.0,28,15300,47.6192292,-122.3623162,3.4311202630105826
3727,1728413427.248,1,220,0,0,185,0,0,3,476192292,-1223623162,0.0,0.6000000238418579,3.286747932434082,0.0,0.0,0.0,0.0,3.286747932434082,0.0,28,15300,47.6192292,-122.3623162,3.4554249535108497
3728,1728413427.4819999,1,220,0,0,185,0,0,3,476192292,-1223623162,0.0,0.6000000238418579,3.286747932434082,0.0,0.0,0.0,0.0,3.286747932434082,0.0,28,15300,47.6192292,-122.3623162,3.43642615625536
3729,1728413427.757,1,220,0,0,185,0,0,3,476192300,-1223623194,0.0,0.6000000238418579,3.7742419242858887,0.0,0.0,0.0,0.0,3.7742419242858887,0.0,28,15300,47.61923,-122.3623194,3.461405403692426
3730,1728413428.004,1,220,0,0,185,0,0,3,476192300,-1223623194,0.0,0.6000000238418579,3.7742419242858887,0.0,0.0,0.0,0.0,3.7742419242858887,0.0,28,15300,47.61923,-122.3623194,3.4470871841097677
3731,1728413428.2849998,1,220,0,0,185,0,0,3,476192288,-1223623165,0.0,0.6000000238418579,3.308697462081909,0.0,0.0,0.0,0.0,3.308697462081909,0.0,28,15300,47.6192288,-122.3623165,3.474635137977503
3732,1728413428.531,1,220,0,0,185,0,0,3,476192288,-1223623165,0.0,0.6000000238418579,3.308697462081909,0.0,0.0,0.0,0.0,3.308697462081909,0.0,28,15300,47.6192288,-122.3623165,3.460207629584314
3733,1728413428.816,1,220,0,0,185,0,0,3,476192288,-1223623165,0.0,0.6000000238418579,3.308697462081909,0.0,0.0,0.0,0.0,3.308697462081909,0.0,28,15300,47.6192288,-122.3623165,3.1761155249867548
3734,1728413429.067,1,220,0,0,185,0,0,3,476192275,-1223623135,0.0,0.6000000238418579,3.2163662910461426,0.0,0.0,0.0,0.0,3.2163662910461426,0.0,28,15300,47.6192275,-122.3623135,3.4686090682501916
3735,1728413429.337,1,220,0,0,185,0,0,3,476192275,-1223623135,0.0,0.6000000238418579,3.2163662910461426,0.0,0.0,0.0,0.0,3.2163662910461426,0.0,28,15300,47.6192275,-122.3623135,3.4566194182248795
3736,1728413429.596,1,220,0,0,185,0,0,3,476192242,-1223623134,0.0,0.6000000238418579,3.8033976554870605,0.0,0.0,0.0,0.0,3.8033976554870605,0.0,28,15300,47.6192242,-122.3623134,3.4176349976962785
3737,1728413429.849,1,220,0,0,185,0,0,3,476192242,-1223623134,0.0,0.6000000238418579,3.8033976554870605,0.0,0.0,0.0,0.0,3.8033976554870605,0.0,28,15300,47.6192242,-122.3623134,3.465603936455643
3738,1728413430.1169999,1,220,0,0,185,0,0,3,476192203,-1223623102,0.0,0.6000000238418579,3.3699069023132324,0.0,0.0,0.0,0.0,3.3699069023132324,0.0,28,15300,47.6192203,-122.3623102,3.4578145664926687
3739,1728413430.363,1,220,0,0,185,0,0,3,476192203,-1223623102,0.0,0.6000000238418579,3.3699069023132324,0.0,0.0,0.0,0.0,3.3699069023132324,0.0,28,15300,47.6192203,-122.3623102,3.461405403692426
3740,1728413430.651,1,220,0,0,185,0,0,3,476192203,-1223623102,0.0,0.6000000238418579,3.3699069023132324,0.0,0.0,0.0,0.0,3.3699069023132324,0.0,28,15300,47.6192203,-122.3623102,3.460806341612359
3741,1728413430.895,1,220,0,0,185,0,0,3,476192203,-1223623102,0.0,0.6000000238418579,3.3699069023132324,0.0,0.0,0.0,0.0,3.3699069023132324,0.0,28,15300,47.6192203,-122.3623102,3.4758427789876416
3742,1728413431.165,1,220,0,0,185,0,0,3,476192203,-1223623102,0.0,0.6000000238418579,3.3699069023132324,0.0,0.0,0.0,0.0,3.3699069023132324,0.0,28,15300,47.6192203,-122.3623102,3.4405642739867117
3743,1728413431.951,1,220,0,0,185,0,0,3,476192228,-1223623162,0.0,0.6000000238418579,3.871943950653076,0.0,0.0,0.0,0.0,3.871943950653076,0.0,28,15300,47.6192228,-122.3623162,3.4674064476767725
3744,1728413432.2159998,1,220,0,0,185,0,0,3,476192228,-1223623162,0.0,0.6000000238418579,3.871943950653076,0.0,0.0,0.0,0.0,3.871943950653076,0.0,28,15300,47.6192228,-122.3623162,3.4788658458609185
3745,1728413432.4789999,1,220,0,0,185,0,0,3,476192228,-1223623162,0.0,0.6000000238418579,3.871943950653076,0.0,0.0,0.0,0.0,3.871943950653076,0.0,28,15300,47.6192228,-122.3623162,3.4831068689047453
3746,1728413432.783,1,220,0,0,185,0,0,3,476192240,-1223623144,0.0,0.6000000238418579,3.392983913421631,0.0,0.0,0.0,0.0,3.392983913421631,0.0,28,15300,47.619224,-122.3623144,3.454828101811693
3747,1728413433.0189998,1,220,0,0,185,0,0,3,476192229,-1223623106,0.0,0.6000000238418579,3.2342236042022705,0.0,0.0,0.0,0.0,3.2342236042022705,0.0,28,15300,47.6192229,-122.3623106,3.461405403692426
3748,1728413433.266,1,220,0,0,185,0,0,3,476192223,-1223623094,0.0,0.6000000238418579,3.182317018508911,0.0,0.0,0.0,0.0,3.182317018508911,0.0,28,15300,47.6192223,-122.3623094,3.4704147076668845
3749,1728413433.5349998,1,220,0,0,185,0,0,3,476192223,-1223623094,0.0,0.6000000238418579,3.182317018508911,0.0,0.0,0.0,0.0,3.182317018508911,0.0,28,15300,47.6192223,-122.3623094,3.4716195599250685
3750,1728413433.783,1,220,0,0,185,0,0,3,476192223,-1223623094,0.0,0.6000000238418579,3.182317018508911,0.0,0.0,0.0,0.0,3.182317018508911,0.0,28,15300,47.6192223,-122.3623094,3.4812881459359115
3751,1728413434.039,1,220,0,0,185,0,0,3,476192223,-1223623094,0.0,0.6000000238418579,3.182317018508911,0.0,0.0,0.0,0.0,3.182317018508911,0.0,28,15300,47.6192223,-122.3623094,3.465003563473909
3752,1728413434.3439999,1,220,0,0,185,0,0,3,476192143,-1223623057,0.0,0.6000000238418579,3.8492331504821777,0.0,0.0,0.0,0.0,3.8492331504821777,0.0,27,15300,47.6192143,-122.3623057,3.4800765743892312
3753,1728413434.5839999,1,220,0,0,185,0,0,3,476192116,-1223623033,0.0,0.6000000238418579,3.3698840141296387,0.0,0.0,0.0,0.0,3.3698840141296387,0.0,27,15400,47.6192116,-122.3623033,3.639672505282523
3754,1728413434.816,1,220,0,0,185,0,0,3,476192116,-1223623033,0.0,0.6000000238418579,3.3698840141296387,0.0,0.0,0.0,0.0,3.3698840141296387,0.0,27,15400,47.6192116,-122.3623033,3.648969043038489
3755,1728413435.079,1,220,0,0,185,0,0,3,476192116,-1223623033,0.0,0.6000000238418579,3.3698840141296387,0.0,0.0,0.0,0.0,3.3698840141296387,0.0,27,15400,47.6192116,-122.3623033,3.6370248656830646
3756,1728413435.385,1,220,0,0,185,0,0,3,476192116,-1223623033,0.0,0.6000000238418579,3.3698840141296387,0.0,0.0,0.0,0.0,3.3698840141296387,0.0,27,15400,47.6192116,-122.3623033,3.6609922490174127
3757,1728413435.6269999,1,220,0,0,185,0,0,3,476192138,-1223623094,0.0,0.6000000238418579,3.9108479022979736,0.0,0.0,0.0,0.0,3.9108479022979736,0.0,27,15400,47.6192138,-122.3623094,3.6549706786982066
3758,1728413435.8799999,1,220,0,0,185,0,0,3,476192138,-1223623094,0.0,0.6000000238418579,3.9108479022979736,0.0,0.0,0.0,0.0,3.9108479022979736,0.0,27,15400,47.6192138,-122.3623094,3.6277890120470797
3759,1728413436.1239998,1,220,0,0,185,0,0,3,476192138,-1223623094,0.0,0.6000000238418579,3.439934253692627,0.0,0.0,0.0,0.0,3.439934253692627,0.0,27,15400,47.6192138,-122.3623094,3.6549706786982066
3760,1728413436.396,1,220,0,0,185,0,0,3,476192140,-1223623093,0.0,0.6000000238418579,3.439934253692627,0.0,0.0,0.0,0.0,3.439934253692627,0.0,27,15400,47.619214,-122.3623093,3.6363636363636362
3761,1728413436.6669998,1,220,0,0,185,0,0,3,476192140,-1223623093,0.0,0.6000000238418579,3.439934253692627,0.0,0.0,0.0,0.0,3.439934253692627,0.0,27,15400,47.619214,-122.3623093,3.629764071618172
3762,1728413436.912,1,220,0,0,185,0,0,3,476192140,-1223623093,0.0,0.6000000238418579,3.439934253692627,0.0,0.0,0.0,0.0,3.439934253692627,0.0,27,15400,47.619214,-122.3623093,3.6324009893894638
3763,1728413437.4459999,1,220,0,0,185,0,0,3,476192179,-1223623100,0.0,0.6000000238418579,3.6480789184570312,0.0,0.0,0.0,0.0,3.6480789184570312,0.0,28,15400,47.6192179,-122.36231,3.6363636363636362
3764,1728413437.697,1,220,0,0,185,0,0,3,476192179,-1223623100,0.0,0.6000000238418579,3.6480789184570312,0.0,0.0,0.0,0.0,3.6480789184570312,0.0,28,15400,47.6192179,-122.36231,3.638348203808547
3765,1728413437.978,1,220,0,0,185,0,0,3,476192210,-1223623132,0.0,0.6000000238418579,3.409734010696411,0.0,0.0,0.0,0.0,3.409734010696411,0.0,28,15400,47.619221,-122.3623132,3.6179450871280188
3766,1728413438.2459998,1,220,0,0,185,0,0,3,476192210,-1223623132,0.0,0.6000000238418579,3.409734010696411,0.0,0.0,0.0,0.0,3.409734010696411,0.0,28,15400,47.619221,-122.3623132,3.6456435739476367
3767,1728413438.491,1,220,0,0,185,0,0,3,476192210,-1223623132,0.0,0.6000000238418579,3.409734010696411,0.0,0.0,0.0,0.0,3.409734010696411,0.0,28,15400,47.619221,-122.3623132,3.6231884183164556
3768,1728413438.7789998,1,220,0,0,185,0,0,3,476192254,-1223623126,0.0,0.6000000238418579,4.01509428024292,0.0,0.0,0.0,0.0,4.01509428024292,0.0,28,15500,47.6192254,-122.3623126,3.6159825535021453
3769,1728413439.007,1,220,0,0,185,0,0,3,476192254,-1223623126,0.0,0.6000000238418579,4.01509428024292,0.0,0.0,0.0,0.0,4.01509428024292,0.0,28,15500,47.6192254,-122.3623126,3.603603479759853
3770,1728413439.283,1,220,0,0,185,0,0,3,476192296,-1223623147,0.0,0.6000000238418579,3.500166416168213,0.0,0.0,0.0,0.0,3.500166416168213,0.0,28,15500,47.6192296,-122.3623147,3.6343812327362617
3771,1728413439.549,1,220,0,0,185,0,0,3,476192296,-1223623147,0.0,0.6000000238418579,3.500166416168213,0.0,0.0,0.0,0.0,3.500166416168213,0.0,28,15500,47.6192296,-122.3623147,3.648969043038489
3772,1728413439.85,1,220,0,0,185,0,0,3,476192328,-1223623171,0.0,0.6000000238418579,3.282731056213379,0.0,0.0,0.0,0.0,3.282731056213379,0.0,28,15500,47.6192328,-122.3623171,3.628724174660094
3773,1728413440.0839999,1,220,0,0,185,0,0,3,476192348,-1223623186,0.0,0.6000000238418579,3.1034326553344727,0.0,0.0,0.0,0.0,3.1034326553344727,0.0,28,15500,47.6192348,-122.3623186,3.828158115627227
3774,1728413440.313,1,220,0,0,185,0,0,3,476192348,-1223623186,0.0,0.6000000238418579,3.1034326553344727,0.0,0.0,0.0,0.0,3.1034326553344727,0.0,28,15500,47.6192348,-122.3623186,3.819366455785941
3775,1728413440.6069999,1,220,0,0,185,0,0,3,476192348,-1223623186,0.0,0.6000000238418579,3.1034326553344727,0.0,0.0,0.0,0.0,3.1034326553344727,0.0,28,15500,47.6192348,-122.3623186,3.836930385435358
3776,1728413440.8709998,1,220,0,0,185,0,0,3,476192348,-1223623186,0.0,0.6000000238418579,3.1034326553344727,0.0,0.0,0.0,0.0,3.1034326553344727,0.0,28,15500,47.6192348,-122.3623186,3.844182284498363
3777,1728413441.1469998,1,220,0,0,185,0,0,3,476192287,-1223623089,0.0,0.6000000238418579,3.7256202697753906,0.0,0.0,0.0,0.0,3.7256202697753906,0.0,28,15600,47.6192287,-122.3623089,3.828274474087219
3778,1728413441.411,1,220,0,0,185,0,0,3,476192287,-1223623089,0.0,0.6000000238418579,3.7256202697753906,0.0,0.0,0.0,0.0,3.7256202697753906,0.0,28,15600,47.6192287,-122.3623089,3.8587115588986207
3779,1728413441.674,1,220,0,0,185,0,0,3,476192291,-1223623113,0.0,0.6000000238418579,3.2839555740356445,0.0,0.0,0.0,0.0,3.2839555740356445,0.0,28,15600,47.6192291,-122.3623113,3.8204393110864485
3780,1728413441.899,1,220,0,0,185,0,0,3,476192291,-1223623113,0.0,0.6000000238418579,3.2839555740356445,0.0,0.0,0.0,0.0,3.2839555740356445,0.0,28,15600,47.6192291,-122.3623113,3.8394415229962418
3781,1728413442.148,1,220,0,0,185,0,0,3,476192291,-1223623113,0.0,0.6000000238418579,3.2839555740356445,0.0,0.0,0.0,0.0,3.2839555740356445,0.0,28,15600,47.6192291,-122.3623113,0.0
