,timestamp,GPS_INPUT.sysid,GPS_INPUT.compid,GPS_INPUT.time_usec,GPS_INPUT.gps_id,GPS_INPUT.ignore_flags,GPS_INPUT.time_week_ms,GPS_INPUT.time_week,GPS_INPUT.fix_type,GPS_INPUT.lat,GPS_INPUT.lon,GPS_INPUT.alt,GPS_INPUT.hdop,GPS_INPUT.vdop,GPS_INPUT.vn,GPS_INPUT.ve,GPS_INPUT.vd,GPS_INPUT.speed_accuracy,GPS_INPUT.horiz_accuracy,GPS_INPUT.vert_accuracy,GPS_INPUT.satellites_visible,GPS_INPUT.yaw,GPS_INPUT.lat_deg,GPS_INPUT.lon_deg,GPS_INPUT.rate
0,1728407259.2319999,1,220,0,0,185,0,0,3,476190847,-1223624322,0.0,0.699999988079071,2.6473724842071533,0.0,0.0,0.0,0.0,2.6473724842071533,0.0,24,35500,47.6190847,-122.3624322,3.8197096575369414
1,1728407259.485,1,220,0,0,185,0,0,3,476190847,-1223624322,0.0,0.699999988079071,2.6473724842071533,0.0,0.0,0.0,0.0,2.6473724842071533,0.0,24,35500,47.6190847,-122.3624322,3.8022812033701325
2,1728407259.78,1,220,0,0,185,0,0,3,476190841,-1223624335,0.0,0.699999988079071,2.6470067501068115,0.0,0.0,0.0,0.0,2.6470067501068115,0.0,23,35500,47.6190841,-122.3624335,3.8034865638093893
3,1728407260.037,1,220,0,0,185,0,0,3,476190833,-1223624344,0.0,0.699999988079071,2.653388261795044,0.0,0.0,0.0,0.0,2.653388261795044,0.0,23,35600,47.6190833,-122.3624344,3.286147549396369
4,1728407260.28,1,220,0,0,185,0,0,3,476190833,-1223624344,0.0,0.699999988079071,2.653388261795044,0.0,0.0,0.0,0.0,2.653388261795044,0.0,23,35600,47.6190833,-122.3624344,3.3420863133283323
5,1728407260.58,1,220,0,0,185,0,0,3,476190885,-1223624272,0.0,0.699999988079071,2.65053391456604,0.0,0.0,0.0,0.0,2.65053391456604,0.0,23,35500,47.6190885,-122.3624272,3.3768571569503227
6,1728407260.806,1,220,0,0,185,0,0,3,476190885,-1223624272,0.0,0.699999988079071,2.65053391456604,0.0,0.0,0.0,0.0,2.65053391456604,0.0,23,35500,47.6190885,-122.3624272,3.3919864265679878
7,1728407261.0979998,1,220,0,0,185,0,0,3,476190918,-1223624245,0.0,0.699999988079071,2.6535072326660156,0.0,0.0,0.0,0.0,2.6535072326660156,0.0,23,35400,47.6190918,-122.3624245,3.428801974517487
8,1728407261.329,1,220,0,0,185,0,0,3,476190918,-1223624245,0.0,0.699999988079071,2.6535072326660156,0.0,0.0,0.0,0.0,2.6535072326660156,0.0,23,35400,47.6190918,-122.3624245,3.4214026734240197
9,1728407261.6109998,1,220,0,0,185,0,0,3,476190932,-1223624258,0.0,0.699999988079071,2.64992618560791,0.0,0.0,0.0,0.0,2.64992618560791,0.0,23,35400,47.6190932,-122.3624258,3.4370476845342726
10,1728407261.85,1,220,0,0,185,0,0,3,476190932,-1223624258,0.0,0.699999988079071,2.64992618560791,0.0,0.0,0.0,0.0,2.64992618560791,0.0,23,35400,47.6190932,-122.3624258,3.4698126668599163
11,1728407262.125,1,220,0,0,185,0,0,3,476190936,-1223624278,0.0,0.699999988079071,2.6402010917663574,0.0,0.0,0.0,0.0,2.6402010917663574,0.0,23,35400,47.6190936,-122.3624278,3.4710169574280916
12,1728407262.3869998,1,220,0,0,185,0,0,3,476190936,-1223624278,0.0,0.699999988079071,2.6402010917663574,0.0,0.0,0.0,0.0,2.6402010917663574,0.0,23,35400,47.6190936,-122.3624278,3.465003563473909
13,1728407263.188,1,220,0,0,185,0,0,3,476190956,-1223624282,0.0,0.699999988079071,2.7989728450775146,0.0,0.0,0.0,0.0,2.7989728450775146,0.0,22,35600,47.6190956,-122.3624282,3.4740316321033577
14,1728407263.421,1,220,0,0,185,0,0,3,476190956,-1223624282,0.0,0.699999988079071,2.607057809829712,0.0,0.0,0.0,0.0,2.607057809829712,0.0,22,35600,47.6190956,-122.3624282,3.4590106841376107
15,1728407263.674,1,220,0,0,185,0,0,3,476190934,-1223624316,0.0,0.699999988079071,2.607057809829712,0.0,0.0,0.0,0.0,2.607057809829712,0.0,22,35700,47.6190934,-122.3624316,3.4764470584149554
16,1728407263.949,1,220,0,0,185,0,0,3,476190910,-1223624337,0.0,0.699999988079071,2.531008005142212,0.0,0.0,0.0,0.0,2.531008005142212,0.0,22,35700,47.619091,-122.3624337,3.4620045303244744
17,1728407264.1899998,1,220,0,0,185,0,0,3,476190910,-1223624337,0.0,0.699999988079071,2.531008005142212,0.0,0.0,0.0,0.0,2.531008005142212,0.0,22,35700,47.619091,-122.3624337,3.4879663902164393
18,1728407264.493,1,220,0,0,185,0,0,3,476190898,-1223624352,0.0,0.699999988079071,2.509572982788086,0.0,0.0,0.0,0.0,2.509572982788086,0.0,22,35700,47.6190898,-122.3624352,3.4632035489896524
19,1728407264.76,1,220,0,0,185,0,0,3,476190898,-1223624352,0.0,0.699999988079071,2.509572982788086,0.0,0.0,0.0,0.0,2.509572982788086,0.0,22,35700,47.6190898,-122.3624352,3.4849276379474134
20,1728407264.9959998,1,220,0,0,185,0,0,3,476190895,-1223624372,0.0,0.699999988079071,2.4957592487335205,0.0,0.0,0.0,0.0,2.4957592487335205,0.0,23,34800,47.6190895,-122.3624372,3.4488704801661356
21,1728407265.247,1,220,0,0,185,0,0,3,476190895,-1223624372,0.0,0.699999988079071,2.4957592487335205,0.0,0.0,0.0,0.0,2.4957592487335205,0.0,23,34800,47.6190895,-122.3624372,3.4782608695652173
22,1728407265.5519998,1,220,0,0,185,0,0,3,476190909,-1223624365,0.0,0.699999988079071,2.464953660964966,0.0,0.0,0.0,0.0,2.464953660964966,0.0,23,34300,47.6190909,-122.3624365,3.1872509475761057
23,1728407265.794,1,220,0,0,185,0,0,3,476190909,-1223624365,0.0,0.699999988079071,2.464953660964966,0.0,0.0,0.0,0.0,2.464953660964966,0.0,23,34300,47.6190909,-122.3624365,3.487966535245389
24,1728407266.062,1,220,0,0,185,0,0,3,476190913,-1223624362,0.0,0.699999988079071,2.4684219360351562,0.0,0.0,0.0,0.0,2.4684219360351562,0.0,23,34099,47.6190913,-122.3624362,3.4680076537036055
25,1728407266.333,1,220,0,0,185,0,0,3,476190913,-1223624362,0.0,0.699999988079071,2.4684219360351562,0.0,0.0,0.0,0.0,2.4684219360351562,0.0,23,34099,47.6190913,-122.3624362,3.4632035489896524
26,1728407266.583,1,220,0,0,185,0,0,3,476190909,-1223624375,0.0,0.699999988079071,2.442310333251953,0.0,0.0,0.0,0.0,2.442310333251953,0.0,23,34200,47.6190909,-122.3624375,3.4782608695652173
27,1728407266.832,1,220,0,0,185,0,0,3,476190909,-1223624375,0.0,0.699999988079071,2.442310333251953,0.0,0.0,0.0,0.0,2.442310333251953,0.0,23,34200,47.6190909,-122.3624375,3.445899297071884
28,1728407267.1039999,1,220,0,0,185,0,0,3,476190905,-1223624379,0.0,0.699999988079071,2.4150917530059814,0.0,0.0,0.0,0.0,2.4150917530059814,0.0,23,34300,47.6190905,-122.3624379,3.4698126668599163
29,1728407267.35,1,220,0,0,185,0,0,3,476190905,-1223624379,0.0,0.699999988079071,2.4150917530059814,0.0,0.0,0.0,0.0,2.4150917530059814,0.0,23,34300,47.6190905,-122.3624379,3.4704147076668845
30,1728407267.649,1,220,0,0,185,0,0,3,476190899,-1223624396,0.0,0.699999988079071,2.4030747413635254,0.0,0.0,0.0,0.0,2.4030747413635254,0.0,23,34500,47.6190899,-122.3624396,3.453634874572933
31,1728407267.875,1,220,0,0,185,0,0,3,476190899,-1223624396,0.0,0.699999988079071,2.4030747413635254,0.0,0.0,0.0,0.0,2.4030747413635254,0.0,23,34500,47.6190899,-122.3624396,3.451846791412174
32,1728407268.662,1,220,0,0,185,0,0,3,476190900,-1223624404,0.0,0.699999988079071,2.6616551876068115,0.0,0.0,0.0,0.0,2.6616551876068115,0.0,23,34500,47.61909,-122.3624404,3.4794710326411122
33,1728407268.922,1,220,0,0,185,0,0,3,476190900,-1223624404,0.0,0.699999988079071,2.472696304321289,0.0,0.0,0.0,0.0,2.472696304321289,0.0,23,34500,47.61909,-122.3624404,3.4620045303244744
34,1728407269.188,1,220,0,0,185,0,0,3,476190905,-1223624436,0.0,0.699999988079071,2.472696304321289,0.0,0.0,0.0,0.0,2.472696304321289,0.0,23,34500,47.6190905,-122.3624436,3.4831070135298603
35,1728407269.449,1,220,0,0,185,0,0,3,476190915,-1223624419,0.0,0.699999988079071,2.4555253982543945,0.0,0.0,0.0,0.0,2.4555253982543945,0.0,23,34500,47.6190915,-122.3624419,3.4788658458609185
36,1728407269.699,1,220,0,0,185,0,0,3,476190915,-1223624419,0.0,0.699999988079071,2.4555253982543945,0.0,0.0,0.0,0.0,2.4555253982543945,0.0,23,34500,47.6190915,-122.3624419,3.4812881459359115
37,1728407269.994,1,220,0,0,185,0,0,3,476190917,-1223624421,0.0,0.699999988079071,2.4443564414978027,0.0,0.0,0.0,0.0,2.4443564414978027,0.0,23,34500,47.6190917,-122.3624421,3.4596091246722156
38,1728407270.257,1,220,0,0,185,0,0,3,476190917,-1223624421,0.0,0.699999988079071,2.4443564414978027,0.0,0.0,0.0,0.0,2.4443564414978027,0.0,23,34500,47.6190917,-122.3624421,3.475238853569153
39,1728407270.523,1,220,0,0,185,0,0,3,476190908,-1223624442,0.0,0.699999988079071,2.466064691543579,0.0,0.0,0.0,0.0,2.466064691543579,0.0,22,34500,47.6190908,-122.3624442,3.454231456263985
40,1728407270.787,1,220,0,0,185,0,0,3,476190908,-1223624442,0.0,0.699999988079071,2.466064691543579,0.0,0.0,0.0,0.0,2.466064691543579,0.0,22,34500,47.6190908,-122.3624442,3.4849276379474134
41,1728407271.041,1,220,0,0,185,0,0,3,476190905,-1223624457,0.0,0.699999988079071,2.5373616218566895,0.0,0.0,0.0,0.0,2.5373616218566895,0.0,22,34500,47.6190905,-122.3624457,3.4710171010509576
42,1728407271.3,1,220,0,0,185,0,0,3,476190905,-1223624457,0.0,0.699999988079071,2.5373616218566895,0.0,0.0,0.0,0.0,2.5373616218566895,0.0,22,34500,47.6190905,-122.3624457,3.640334938615678
43,1728407271.5709999,1,220,0,0,185,0,0,3,476190906,-1223624461,0.0,0.699999988079071,2.572707176208496,0.0,0.0,0.0,0.0,2.572707176208496,0.0,22,34500,47.6190906,-122.3624461,3.631741440136545
44,1728407271.804,1,220,0,0,185,0,0,3,476190906,-1223624461,0.0,0.699999988079071,2.572707176208496,0.0,0.0,0.0,0.0,2.572707176208496,0.0,22,34500,47.6190906,-122.3624461,3.638348203808547
45,1728407272.082,1,220,0,0,185,0,0,3,476190915,-1223624456,0.0,0.699999988079071,2.585995674133301,0.0,0.0,0.0,0.0,2.585995674133301,0.0,22,34500,47.6190915,-122.3624456,3.6370248656830646
46,1728407272.3279998,1,220,0,0,185,0,0,3,476190915,-1223624456,0.0,0.699999988079071,2.585995674133301,0.0,0.0,0.0,0.0,2.585995674133301,0.0,22,34500,47.6190915,-122.3624456,3.6396723473634096
47,1728407272.613,1,220,0,0,185,0,0,3,476190918,-1223624480,0.0,0.699999988079071,2.572810411453247,0.0,0.0,0.0,0.0,2.572810411453247,0.0,22,34500,47.6190918,-122.362448,3.629105479521808
48,1728407272.859,1,220,0,0,185,0,0,3,476190918,-1223624480,0.0,0.699999988079071,2.572810411453247,0.0,0.0,0.0,0.0,2.572810411453247,0.0,22,34500,47.6190918,-122.362448,3.6563071106749936
49,1728407273.1399999,1,220,0,0,185,0,0,3,476190912,-1223624488,0.0,0.699999988079071,2.5565199851989746,0.0,0.0,0.0,0.0,2.5565199851989746,0.0,22,34500,47.6190912,-122.3624488,3.6549708379476464
50,1728407273.388,1,220,0,0,185,0,0,3,476190912,-1223624488,0.0,0.699999988079071,2.5565199851989746,0.0,0.0,0.0,0.0,2.5565199851989746,0.0,22,34500,47.6190912,-122.3624488,3.658313512363139
51,1728407273.6369998,1,220,0,0,185,0,0,3,476190912,-1223624488,0.0,0.699999988079071,2.5565199851989746,0.0,0.0,0.0,0.0,2.5565199851989746,0.0,22,34500,47.6190912,-122.3624488,3.6489692017653677
52,1728407274.156,1,220,0,0,185,0,0,3,476190867,-1223624566,0.0,0.699999988079071,2.7865419387817383,0.0,0.0,0.0,0.0,2.7865419387817383,0.0,24,34500,47.6190867,-122.3624566,3.650967555966238
53,1728407274.429,1,220,0,0,185,0,0,3,476190867,-1223624566,0.0,0.699999988079071,2.631405830383301,0.0,0.0,0.0,0.0,2.631405830383301,0.0,24,34500,47.6190867,-122.3624566,3.0459945242884845
54,1728407274.685,1,220,0,0,185,0,0,3,476190859,-1223624571,0.0,0.699999988079071,2.631405830383301,0.0,0.0,0.0,0.0,2.631405830383301,0.0,24,34500,47.6190859,-122.3624571,3.156067474300024
55,1728407274.948,1,220,0,0,185,0,0,3,476190854,-1223624587,0.0,0.699999988079071,2.520918130874634,0.0,0.0,0.0,0.0,2.520918130874634,0.0,24,34600,47.6190854,-122.3624587,3.2938077564806996
56,1728407275.194,1,220,0,0,185,0,0,3,476190854,-1223624587,0.0,0.699999988079071,2.520918130874634,0.0,0.0,0.0,0.0,2.520918130874634,0.0,24,34600,47.6190854,-122.3624587,3.4328870726262037
57,1728407275.5049999,1,220,0,0,185,0,0,3,476190871,-1223624571,0.0,0.699999988079071,2.461298942565918,0.0,0.0,0.0,0.0,2.461298942565918,0.0,24,34600,47.6190871,-122.3624571,3.609456848818006
58,1728407275.727,1,220,0,0,185,0,0,3,476190871,-1223624571,0.0,0.699999988079071,2.461298942565918,0.0,0.0,0.0,0.0,2.461298942565918,0.0,24,34600,47.6190871,-122.3624571,3.6343812327362617
59,1728407275.995,1,220,0,0,185,0,0,3,476190879,-1223624593,0.0,0.699999988079071,2.416621446609497,0.0,0.0,0.0,0.0,2.416621446609497,0.0,24,34700,47.6190879,-122.3624593,3.637686335519545
60,1728407276.254,1,220,0,0,185,0,0,3,476190879,-1223624593,0.0,0.699999988079071,2.416621446609497,0.0,0.0,0.0,0.0,2.416621446609497,0.0,24,34700,47.6190879,-122.3624593,3.5746201783251648
61,1728407276.5219998,1,220,0,0,185,0,0,3,476190867,-1223624632,0.0,0.699999988079071,2.4189367294311523,0.0,0.0,0.0,0.0,2.4189367294311523,0.0,24,34700,47.6190867,-122.3624632,3.0381284283308627
62,1728407276.7779999,1,220,0,0,185,0,0,3,476190867,-1223624632,0.0,0.699999988079071,2.4189367294311523,0.0,0.0,0.0,0.0,2.4189367294311523,0.0,24,34700,47.6190867,-122.3624632,3.159058555805556
63,1728407278.1369998,1,220,0,0,185,0,0,3,476190868,-1223624624,0.0,0.699999988079071,2.4565606117248535,0.0,0.0,0.0,0.0,2.4565606117248535,0.0,24,34700,47.6190868,-122.3624624,3.1655586819324495
64,1728407278.141,1,220,0,0,185,0,0,3,476190868,-1223624624,0.0,0.699999988079071,2.4565606117248535,0.0,0.0,0.0,0.0,2.4565606117248535,0.0,24,34700,47.6190868,-122.3624624,3.157562425562417
65,1728407278.1539998,1,220,0,0,185,0,0,3,476190868,-1223624625,0.0,0.699999988079071,2.473996162414551,0.0,0.0,0.0,0.0,2.473996162414551,0.0,24,34700,47.6190868,-122.3624625,3.158060978159194
66,1728407278.1539998,1,220,0,0,185,0,0,3,476190868,-1223624625,0.0,0.699999988079071,2.473996162414551,0.0,0.0,0.0,0.0,2.473996162414551,0.0,24,34700,47.6190868,-122.3624625,3.1446541399193944
67,1728407278.1539998,1,220,0,0,185,0,0,3,476190858,-1223624635,0.0,0.699999988079071,2.492894411087036,0.0,0.0,0.0,0.0,2.492894411087036,0.0,24,34700,47.6190858,-122.3624635,3.1781344437559658
68,1728407278.362,1,220,0,0,185,0,0,3,476190858,-1223624635,0.0,0.699999988079071,2.492894411087036,0.0,0.0,0.0,0.0,2.492894411087036,0.0,24,34700,47.6190858,-122.3624635,3.1486146105172397
69,1728407278.638,1,220,0,0,185,0,0,3,476190852,-1223624630,0.0,0.699999988079071,2.5168285369873047,0.0,0.0,0.0,0.0,2.5168285369873047,0.0,24,34700,47.6190852,-122.362463,3.1751071473680788
70,1728407278.983,1,220,0,0,185,0,0,3,476190852,-1223624630,0.0,0.699999988079071,2.5168285369873047,0.0,0.0,0.0,0.0,2.5168285369873047,0.0,24,34700,47.6190852,-122.362463,3.1640563898990632
71,1728407280.22,1,220,0,0,185,0,0,3,476190875,-1223624641,0.0,0.699999988079071,2.9624269008636475,0.0,0.0,0.0,0.0,2.9624269008636475,0.0,24,34600,47.6190875,-122.3624641,3.178639514332416
72,1728407280.487,1,220,0,0,185,0,0,3,476190889,-1223624636,0.0,0.699999988079071,2.641861915588379,0.0,0.0,0.0,0.0,2.641861915588379,0.0,24,34700,47.6190889,-122.3624636,3.1776294132910587
73,1728407280.747,1,220,0,0,185,0,0,3,476190889,-1223624636,0.0,0.699999988079071,2.641861915588379,0.0,0.0,0.0,0.0,2.641861915588379,0.0,24,34700,47.6190889,-122.3624636,3.835090971200682
74,1728407281.0189998,1,220,0,0,185,0,0,3,476190896,-1223624639,0.0,0.699999988079071,2.520237445831299,0.0,0.0,0.0,0.0,2.520237445831299,0.0,24,34800,47.6190896,-122.3624639,3.6529681001596686
75,1728407281.281,1,220,0,0,185,0,0,3,476190896,-1223624639,0.0,0.699999988079071,2.520237445831299,0.0,0.0,0.0,0.0,2.520237445831299,0.0,24,34800,47.6190896,-122.3624639,3.50815633232362
76,1728407281.554,1,220,0,0,185,0,0,3,476190895,-1223624654,0.0,0.6000000238418579,2.474242925643921,0.0,0.0,0.0,0.0,2.474242925643921,0.0,24,34800,47.6190895,-122.3624654,3.3450409255314195
77,1728407281.7979999,1,220,0,0,185,0,0,3,476190895,-1223624654,0.0,0.6000000238418579,2.474242925643921,0.0,0.0,0.0,0.0,2.474242925643921,0.0,24,34800,47.6190895,-122.3624654,3.202561986061466
78,1728407282.079,1,220,0,0,185,0,0,3,476190889,-1223624676,0.0,0.6000000238418579,2.440308094024658,0.0,0.0,0.0,0.0,2.440308094024658,0.0,24,34600,47.6190889,-122.3624676,3.1781344437559658
79,1728407282.294,1,220,0,0,185,0,0,3,476190889,-1223624676,0.0,0.6000000238418579,2.440308094024658,0.0,0.0,0.0,0.0,2.440308094024658,0.0,24,34600,47.6190889,-122.3624676,3.1959092887773273
80,1728407282.5749998,1,220,0,0,185,0,0,3,476190882,-1223624678,0.0,0.699999988079071,2.4385554790496826,0.0,0.0,0.0,0.0,2.4385554790496826,0.0,24,34500,47.6190882,-122.3624678,3.09885342606464
81,1728407282.814,1,220,0,0,185,0,0,3,476190882,-1223624678,0.0,0.699999988079071,2.4385554790496826,0.0,0.0,0.0,0.0,2.4385554790496826,0.0,24,34500,47.6190882,-122.3624678,3.654303067793343
82,1728407283.072,1,220,0,0,185,0,0,3,476190879,-1223624685,0.0,0.699999988079071,2.43770170211792,0.0,0.0,0.0,0.0,2.43770170211792,0.0,24,34200,47.6190879,-122.3624685,3.6529681001596686
83,1728407283.352,1,220,0,0,185,0,0,3,476190879,-1223624685,0.0,0.699999988079071,2.43770170211792,0.0,0.0,0.0,0.0,2.43770170211792,0.0,24,34200,47.6190879,-122.3624685,3.668378642120456
84,1728407283.616,1,220,0,0,185,0,0,3,476190879,-1223624705,0.0,0.699999988079071,2.4015679359436035,0.0,0.0,0.0,0.0,2.4015679359436035,0.0,24,33400,47.6190879,-122.3624705,3.6324009893894638
85,1728407283.855,1,220,0,0,185,0,0,3,476190879,-1223624705,0.0,0.699999988079071,2.4015679359436035,0.0,0.0,0.0,0.0,2.4015679359436035,0.0,24,33400,47.6190879,-122.3624705,3.6690515668640775
86,1728407284.133,1,220,0,0,185,0,0,3,476190874,-1223624719,0.0,0.699999988079071,2.419628858566284,0.0,0.0,0.0,0.0,2.419628858566284,0.0,24,33000,47.6190874,-122.3624719,3.6737692834273554
87,1728407284.399,1,220,0,0,185,0,0,3,476190874,-1223624719,0.0,0.699999988079071,2.4468138217926025,0.0,0.0,0.0,0.0,2.4468138217926025,0.0,24,33000,47.6190874,-122.3624719,3.6563071106749936
88,1728407284.655,1,220,0,0,185,0,0,3,476190870,-1223624719,0.0,0.699999988079071,2.4468138217926025,0.0,0.0,0.0,0.0,2.4468138217926025,0.0,24,32799,47.619087,-122.3624719,3.668378642120456
89,1728407284.896,1,220,0,0,185,0,0,3,476190870,-1223624719,0.0,0.699999988079071,2.4468138217926025,0.0,0.0,0.0,0.0,2.4468138217926025,0.0,24,32799,47.619087,-122.3624719,3.6523009025292525
90,1728407285.437,1,220,0,0,185,0,0,3,476190870,-1223624719,0.0,0.699999988079071,2.663825750350952,0.0,0.0,0.0,0.0,2.663825750350952,0.0,24,32900,47.619087,-122.3624719,3.652967941084702
91,1728407285.6929998,1,220,0,0,185,0,0,3,476190858,-1223624733,0.0,0.699999988079071,2.663825750350952,0.0,0.0,0.0,0.0,2.663825750350952,0.0,24,32900,47.6190858,-122.3624733,3.640334938615678
92,1728407285.962,1,220,0,0,185,0,0,3,476190859,-1223624726,0.0,0.6000000238418579,2.495622396469116,0.0,0.0,0.0,0.0,2.495622396469116,0.0,24,32900,47.6190859,-122.3624726,3.62713097957608
93,1728407286.199,1,220,0,0,185,0,0,3,476190859,-1223624726,0.0,0.6000000238418579,2.495622396469116,0.0,0.0,0.0,0.0,2.495622396469116,0.0,24,32900,47.6190859,-122.3624726,3.644979048972749
94,1728407286.5249999,1,220,0,0,185,0,0,3,476190862,-1223624744,0.0,0.6000000238418579,2.4153621196746826,0.0,0.0,0.0,0.0,2.4153621196746826,0.0,24,33000,47.6190862,-122.3624744,3.647638127648428
95,1728407286.7319999,1,220,0,0,185,0,0,3,476190862,-1223624744,0.0,0.6000000238418579,2.4153621196746826,0.0,0.0,0.0,0.0,2.4153621196746826,0.0,24,33000,47.6190862,-122.3624744,3.644314924534089
96,1728407286.998,1,220,0,0,185,0,0,3,476190855,-1223624737,0.0,0.699999988079071,2.359942674636841,0.0,0.0,0.0,0.0,2.359942674636841,0.0,24,33000,47.6190855,-122.3624737,3.6523009025292525
97,1728407287.268,1,220,0,0,185,0,0,3,476190855,-1223624737,0.0,0.699999988079071,2.359942674636841,0.0,0.0,0.0,0.0,2.359942674636841,0.0,24,33000,47.6190855,-122.3624737,3.66300363741163
98,1728407287.531,1,220,0,0,185,0,0,3,476190845,-1223624742,0.0,0.699999988079071,2.332307815551758,0.0,0.0,0.0,0.0,2.332307815551758,0.0,24,33000,47.6190845,-122.3624742,3.6556388521969088
99,1728407287.77,1,220,0,0,185,0,0,3,476190845,-1223624742,0.0,0.699999988079071,2.332307815551758,0.0,0.0,0.0,0.0,2.332307815551758,0.0,24,33000,47.6190845,-122.3624742,3.620564854364616
100,1728407288.05,1,220,0,0,185,0,0,3,476190839,-1223624741,0.0,0.699999988079071,2.2563843727111816,0.0,0.0,0.0,0.0,2.2563843727111816,0.0,24,33100,47.6190839,-122.3624741,3.463803298310907
101,1728407288.3079998,1,220,0,0,185,0,0,3,476190839,-1223624741,0.0,0.699999988079071,2.2563843727111816,0.0,0.0,0.0,0.0,2.2563843727111816,0.0,24,33100,47.6190839,-122.3624741,3.4722222279711272
102,1728407288.586,1,220,0,0,185,0,0,3,476190864,-1223624715,0.0,0.699999988079071,2.215505838394165,0.0,0.0,0.0,0.0,2.215505838394165,0.0,23,33100,47.6190864,-122.3624715,3.4782608695652173
103,1728407288.839,1,220,0,0,185,0,0,3,476190864,-1223624715,0.0,0.699999988079071,2.215505838394165,0.0,0.0,0.0,0.0,2.215505838394165,0.0,23,33100,47.6190864,-122.3624715,3.4566194182248795
104,1728407289.099,1,220,0,0,185,0,0,3,476190875,-1223624713,0.0,0.699999988079071,2.2192580699920654,0.0,0.0,0.0,0.0,2.2192580699920654,0.0,23,33200,47.6190875,-122.3624713,3.508771900471705
105,1728407289.343,1,220,0,0,185,0,0,3,476190875,-1223624713,0.0,0.699999988079071,2.2192580699920654,0.0,0.0,0.0,0.0,2.2192580699920654,0.0,23,33200,47.6190875,-122.3624713,3.444712369912298
106,1728407289.609,1,220,0,0,185,0,0,3,476190873,-1223624731,0.0,0.6000000238418579,2.223560333251953,0.0,0.0,0.0,0.0,2.223560333251953,0.0,23,32700,47.6190873,-122.3624731,3.4758429230101484
107,1728407289.859,1,220,0,0,185,0,0,3,476190873,-1223624731,0.0,0.6000000238418579,2.2432050704956055,0.0,0.0,0.0,0.0,2.2432050704956055,0.0,23,32700,47.6190873,-122.3624731,3.469210691425033
108,1728407290.126,1,220,0,0,185,0,0,3,476190883,-1223624719,0.0,0.6000000238418579,2.2432050704956055,0.0,0.0,0.0,0.0,2.2432050704956055,0.0,23,32100,47.6190883,-122.3624719,3.4806821825183416
109,1728407290.4199998,1,220,0,0,185,0,0,3,476190883,-1223624719,0.0,0.6000000238418579,2.2432050704956055,0.0,0.0,0.0,0.0,2.2432050704956055,0.0,23,32100,47.6190883,-122.3624719,3.4590108267686097
110,1728407291.211,1,220,0,0,185,0,0,3,476190888,-1223624724,0.0,0.6000000238418579,2.43013072013855,0.0,0.0,0.0,0.0,2.43013072013855,0.0,23,31800,47.6190888,-122.3624724,3.4837136769332284
111,1728407291.4529998,1,220,0,0,185,0,0,3,476190882,-1223624757,0.0,0.6000000238418579,2.2817368507385254,0.0,0.0,0.0,0.0,2.2817368507385254,0.0,24,31800,47.6190882,-122.3624757,3.4674063043525525
112,1728407291.712,1,220,0,0,185,0,0,3,476190882,-1223624757,0.0,0.6000000238418579,2.2817368507385254,0.0,0.0,0.0,0.0,2.2817368507385254,0.0,24,31800,47.6190882,-122.3624757,3.494670597011282
113,1728407291.985,1,220,0,0,185,0,0,3,476190867,-1223624772,0.0,0.6000000238418579,2.2991249561309814,0.0,0.0,0.0,0.0,2.2991249561309814,0.0,24,31800,47.6190867,-122.3624772,3.4837136769332284
114,1728407292.225,1,220,0,0,185,0,0,3,476190867,-1223624772,0.0,0.6000000238418579,2.2991249561309814,0.0,0.0,0.0,0.0,2.2991249561309814,0.0,24,31800,47.6190867,-122.3624772,3.4590108267686097
115,1728407292.5379999,1,220,0,0,185,0,0,3,476190885,-1223624764,0.0,0.6000000238418579,2.290858030319214,0.0,0.0,0.0,0.0,2.290858030319214,0.0,24,31800,47.6190885,-122.3624764,3.474635137977503
116,1728407292.7519999,1,220,0,0,185,0,0,3,476190885,-1223624764,0.0,0.6000000238418579,2.290858030319214,0.0,0.0,0.0,0.0,2.290858030319214,0.0,24,31800,47.6190885,-122.3624764,3.454828101811693
117,1728407293.033,1,220,0,0,185,0,0,3,476190895,-1223624765,0.0,0.6000000238418579,2.281369686126709,0.0,0.0,0.0,0.0,2.281369686126709,0.0,24,31900,47.6190895,-122.3624765,3.466204517523848
118,1728407293.277,1,220,0,0,185,0,0,3,476190895,-1223624765,0.0,0.6000000238418579,2.281369686126709,0.0,0.0,0.0,0.0,2.281369686126709,0.0,24,31900,47.6190895,-122.3624765,3.4686090682501916
119,1728407293.5519998,1,220,0,0,185,0,0,3,476190898,-1223624779,0.0,0.6000000238418579,2.290304660797119,0.0,0.0,0.0,0.0,2.290304660797119,0.0,24,31900,47.6190898,-122.3624779,3.3129036617569896
120,1728407293.791,1,220,0,0,185,0,0,3,476190898,-1223624779,0.0,0.6000000238418579,2.290304660797119,0.0,0.0,0.0,0.0,2.290304660797119,0.0,24,31900,47.6190898,-122.3624779,3.6456434155099497
121,1728407294.076,1,220,0,0,185,0,0,3,476190891,-1223624793,0.0,0.6000000238418579,2.310086727142334,0.0,0.0,0.0,0.0,2.310086727142334,0.0,24,31800,47.6190891,-122.3624793,3.6159825535021453
122,1728407294.309,1,220,0,0,185,0,0,3,476190891,-1223624793,0.0,0.6000000238418579,2.310086727142334,0.0,0.0,0.0,0.0,2.310086727142334,0.0,24,31800,47.6190891,-122.3624793,3.6324009893894638
123,1728407294.58,1,220,0,0,185,0,0,3,476190885,-1223624779,0.0,0.6000000238418579,2.3227031230926514,0.0,0.0,0.0,0.0,2.3227031230926514,0.0,24,31700,47.6190885,-122.3624779,3.6238448643714087
124,1728407294.8809998,1,220,0,0,185,0,0,3,476190902,-1223624758,0.0,0.6000000238418579,2.332273483276367,0.0,0.0,0.0,0.0,2.332273483276367,0.0,24,31700,47.6190902,-122.3624758,3.618599634421966
125,1728407295.099,1,220,0,0,185,0,0,3,476190902,-1223624758,0.0,0.6000000238418579,2.332273483276367,0.0,0.0,0.0,0.0,2.332273483276367,0.0,24,31700,47.6190902,-122.3624758,3.62713097957608
126,1728407295.398,1,220,0,0,185,0,0,3,476190914,-1223624764,0.0,0.6000000238418579,2.3022303581237793,0.0,0.0,0.0,0.0,2.3022303581237793,0.0,24,31700,47.6190914,-122.3624764,3.6231884183164556
127,1728407295.629,1,220,0,0,185,0,0,3,476190914,-1223624764,0.0,0.6000000238418579,2.3022303581237793,0.0,0.0,0.0,0.0,2.3022303581237793,0.0,24,31700,47.6190914,-122.3624764,3.6218762394247626
128,1728407295.892,1,220,0,0,185,0,0,3,476190914,-1223624764,0.0,0.6000000238418579,2.3022303581237793,0.0,0.0,0.0,0.0,2.3022303581237793,0.0,24,31700,47.6190914,-122.3624764,3.618599634421966
129,1728407296.457,1,220,0,0,185,0,0,3,476190914,-1223624764,0.0,0.6000000238418579,2.482062339782715,0.0,0.0,0.0,0.0,2.482062339782715,0.0,24,31600,47.6190914,-122.3624764,3.5026269468275633
130,1728407296.697,1,220,0,0,185,0,0,3,476190897,-1223624771,0.0,0.6000000238418579,2.482062339782715,0.0,0.0,0.0,0.0,2.482062339782715,0.0,24,31600,47.6190897,-122.3624771,3.6225320536087247
131,1728407296.984,1,220,0,0,185,0,0,3,476190899,-1223624762,0.0,0.6000000238418579,2.2860186100006104,0.0,0.0,0.0,0.0,2.2860186100006104,0.0,24,31600,47.6190899,-122.3624762,3.6192544185960625
132,1728407297.218,1,220,0,0,185,0,0,3,476190899,-1223624762,0.0,0.6000000238418579,2.2860186100006104,0.0,0.0,0.0,0.0,2.2860186100006104,0.0,24,31600,47.6190899,-122.3624762,3.609456848818006
133,1728407297.504,1,220,0,0,185,0,0,3,476190916,-1223624746,0.0,0.6000000238418579,2.173677444458008,0.0,0.0,0.0,0.0,2.173677444458008,0.0,24,31600,47.6190916,-122.3624746,3.629105479521808
134,1728407297.7519999,1,220,0,0,185,0,0,3,476190916,-1223624746,0.0,0.6000000238418579,2.173677444458008,0.0,0.0,0.0,0.0,2.173677444458008,0.0,24,31600,47.6190916,-122.3624746,3.6536352233340437
135,1728407298.0519998,1,220,0,0,185,0,0,3,476190920,-1223624755,0.0,0.6000000238418579,2.108422040939331,0.0,0.0,0.0,0.0,2.108422040939331,0.0,24,32000,47.619092,-122.3624755,3.6238448643714087
136,1728407298.2719998,1,220,0,0,185,0,0,3,476190920,-1223624755,0.0,0.6000000238418579,2.108422040939331,0.0,0.0,0.0,0.0,2.108422040939331,0.0,24,32000,47.619092,-122.3624755,3.6416606870284185
137,1728407298.5549998,1,220,0,0,185,0,0,3,476190914,-1223624759,0.0,0.6000000238418579,2.1164937019348145,0.0,0.0,0.0,0.0,2.1164937019348145,0.0,24,32600,47.6190914,-122.3624759,3.6245017049434782
138,1728407298.804,1,220,0,0,185,0,0,3,476190914,-1223624759,0.0,0.6000000238418579,2.1164937019348145,0.0,0.0,0.0,0.0,2.1164937019348145,0.0,24,32600,47.6190914,-122.3624759,3.6192544185960625
139,1728407299.2619998,1,220,0,0,185,0,0,3,476190929,-1223624737,0.0,0.6000000238418579,2.086472988128662,0.0,0.0,0.0,0.0,2.086472988128662,0.0,23,32799,47.6190929,-122.3624737,3.4794711769644513
140,1728407299.312,1,220,0,0,185,0,0,3,476190929,-1223624737,0.0,0.6000000238418579,2.086472988128662,0.0,0.0,0.0,0.0,2.086472988128662,0.0,23,32799,47.6190929,-122.3624737,3.4722222279711272
141,1728407299.602,1,220,0,0,185,0,0,3,476190932,-1223624746,0.0,0.6000000238418579,2.054372787475586,0.0,0.0,0.0,0.0,2.054372787475586,0.0,23,32799,47.6190932,-122.3624746,3.493449839853509
142,1728407299.85,1,220,0,0,185,0,0,3,476190932,-1223624746,0.0,0.6000000238418579,2.0449063777923584,0.0,0.0,0.0,0.0,2.0449063777923584,0.0,23,32799,47.6190932,-122.3624746,3.4752389975416165
143,1728407300.0909998,1,220,0,0,185,0,0,3,476190923,-1223624755,0.0,0.6000000238418579,2.0449063777923584,0.0,0.0,0.0,0.0,2.0449063777923584,0.0,23,32799,47.6190923,-122.3624755,3.4922297898831673
144,1728407300.355,1,220,0,0,185,0,0,3,476190923,-1223624755,0.0,0.6000000238418579,2.0449063777923584,0.0,0.0,0.0,0.0,2.0449063777923584,0.0,23,32799,47.6190923,-122.3624755,3.4686090682501916
145,1728407300.618,1,220,0,0,185,0,0,3,476190921,-1223624763,0.0,0.6000000238418579,2.0302984714508057,0.0,0.0,0.0,0.0,2.0302984714508057,0.0,23,32799,47.6190921,-122.3624763,3.5026269468275633
146,1728407300.8899999,1,220,0,0,185,0,0,3,476190918,-1223624762,0.0,0.6000000238418579,2.0317187309265137,0.0,0.0,0.0,0.0,2.0317187309265137,0.0,23,32700,47.6190918,-122.3624762,3.4740316321033577
147,1728407301.1469998,1,220,0,0,185,0,0,3,476190918,-1223624762,0.0,0.6000000238418579,2.0317187309265137,0.0,0.0,0.0,0.0,2.0317187309265137,0.0,23,32700,47.6190918,-122.3624762,3.4971148184085488
148,1728407301.418,1,220,0,0,185,0,0,3,476190918,-1223624762,0.0,0.6000000238418579,2.0317187309265137,0.0,0.0,0.0,0.0,2.0317187309265137,0.0,23,32700,47.6190918,-122.3624762,3.4861425901857652
149,1728407302.205,1,220,0,0,185,0,0,3,476190928,-1223624752,0.0,0.6000000238418579,2.186452865600586,0.0,0.0,0.0,0.0,2.186452865600586,0.0,23,32600,47.6190928,-122.3624752,3.6094566935100194
150,1728407302.457,1,220,0,0,185,0,0,3,476190931,-1223624749,0.0,0.6000000238418579,1.9985909461975098,0.0,0.0,0.0,0.0,1.9985909461975098,0.0,23,32600,47.6190931,-122.3624749,3.480682326942172
151,1728407302.7089999,1,220,0,0,185,0,0,3,476190931,-1223624749,0.0,0.6000000238418579,1.9985909461975098,0.0,0.0,0.0,0.0,1.9985909461975098,0.0,23,32600,47.6190931,-122.3624749,3.487966535245389
152,1728407302.9729998,1,220,0,0,185,0,0,3,476190931,-1223624771,0.0,0.6000000238418579,1.9523903131484985,0.0,0.0,0.0,0.0,1.9523903131484985,0.0,23,32600,47.6190931,-122.3624771,3.4758429230101484
153,1728407303.231,1,220,0,0,185,0,0,3,476190931,-1223624771,0.0,0.6000000238418579,1.9523903131484985,0.0,0.0,0.0,0.0,1.9523903131484985,0.0,23,32600,47.6190931,-122.3624771,3.4812880014618024
154,1728407303.518,1,220,0,0,185,0,0,3,476190939,-1223624756,0.0,0.6000000238418579,1.9258259534835815,0.0,0.0,0.0,0.0,1.9258259534835815,0.0,23,32600,47.6190939,-122.3624756,3.4837136769332284
155,1728407303.7619998,1,220,0,0,185,0,0,3,476190939,-1223624756,0.0,0.6000000238418579,1.9258259534835815,0.0,0.0,0.0,0.0,1.9258259534835815,0.0,23,32600,47.6190939,-122.3624756,3.4849277827237715
156,1728407304.0289998,1,220,0,0,185,0,0,3,476190935,-1223624758,0.0,0.6000000238418579,1.9310343265533447,0.0,0.0,0.0,0.0,1.9310343265533447,0.0,23,32600,47.6190935,-122.3624758,3.487966535245389
157,1728407304.274,1,220,0,0,185,0,0,3,476190935,-1223624758,0.0,0.6000000238418579,1.9310343265533447,0.0,0.0,0.0,0.0,1.9310343265533447,0.0,23,32600,47.6190935,-122.3624758,3.489792244694417
158,1728407304.541,1,220,0,0,185,0,0,3,476190925,-1223624764,0.0,0.699999988079071,1.9382483959197998,0.0,0.0,0.0,0.0,1.9382483959197998,0.0,23,32600,47.6190925,-122.3624764,3.2030749734795605
159,1728407304.803,1,220,0,0,185,0,0,3,476190925,-1223624764,0.0,0.699999988079071,1.9382483959197998,0.0,0.0,0.0,0.0,1.9382483959197998,0.0,23,32600,47.6190925,-122.3624764,3.508156479036416
160,1728407305.0579998,1,220,0,0,185,0,0,3,476190920,-1223624765,0.0,0.699999988079071,1.9080837965011597,0.0,0.0,0.0,0.0,1.9080837965011597,0.0,23,32600,47.619092,-122.3624765,3.490401384542038
161,1728407305.336,1,220,0,0,185,0,0,3,476190920,-1223624765,0.0,0.699999988079071,1.9080837965011597,0.0,0.0,0.0,0.0,1.9080837965011597,0.0,23,32600,47.619092,-122.3624765,3.469210691425033
162,1728407305.6039999,1,220,0,0,185,0,0,3,476190907,-1223624774,0.0,0.699999988079071,1.902161955833435,0.0,0.0,0.0,0.0,1.902161955833435,0.0,23,32600,47.6190907,-122.3624774,3.4965034790147262
163,1728407305.836,1,220,0,0,185,0,0,3,476190907,-1223624774,0.0,0.699999988079071,1.86198890209198,0.0,0.0,0.0,0.0,1.86198890209198,0.0,23,32600,47.6190907,-122.3624774,3.502013678905988
164,1728407306.096,1,220,0,0,185,0,0,3,476190918,-1223624778,0.0,0.699999988079071,1.86198890209198,0.0,0.0,0.0,0.0,1.86198890209198,0.0,23,32600,47.6190918,-122.3624778,3.52671486273085
165,1728407306.3569999,1,220,0,0,185,0,0,3,476190918,-1223624778,0.0,0.699999988079071,1.86198890209198,0.0,0.0,0.0,0.0,1.86198890209198,0.0,23,32600,47.6190918,-122.3624778,3.5137033504134356
166,1728407306.6239998,1,220,0,0,185,0,0,3,476190912,-1223624774,0.0,0.699999988079071,1.8814219236373901,0.0,0.0,0.0,0.0,1.8814219236373901,0.0,23,32600,47.6190912,-122.3624774,3.518648829400014
167,1728407306.878,1,220,0,0,185,0,0,3,476190912,-1223624774,0.0,0.699999988079071,1.8814219236373901,0.0,0.0,0.0,0.0,1.8814219236373901,0.0,23,32600,47.6190912,-122.3624774,3.491620157075723
168,1728407307.662,1,220,0,0,185,0,0,3,476190911,-1223624761,0.0,0.699999988079071,2.0285098552703857,0.0,0.0,0.0,0.0,2.0285098552703857,0.0,23,32600,47.6190911,-122.3624761,3.508156479036416
169,1728407307.906,1,220,0,0,185,0,0,3,476190911,-1223624763,0.0,0.699999988079071,1.8562060594558716,0.0,0.0,0.0,0.0,1.8562060594558716,0.0,23,32600,47.6190911,-122.3624763,3.494670597011282
170,1728407308.187,1,220,0,0,185,0,0,3,476190911,-1223624763,0.0,0.699999988079071,1.8562060594558716,0.0,0.0,0.0,0.0,1.8562060594558716,0.0,23,32600,47.6190911,-122.3624763,3.4812880014618024
171,1728407308.474,1,220,0,0,185,0,0,3,476190927,-1223624743,0.0,0.699999988079071,1.817579984664917,0.0,0.0,0.0,0.0,1.817579984664917,0.0,23,32600,47.6190927,-122.3624743,3.4873583898584926
172,1728407308.6929998,1,220,0,0,185,0,0,3,476190927,-1223624743,0.0,0.699999988079071,1.817579984664917,0.0,0.0,0.0,0.0,1.817579984664917,0.0,23,32600,47.6190927,-122.3624743,3.508156479036416
173,1728407308.942,1,220,0,0,185,0,0,3,476190925,-1223624737,0.0,0.6000000238418579,1.8211642503738403,0.0,0.0,0.0,0.0,1.8211642503738403,0.0,23,32600,47.6190925,-122.3624737,3.4500604169220024
174,1728407309.189,1,220,0,0,185,0,0,3,476190925,-1223624737,0.0,0.6000000238418579,1.8211642503738403,0.0,0.0,0.0,0.0,1.8211642503738403,0.0,23,32600,47.6190925,-122.3624737,3.4620045303244744
175,1728407309.454,1,220,0,0,185,0,0,3,476190915,-1223624752,0.0,0.6000000238418579,1.7947673797607422,0.0,0.0,0.0,0.0,1.7947673797607422,0.0,23,32700,47.6190915,-122.3624752,3.46140526086388
176,1728407309.7129998,1,220,0,0,185,0,0,3,476190915,-1223624752,0.0,0.6000000238418579,1.7947673797607422,0.0,0.0,0.0,0.0,1.7947673797607422,0.0,23,32700,47.6190915,-122.3624752,3.485534935779269
177,1728407310.0019999,1,220,0,0,185,0,0,3,476190900,-1223624773,0.0,0.6000000238418579,1.832356333732605,0.0,0.0,0.0,0.0,1.832356333732605,0.0,23,32700,47.61909,-122.3624773,3.189792673180298
178,1728407310.2419999,1,220,0,0,185,0,0,3,476190900,-1223624773,0.0,0.6000000238418579,1.832356333732605,0.0,0.0,0.0,0.0,1.832356333732605,0.0,23,32700,47.61909,-122.3624773,3.488574892772981
179,1728407310.526,1,220,0,0,185,0,0,3,476190906,-1223624754,0.0,0.6000000238418579,1.8757178783416748,0.0,0.0,0.0,0.0,1.8757178783416748,0.0,23,32799,47.6190906,-122.3624754,3.4572168890690915
180,1728407310.803,1,220,0,0,185,0,0,3,476190906,-1223624754,0.0,0.6000000238418579,1.8757178783416748,0.0,0.0,0.0,0.0,1.8757178783416748,0.0,23,32799,47.6190906,-122.3624754,3.472825249070627
181,1728407311.0709999,1,220,0,0,185,0,0,3,476190899,-1223624757,0.0,0.6000000238418579,1.9190027713775635,0.0,0.0,0.0,0.0,1.9190027713775635,0.0,23,32799,47.6190899,-122.3624757,3.4983382846440088
182,1728407311.3049998,1,220,0,0,185,0,0,3,476190899,-1223624757,0.0,0.6000000238418579,1.9190027713775635,0.0,0.0,0.0,0.0,1.9190027713775635,0.0,23,32799,47.6190899,-122.3624757,3.469812523336707
183,1728407311.633,1,220,0,0,185,0,0,3,476190912,-1223624743,0.0,0.699999988079071,1.944200038909912,0.0,0.0,0.0,0.0,1.944200038909912,0.0,23,32900,47.6190912,-122.3624743,3.463203406012673
184,1728407311.873,1,220,0,0,185,0,0,3,476190910,-1223624762,0.0,0.699999988079071,1.9771913290023804,0.0,0.0,0.0,0.0,1.9771913290023804,0.0,23,32900,47.619091,-122.3624762,3.4482758904183806
185,1728407312.135,1,220,0,0,185,0,0,3,476190910,-1223624762,0.0,0.699999988079071,1.9771913290023804,0.0,0.0,0.0,0.0,1.9771913290023804,0.0,23,32900,47.619091,-122.3624762,3.439381018608663
186,1728407312.362,1,220,0,0,185,0,0,3,476190910,-1223624762,0.0,0.699999988079071,1.9771913290023804,0.0,0.0,0.0,0.0,1.9771913290023804,0.0,23,32900,47.619091,-122.3624762,3.433476366743191
187,1728407313.148,1,220,0,0,185,0,0,3,476190911,-1223624762,0.0,0.6000000238418579,2.2511868476867676,0.0,0.0,0.0,0.0,2.2511868476867676,0.0,23,32900,47.6190911,-122.3624762,3.4560220114683164
188,1728407313.395,1,220,0,0,185,0,0,3,476190911,-1223624762,0.0,0.6000000238418579,2.2511868476867676,0.0,0.0,0.0,0.0,2.2511868476867676,0.0,23,32900,47.6190911,-122.3624762,3.4322978403213393
189,1728407313.691,1,220,0,0,185,0,0,3,476190923,-1223624726,0.0,0.699999988079071,2.167982816696167,0.0,0.0,0.0,0.0,2.167982816696167,0.0,23,32799,47.6190923,-122.3624726,3.451846791412174
190,1728407313.9459999,1,220,0,0,185,0,0,3,476190922,-1223624745,0.0,0.699999988079071,2.066152811050415,0.0,0.0,0.0,0.0,2.066152811050415,0.0,23,32799,47.6190922,-122.3624745,3.454231456263985
191,1728407314.191,1,220,0,0,185,0,0,3,476190922,-1223624745,0.0,0.699999988079071,2.066152811050415,0.0,0.0,0.0,0.0,2.066152811050415,0.0,23,32799,47.6190922,-122.3624745,3.4264176030596656
192,1728407314.457,1,220,0,0,185,0,0,3,476190904,-1223624781,0.0,0.6000000238418579,2.00746488571167,0.0,0.0,0.0,0.0,2.00746488571167,0.0,23,32700,47.6190904,-122.3624781,3.4252440564706186
193,1728407314.717,1,220,0,0,185,0,0,3,476190904,-1223624781,0.0,0.6000000238418579,2.00746488571167,0.0,0.0,0.0,0.0,2.00746488571167,0.0,23,32700,47.6190904,-122.3624781,3.454828101811693
194,1728407314.9889998,1,220,0,0,185,0,0,3,476190906,-1223624769,0.0,0.6000000238418579,2.0090954303741455,0.0,0.0,0.0,0.0,2.0090954303741455,0.0,23,32700,47.6190906,-122.3624769,3.4488704801661356
195,1728407315.2689998,1,220,0,0,185,0,0,3,476190906,-1223624769,0.0,0.6000000238418579,2.0090954303741455,0.0,0.0,0.0,0.0,2.0090954303741455,0.0,23,32700,47.6190906,-122.3624769,3.445305872769328
196,1728407315.5379999,1,220,0,0,185,0,0,3,476190914,-1223624744,0.0,0.6000000238418579,2.0108330249786377,0.0,0.0,0.0,0.0,2.0108330249786377,0.0,23,32600,47.6190914,-122.3624744,3.146138177764926
197,1728407315.789,1,220,0,0,185,0,0,3,476190914,-1223624744,0.0,0.6000000238418579,2.0108330249786377,0.0,0.0,0.0,0.0,2.0108330249786377,0.0,23,32600,47.6190914,-122.3624744,3.4264177430154015
198,1728407316.069,1,220,0,0,185,0,0,3,476190917,-1223624733,0.0,0.6000000238418579,1.970762014389038,0.0,0.0,0.0,0.0,1.970762014389038,0.0,23,32600,47.6190917,-122.3624733,3.412969344374528
199,1728407316.32,1,220,0,0,185,0,0,3,476190917,-1223624733,0.0,0.6000000238418579,1.970762014389038,0.0,0.0,0.0,0.0,1.970762014389038,0.0,23,32600,47.6190917,-122.3624733,3.4317090910340498
200,1728407316.593,1,220,0,0,185,0,0,3,476190911,-1223624738,0.0,0.6000000238418579,1.9525679349899292,0.0,0.0,0.0,0.0,1.9525679349899292,0.0,23,32600,47.6190911,-122.3624738,3.442340825640675
201,1728407316.908,1,220,0,0,185,0,0,3,476190911,-1223624738,0.0,0.6000000238418579,1.9582805633544922,0.0,0.0,0.0,0.0,1.9582805633544922,0.0,23,32600,47.6190911,-122.3624738,3.4264177430154015
202,1728407317.1439998,1,220,0,0,185,0,0,3,476190905,-1223624744,0.0,0.6000000238418579,1.9582805633544922,0.0,0.0,0.0,0.0,1.9582805633544922,0.0,23,32600,47.6190905,-122.3624744,3.4328870726262037
203,1728407317.422,1,220,0,0,185,0,0,3,476190911,-1223624728,0.0,0.6000000238418579,1.953614354133606,0.0,0.0,0.0,0.0,1.953614354133606,0.0,23,32600,47.6190911,-122.3624728,3.4123870679578396
204,1728407317.672,1,220,0,0,185,0,0,3,476190911,-1223624728,0.0,0.6000000238418579,1.953614354133606,0.0,0.0,0.0,0.0,1.953614354133606,0.0,23,32600,47.6190911,-122.3624728,3.4393808775919257
205,1728407317.9399998,1,220,0,0,185,0,0,3,476190911,-1223624728,0.0,0.6000000238418579,1.953614354133606,0.0,0.0,0.0,0.0,1.953614354133606,0.0,23,32600,47.6190911,-122.3624728,3.4399724034806654
206,1728407318.7189999,1,220,0,0,185,0,0,3,476190898,-1223624754,0.0,0.699999988079071,2.0909769535064697,0.0,0.0,0.0,0.0,2.0909769535064697,0.0,23,32500,47.6190898,-122.3624754,3.4387895551017476
207,1728407318.985,1,220,0,0,185,0,0,3,476190885,-1223624798,0.0,0.699999988079071,1.9359294176101685,0.0,0.0,0.0,0.0,1.9359294176101685,0.0,24,32500,47.6190885,-122.3624798,3.4482758904183806
208,1728407319.2549999,1,220,0,0,185,0,0,3,476190885,-1223624798,0.0,0.699999988079071,1.9359294176101685,0.0,0.0,0.0,0.0,1.9359294176101685,0.0,24,32500,47.6190885,-122.3624798,3.4584125931844363
209,1728407319.5189998,1,220,0,0,185,0,0,3,476190892,-1223624751,0.0,0.699999988079071,1.9340461492538452,0.0,0.0,0.0,0.0,1.9340461492538452,0.0,24,32400,47.6190892,-122.3624751,3.445899438623646
210,1728407319.7559998,1,220,0,0,185,0,0,3,476190892,-1223624751,0.0,0.699999988079071,1.9340461492538452,0.0,0.0,0.0,0.0,1.9340461492538452,0.0,24,32400,47.6190892,-122.3624751,3.460207629584314
211,1728407320.0279999,1,220,0,0,185,0,0,3,476190892,-1223624746,0.0,0.699999988079071,1.8827437162399292,0.0,0.0,0.0,0.0,1.8827437162399292,0.0,24,32400,47.6190892,-122.3624746,3.5001750169290125
212,1728407320.283,1,220,0,0,185,0,0,3,476190892,-1223624746,0.0,0.699999988079071,1.8827437162399292,0.0,0.0,0.0,0.0,1.8827437162399292,0.0,24,32400,47.6190892,-122.3624746,3.4812880014618024
213,1728407320.5779998,1,220,0,0,185,0,0,3,476190890,-1223624762,0.0,0.699999988079071,1.835228443145752,0.0,0.0,0.0,0.0,1.835228443145752,0.0,24,32500,47.619089,-122.3624762,3.501400625698518
214,1728407320.804,1,220,0,0,185,0,0,3,476190890,-1223624762,0.0,0.699999988079071,1.835228443145752,0.0,0.0,0.0,0.0,1.835228443145752,0.0,24,32500,47.619089,-122.3624762,3.49528144122159
215,1728407321.083,1,220,0,0,185,0,0,3,476190894,-1223624770,0.0,0.699999988079071,1.8330042362213135,0.0,0.0,0.0,0.0,1.8330042362213135,0.0,24,32500,47.6190894,-122.362477,3.336669893975333
216,1728407321.3539999,1,220,0,0,185,0,0,3,476190894,-1223624770,0.0,0.699999988079071,1.8330042362213135,0.0,0.0,0.0,0.0,1.8330042362213135,0.0,24,32500,47.6190894,-122.362477,3.6683784817005
217,1728407321.589,1,220,0,0,185,0,0,3,476190922,-1223624715,0.0,0.699999988079071,1.8337377309799194,0.0,0.0,0.0,0.0,1.8337377309799194,0.0,24,32500,47.6190922,-122.3624715,3.66300363741163
218,1728407321.852,1,220,0,0,185,0,0,3,476190922,-1223624715,0.0,0.699999988079071,1.844468355178833,0.0,0.0,0.0,0.0,1.844468355178833,0.0,24,32500,47.6190922,-122.3624715,3.6757949009535342
219,1728407322.1239998,1,220,0,0,185,0,0,3,476190940,-1223624690,0.0,0.699999988079071,1.844468355178833,0.0,0.0,0.0,0.0,1.844468355178833,0.0,24,32500,47.619094,-122.362469,3.6683784817005
220,1728407322.373,1,220,0,0,185,0,0,3,476190940,-1223624690,0.0,0.699999988079071,1.8414347171783447,0.0,0.0,0.0,0.0,1.8414347171783447,0.0,24,32500,47.619094,-122.362469,3.6589827491554807
221,1728407322.622,1,220,0,0,185,0,0,3,476190951,-1223624687,0.0,0.699999988079071,1.8414347171783447,0.0,0.0,0.0,0.0,1.8414347171783447,0.0,24,32500,47.6190951,-122.3624687,3.650301088849234
222,1728407322.889,1,220,0,0,185,0,0,3,476190954,-1223624689,0.0,0.699999988079071,1.8406380414962769,0.0,0.0,0.0,0.0,1.8406380414962769,0.0,24,32500,47.6190954,-122.3624689,3.667033372568504
223,1728407323.1339998,1,220,0,0,185,0,0,3,476190954,-1223624689,0.0,0.699999988079071,1.8406380414962769,0.0,0.0,0.0,0.0,1.8406380414962769,0.0,24,32500,47.6190954,-122.3624689,3.6724200579804553
224,1728407323.3939998,1,220,0,0,185,0,0,3,476190954,-1223624689,0.0,0.699999988079071,1.8406380414962769,0.0,0.0,0.0,0.0,1.8406380414962769,0.0,24,32500,47.6190954,-122.3624689,3.667033372568504
225,1728407323.934,1,220,0,0,185,0,0,3,476190965,-1223624673,0.0,0.699999988079071,2.01619553565979,0.0,0.0,0.0,0.0,2.01619553565979,0.0,24,32600,47.6190965,-122.3624673,3.658313512363139
226,1728407324.171,1,220,0,0,185,0,0,3,476190965,-1223624673,0.0,0.699999988079071,2.01619553565979,0.0,0.0,0.0,0.0,2.01619553565979,0.0,24,32600,47.6190965,-122.3624673,3.6812073765908506
227,1728407324.445,1,220,0,0,185,0,0,3,476190970,-1223624682,0.0,0.699999988079071,1.9023828506469727,0.0,0.0,0.0,0.0,1.9023828506469727,0.0,24,32500,47.619097,-122.3624682,3.644979048972749
228,1728407324.6959999,1,220,0,0,185,0,0,3,476190970,-1223624682,0.0,0.699999988079071,1.9023828506469727,0.0,0.0,0.0,0.0,1.9023828506469727,0.0,24,32500,47.619097,-122.3624682,3.6771466077909967
229,1728407324.971,1,220,0,0,185,0,0,3,476190972,-1223624660,0.0,0.699999988079071,1.9074419736862183,0.0,0.0,0.0,0.0,1.9074419736862183,0.0,24,32400,47.6190972,-122.362466,3.679175791023576
230,1728407325.222,1,220,0,0,185,0,0,3,476190972,-1223624660,0.0,0.699999988079071,1.9074419736862183,0.0,0.0,0.0,0.0,1.9074419736862183,0.0,24,32400,47.6190972,-122.362466,3.665017397303611
231,1728407325.507,1,220,0,0,185,0,0,3,476190975,-1223624640,0.0,0.699999988079071,1.9386299848556519,0.0,0.0,0.0,0.0,1.9386299848556519,0.0,24,32400,47.6190975,-122.362464,3.648303622631656
232,1728407325.737,1,220,0,0,185,0,0,3,476190975,-1223624640,0.0,0.699999988079071,1.9386299848556519,0.0,0.0,0.0,0.0,1.9386299848556519,0.0,24,32400,47.6190975,-122.362464,3.665017397303611
233,1728407326.024,1,220,0,0,185,0,0,3,476190987,-1223624624,0.0,0.699999988079071,1.915952205657959,0.0,0.0,0.0,0.0,1.915952205657959,0.0,24,32500,47.6190987,-122.3624624,3.642987243216351
234,1728407326.258,1,220,0,0,185,0,0,3,476190987,-1223624624,0.0,0.699999988079071,1.915952205657959,0.0,0.0,0.0,0.0,1.915952205657959,0.0,24,32500,47.6190987,-122.3624624,3.651634107534223
235,1728407326.55,1,220,0,0,185,0,0,3,476190990,-1223624623,0.0,0.699999988079071,1.9013757705688477,0.0,0.0,0.0,0.0,1.9013757705688477,0.0,24,32500,47.619099,-122.3624623,3.8483742187341226
236,1728407326.787,1,220,0,0,185,0,0,3,476190990,-1223624623,0.0,0.699999988079071,1.9013757705688477,0.0,0.0,0.0,0.0,1.9013757705688477,0.0,24,32500,47.619099,-122.3624623,3.6350418987514006
237,1728407327.076,1,220,0,0,185,0,0,3,476190989,-1223624626,0.0,0.699999988079071,1.9093574285507202,0.0,0.0,0.0,0.0,1.9093574285507202,0.0,24,32500,47.6190989,-122.3624626,3.647638127648428
238,1728407327.291,1,220,0,0,185,0,0,3,476190989,-1223624626,0.0,0.699999988079071,1.9093574285507202,0.0,0.0,0.0,0.0,1.9093574285507202,0.0,24,32500,47.6190989,-122.3624626,3.652967941084702
239,1728407327.56,1,220,0,0,185,0,0,3,476190989,-1223624623,0.0,0.699999988079071,1.8974590301513672,0.0,0.0,0.0,0.0,1.8974590301513672,0.0,24,32000,47.6190989,-122.3624623,3.6463081827735553
240,1728407327.83,1,220,0,0,185,0,0,3,476190989,-1223624623,0.0,0.699999988079071,1.8974590301513672,0.0,0.0,0.0,0.0,1.8974590301513672,0.0,24,32000,47.6190989,-122.3624623,3.650967555966238
241,1728407328.1039999,1,220,0,0,185,0,0,3,476190980,-1223624631,0.0,0.699999988079071,1.8886187076568604,0.0,0.0,0.0,0.0,1.8886187076568604,0.0,24,31399,47.619098,-122.3624631,3.6503012476920196
242,1728407328.346,1,220,0,0,185,0,0,3,476190980,-1223624631,0.0,0.699999988079071,1.8886187076568604,0.0,0.0,0.0,0.0,1.8886187076568604,0.0,24,31399,47.619098,-122.3624631,3.6343812327362617
243,1728407328.6239998,1,220,0,0,185,0,0,3,476190977,-1223624633,0.0,0.699999988079071,1.915536880493164,0.0,0.0,0.0,0.0,1.915536880493164,0.0,24,31200,47.6190977,-122.3624633,3.640334938615678
244,1728407328.8709998,1,220,0,0,185,0,0,3,476190977,-1223624633,0.0,0.699999988079071,1.915536880493164,0.0,0.0,0.0,0.0,1.915536880493164,0.0,24,31200,47.6190977,-122.3624633,3.6284469694282677
245,1728407329.1309998,1,220,0,0,185,0,0,3,476190977,-1223624633,0.0,0.699999988079071,1.915536880493164,0.0,0.0,0.0,0.0,1.915536880493164,0.0,24,31200,47.6190977,-122.3624633,3.651634107534223
246,1728407329.6729999,1,220,0,0,185,0,0,3,476190974,-1223624627,0.0,0.699999988079071,2.076141834259033,0.0,0.0,0.0,0.0,2.076141834259033,0.0,24,31100,47.6190974,-122.3624627,3.633060935589173
247,1728407329.928,1,220,0,0,185,0,0,3,476190957,-1223624634,0.0,0.699999988079071,1.9718472957611084,0.0,0.0,0.0,0.0,1.9718472957611084,0.0,24,31100,47.6190957,-122.3624634,3.6264733425542026
248,1728407330.171,1,220,0,0,185,0,0,3,476190957,-1223624634,0.0,0.699999988079071,1.9718472957611084,0.0,0.0,0.0,0.0,1.9718472957611084,0.0,24,31100,47.6190957,-122.3624634,3.617944931088708
249,1728407330.4559999,1,220,0,0,185,0,0,3,476190953,-1223624631,0.0,0.699999988079071,1.9770855903625488,0.0,0.0,0.0,0.0,1.9770855903625488,0.0,24,31100,47.6190953,-122.3624631,3.609456848818006
250,1728407330.6999998,1,220,0,0,185,0,0,3,476190953,-1223624631,0.0,0.699999988079071,1.9770855903625488,0.0,0.0,0.0,0.0,1.9770855903625488,0.0,24,31100,47.6190953,-122.3624631,3.633060778243268
251,1728407330.9859998,1,220,0,0,185,0,0,3,476190960,-1223624629,0.0,0.699999988079071,1.9518686532974243,0.0,0.0,0.0,0.0,1.9518686532974243,0.0,24,31100,47.619096,-122.3624629,3.6277888551574917
252,1728407331.24,1,220,0,0,185,0,0,3,476190960,-1223624629,0.0,0.699999988079071,1.9518686532974243,0.0,0.0,0.0,0.0,1.9518686532974243,0.0,24,31100,47.619096,-122.3624629,3.610760042613178
253,1728407331.518,1,220,0,0,185,0,0,3,476190965,-1223624635,0.0,0.699999988079071,1.920238733291626,0.0,0.0,0.0,0.0,1.920238733291626,0.0,24,30900,47.6190965,-122.3624635,3.6396723473634096
254,1728407331.77,1,220,0,0,185,0,0,3,476190965,-1223624635,0.0,0.699999988079071,1.920238733291626,0.0,0.0,0.0,0.0,1.920238733291626,0.0,24,30900,47.6190965,-122.3624635,3.625158470345864
255,1728407332.027,1,220,0,0,185,0,0,3,476190962,-1223624632,0.0,0.699999988079071,1.913547396659851,0.0,0.0,0.0,0.0,1.913547396659851,0.0,24,30800,47.6190962,-122.3624632,3.295978863258106
256,1728407332.2919998,1,220,0,0,185,0,0,3,476190962,-1223624632,0.0,0.699999988079071,1.913547396659851,0.0,0.0,0.0,0.0,1.913547396659851,0.0,24,30800,47.6190962,-122.3624632,3.46140526086388
257,1728407332.5909998,1,220,0,0,185,0,0,3,476190955,-1223624624,0.0,0.699999988079071,1.8949040174484253,0.0,0.0,0.0,0.0,1.8949040174484253,0.0,24,30900,47.6190955,-122.3624624,3.4632035489896524
258,1728407332.819,1,220,0,0,185,0,0,3,476190955,-1223624624,0.0,0.699999988079071,1.8949040174484253,0.0,0.0,0.0,0.0,1.8949040174484253,0.0,24,30900,47.6190955,-122.3624624,3.43819843590524
259,1728407333.1009998,1,220,0,0,185,0,0,3,476190959,-1223624629,0.0,0.699999988079071,1.8878263235092163,0.0,0.0,0.0,0.0,1.8878263235092163,0.0,24,30800,47.6190959,-122.3624629,3.4464932090352054
260,1728407333.335,1,220,0,0,185,0,0,3,476190959,-1223624629,0.0,0.699999988079071,1.8878263235092163,0.0,0.0,0.0,0.0,1.8878263235092163,0.0,24,30800,47.6190959,-122.3624629,3.4340658632129926
261,1728407333.6169999,1,220,0,0,185,0,0,3,476190957,-1223624639,0.0,0.699999988079071,1.8889217376708984,0.0,0.0,0.0,0.0,1.8889217376708984,0.0,23,30800,47.6190957,-122.3624639,3.460806341612359
262,1728407333.885,1,220,0,0,185,0,0,3,476190957,-1223624639,0.0,0.699999988079071,1.9227434396743774,0.0,0.0,0.0,0.0,1.9227434396743774,0.0,23,30800,47.6190957,-122.3624639,3.443526260136433
263,1728407334.119,1,220,0,0,185,0,0,3,476190950,-1223624633,0.0,0.699999988079071,1.9227434396743774,0.0,0.0,0.0,0.0,1.9227434396743774,0.0,23,30700,47.619095,-122.3624633,3.4578147090250417
264,1728407334.388,1,220,0,0,185,0,0,3,476190950,-1223624633,0.0,0.699999988079071,1.9227434396743774,0.0,0.0,0.0,0.0,1.9227434396743774,0.0,23,30700,47.619095,-122.3624633,3.435835849234425
265,1728407335.199,1,220,0,0,185,0,0,3,476191013,-1223624571,0.0,0.699999988079071,2.066629648208618,0.0,0.0,0.0,0.0,2.066629648208618,0.0,22,30600,47.6191013,-122.3624571,3.4488704801661356
266,1728407335.451,1,220,0,0,185,0,0,3,476191032,-1223624563,0.0,0.699999988079071,1.980224370956421,0.0,0.0,0.0,0.0,1.980224370956421,0.0,22,30600,47.6191032,-122.3624563,3.429355271113034
267,1728407335.7029998,1,220,0,0,185,0,0,3,476191032,-1223624563,0.0,0.699999988079071,1.980224370956421,0.0,0.0,0.0,0.0,1.980224370956421,0.0,22,30600,47.6191032,-122.3624563,3.4764470584149554
268,1728407335.988,1,220,0,0,185,0,0,3,476191043,-1223624551,0.0,0.699999988079071,2.0065152645111084,0.0,0.0,0.0,0.0,2.0065152645111084,0.0,22,30700,47.6191043,-122.3624551,3.454231456263985
269,1728407336.2589998,1,220,0,0,185,0,0,3,476191043,-1223624551,0.0,0.699999988079071,2.0065152645111084,0.0,0.0,0.0,0.0,2.0065152645111084,0.0,22,30700,47.6191043,-122.3624551,3.4849276379474134
270,1728407336.524,1,220,0,0,185,0,0,3,476191057,-1223624559,0.0,0.699999988079071,2.0029144287109375,0.0,0.0,0.0,0.0,2.0029144287109375,0.0,22,30700,47.6191057,-122.3624559,3.4584125931844363
271,1728407336.7649999,1,220,0,0,185,0,0,3,476191057,-1223624559,0.0,0.699999988079071,2.0029144287109375,0.0,0.0,0.0,0.0,2.0029144287109375,0.0,22,30700,47.6191057,-122.3624559,3.4861425901857652
272,1728407337.0479999,1,220,0,0,185,0,0,3,476191062,-1223624565,0.0,0.699999988079071,1.985924243927002,0.0,0.0,0.0,0.0,1.985924243927002,0.0,22,30700,47.6191062,-122.3624565,3.4560221538529485
273,1728407337.3019998,1,220,0,0,185,0,0,3,476191062,-1223624565,0.0,0.699999988079071,1.985924243927002,0.0,0.0,0.0,0.0,1.985924243927002,0.0,22,30700,47.6191062,-122.3624565,3.4536350167609378
274,1728407337.5909998,1,220,0,0,185,0,0,3,476191057,-1223624585,0.0,0.699999988079071,1.9347691535949707,0.0,0.0,0.0,0.0,1.9347691535949707,0.0,22,30600,47.6191057,-122.3624585,3.159058674772271
275,1728407337.826,1,220,0,0,185,0,0,3,476191057,-1223624585,0.0,0.699999988079071,1.9347691535949707,0.0,0.0,0.0,0.0,1.9347691535949707,0.0,22,30600,47.6191057,-122.3624585,3.4650034203482654
276,1728407338.1239998,1,220,0,0,185,0,0,3,476191052,-1223624576,0.0,0.699999988079071,1.9195449352264404,0.0,0.0,0.0,0.0,1.9195449352264404,0.0,22,30700,47.6191052,-122.3624576,3.465003563473909
277,1728407338.3439999,1,220,0,0,185,0,0,3,476191052,-1223624576,0.0,0.699999988079071,1.9195449352264404,0.0,0.0,0.0,0.0,1.9195449352264404,0.0,22,30700,47.6191052,-122.3624576,3.4578145664926687
278,1728407338.609,1,220,0,0,185,0,0,3,476191047,-1223624567,0.0,0.699999988079071,1.978767991065979,0.0,0.0,0.0,0.0,1.978767991065979,0.0,22,30800,47.6191047,-122.3624567,3.4770514038655227
279,1728407338.84,1,220,0,0,185,0,0,3,476191047,-1223624567,0.0,0.699999988079071,1.978767991065979,0.0,0.0,0.0,0.0,1.978767991065979,0.0,22,30800,47.6191047,-122.3624567,3.4512510330785924
280,1728407339.118,1,220,0,0,185,0,0,3,476191053,-1223624567,0.0,0.699999988079071,1.9942841529846191,0.0,0.0,0.0,0.0,1.9942841529846191,0.0,22,30900,47.6191053,-122.3624567,3.4794711769644513
281,1728407339.3539999,1,220,0,0,185,0,0,3,476191053,-1223624567,0.0,0.699999988079071,1.9942841529846191,0.0,0.0,0.0,0.0,1.9942841529846191,0.0,22,30900,47.6191053,-122.3624567,3.4554249535108497
282,1728407339.672,1,220,0,0,185,0,0,3,476191053,-1223624568,0.0,0.699999988079071,1.9933661222457886,0.0,0.0,0.0,0.0,1.9933661222457886,0.0,22,31000,47.6191053,-122.3624568,3.482500416806986
283,1728407339.9099998,1,220,0,0,185,0,0,3,476191053,-1223624568,0.0,0.699999988079071,1.9933661222457886,0.0,0.0,0.0,0.0,1.9933661222457886,0.0,22,31000,47.6191053,-122.3624568,3.4818940313297113
284,1728407340.7189999,1,220,0,0,185,0,0,3,476191086,-1223624545,0.0,0.699999988079071,2.1103572845458984,0.0,0.0,0.0,0.0,2.1103572845458984,0.0,22,31100,47.6191086,-122.3624545,3.5112358939164587
285,1728407340.971,1,220,0,0,185,0,0,3,476191106,-1223624548,0.0,0.699999988079071,1.9598108530044556,0.0,0.0,0.0,0.0,1.9598108530044556,0.0,22,31200,47.6191106,-122.3624548,3.4644032553944526
286,1728407341.2229998,1,220,0,0,185,0,0,3,476191106,-1223624548,0.0,0.699999988079071,1.9598108530044556,0.0,0.0,0.0,0.0,1.9598108530044556,0.0,22,31200,47.6191106,-122.3624548,3.5044681864099907
287,1728407341.487,1,220,0,0,185,0,0,3,476191119,-1223624548,0.0,0.699999988079071,1.9964418411254883,0.0,0.0,0.0,0.0,1.9964418411254883,0.0,22,31200,47.6191119,-122.3624548,3.474635137977503
288,1728407341.74,1,220,0,0,185,0,0,3,476191119,-1223624548,0.0,0.699999988079071,1.9964418411254883,0.0,0.0,0.0,0.0,1.9964418411254883,0.0,22,31200,47.6191119,-122.3624548,3.4758429230101484
289,1728407342.054,1,220,0,0,185,0,0,3,476191151,-1223624529,0.0,0.699999988079071,2.002140522003174,0.0,0.0,0.0,0.0,2.002140522003174,0.0,22,31200,47.6191151,-122.3624529,3.4506556222975835
290,1728407342.2719998,1,220,0,0,185,0,0,3,476191151,-1223624529,0.0,0.699999988079071,2.002140522003174,0.0,0.0,0.0,0.0,2.002140522003174,0.0,22,31200,47.6191151,-122.3624529,3.4698126668599163
291,1728407342.553,1,220,0,0,185,0,0,3,476191164,-1223624521,0.0,0.699999988079071,1.9918835163116455,0.0,0.0,0.0,0.0,1.9918835163116455,0.0,22,31200,47.6191164,-122.3624521,3.4524426133721913
292,1728407342.791,1,220,0,0,185,0,0,3,476191164,-1223624521,0.0,0.699999988079071,1.9918835163116455,0.0,0.0,0.0,0.0,1.9918835163116455,0.0,22,31200,47.6191164,-122.3624521,3.490401384542038
293,1728407343.046,1,220,0,0,185,0,0,3,476191174,-1223624520,0.0,0.699999988079071,1.9853267669677734,0.0,0.0,0.0,0.0,1.9853267669677734,0.0,22,31200,47.6191174,-122.362452,2.9472443207559746
294,1728407343.287,1,220,0,0,185,0,0,3,476191174,-1223624520,0.0,0.699999988079071,1.9853267669677734,0.0,0.0,0.0,0.0,1.9853267669677734,0.0,22,31200,47.6191174,-122.362452,3.197441987862798
295,1728407343.599,1,220,0,0,185,0,0,3,476191184,-1223624515,0.0,0.699999988079071,1.9978337287902832,0.0,0.0,0.0,0.0,1.9978337287902832,0.0,22,31200,47.6191184,-122.3624515,3.195398593844641
296,1728407343.8309999,1,220,0,0,185,0,0,3,476191184,-1223624515,0.0,0.699999988079071,1.9978337287902832,0.0,0.0,0.0,0.0,1.9978337287902832,0.0,22,31200,47.6191184,-122.3624515,3.1715826226051287
297,1728407344.1,1,220,0,0,185,0,0,3,476191195,-1223624493,0.0,0.699999988079071,2.0115346908569336,0.0,0.0,0.0,0.0,2.0115346908569336,0.0,22,31200,47.6191195,-122.3624493,3.1826862277149384
298,1728407344.363,1,220,0,0,185,0,0,3,476191195,-1223624493,0.0,0.699999988079071,2.0115346908569336,0.0,0.0,0.0,0.0,2.0115346908569336,0.0,22,31200,47.6191195,-122.3624493,3.1715826226051287
299,1728407344.636,1,220,0,0,185,0,0,3,476191206,-1223624494,0.0,0.699999988079071,2.0378246307373047,0.0,0.0,0.0,0.0,2.0378246307373047,0.0,22,31200,47.6191206,-122.3624494,3.2097576908071828
300,1728407344.882,1,220,0,0,185,0,0,3,476191206,-1223624494,0.0,0.699999988079071,2.0313093662261963,0.0,0.0,0.0,0.0,2.0313093662261963,0.0,22,31200,47.6191206,-122.3624494,3.184713390304997
301,1728407345.1469998,1,220,0,0,185,0,0,3,476191216,-1223624509,0.0,0.699999988079071,2.0313093662261963,0.0,0.0,0.0,0.0,2.0313093662261963,0.0,22,31200,47.6191216,-122.3624509,3.206669879220366
302,1728407345.402,1,220,0,0,185,0,0,3,476191216,-1223624509,0.0,0.699999988079071,2.0313093662261963,0.0,0.0,0.0,0.0,2.0313093662261963,0.0,22,31200,47.6191216,-122.3624509,3.1852205542709826
303,1728407346.6959999,1,220,0,0,185,0,0,3,476191187,-1223624531,0.0,0.699999988079071,2.3175735473632812,0.0,0.0,0.0,0.0,2.3175735473632812,0.0,22,31500,47.6191187,-122.3624531,3.1877590412760934
304,1728407346.974,1,220,0,0,185,0,0,3,476191187,-1223624531,0.0,0.699999988079071,2.102275848388672,0.0,0.0,0.0,0.0,2.102275848388672,0.0,22,31500,47.6191187,-122.3624531,3.1756112561278362
305,1728407347.23,1,220,0,0,185,0,0,3,476191181,-1223624539,0.0,0.699999988079071,2.102275848388672,0.0,0.0,0.0,0.0,2.102275848388672,0.0,22,31500,47.6191181,-122.3624539,3.204101319113268
306,1728407347.5289998,1,220,0,0,185,0,0,3,476191177,-1223624567,0.0,0.699999988079071,1.9925878047943115,0.0,0.0,0.0,0.0,1.9925878047943115,0.0,22,31500,47.6191177,-122.3624567,3.1771246636385424
307,1728407347.771,1,220,0,0,185,0,0,3,476191177,-1223624567,0.0,0.699999988079071,1.9925878047943115,0.0,0.0,0.0,0.0,1.9925878047943115,0.0,22,31500,47.6191177,-122.3624567,3.173092191770697
308,1728407348.046,1,220,0,0,185,0,0,3,476191185,-1223624546,0.0,0.699999988079071,1.9933891296386719,0.0,0.0,0.0,0.0,1.9933891296386719,0.0,22,31399,47.6191185,-122.3624546,3.1816735535348513
309,1728407348.2849998,1,220,0,0,185,0,0,3,476191185,-1223624546,0.0,0.699999988079071,1.9933891296386719,0.0,0.0,0.0,0.0,1.9933891296386719,0.0,22,31399,47.6191185,-122.3624546,3.196420025179319
310,1728407348.5519998,1,220,0,0,185,0,0,3,476191197,-1223624529,0.0,0.699999988079071,2.0299770832061768,0.0,0.0,0.0,0.0,2.0299770832061768,0.0,22,31200,47.6191197,-122.3624529,3.180155810274768
311,1728407348.79,1,220,0,0,185,0,0,3,476191197,-1223624529,0.0,0.699999988079071,2.0299770832061768,0.0,0.0,0.0,0.0,2.0299770832061768,0.0,22,31200,47.6191197,-122.3624529,3.189792673180298
312,1728407349.07,1,220,0,0,185,0,0,3,476191195,-1223624531,0.0,0.699999988079071,2.0443532466888428,0.0,0.0,0.0,0.0,2.0443532466888428,0.0,22,31100,47.6191195,-122.3624531,2.941609049428039
313,1728407349.32,1,220,0,0,185,0,0,3,476191195,-1223624531,0.0,0.699999988079071,2.0443532466888428,0.0,0.0,0.0,0.0,2.0443532466888428,0.0,22,31100,47.6191195,-122.3624531,3.4650034203482654
314,1728407349.585,1,220,0,0,185,0,0,3,476191203,-1223624539,0.0,0.699999988079071,2.050595998764038,0.0,0.0,0.0,0.0,2.050595998764038,0.0,22,31100,47.6191203,-122.3624539,3.4831070135298603
315,1728407349.8409998,1,220,0,0,185,0,0,3,476191203,-1223624539,0.0,0.699999988079071,2.050595998764038,0.0,0.0,0.0,0.0,2.050595998764038,0.0,22,31100,47.6191203,-122.3624539,3.4746352818999493
316,1728407350.126,1,220,0,0,185,0,0,3,476191207,-1223624554,0.0,0.699999988079071,2.0317413806915283,0.0,0.0,0.0,0.0,2.0317413806915283,0.0,22,31200,47.6191207,-122.3624554,3.5038541272643915
317,1728407350.4029999,1,220,0,0,185,0,0,3,476191207,-1223624554,0.0,0.699999988079071,2.0688796043395996,0.0,0.0,0.0,0.0,2.0688796043395996,0.0,22,31200,47.6191207,-122.3624554,3.487966535245389
318,1728407350.649,1,220,0,0,185,0,0,3,476191209,-1223624553,0.0,0.699999988079071,2.0688796043395996,0.0,0.0,0.0,0.0,2.0688796043395996,0.0,22,31300,47.6191209,-122.3624553,3.4971149641992754
319,1728407350.893,1,220,0,0,185,0,0,3,476191209,-1223624553,0.0,0.699999988079071,2.0688796043395996,0.0,0.0,0.0,0.0,2.0688796043395996,0.0,22,31300,47.6191209,-122.3624553,3.4788658458609185
320,1728407351.171,1,220,0,0,185,0,0,3,476191216,-1223624546,0.0,0.699999988079071,2.0590250492095947,0.0,0.0,0.0,0.0,2.0590250492095947,0.0,22,31399,47.6191216,-122.3624546,3.4873582448801117
321,1728407351.4169998,1,220,0,0,185,0,0,3,476191216,-1223624546,0.0,0.699999988079071,2.0590250492095947,0.0,0.0,0.0,0.0,2.0590250492095947,0.0,22,31399,47.6191216,-122.3624546,3.462603864395306
322,1728407352.201,1,220,0,0,185,0,0,3,476191226,-1223624550,0.0,0.699999988079071,2.314307451248169,0.0,0.0,0.0,0.0,2.314307451248169,0.0,22,31700,47.6191226,-122.362455,3.4770514038655227
323,1728407352.468,1,220,0,0,185,0,0,3,476191234,-1223624537,0.0,0.699999988079071,2.1612963676452637,0.0,0.0,0.0,0.0,2.1612963676452637,0.0,22,31800,47.6191234,-122.3624537,3.4572168890690915
324,1728407352.7159998,1,220,0,0,185,0,0,3,476191234,-1223624537,0.0,0.699999988079071,2.1612963676452637,0.0,0.0,0.0,0.0,2.1612963676452637,0.0,22,31800,47.6191234,-122.3624537,3.4680076537036055
325,1728407352.9859998,1,220,0,0,185,0,0,3,476191254,-1223624528,0.0,0.699999988079071,2.1380553245544434,0.0,0.0,0.0,0.0,2.1380553245544434,0.0,22,32000,47.6191254,-122.3624528,3.460806341612359
326,1728407353.237,1,220,0,0,185,0,0,3,476191254,-1223624528,0.0,0.699999988079071,2.1380553245544434,0.0,0.0,0.0,0.0,2.1380553245544434,0.0,22,32000,47.6191254,-122.3624528,3.466204517523848
327,1728407353.5049999,1,220,0,0,185,0,0,3,476191275,-1223624539,0.0,0.699999988079071,2.149602174758911,0.0,0.0,0.0,0.0,2.149602174758911,0.0,22,32100,47.6191275,-122.3624539,3.492839635610142
328,1728407353.7649999,1,220,0,0,185,0,0,3,476191275,-1223624539,0.0,0.699999988079071,2.149602174758911,0.0,0.0,0.0,0.0,2.149602174758911,0.0,22,32100,47.6191275,-122.3624539,3.4849276379474134
329,1728407354.034,1,220,0,0,185,0,0,3,476191296,-1223624542,0.0,0.699999988079071,2.1441879272460938,0.0,0.0,0.0,0.0,2.1441879272460938,0.0,22,32100,47.6191296,-122.3624542,3.429943353202093
330,1728407354.287,1,220,0,0,185,0,0,3,476191296,-1223624542,0.0,0.699999988079071,2.1441879272460938,0.0,0.0,0.0,0.0,2.1441879272460938,0.0,22,32100,47.6191296,-122.3624542,3.4922297898831673
331,1728407354.566,1,220,0,0,185,0,0,3,476191311,-1223624535,0.0,0.699999988079071,2.119542121887207,0.0,0.0,0.0,0.0,2.119542121887207,0.0,22,32000,47.6191311,-122.3624535,3.1756112561278362
332,1728407354.822,1,220,0,0,185,0,0,3,476191311,-1223624535,0.0,0.699999988079071,2.119542121887207,0.0,0.0,0.0,0.0,2.119542121887207,0.0,22,32000,47.6191311,-122.3624535,3.4566194182248795
333,1728407355.105,1,220,0,0,185,0,0,3,476191327,-1223624528,0.0,0.699999988079071,2.140321731567383,0.0,0.0,0.0,0.0,2.140321731567383,0.0,22,32000,47.6191327,-122.3624528,3.472825105298088
334,1728407355.352,1,220,0,0,185,0,0,3,476191327,-1223624528,0.0,0.699999988079071,2.140321731567383,0.0,0.0,0.0,0.0,2.140321731567383,0.0,22,32000,47.6191327,-122.3624528,3.459608981991871
335,1728407355.62,1,220,0,0,185,0,0,3,476191349,-1223624534,0.0,0.699999988079071,2.110825300216675,0.0,0.0,0.0,0.0,2.110825300216675,0.0,22,32000,47.6191349,-122.3624534,3.4788658458609185
336,1728407355.896,1,220,0,0,185,0,0,3,476191349,-1223624534,0.0,0.699999988079071,2.110825300216675,0.0,0.0,0.0,0.0,2.110825300216675,0.0,22,32000,47.6191349,-122.3624534,3.4620045303244744
337,1728407356.129,1,220,0,0,185,0,0,3,476191370,-1223624535,0.0,0.699999988079071,2.0979762077331543,0.0,0.0,0.0,0.0,2.0979762077331543,0.0,22,32000,47.619137,-122.3624535,3.4873582448801117
338,1728407356.388,1,220,0,0,185,0,0,3,476191370,-1223624535,0.0,0.699999988079071,2.0979762077331543,0.0,0.0,0.0,0.0,2.0979762077331543,0.0,22,32000,47.619137,-122.3624535,3.472825105298088
339,1728407356.724,1,220,0,0,185,0,0,3,476191366,-1223624537,0.0,0.699999988079071,2.0796921253204346,0.0,0.0,0.0,0.0,2.0796921253204346,0.0,22,32000,47.6191366,-122.3624537,3.4831068689047453
340,1728407356.898,1,220,0,0,185,0,0,3,476191366,-1223624537,0.0,0.699999988079071,2.0796921253204346,0.0,0.0,0.0,0.0,2.0796921253204346,0.0,22,32000,47.6191366,-122.3624537,3.4722222279711272
341,1728407357.715,1,220,0,0,185,0,0,3,476191390,-1223624527,0.0,0.699999988079071,2.245889663696289,0.0,0.0,0.0,0.0,2.245889663696289,0.0,22,32000,47.619139,-122.3624527,3.4837136769332284
342,1728407357.987,1,220,0,0,185,0,0,3,476191384,-1223624526,0.0,0.699999988079071,2.1482574939727783,0.0,0.0,0.0,0.0,2.1482574939727783,0.0,22,32000,47.6191384,-122.3624526,3.4584125931844363
343,1728407358.227,1,220,0,0,185,0,0,3,476191384,-1223624526,0.0,0.699999988079071,2.1482574939727783,0.0,0.0,0.0,0.0,2.1482574939727783,0.0,22,32000,47.6191384,-122.3624526,3.4873583898584926
344,1728407358.497,1,220,0,0,185,0,0,3,476191387,-1223624531,0.0,0.699999988079071,2.1148345470428467,0.0,0.0,0.0,0.0,2.1148345470428467,0.0,22,32000,47.6191387,-122.3624531,3.466805450061266
345,1728407358.735,1,220,0,0,185,0,0,3,476191387,-1223624531,0.0,0.699999988079071,2.1148345470428467,0.0,0.0,0.0,0.0,2.1148345470428467,0.0,22,32000,47.6191387,-122.3624531,3.4782608695652173
346,1728407359.014,1,220,0,0,185,0,0,3,476191381,-1223624535,0.0,0.699999988079071,2.0706470012664795,0.0,0.0,0.0,0.0,2.0706470012664795,0.0,22,31900,47.6191381,-122.3624535,3.494670597011282
347,1728407359.24,1,220,0,0,185,0,0,3,476191381,-1223624535,0.0,0.699999988079071,2.0706470012664795,0.0,0.0,0.0,0.0,2.0706470012664795,0.0,22,31900,47.6191381,-122.3624535,3.463803298310907
348,1728407359.524,1,220,0,0,185,0,0,3,476191385,-1223624528,0.0,0.699999988079071,2.077746868133545,0.0,0.0,0.0,0.0,2.077746868133545,0.0,22,31900,47.6191385,-122.3624528,3.460207629584314
349,1728407359.776,1,220,0,0,185,0,0,3,476191385,-1223624528,0.0,0.699999988079071,2.077746868133545,0.0,0.0,0.0,0.0,2.077746868133545,0.0,22,31900,47.6191385,-122.3624528,3.5093876846823653
350,1728407360.047,1,220,0,0,185,0,0,3,476191398,-1223624517,0.0,0.699999988079071,2.084317207336426,0.0,0.0,0.0,0.0,2.084317207336426,0.0,22,31900,47.6191398,-122.3624517,3.162055431322405
351,1728407360.307,1,220,0,0,185,0,0,3,476191398,-1223624517,0.0,0.699999988079071,2.084317207336426,0.0,0.0,0.0,0.0,2.084317207336426,0.0,22,31900,47.6191398,-122.3624517,3.463203406012673
352,1728407360.605,1,220,0,0,185,0,0,3,476191394,-1223624520,0.0,0.699999988079071,2.101522922515869,0.0,0.0,0.0,0.0,2.101522922515869,0.0,22,32000,47.6191394,-122.362452,3.4873583898584926
353,1728407360.84,1,220,0,0,185,0,0,3,476191394,-1223624520,0.0,0.699999988079071,2.101522922515869,0.0,0.0,0.0,0.0,2.101522922515869,0.0,22,32000,47.6191394,-122.362452,3.4620045303244744
354,1728407361.1209998,1,220,0,0,185,0,0,3,476191399,-1223624521,0.0,0.699999988079071,2.081721782684326,0.0,0.0,0.0,0.0,2.081721782684326,0.0,22,32100,47.6191399,-122.3624521,3.4812881459359115
355,1728407361.37,1,220,0,0,185,0,0,3,476191399,-1223624521,0.0,0.699999988079071,2.054110527038574,0.0,0.0,0.0,0.0,2.054110527038574,0.0,22,32100,47.6191399,-122.3624521,3.4476813639531665
356,1728407361.619,1,220,0,0,185,0,0,3,476191410,-1223624501,0.0,0.699999988079071,2.054110527038574,0.0,0.0,0.0,0.0,2.054110527038574,0.0,22,32200,47.619141,-122.3624501,3.4764470584149554
357,1728407361.9029999,1,220,0,0,185,0,0,3,476191410,-1223624501,0.0,0.699999988079071,1.9957292079925537,0.0,0.0,0.0,0.0,1.9957292079925537,0.0,22,32200,47.619141,-122.3624501,3.4530387831958365
358,1728407362.168,1,220,0,0,185,0,0,3,476191425,-1223624488,0.0,0.699999988079071,1.9957292079925537,0.0,0.0,0.0,0.0,1.9957292079925537,0.0,22,32400,47.6191425,-122.3624488,3.4758429230101484
359,1728407362.4229999,1,220,0,0,185,0,0,3,476191425,-1223624488,0.0,0.699999988079071,1.9957292079925537,0.0,0.0,0.0,0.0,1.9957292079925537,0.0,22,32400,47.6191425,-122.3624488,3.465003563473909
360,1728407363.2229998,1,220,0,0,185,0,0,3,476191389,-1223624510,0.0,0.699999988079071,2.1902308464050293,0.0,0.0,0.0,0.0,2.1902308464050293,0.0,22,32400,47.6191389,-122.362451,3.4849276379474134
361,1728407363.49,1,220,0,0,185,0,0,3,476191380,-1223624501,0.0,0.699999988079071,2.0595390796661377,0.0,0.0,0.0,0.0,2.0595390796661377,0.0,22,32400,47.619138,-122.3624501,3.4680076537036055
362,1728407363.722,1,220,0,0,185,0,0,3,476191380,-1223624501,0.0,0.699999988079071,2.0595390796661377,0.0,0.0,0.0,0.0,2.0595390796661377,0.0,22,32400,47.619138,-122.3624501,3.4794711769644513
363,1728407364.004,1,220,0,0,185,0,0,3,476191383,-1223624489,0.0,0.699999988079071,2.0188632011413574,0.0,0.0,0.0,0.0,2.0188632011413574,0.0,22,32400,47.6191383,-122.3624489,3.4584125931844363
364,1728407364.2419999,1,220,0,0,185,0,0,3,476191383,-1223624489,0.0,0.699999988079071,2.0188632011413574,0.0,0.0,0.0,0.0,2.0188632011413574,0.0,22,32400,47.6191383,-122.3624489,3.473428192014982
365,1728407364.536,1,220,0,0,185,0,0,3,476191389,-1223624496,0.0,0.699999988079071,1.9695374965667725,0.0,0.0,0.0,0.0,1.9695374965667725,0.0,22,32400,47.6191389,-122.3624496,3.4482758904183806
366,1728407364.767,1,220,0,0,185,0,0,3,476191389,-1223624496,0.0,0.699999988079071,1.9695374965667725,0.0,0.0,0.0,0.0,1.9695374965667725,0.0,22,32400,47.6191389,-122.3624496,3.4464932090352054
367,1728407365.0319998,1,220,0,0,185,0,0,3,476191399,-1223624498,0.0,0.699999988079071,1.9774065017700195,0.0,0.0,0.0,0.0,1.9774065017700195,0.0,22,32500,47.6191399,-122.3624498,3.469210691425033
368,1728407365.2779999,1,220,0,0,185,0,0,3,476191399,-1223624498,0.0,0.699999988079071,1.9774065017700195,0.0,0.0,0.0,0.0,1.9774065017700195,0.0,22,32500,47.6191399,-122.3624498,3.482500416806986
369,1728407365.5479999,1,220,0,0,185,0,0,3,476191412,-1223624501,0.0,0.699999988079071,2.020197868347168,0.0,0.0,0.0,0.0,2.020197868347168,0.0,22,32600,47.6191412,-122.3624501,3.1756112561278362
370,1728407365.786,1,220,0,0,185,0,0,3,476191412,-1223624501,0.0,0.699999988079071,2.020197868347168,0.0,0.0,0.0,0.0,2.020197868347168,0.0,22,32600,47.6191412,-122.3624501,3.474635137977503
371,1728407366.074,1,220,0,0,185,0,0,3,476191428,-1223624476,0.0,0.699999988079071,2.136955976486206,0.0,0.0,0.0,0.0,2.136955976486206,0.0,22,32600,47.6191428,-122.3624476,3.4837136769332284
372,1728407366.353,1,220,0,0,185,0,0,3,476191428,-1223624476,0.0,0.699999988079071,2.136955976486206,0.0,0.0,0.0,0.0,2.136955976486206,0.0,22,32600,47.6191428,-122.3624476,3.4494652750006938
373,1728407366.623,1,220,0,0,185,0,0,3,476191446,-1223624464,0.0,0.699999988079071,2.2152862548828125,0.0,0.0,0.0,0.0,2.2152862548828125,0.0,22,32400,47.6191446,-122.3624464,3.491620157075723
374,1728407366.879,1,220,0,0,185,0,0,3,476191446,-1223624464,0.0,0.699999988079071,2.2152862548828125,0.0,0.0,0.0,0.0,2.2152862548828125,0.0,22,32400,47.6191446,-122.3624464,3.466204517523848
375,1728407367.1699998,1,220,0,0,185,0,0,3,476191435,-1223624487,0.0,0.699999988079071,2.2393741607666016,0.0,0.0,0.0,0.0,2.2393741607666016,0.0,22,31900,47.6191435,-122.3624487,3.480682326942172
376,1728407367.422,1,220,0,0,185,0,0,3,476191435,-1223624487,0.0,0.699999988079071,2.2393741607666016,0.0,0.0,0.0,0.0,2.2393741607666016,0.0,22,31900,47.6191435,-122.3624487,3.465603936455643
377,1728407367.668,1,220,0,0,185,0,0,3,476191435,-1223624487,0.0,0.699999988079071,2.2393741607666016,0.0,0.0,0.0,0.0,2.2393741607666016,0.0,22,31900,47.6191435,-122.3624487,3.4843205517022526
378,1728407367.911,1,220,0,0,185,0,0,3,476191435,-1223624487,0.0,0.699999988079071,2.2393741607666016,0.0,0.0,0.0,0.0,2.2393741607666016,0.0,22,31900,47.6191435,-122.3624487,3.4680076537036055
379,1728407368.721,1,220,0,0,185,0,0,3,476191464,-1223624509,0.0,0.699999988079071,2.7119600772857666,0.0,0.0,0.0,0.0,2.7119600772857666,0.0,22,32400,47.6191464,-122.3624509,3.4843205517022526
380,1728407368.9789999,1,220,0,0,185,0,0,3,476191478,-1223624516,0.0,0.699999988079071,2.3867111206054688,0.0,0.0,0.0,0.0,2.3867111206054688,0.0,22,32600,47.6191478,-122.3624516,3.466204517523848
381,1728407369.231,1,220,0,0,185,0,0,3,476191478,-1223624516,0.0,0.699999988079071,2.3867111206054688,0.0,0.0,0.0,0.0,2.3867111206054688,0.0,22,32600,47.6191478,-122.3624516,3.482500416806986
382,1728407369.52,1,220,0,0,185,0,0,3,476191485,-1223624505,0.0,0.699999988079071,2.3192131519317627,0.0,0.0,0.0,0.0,2.3192131519317627,0.0,22,32600,47.6191485,-122.3624505,3.490401384542038
383,1728407369.7319999,1,220,0,0,185,0,0,3,476191485,-1223624505,0.0,0.699999988079071,2.3192131519317627,0.0,0.0,0.0,0.0,2.3192131519317627,0.0,22,32600,47.6191485,-122.3624505,3.498950265868412
384,1728407370.0119998,1,220,0,0,185,0,0,3,476191489,-1223624495,0.0,0.699999988079071,2.3166275024414062,0.0,0.0,0.0,0.0,2.3166275024414062,0.0,22,32600,47.6191489,-122.3624495,3.4831070135298603
385,1728407370.2819998,1,220,0,0,185,0,0,3,476191489,-1223624495,0.0,0.699999988079071,2.3166275024414062,0.0,0.0,0.0,0.0,2.3166275024414062,0.0,22,32600,47.6191489,-122.3624495,3.506311362793744
386,1728407370.5379999,1,220,0,0,185,0,0,3,476191494,-1223624517,0.0,0.699999988079071,2.2779455184936523,0.0,0.0,0.0,0.0,2.2779455184936523,0.0,21,32500,47.6191494,-122.3624517,3.4897923898752437
387,1728407370.7719998,1,220,0,0,185,0,0,3,476191494,-1223624517,0.0,0.699999988079071,2.2779455184936523,0.0,0.0,0.0,0.0,2.2779455184936523,0.0,21,32500,47.6191494,-122.3624517,3.497726517458386
388,1728407371.0449998,1,220,0,0,185,0,0,3,476191497,-1223624535,0.0,0.699999988079071,2.2250406742095947,0.0,0.0,0.0,0.0,2.2250406742095947,0.0,21,32700,47.6191497,-122.3624535,3.493449839853509
389,1728407371.2879999,1,220,0,0,185,0,0,3,476191497,-1223624535,0.0,0.699999988079071,2.2250406742095947,0.0,0.0,0.0,0.0,2.2250406742095947,0.0,21,32700,47.6191497,-122.3624535,3.654302908602088
390,1728407371.556,1,220,0,0,185,0,0,3,476191507,-1223624542,0.0,0.699999988079071,2.257047653198242,0.0,0.0,0.0,0.0,2.257047653198242,0.0,21,32600,47.6191507,-122.3624542,3.667033372568504
391,1728407371.817,1,220,0,0,185,0,0,3,476191507,-1223624542,0.0,0.699999988079071,2.257047653198242,0.0,0.0,0.0,0.0,2.257047653198242,0.0,21,32600,47.6191507,-122.3624542,3.6643459513899543
392,1728407372.083,1,220,0,0,185,0,0,3,476191526,-1223624547,0.0,0.699999988079071,2.2230064868927,0.0,0.0,0.0,0.0,2.2230064868927,0.0,21,32500,47.6191526,-122.3624547,3.68595658734159
393,1728407372.339,1,220,0,0,185,0,0,3,476191526,-1223624547,0.0,0.699999988079071,2.2230064868927,0.0,0.0,0.0,0.0,2.2230064868927,0.0,21,32500,47.6191526,-122.3624547,3.642987243216351
394,1728407372.6209998,1,220,0,0,185,0,0,3,476191516,-1223624565,0.0,0.699999988079071,2.2369914054870605,0.0,0.0,0.0,0.0,2.2369914054870605,0.0,21,32400,47.6191516,-122.3624565,3.6456434155099497
395,1728407372.8739998,1,220,0,0,185,0,0,3,476191516,-1223624565,0.0,0.699999988079071,2.2369914054870605,0.0,0.0,0.0,0.0,2.2369914054870605,0.0,21,32400,47.6191516,-122.3624565,3.6663610276063356
396,1728407373.1529999,1,220,0,0,185,0,0,3,476191518,-1223624579,0.0,0.699999988079071,2.2537882328033447,0.0,0.0,0.0,0.0,2.2537882328033447,0.0,21,32400,47.6191518,-122.3624579,3.642323844337459
397,1728407373.386,1,220,0,0,185,0,0,3,476191518,-1223624579,0.0,0.699999988079071,2.2537882328033447,0.0,0.0,0.0,0.0,2.2537882328033447,0.0,21,32400,47.6191518,-122.3624579,3.631081973179469
398,1728407373.636,1,220,0,0,185,0,0,3,476191518,-1223624579,0.0,0.699999988079071,2.2537882328033447,0.0,0.0,0.0,0.0,2.2537882328033447,0.0,21,32400,47.6191518,-122.3624579,3.282455183040938
399,1728407374.194,1,220,0,0,185,0,0,3,476191523,-1223624585,0.0,0.699999988079071,2.470285654067993,0.0,0.0,0.0,0.0,2.470285654067993,0.0,22,32400,47.6191523,-122.3624585,3.312903792593132
400,1728407374.4329998,1,220,0,0,185,0,0,3,476191539,-1223624598,0.0,0.699999988079071,2.2837648391723633,0.0,0.0,0.0,0.0,2.2837648391723633,0.0,22,32500,47.6191539,-122.3624598,3.309066892230738
401,1728407374.689,1,220,0,0,185,0,0,3,476191539,-1223624598,0.0,0.699999988079071,2.2837648391723633,0.0,0.0,0.0,0.0,2.2837648391723633,0.0,22,32500,47.6191539,-122.3624598,3.3206043489401376
402,1728407374.9459999,1,220,0,0,185,0,0,3,476191539,-1223624598,0.0,0.699999988079071,2.2322208881378174,0.0,0.0,0.0,0.0,2.2322208881378174,0.0,22,32500,47.6191539,-122.3624598,3.3151002859758343
403,1728407375.222,1,220,0,0,185,0,0,3,476191529,-1223624596,0.0,0.699999988079071,2.2322208881378174,0.0,0.0,0.0,0.0,2.2322208881378174,0.0,22,32600,47.6191529,-122.3624596,3.308519526284949
404,1728407375.498,1,220,0,0,185,0,0,3,476191539,-1223624575,0.0,0.699999988079071,2.1337037086486816,0.0,0.0,0.0,0.0,2.1337037086486816,0.0,22,32600,47.6191539,-122.3624575,3.304692638586116
405,1728407375.737,1,220,0,0,185,0,0,3,476191539,-1223624575,0.0,0.699999988079071,2.1337037086486816,0.0,0.0,0.0,0.0,2.1337037086486816,0.0,22,32600,47.6191539,-122.3624575,3.328340787236794
406,1728407376.0289998,1,220,0,0,185,0,0,3,476191546,-1223624592,0.0,0.699999988079071,2.1133782863616943,0.0,0.0,0.0,0.0,2.1133782863616943,0.0,22,32799,47.6191546,-122.3624592,3.0688967504868154
407,1728407376.28,1,220,0,0,185,0,0,3,476191546,-1223624592,0.0,0.699999988079071,2.1133782863616943,0.0,0.0,0.0,0.0,2.1133782863616943,0.0,22,32799,47.6191546,-122.3624592,3.0637254355914303
408,1728407377.138,1,220,0,0,185,0,0,3,476191577,-1223624633,0.0,0.699999988079071,2.2776386737823486,0.0,0.0,0.0,0.0,2.2776386737823486,0.0,22,33000,47.6191577,-122.3624633,3.053435136732692
409,1728407377.3249998,1,220,0,0,185,0,0,3,476191577,-1223624633,0.0,0.699999988079071,2.2776386737823486,0.0,0.0,0.0,0.0,2.2776386737823486,0.0,22,33000,47.6191577,-122.3624633,3.2
410,1728407377.6,1,220,0,0,185,0,0,3,476191609,-1223624621,0.0,0.699999988079071,2.1543853282928467,0.0,0.0,0.0,0.0,2.1543853282928467,0.0,22,33000,47.6191609,-122.3624621,3.1821797497010853
411,1728407377.84,1,220,0,0,185,0,0,3,476191609,-1223624621,0.0,0.699999988079071,2.1543853282928467,0.0,0.0,0.0,0.0,2.1543853282928467,0.0,22,33000,47.6191609,-122.3624621,3.160056882928529
412,1728407378.116,1,220,0,0,185,0,0,3,476191618,-1223624626,0.0,0.699999988079071,2.0879039764404297,0.0,0.0,0.0,0.0,2.0879039764404297,0.0,22,33000,47.6191618,-122.3624626,3.1806615235796274
413,1728407378.3839998,1,220,0,0,185,0,0,3,476191618,-1223624626,0.0,0.699999988079071,2.0879039764404297,0.0,0.0,0.0,0.0,2.0879039764404297,0.0,22,33000,47.6191618,-122.3624626,3.1806615235796274
414,1728407378.6729999,1,220,0,0,185,0,0,3,476191634,-1223624644,0.0,0.699999988079071,2.0936427116394043,0.0,0.0,0.0,0.0,2.0936427116394043,0.0,22,32799,47.6191634,-122.3624644,3.201024375667094
415,1728407378.883,1,220,0,0,185,0,0,3,476191634,-1223624644,0.0,0.699999988079071,2.0936427116394043,0.0,0.0,0.0,0.0,2.0936427116394043,0.0,22,32799,47.6191634,-122.3624644,3.180661644178994
416,1728407379.6699998,1,220,0,0,185,0,0,3,476191648,-1223624679,0.0,0.699999988079071,2.2648165225982666,0.0,0.0,0.0,0.0,2.2648165225982666,0.0,22,31500,47.6191648,-122.3624679,3.1908104017748564
417,1728407379.914,1,220,0,0,185,0,0,3,476191631,-1223624672,0.0,0.699999988079071,2.138031482696533,0.0,0.0,0.0,0.0,2.138031482696533,0.0,22,30700,47.6191631,-122.3624672,3.1685677891591086
418,1728407380.1859999,1,220,0,0,185,0,0,3,476191631,-1223624672,0.0,0.699999988079071,2.138031482696533,0.0,0.0,0.0,0.0,2.138031482696533,0.0,22,30700,47.6191631,-122.3624672,3.516792810096975
419,1728407380.444,1,220,0,0,185,0,0,3,476191624,-1223624675,0.0,0.699999988079071,2.111978530883789,0.0,0.0,0.0,0.0,2.111978530883789,0.0,22,28600,47.6191624,-122.3624675,3.4602074868545984
420,1728407380.718,1,220,0,0,185,0,0,3,476191624,-1223624675,0.0,0.699999988079071,2.111978530883789,0.0,0.0,0.0,0.0,2.111978530883789,0.0,22,28600,47.6191624,-122.3624675,3.4740316321033577
421,1728407381.018,1,220,0,0,185,0,0,3,476191620,-1223624691,0.0,0.699999988079071,2.0699117183685303,0.0,0.0,0.0,0.0,2.0699117183685303,0.0,22,25900,47.619162,-122.3624691,3.4590106841376107
422,1728407381.234,1,220,0,0,185,0,0,3,476191620,-1223624691,0.0,0.699999988079071,2.0699117183685303,0.0,0.0,0.0,0.0,2.0699117183685303,0.0,22,25900,47.619162,-122.3624691,3.4710169574280916
423,1728407381.51,1,220,0,0,185,0,0,3,476191607,-1223624723,0.0,0.699999988079071,2.0341289043426514,0.0,0.0,0.0,0.0,2.0341289043426514,0.0,22,23600,47.6191607,-122.3624723,3.493449694368212
424,1728407381.7459998,1,220,0,0,185,0,0,3,476191607,-1223624723,0.0,0.699999988079071,2.0341289043426514,0.0,0.0,0.0,0.0,2.0341289043426514,0.0,22,23600,47.6191607,-122.3624723,3.510619607908784
425,1728407382.0249999,1,220,0,0,185,0,0,3,476191589,-1223624710,0.0,0.699999988079071,2.0779623985290527,0.0,0.0,0.0,0.0,2.0779623985290527,0.0,22,21300,47.6191589,-122.362471,3.4680076537036055
426,1728407382.297,1,220,0,0,185,0,0,3,476191589,-1223624710,0.0,0.699999988079071,2.0779623985290527,0.0,0.0,0.0,0.0,2.0779623985290527,0.0,22,21300,47.6191589,-122.362471,3.625158470345864
427,1728407382.592,1,220,0,0,185,0,0,3,476191590,-1223624720,0.0,0.699999988079071,2.0920066833496094,0.0,0.0,0.0,0.0,2.0920066833496094,0.0,22,19100,47.619159,-122.362472,3.590019834834252
428,1728407382.8249998,1,220,0,0,185,0,0,3,476191590,-1223624720,0.0,0.699999988079071,2.0920066833496094,0.0,0.0,0.0,0.0,2.0920066833496094,0.0,22,19100,47.619159,-122.362472,3.6324009893894638
429,1728407383.105,1,220,0,0,185,0,0,3,476191592,-1223624735,0.0,0.699999988079071,2.1020450592041016,0.0,0.0,0.0,0.0,2.1020450592041016,0.0,22,16400,47.6191592,-122.3624735,3.62713097957608
430,1728407383.3569999,1,220,0,0,185,0,0,3,476191592,-1223624735,0.0,0.699999988079071,2.1020450592041016,0.0,0.0,0.0,0.0,2.1020450592041016,0.0,22,16400,47.6191592,-122.3624735,3.6357026474301026
431,1728407383.622,1,220,0,0,185,0,0,3,476191586,-1223624717,0.0,0.699999988079071,2.122187614440918,0.0,0.0,0.0,0.0,2.122187614440918,0.0,22,14300,47.6191586,-122.3624717,3.666361187849892
432,1728407383.878,1,220,0,0,185,0,0,3,476191597,-1223624699,0.0,0.699999988079071,2.1395974159240723,0.0,0.0,0.0,0.0,2.1395974159240723,0.0,22,13000,47.6191597,-122.3624699,3.642987243216351
433,1728407384.109,1,220,0,0,185,0,0,3,476191597,-1223624699,0.0,0.699999988079071,2.1395974159240723,0.0,0.0,0.0,0.0,2.1395974159240723,0.0,22,13000,47.6191597,-122.3624699,3.64365104206166
434,1728407384.37,1,220,0,0,185,0,0,3,476191597,-1223624699,0.0,0.699999988079071,2.1395974159240723,0.0,0.0,0.0,0.0,2.1395974159240723,0.0,22,13000,47.6191597,-122.3624699,3.6370248656830646
435,1728407384.6499999,1,220,0,0,185,0,0,3,476191597,-1223624699,0.0,0.699999988079071,2.1395974159240723,0.0,0.0,0.0,0.0,2.1395974159240723,0.0,22,13000,47.6191597,-122.3624699,3.625158627008024
436,1728407385.187,1,220,0,0,185,0,0,3,476191586,-1223624737,0.0,0.699999988079071,2.328751564025879,0.0,0.0,0.0,0.0,2.328751564025879,0.0,22,12200,47.6191586,-122.3624737,3.6536353824671313
437,1728407385.485,1,220,0,0,185,0,0,3,476191594,-1223624716,0.0,0.699999988079071,2.1724350452423096,0.0,0.0,0.0,0.0,2.1724350452423096,0.0,22,12400,47.6191594,-122.3624716,3.660322117289636
438,1728407385.692,1,220,0,0,185,0,0,3,476191594,-1223624716,0.0,0.699999988079071,2.1724350452423096,0.0,0.0,0.0,0.0,2.1724350452423096,0.0,22,12400,47.6191594,-122.3624716,3.651634107534223
439,1728407385.958,1,220,0,0,185,0,0,3,476191601,-1223624730,0.0,0.699999988079071,2.1083824634552,0.0,0.0,0.0,0.0,2.1083824634552,0.0,22,12499,47.6191601,-122.362473,3.6549708379476464
440,1728407386.2189999,1,220,0,0,185,0,0,3,476191601,-1223624730,0.0,0.699999988079071,2.1083824634552,0.0,0.0,0.0,0.0,2.1083824634552,0.0,22,12499,47.6191601,-122.362473,3.66300363741163
441,1728407386.4729998,1,220,0,0,185,0,0,3,476191597,-1223624767,0.0,0.699999988079071,2.10309100151062,0.0,0.0,0.0,0.0,2.10309100151062,0.0,22,12800,47.6191597,-122.3624767,3.6677059641679555
442,1728407386.724,1,220,0,0,185,0,0,3,476191597,-1223624767,0.0,0.699999988079071,2.10309100151062,0.0,0.0,0.0,0.0,2.10309100151062,0.0,22,12800,47.6191597,-122.3624767,3.6476382862595407
443,1728407386.9989998,1,220,0,0,185,0,0,3,476191580,-1223624787,0.0,0.699999988079071,2.1853339672088623,0.0,0.0,0.0,0.0,2.1853339672088623,0.0,22,12900,47.619158,-122.3624787,3.620564854364616
444,1728407387.245,1,220,0,0,185,0,0,3,476191580,-1223624787,0.0,0.699999988079071,2.1853339672088623,0.0,0.0,0.0,0.0,2.1853339672088623,0.0,22,12900,47.619158,-122.3624787,3.63504174123386
445,1728407387.5419998,1,220,0,0,185,0,0,3,476191570,-1223624755,0.0,0.699999988079071,2.2627081871032715,0.0,0.0,0.0,0.0,2.2627081871032715,0.0,23,13000,47.619157,-122.3624755,3.3151002859758343
446,1728407387.771,1,220,0,0,185,0,0,3,476191570,-1223624755,0.0,0.699999988079071,2.2627081871032715,0.0,0.0,0.0,0.0,2.2627081871032715,0.0,23,13000,47.619157,-122.3624755,3.4746352818999493
447,1728407388.056,1,220,0,0,185,0,0,3,476191574,-1223624760,0.0,0.699999988079071,2.2731642723083496,0.0,0.0,0.0,0.0,2.2731642723083496,0.0,23,13100,47.6191574,-122.362476,3.5161744246527493
448,1728407388.3019998,1,220,0,0,185,0,0,3,476191574,-1223624760,0.0,0.699999988079071,2.2731642723083496,0.0,0.0,0.0,0.0,2.2731642723083496,0.0,23,13100,47.6191574,-122.362476,3.4674063043525525
449,1728407388.577,1,220,0,0,185,0,0,3,476191585,-1223624781,0.0,0.699999988079071,2.2797563076019287,0.0,0.0,0.0,0.0,2.2797563076019287,0.0,23,13100,47.6191585,-122.3624781,3.465603936455643
450,1728407388.817,1,220,0,0,185,0,0,3,476191585,-1223624781,0.0,0.699999988079071,2.2797563076019287,0.0,0.0,0.0,0.0,2.2797563076019287,0.0,23,13100,47.6191585,-122.3624781,3.4680076537036055
451,1728407389.0749998,1,220,0,0,185,0,0,3,476191573,-1223624800,0.0,0.699999988079071,2.3222429752349854,0.0,0.0,0.0,0.0,2.3222429752349854,0.0,23,13200,47.6191573,-122.36248,3.472222084248513
452,1728407389.3609998,1,220,0,0,185,0,0,3,476191573,-1223624800,0.0,0.699999988079071,2.3222429752349854,0.0,0.0,0.0,0.0,2.3222429752349854,0.0,23,13200,47.6191573,-122.36248,3.43642615625536
453,1728407389.633,1,220,0,0,185,0,0,3,476191562,-1223624776,0.0,0.699999988079071,2.299421787261963,0.0,0.0,0.0,0.0,2.299421787261963,0.0,23,13200,47.6191562,-122.3624776,3.4843205517022526
454,1728407389.872,1,220,0,0,185,0,0,3,476191562,-1223624776,0.0,0.699999988079071,2.299421787261963,0.0,0.0,0.0,0.0,2.299421787261963,0.0,23,13200,47.6191562,-122.3624776,3.4560221538529485
455,1728407390.6829998,1,220,0,0,185,0,0,3,476191544,-1223624814,0.0,0.699999988079071,2.505396842956543,0.0,0.0,0.0,0.0,2.505396842956543,0.0,23,13100,47.6191544,-122.3624814,3.4861425901857652
456,1728407390.9429998,1,220,0,0,185,0,0,3,476191536,-1223624833,0.0,0.699999988079071,2.2939038276672363,0.0,0.0,0.0,0.0,2.2939038276672363,0.0,23,12400,47.6191536,-122.3624833,3.4554249535108497
457,1728407391.1729999,1,220,0,0,185,0,0,3,476191536,-1223624833,0.0,0.699999988079071,2.2939038276672363,0.0,0.0,0.0,0.0,2.2939038276672363,0.0,23,12400,47.6191536,-122.3624833,3.4584125931844363
458,1728407391.46,1,220,0,0,185,0,0,3,476191528,-1223624814,0.0,0.699999988079071,2.228214979171753,0.0,0.0,0.0,0.0,2.228214979171753,0.0,23,10700,47.6191528,-122.3624814,3.4572168890690915
459,1728407391.7289999,1,220,0,0,185,0,0,3,476191528,-1223624814,0.0,0.699999988079071,2.228214979171753,0.0,0.0,0.0,0.0,2.228214979171753,0.0,23,10700,47.6191528,-122.3624814,3.4806821825183416
460,1728407391.9859998,1,220,0,0,185,0,0,3,476191489,-1223624796,0.0,0.699999988079071,2.173468589782715,0.0,0.0,0.0,0.0,2.173468589782715,0.0,23,8799,47.6191489,-122.3624796,3.453038641056922
461,1728407392.233,1,220,0,0,185,0,0,3,476191489,-1223624796,0.0,0.699999988079071,2.173468589782715,0.0,0.0,0.0,0.0,2.173468589782715,0.0,23,8799,47.6191489,-122.3624796,3.4638031552844026
462,1728407392.544,1,220,0,0,185,0,0,3,476191465,-1223624812,0.0,0.699999988079071,2.134709119796753,0.0,0.0,0.0,0.0,2.134709119796753,0.0,23,6300,47.6191465,-122.3624812,3.472825105298088
463,1728407392.7389998,1,220,0,0,185,0,0,3,476191465,-1223624812,0.0,0.699999988079071,2.134709119796753,0.0,0.0,0.0,0.0,2.134709119796753,0.0,23,6300,47.6191465,-122.3624812,3.4788658458609185
464,1728407393.0319998,1,220,0,0,185,0,0,3,476191447,-1223624828,0.0,0.699999988079071,2.0841410160064697,0.0,0.0,0.0,0.0,2.0841410160064697,0.0,23,4200,47.6191447,-122.3624828,3.1640563898990632
465,1728407393.2789998,1,220,0,0,185,0,0,3,476191447,-1223624828,0.0,0.699999988079071,2.0841410160064697,0.0,0.0,0.0,0.0,2.0841410160064697,0.0,23,4200,47.6191447,-122.3624828,3.4686090682501916
466,1728407393.559,1,220,0,0,185,0,0,3,476191420,-1223624831,0.0,0.699999988079071,2.085921287536621,0.0,0.0,0.0,0.0,2.085921287536621,0.0,23,2199,47.619142,-122.3624831,3.4843205517022526
467,1728407393.839,1,220,0,0,185,0,0,3,476191420,-1223624831,0.0,0.699999988079071,2.085921287536621,0.0,0.0,0.0,0.0,2.085921287536621,0.0,23,2199,47.619142,-122.3624831,3.453038641056922
468,1728407394.087,1,220,0,0,185,0,0,3,476191451,-1223624828,0.0,0.699999988079071,2.0764241218566895,0.0,0.0,0.0,0.0,2.0764241218566895,0.0,23,35700,47.6191451,-122.3624828,3.4873583898584926
469,1728407394.323,1,220,0,0,185,0,0,3,476191451,-1223624828,0.0,0.699999988079071,2.0764241218566895,0.0,0.0,0.0,0.0,2.0764241218566895,0.0,23,35700,47.6191451,-122.3624828,3.493449694368212
470,1728407394.609,1,220,0,0,185,0,0,3,476191474,-1223624849,0.0,0.699999988079071,2.0725531578063965,0.0,0.0,0.0,0.0,2.0725531578063965,0.0,24,33699,47.6191474,-122.3624849,3.474031488230915
471,1728407394.849,1,220,0,0,185,0,0,3,476191474,-1223624849,0.0,0.699999988079071,2.0725531578063965,0.0,0.0,0.0,0.0,2.0725531578063965,0.0,24,33699,47.6191474,-122.3624849,3.4548282440979663
472,1728407395.12,1,220,0,0,185,0,0,3,476191484,-1223624855,0.0,0.699999988079071,2.0677855014801025,0.0,0.0,0.0,0.0,2.0677855014801025,0.0,24,32400,47.6191484,-122.3624855,3.5112358939164587
473,1728407395.382,1,220,0,0,185,0,0,3,476191484,-1223624855,0.0,0.699999988079071,2.0677855014801025,0.0,0.0,0.0,0.0,2.0677855014801025,0.0,24,32400,47.6191484,-122.3624855,3.462603864395306
474,1728407396.1929998,1,220,0,0,185,0,0,3,476191449,-1223624864,0.0,0.699999988079071,2.2777724266052246,0.0,0.0,0.0,0.0,2.2777724266052246,0.0,24,31500,47.6191449,-122.3624864,3.4849276379474134
475,1728407396.449,1,220,0,0,185,0,0,3,476191452,-1223624882,0.0,0.699999988079071,2.117223024368286,0.0,0.0,0.0,0.0,2.117223024368286,0.0,24,30900,47.6191452,-122.3624882,3.472825105298088
476,1728407396.6829998,1,220,0,0,185,0,0,3,476191452,-1223624882,0.0,0.699999988079071,2.117223024368286,0.0,0.0,0.0,0.0,2.117223024368286,0.0,24,30900,47.6191452,-122.3624882,3.4837136769332284
477,1728407396.965,1,220,0,0,185,0,0,3,476191448,-1223624893,0.0,0.699999988079071,2.067244052886963,0.0,0.0,0.0,0.0,2.067244052886963,0.0,24,30400,47.6191448,-122.3624893,3.489183607682469
478,1728407397.195,1,220,0,0,185,0,0,3,476191448,-1223624893,0.0,0.699999988079071,2.067244052886963,0.0,0.0,0.0,0.0,2.067244052886963,0.0,24,30400,47.6191448,-122.3624893,3.494670597011282
479,1728407397.454,1,220,0,0,185,0,0,3,476191457,-1223624870,0.0,0.699999988079071,2.0602896213531494,0.0,0.0,0.0,0.0,2.0602896213531494,0.0,24,29099,47.6191457,-122.362487,3.465603936455643
480,1728407397.743,1,220,0,0,185,0,0,3,476191457,-1223624870,0.0,0.699999988079071,2.0602896213531494,0.0,0.0,0.0,0.0,2.0602896213531494,0.0,24,29099,47.6191457,-122.362487,3.502013678905988
481,1728407398.0219998,1,220,0,0,185,0,0,3,476191454,-1223624878,0.0,0.699999988079071,2.025686025619507,0.0,0.0,0.0,0.0,2.025686025619507,0.0,24,28300,47.6191454,-122.3624878,3.4680076537036055
482,1728407398.24,1,220,0,0,185,0,0,3,476191454,-1223624878,0.0,0.699999988079071,2.025686025619507,0.0,0.0,0.0,0.0,2.025686025619507,0.0,24,28300,47.6191454,-122.3624878,3.4849276379474134
483,1728407398.5149999,1,220,0,0,185,0,0,3,476191449,-1223624895,0.0,0.699999988079071,1.9496558904647827,0.0,0.0,0.0,0.0,1.9496558904647827,0.0,24,28100,47.6191449,-122.3624895,3.1892840523022925
484,1728407398.771,1,220,0,0,185,0,0,3,476191449,-1223624895,0.0,0.699999988079071,1.9496558904647827,0.0,0.0,0.0,0.0,1.9496558904647827,0.0,24,28100,47.6191449,-122.3624895,3.4800765743892312
485,1728407399.0379999,1,220,0,0,185,0,0,3,476191453,-1223624904,0.0,0.699999988079071,1.9350827932357788,0.0,0.0,0.0,0.0,1.9350827932357788,0.0,24,28200,47.6191453,-122.3624904,3.4782608695652173
486,1728407399.3,1,220,0,0,185,0,0,3,476191453,-1223624904,0.0,0.699999988079071,1.9350827932357788,0.0,0.0,0.0,0.0,1.9350827932357788,0.0,24,28200,47.6191453,-122.3624904,3.4674063043525525
487,1728407399.5709999,1,220,0,0,185,0,0,3,476191464,-1223624896,0.0,0.699999988079071,1.9310194253921509,0.0,0.0,0.0,0.0,1.9310194253921509,0.0,24,28300,47.6191464,-122.3624896,3.4782608695652173
488,1728407399.81,1,220,0,0,185,0,0,3,476191464,-1223624896,0.0,0.699999988079071,1.9310194253921509,0.0,0.0,0.0,0.0,1.9310194253921509,0.0,24,28300,47.6191464,-122.3624896,3.4376073790262383
489,1728407400.0939999,1,220,0,0,185,0,0,3,476191480,-1223624902,0.0,0.699999988079071,1.9174528121948242,0.0,0.0,0.0,0.0,1.9174528121948242,0.0,24,28400,47.619148,-122.3624902,3.4500604169220024
490,1728407400.32,1,220,0,0,185,0,0,3,476191480,-1223624902,0.0,0.699999988079071,1.9174528121948242,0.0,0.0,0.0,0.0,1.9174528121948242,0.0,24,28400,47.619148,-122.3624902,3.442340825640675
491,1728407400.616,1,220,0,0,185,0,0,3,476191491,-1223624945,0.0,0.699999988079071,1.8402925729751587,0.0,0.0,0.0,0.0,1.8402925729751587,0.0,24,28500,47.6191491,-122.3624945,3.4584125931844363
492,1728407400.859,1,220,0,0,185,0,0,3,476191491,-1223624945,0.0,0.699999988079071,1.8402925729751587,0.0,0.0,0.0,0.0,1.8402925729751587,0.0,24,28500,47.6191491,-122.3624945,3.434655702769373
493,1728407401.6529999,1,220,0,0,185,0,0,3,476191482,-1223624939,0.0,0.699999988079071,2.022937536239624,0.0,0.0,0.0,0.0,2.022937536239624,0.0,24,27000,47.6191482,-122.3624939,3.4620045303244744
494,1728407401.9399998,1,220,0,0,185,0,0,3,476191472,-1223624953,0.0,0.699999988079071,1.8780206441879272,0.0,0.0,0.0,0.0,1.8780206441879272,0.0,24,25800,47.6191472,-122.3624953,3.437016666151097
495,1728407402.199,1,220,0,0,185,0,0,3,476191472,-1223624953,0.0,0.699999988079071,1.8780206441879272,0.0,0.0,0.0,0.0,1.8780206441879272,0.0,24,25800,47.6191472,-122.3624953,3.4578145664926687
496,1728407402.451,1,220,0,0,185,0,0,3,476191470,-1223625005,0.0,0.699999988079071,1.8525311946868896,0.0,0.0,0.0,0.0,1.8525311946868896,0.0,24,25600,47.619147,-122.3625005,3.4470871841097677
497,1728407402.715,1,220,0,0,185,0,0,3,476191470,-1223625005,0.0,0.699999988079071,1.8525311946868896,0.0,0.0,0.0,0.0,1.8525311946868896,0.0,24,25600,47.619147,-122.3625005,3.4758429230101484
498,1728407403.013,1,220,0,0,185,0,0,3,476191465,-1223625026,0.0,0.699999988079071,1.8925976753234863,0.0,0.0,0.0,0.0,1.8925976753234863,0.0,24,25300,47.6191465,-122.3625026,3.435835849234425
499,1728407403.251,1,220,0,0,185,0,0,3,476191465,-1223625026,0.0,0.699999988079071,1.8925976753234863,0.0,0.0,0.0,0.0,1.8925976753234863,0.0,24,25300,47.6191465,-122.3625026,3.4620045303244744
500,1728407403.553,1,220,0,0,185,0,0,3,476191458,-1223625030,0.0,0.699999988079071,1.9210699796676636,0.0,0.0,0.0,0.0,1.9210699796676636,0.0,24,25300,47.6191458,-122.362503,3.443526118779576
501,1728407403.8049998,1,220,0,0,185,0,0,3,476191458,-1223625030,0.0,0.699999988079071,1.9210699796676636,0.0,0.0,0.0,0.0,1.9210699796676636,0.0,24,25300,47.6191458,-122.362503,3.474635137977503
502,1728407404.063,1,220,0,0,185,0,0,3,476191452,-1223625014,0.0,0.699999988079071,1.9280275106430054,0.0,0.0,0.0,0.0,1.9280275106430054,0.0,24,25100,47.6191452,-122.3625014,3.453038641056922
503,1728407404.2919998,1,220,0,0,185,0,0,3,476191452,-1223625014,0.0,0.699999988079071,1.9280275106430054,0.0,0.0,0.0,0.0,1.9280275106430054,0.0,24,25100,47.6191452,-122.3625014,3.6192544185960625
504,1728407404.59,1,220,0,0,185,0,0,3,476191439,-1223625022,0.0,0.699999988079071,1.9590108394622803,0.0,0.0,0.0,0.0,1.9590108394622803,0.0,24,24899,47.6191439,-122.3625022,3.6291053225183334
505,1728407404.822,1,220,0,0,185,0,0,3,476191439,-1223625022,0.0,0.699999988079071,1.9590108394622803,0.0,0.0,0.0,0.0,1.9590108394622803,0.0,24,24899,47.6191439,-122.3625022,3.638348203808547
506,1728407405.102,1,220,0,0,185,0,0,3,476191436,-1223625033,0.0,0.699999988079071,1.9700701236724854,0.0,0.0,0.0,0.0,1.9700701236724854,0.0,24,24600,47.6191436,-122.3625033,3.6238448643714087
507,1728407405.3249998,1,220,0,0,185,0,0,3,476191436,-1223625033,0.0,0.699999988079071,1.9700701236724854,0.0,0.0,0.0,0.0,1.9700701236724854,0.0,24,24600,47.6191436,-122.3625033,3.6463081827735553
508,1728407405.6309998,1,220,0,0,185,0,0,3,476191446,-1223625044,0.0,0.699999988079071,1.9956016540527344,0.0,0.0,0.0,0.0,1.9956016540527344,0.0,24,24499,47.6191446,-122.3625044,3.6556388521969088
509,1728407405.8709998,1,220,0,0,185,0,0,3,476191446,-1223625044,0.0,0.699999988079071,2.0208253860473633,0.0,0.0,0.0,0.0,2.0208253860473633,0.0,24,24499,47.6191446,-122.3625044,3.639672505282523
510,1728407406.128,1,220,0,0,185,0,0,3,476191447,-1223625047,0.0,0.699999988079071,2.0208253860473633,0.0,0.0,0.0,0.0,2.0208253860473633,0.0,24,24499,47.6191447,-122.3625047,3.6529681001596686
511,1728407406.372,1,220,0,0,185,0,0,3,476191447,-1223625047,0.0,0.699999988079071,2.0208253860473633,0.0,0.0,0.0,0.0,2.0208253860473633,0.0,24,24499,47.6191447,-122.3625047,3.648969043038489
512,1728407406.651,1,220,0,0,185,0,0,3,476191447,-1223625047,0.0,0.699999988079071,2.0208253860473633,0.0,0.0,0.0,0.0,2.0208253860473633,0.0,24,24499,47.6191447,-122.3625047,3.6350418987514006
513,1728407407.179,1,220,0,0,185,0,0,3,476191444,-1223625080,0.0,0.699999988079071,2.105419397354126,0.0,0.0,0.0,0.0,2.105419397354126,0.0,24,24600,47.6191444,-122.362508,3.6192544185960625
514,1728407407.451,1,220,0,0,185,0,0,3,476191444,-1223625080,0.0,0.699999988079071,2.00604510307312,0.0,0.0,0.0,0.0,2.00604510307312,0.0,24,24600,47.6191444,-122.362508,3.644979048972749
515,1728407407.6959999,1,220,0,0,185,0,0,3,476191446,-1223625081,0.0,0.699999988079071,2.00604510307312,0.0,0.0,0.0,0.0,2.00604510307312,0.0,24,24700,47.6191446,-122.3625081,3.633720964231625
516,1728407407.97,1,220,0,0,185,0,0,3,476191450,-1223625093,0.0,0.699999988079071,2.0239546298980713,0.0,0.0,0.0,0.0,2.0239546298980713,0.0,24,24800,47.619145,-122.3625093,3.633720964231625
517,1728407408.1999998,1,220,0,0,185,0,0,3,476191450,-1223625093,0.0,0.699999988079071,2.0239546298980713,0.0,0.0,0.0,0.0,2.0239546298980713,0.0,24,24800,47.619145,-122.3625093,3.6094566935100194
518,1728407408.484,1,220,0,0,185,0,0,3,476191463,-1223625075,0.0,0.699999988079071,2.037893772125244,0.0,0.0,0.0,0.0,2.037893772125244,0.0,24,26100,47.6191463,-122.3625075,3.6516339485754177
519,1728407408.7459998,1,220,0,0,185,0,0,3,476191463,-1223625075,0.0,0.699999988079071,2.037893772125244,0.0,0.0,0.0,0.0,2.037893772125244,0.0,24,26100,47.6191463,-122.3625075,3.631081973179469
520,1728407409.0279999,1,220,0,0,185,0,0,3,476191454,-1223625083,0.0,0.699999988079071,2.0279765129089355,0.0,0.0,0.0,0.0,2.0279765129089355,0.0,24,26700,47.6191454,-122.3625083,3.642323844337459
521,1728407409.286,1,220,0,0,185,0,0,3,476191454,-1223625083,0.0,0.699999988079071,2.0279765129089355,0.0,0.0,0.0,0.0,2.0279765129089355,0.0,24,26700,47.6191454,-122.3625083,3.6284471263747835
522,1728407409.5649998,1,220,0,0,185,0,0,3,476191456,-1223625093,0.0,0.699999988079071,1.98408842086792,0.0,0.0,0.0,0.0,1.98408842086792,0.0,24,28400,47.6191456,-122.3625093,3.03859008627152
523,1728407409.8179998,1,220,0,0,185,0,0,3,476191456,-1223625093,0.0,0.699999988079071,1.98408842086792,0.0,0.0,0.0,0.0,1.98408842086792,0.0,24,28400,47.6191456,-122.3625093,3.161555497690871
524,1728407410.077,1,220,0,0,185,0,0,3,476191478,-1223625092,0.0,0.699999988079071,1.9355368614196777,0.0,0.0,0.0,0.0,1.9355368614196777,0.0,24,30500,47.6191478,-122.3625092,3.163055534523674
525,1728407410.326,1,220,0,0,185,0,0,3,476191478,-1223625092,0.0,0.699999988079071,1.9355368614196777,0.0,0.0,0.0,0.0,1.9355368614196777,0.0,24,30500,47.6191478,-122.3625092,3.1670625207884764
526,1728407410.606,1,220,0,0,185,0,0,3,476191492,-1223625100,0.0,0.699999988079071,1.9293484687805176,0.0,0.0,0.0,0.0,1.9293484687805176,0.0,24,32900,47.6191492,-122.36251,3.1725888824023034
527,1728407410.866,1,220,0,0,185,0,0,3,476191473,-1223625107,0.0,0.699999988079071,1.9289170503616333,0.0,0.0,0.0,0.0,1.9289170503616333,0.0,24,33800,47.6191473,-122.3625107,3.151094944910171
528,1728407411.108,1,220,0,0,185,0,0,3,476191473,-1223625107,0.0,0.699999988079071,1.9289170503616333,0.0,0.0,0.0,0.0,1.9289170503616333,0.0,24,33800,47.6191473,-122.3625107,3.174099409841167
529,1728407411.379,1,220,0,0,185,0,0,3,476191473,-1223625107,0.0,0.699999988079071,1.9100764989852905,0.0,0.0,0.0,0.0,1.9100764989852905,0.0,24,33800,47.6191473,-122.3625107,3.169069823397608
530,1728407411.619,1,220,0,0,185,0,0,3,476191466,-1223625093,0.0,0.699999988079071,1.9100764989852905,0.0,0.0,0.0,0.0,1.9100764989852905,0.0,24,34000,47.6191466,-122.3625093,3.1756112561278362
531,1728407411.8839998,1,220,0,0,185,0,0,3,476191466,-1223625093,0.0,0.699999988079071,1.9100764989852905,0.0,0.0,0.0,0.0,1.9100764989852905,0.0,24,34000,47.6191466,-122.3625093,3.1801559308357876
532,1728407413.233,1,220,0,0,185,0,0,3,476191476,-1223625132,0.0,0.699999988079071,2.0685348510742188,0.0,0.0,0.0,0.0,2.0685348510742188,0.0,24,34200,47.6191476,-122.3625132,3.189792551887505
533,1728407413.5049999,1,220,0,0,185,0,0,3,476191481,-1223625147,0.0,0.699999988079071,1.8858308792114258,0.0,0.0,0.0,0.0,1.8858308792114258,0.0,24,34400,47.6191481,-122.3625147,3.194377815107977
534,1728407413.774,1,220,0,0,185,0,0,3,476191481,-1223625147,0.0,0.699999988079071,1.8858308792114258,0.0,0.0,0.0,0.0,1.8858308792114258,0.0,24,34400,47.6191481,-122.3625147,3.193357809908178
535,1728407414.011,1,220,0,0,185,0,0,3,476191498,-1223625174,0.0,0.699999988079071,1.8224306106567383,0.0,0.0,0.0,0.0,1.8224306106567383,0.0,24,34600,47.6191498,-122.3625174,3.1826862277149384
536,1728407414.274,1,220,0,0,185,0,0,3,476191498,-1223625174,0.0,0.699999988079071,1.8224306106567383,0.0,0.0,0.0,0.0,1.8224306106567383,0.0,24,34600,47.6191498,-122.3625174,3.193357809908178
537,1728407414.547,1,220,0,0,185,0,0,3,476191506,-1223625165,0.0,0.699999988079071,1.8135499954223633,0.0,0.0,0.0,0.0,1.8135499954223633,0.0,24,34700,47.6191506,-122.3625165,3.197953336215146
538,1728407414.7849998,1,220,0,0,185,0,0,3,476191506,-1223625165,0.0,0.699999988079071,1.8135499954223633,0.0,0.0,0.0,0.0,1.8135499954223633,0.0,24,34700,47.6191506,-122.3625165,3.1746031986312504
539,1728407415.057,1,220,0,0,185,0,0,3,476191510,-1223625181,0.0,0.699999988079071,1.8031550645828247,0.0,0.0,0.0,0.0,1.8031550645828247,0.0,24,34700,47.619151,-122.3625181,3.186743136880376
540,1728407415.326,1,220,0,0,185,0,0,3,476191510,-1223625181,0.0,0.699999988079071,1.8031550645828247,0.0,0.0,0.0,0.0,1.8031550645828247,0.0,24,34700,47.619151,-122.3625181,3.174099409841167
541,1728407415.5749998,1,220,0,0,185,0,0,3,476191505,-1223625202,0.0,0.699999988079071,1.767881989479065,0.0,0.0,0.0,0.0,1.767881989479065,0.0,24,34700,47.6191505,-122.3625202,3.0506406371958366
542,1728407415.835,1,220,0,0,185,0,0,3,476191505,-1223625202,0.0,0.699999988079071,1.767881989479065,0.0,0.0,0.0,0.0,1.767881989479065,0.0,24,34700,47.6191505,-122.3625202,3.6596523905051206
543,1728407416.079,1,220,0,0,185,0,0,3,476191511,-1223625167,0.0,0.699999988079071,1.7859482765197754,0.0,0.0,0.0,0.0,1.7859482765197754,0.0,24,34600,47.6191511,-122.3625167,3.667705803806827
544,1728407416.34,1,220,0,0,185,0,0,3,476191511,-1223625167,0.0,0.699999988079071,1.7859482765197754,0.0,0.0,0.0,0.0,1.7859482765197754,0.0,24,34600,47.6191511,-122.3625167,3.673094627218645
545,1728407416.61,1,220,0,0,185,0,0,3,476191519,-1223625179,0.0,0.699999988079071,1.7639789581298828,0.0,0.0,0.0,0.0,1.7639789581298828,0.0,24,34600,47.6191519,-122.3625179,3.654302908602088
546,1728407416.869,1,220,0,0,185,0,0,3,476191519,-1223625179,0.0,0.699999988079071,1.7876328229904175,0.0,0.0,0.0,0.0,1.7876328229904175,0.0,24,34600,47.6191519,-122.3625179,3.6643459513899543
547,1728407417.12,1,220,0,0,185,0,0,3,476191510,-1223625214,0.0,0.699999988079071,1.7876328229904175,0.0,0.0,0.0,0.0,1.7876328229904175,0.0,24,34500,47.619151,-122.3625214,3.654302908602088
548,1728407417.408,1,220,0,0,185,0,0,3,476191510,-1223625214,0.0,0.699999988079071,1.8061909675598145,0.0,0.0,0.0,0.0,1.8061909675598145,0.0,24,34500,47.619151,-122.3625214,3.642323686188188
549,1728407417.655,1,220,0,0,185,0,0,3,476191507,-1223625196,0.0,0.699999988079071,1.8061909675598145,0.0,0.0,0.0,0.0,1.8061909675598145,0.0,24,34500,47.6191507,-122.3625196,3.6536353824671313
550,1728407417.9199998,1,220,0,0,185,0,0,3,476191507,-1223625196,0.0,0.699999988079071,1.8061909675598145,0.0,0.0,0.0,0.0,1.8061909675598145,0.0,24,34500,47.6191507,-122.3625196,3.667033372568504
551,1728407418.4399998,1,220,0,0,185,0,0,3,476191507,-1223625196,0.0,0.699999988079071,1.9826252460479736,0.0,0.0,0.0,0.0,1.9826252460479736,0.0,24,34500,47.6191507,-122.3625196,3.6396723473634096
552,1728407418.698,1,220,0,0,185,0,0,3,476191507,-1223625204,0.0,0.699999988079071,1.9826252460479736,0.0,0.0,0.0,0.0,1.9826252460479736,0.0,24,34500,47.6191507,-122.3625204,3.6456435739476367
553,1728407418.958,1,220,0,0,185,0,0,3,476191486,-1223625245,0.0,0.699999988079071,1.8503715991973877,0.0,0.0,0.0,0.0,1.8503715991973877,0.0,24,34500,47.6191486,-122.3625245,3.6324009893894638
554,1728407419.2189999,1,220,0,0,185,0,0,3,476191486,-1223625245,0.0,0.699999988079071,1.8503715991973877,0.0,0.0,0.0,0.0,1.8503715991973877,0.0,24,34500,47.6191486,-122.3625245,3.6483034639626757
555,1728407419.484,1,220,0,0,185,0,0,3,476191498,-1223625241,0.0,0.699999988079071,1.826690435409546,0.0,0.0,0.0,0.0,1.826690435409546,0.0,24,34500,47.6191498,-122.3625241,3.6523009025292525
556,1728407419.7319999,1,220,0,0,185,0,0,3,476191498,-1223625241,0.0,0.699999988079071,1.826690435409546,0.0,0.0,0.0,0.0,1.826690435409546,0.0,24,34500,47.6191498,-122.3625241,3.6523009025292525
557,1728407420.02,1,220,0,0,185,0,0,3,476191499,-1223625210,0.0,0.699999988079071,1.8824514150619507,0.0,0.0,0.0,0.0,1.8824514150619507,0.0,24,34400,47.6191499,-122.362521,3.6212203500077984
558,1728407420.276,1,220,0,0,185,0,0,3,476191499,-1223625210,0.0,0.699999988079071,1.8824514150619507,0.0,0.0,0.0,0.0,1.8824514150619507,0.0,24,34400,47.6191499,-122.362521,3.6589829087547296
559,1728407420.531,1,220,0,0,185,0,0,3,476191503,-1223625226,0.0,0.699999988079071,1.8249174356460571,0.0,0.0,0.0,0.0,1.8249174356460571,0.0,24,34400,47.6191503,-122.3625226,3.6503012476920196
560,1728407420.78,1,220,0,0,185,0,0,3,476191503,-1223625226,0.0,0.699999988079071,1.8249174356460571,0.0,0.0,0.0,0.0,1.8249174356460571,0.0,24,34400,47.6191503,-122.3625226,3.660992089242827
561,1728407421.07,1,220,0,0,185,0,0,3,476191505,-1223625246,0.0,0.699999988079071,1.7259774208068848,0.0,0.0,0.0,0.0,1.7259774208068848,0.0,24,34300,47.6191505,-122.3625246,3.482500416806986
562,1728407421.3209999,1,220,0,0,185,0,0,3,476191505,-1223625246,0.0,0.699999988079071,1.7259774208068848,0.0,0.0,0.0,0.0,1.7259774208068848,0.0,24,34300,47.6191505,-122.3625246,3.4632035489896524
563,1728407421.585,1,220,0,0,185,0,0,3,476191498,-1223625251,0.0,0.699999988079071,1.725311040878296,0.0,0.0,0.0,0.0,1.725311040878296,0.0,24,34300,47.6191498,-122.3625251,3.4674064476767725
564,1728407421.822,1,220,0,0,185,0,0,3,476191498,-1223625251,0.0,0.699999988079071,1.725311040878296,0.0,0.0,0.0,0.0,1.725311040878296,0.0,24,34300,47.6191498,-122.3625251,3.466204517523848
565,1728407422.086,1,220,0,0,185,0,0,3,476191498,-1223625243,0.0,0.699999988079071,1.7283351421356201,0.0,0.0,0.0,0.0,1.7283351421356201,0.0,24,34400,47.6191498,-122.3625243,3.4680076537036055
566,1728407422.345,1,220,0,0,185,0,0,3,476191498,-1223625243,0.0,0.699999988079071,1.7283351421356201,0.0,0.0,0.0,0.0,1.7283351421356201,0.0,24,34400,47.6191498,-122.3625243,3.4518466493713755
567,1728407422.643,1,220,0,0,185,0,0,3,476191500,-1223625265,0.0,0.699999988079071,1.6874566078186035,0.0,0.0,0.0,0.0,1.6874566078186035,0.0,24,34999,47.61915,-122.3625265,3.4806821825183416
568,1728407422.8739998,1,220,0,0,185,0,0,3,476191500,-1223625265,0.0,0.699999988079071,1.6874566078186035,0.0,0.0,0.0,0.0,1.6874566078186035,0.0,24,34999,47.61915,-122.3625265,3.463803298310907
569,1728407423.1339998,1,220,0,0,185,0,0,3,476191508,-1223625278,0.0,0.699999988079071,1.6163188219070435,0.0,0.0,0.0,0.0,1.6163188219070435,0.0,24,35500,47.6191508,-122.3625278,3.4764470584149554
570,1728407423.383,1,220,0,0,185,0,0,3,476191508,-1223625278,0.0,0.699999988079071,1.6163188219070435,0.0,0.0,0.0,0.0,1.6163188219070435,0.0,24,35500,47.6191508,-122.3625278,3.4500604169220024
571,1728407424.1829998,1,220,0,0,185,0,0,3,476191499,-1223625253,0.0,0.699999988079071,1.8448872566223145,0.0,0.0,0.0,0.0,1.8448872566223145,0.0,24,35899,47.6191499,-122.3625253,3.4897923898752437
572,1728407424.4729998,1,220,0,0,185,0,0,3,476191496,-1223625275,0.0,0.699999988079071,1.677437424659729,0.0,0.0,0.0,0.0,1.677437424659729,0.0,24,35899,47.6191496,-122.3625275,3.4758429230101484
573,1728407424.7259998,1,220,0,0,185,0,0,3,476191496,-1223625275,0.0,0.699999988079071,1.677437424659729,0.0,0.0,0.0,0.0,1.677437424659729,0.0,24,35899,47.6191496,-122.3625275,3.4800765743892312
574,1728407424.9889998,1,220,0,0,185,0,0,3,476191484,-1223625297,0.0,0.699999988079071,1.6359198093414307,0.0,0.0,0.0,0.0,1.6359198093414307,0.0,23,35899,47.6191484,-122.3625297,3.466204517523848
575,1728407425.251,1,220,0,0,185,0,0,3,476191484,-1223625297,0.0,0.699999988079071,1.6359198093414307,0.0,0.0,0.0,0.0,1.6359198093414307,0.0,23,35899,47.6191484,-122.3625297,3.4536350167609378
576,1728407425.526,1,220,0,0,185,0,0,3,476191494,-1223625314,0.0,0.699999988079071,1.6095861196517944,0.0,0.0,0.0,0.0,1.6095861196517944,0.0,23,35800,47.6191494,-122.3625314,3.4578147090250417
577,1728407425.766,1,220,0,0,185,0,0,3,476191494,-1223625314,0.0,0.699999988079071,1.6095861196517944,0.0,0.0,0.0,0.0,1.6095861196517944,0.0,23,35800,47.6191494,-122.3625314,3.463803298310907
578,1728407426.05,1,220,0,0,185,0,0,3,476191496,-1223625313,0.0,0.699999988079071,1.6696147918701172,0.0,0.0,0.0,0.0,1.6696147918701172,0.0,23,35600,47.6191496,-122.3625313,3.4590106841376107
579,1728407426.284,1,220,0,0,185,0,0,3,476191496,-1223625313,0.0,0.699999988079071,1.6696147918701172,0.0,0.0,0.0,0.0,1.6696147918701172,0.0,23,35600,47.6191496,-122.3625313,3.4506556222975835
580,1728407426.577,1,220,0,0,185,0,0,3,476191504,-1223625313,0.0,0.699999988079071,1.623243808746338,0.0,0.0,0.0,0.0,1.623243808746338,0.0,23,35400,47.6191504,-122.3625313,3.2813781634321604
581,1728407426.8009999,1,220,0,0,185,0,0,3,476191504,-1223625313,0.0,0.699999988079071,1.623243808746338,0.0,0.0,0.0,0.0,1.623243808746338,0.0,23,35400,47.6191504,-122.3625313,3.6010081920432846
582,1728407427.0749998,1,220,0,0,185,0,0,3,476191502,-1223625316,0.0,0.699999988079071,1.6301872730255127,0.0,0.0,0.0,0.0,1.6301872730255127,0.0,23,35300,47.6191502,-122.3625316,3.611411992462908
583,1728407427.332,1,220,0,0,185,0,0,3,476191502,-1223625316,0.0,0.699999988079071,1.6301872730255127,0.0,0.0,0.0,0.0,1.6301872730255127,0.0,23,35300,47.6191502,-122.3625316,3.6218760830461725
584,1728407427.592,1,220,0,0,185,0,0,3,476191487,-1223625304,0.0,0.699999988079071,1.6532220840454102,0.0,0.0,0.0,0.0,1.6532220840454102,0.0,23,35200,47.6191487,-122.3625304,3.608805449365887
585,1728407427.8769999,1,220,0,0,185,0,0,3,476191487,-1223625304,0.0,0.699999988079071,1.6532220840454102,0.0,0.0,0.0,0.0,1.6532220840454102,0.0,23,35200,47.6191487,-122.3625304,3.6238448643714087
586,1728407428.129,1,220,0,0,185,0,0,3,476191468,-1223625300,0.0,0.699999988079071,1.6475423574447632,0.0,0.0,0.0,0.0,1.6475423574447632,0.0,23,35100,47.6191468,-122.36253,3.620564854364616
587,1728407428.4169998,1,220,0,0,185,0,0,3,476191468,-1223625300,0.0,0.699999988079071,1.611053705215454,0.0,0.0,0.0,0.0,1.611053705215454,0.0,23,35100,47.6191468,-122.36253,3.612716909881477
588,1728407428.656,1,220,0,0,185,0,0,3,476191486,-1223625293,0.0,0.699999988079071,1.611053705215454,0.0,0.0,0.0,0.0,1.611053705215454,0.0,23,35100,47.6191486,-122.3625293,3.6192544185960625
589,1728407428.9299998,1,220,0,0,185,0,0,3,476191486,-1223625293,0.0,0.699999988079071,1.611053705215454,0.0,0.0,0.0,0.0,1.611053705215454,0.0,23,35100,47.6191486,-122.3625293,3.603603634564543
590,1728407429.478,1,220,0,0,185,0,0,3,476191486,-1223625293,0.0,0.699999988079071,1.7336584329605103,0.0,0.0,0.0,0.0,1.7336584329605103,0.0,23,35100,47.6191486,-122.3625293,3.6172906206028235
591,1728407429.737,1,220,0,0,185,0,0,3,476191484,-1223625315,0.0,0.699999988079071,1.7336584329605103,0.0,0.0,0.0,0.0,1.7336584329605103,0.0,23,35200,47.6191484,-122.3625315,3.602305445803232
592,1728407430.011,1,220,0,0,185,0,0,3,476191476,-1223625335,0.0,0.699999988079071,1.6262625455856323,0.0,0.0,0.0,0.0,1.6262625455856323,0.0,23,35200,47.6191476,-122.3625335,3.6159825535021453
593,1728407430.248,1,220,0,0,185,0,0,3,476191476,-1223625335,0.0,0.699999988079071,1.6262625455856323,0.0,0.0,0.0,0.0,1.6262625455856323,0.0,23,35200,47.6191476,-122.3625335,3.6231884183164556
594,1728407430.531,1,220,0,0,185,0,0,3,476191483,-1223625372,0.0,0.699999988079071,1.5517253875732422,0.0,0.0,0.0,0.0,1.5517253875732422,0.0,23,35200,47.6191483,-122.3625372,3.609456848818006
595,1728407430.77,1,220,0,0,185,0,0,3,476191483,-1223625372,0.0,0.699999988079071,1.5517253875732422,0.0,0.0,0.0,0.0,1.5517253875732422,0.0,23,35200,47.6191483,-122.3625372,3.6127167542928156
596,1728407431.05,1,220,0,0,185,0,0,3,476191498,-1223625349,0.0,0.699999988079071,1.559712529182434,0.0,0.0,0.0,0.0,1.559712529182434,0.0,23,35200,47.6191498,-122.3625349,3.639672505282523
597,1728407431.3019998,1,220,0,0,185,0,0,3,476191498,-1223625349,0.0,0.699999988079071,1.559712529182434,0.0,0.0,0.0,0.0,1.559712529182434,0.0,23,35200,47.6191498,-122.3625349,3.631081973179469
598,1728407431.576,1,220,0,0,185,0,0,3,476191502,-1223625344,0.0,0.699999988079071,1.549183964729309,0.0,0.0,0.0,0.0,1.549183964729309,0.0,23,35200,47.6191502,-122.3625344,3.6225322100439645
599,1728407431.8339999,1,220,0,0,185,0,0,3,476191502,-1223625344,0.0,0.699999988079071,1.549183964729309,0.0,0.0,0.0,0.0,1.549183964729309,0.0,23,35200,47.6191502,-122.3625344,3.638348203808547
600,1728407432.106,1,220,0,0,185,0,0,3,476191507,-1223625311,0.0,0.699999988079071,1.5868474245071411,0.0,0.0,0.0,0.0,1.5868474245071411,0.0,23,35200,47.6191507,-122.3625311,3.4794711769644513
601,1728407432.353,1,220,0,0,185,0,0,3,476191507,-1223625311,0.0,0.699999988079071,1.5868474245071411,0.0,0.0,0.0,0.0,1.5868474245071411,0.0,23,35200,47.6191507,-122.3625311,3.481894175854125
602,1728407432.606,1,220,0,0,185,0,0,3,476191522,-1223625322,0.0,0.699999988079071,1.545252799987793,0.0,0.0,0.0,0.0,1.545252799987793,0.0,23,35200,47.6191522,-122.3625322,3.4922297898831673
603,1728407432.852,1,220,0,0,185,0,0,3,476191522,-1223625322,0.0,0.699999988079071,1.545252799987793,0.0,0.0,0.0,0.0,1.545252799987793,0.0,23,35200,47.6191522,-122.3625322,3.4722222279711272
604,1728407433.133,1,220,0,0,185,0,0,3,476191521,-1223625341,0.0,0.699999988079071,1.539150357246399,0.0,0.0,0.0,0.0,1.539150357246399,0.0,23,35200,47.6191521,-122.3625341,3.487966535245389
605,1728407433.4129999,1,220,0,0,185,0,0,3,476191520,-1223625316,0.0,0.699999988079071,1.5883997678756714,0.0,0.0,0.0,0.0,1.5883997678756714,0.0,23,35200,47.619152,-122.3625316,3.461405403692426
606,1728407433.6239998,1,220,0,0,185,0,0,3,476191520,-1223625316,0.0,0.699999988079071,1.5883997678756714,0.0,0.0,0.0,0.0,1.5883997678756714,0.0,23,35200,47.619152,-122.3625316,3.4716195599250685
607,1728407433.925,1,220,0,0,185,0,0,3,476191523,-1223625301,0.0,0.699999988079071,1.5801979303359985,0.0,0.0,0.0,0.0,1.5801979303359985,0.0,23,35400,47.6191523,-122.3625301,3.469210691425033
608,1728407434.1769998,1,220,0,0,185,0,0,3,476191523,-1223625301,0.0,0.699999988079071,1.5801979303359985,0.0,0.0,0.0,0.0,1.5801979303359985,0.0,23,35400,47.6191523,-122.3625301,3.4989504118122143
609,1728407434.4269998,1,220,0,0,185,0,0,3,476191523,-1223625301,0.0,0.699999988079071,1.5801979303359985,0.0,0.0,0.0,0.0,1.5801979303359985,0.0,23,35400,47.6191523,-122.3625301,3.4910105917941063
610,1728407435.2259998,1,220,0,0,185,0,0,3,476191511,-1223625333,0.0,0.699999988079071,1.6429862976074219,0.0,0.0,0.0,0.0,1.6429862976074219,0.0,23,35600,47.6191511,-122.3625333,3.494060111805152
611,1728407435.481,1,220,0,0,185,0,0,3,476191522,-1223625370,0.0,0.699999988079071,1.4896652698516846,0.0,0.0,0.0,0.0,1.4896652698516846,0.0,23,35600,47.6191522,-122.362537,3.4758429230101484
612,1728407435.738,1,220,0,0,185,0,0,3,476191522,-1223625370,0.0,0.699999988079071,1.4896652698516846,0.0,0.0,0.0,0.0,1.4896652698516846,0.0,23,35600,47.6191522,-122.362537,3.4800765743892312
613,1728407436.008,1,220,0,0,185,0,0,3,476191512,-1223625355,0.0,0.699999988079071,1.5185948610305786,0.0,0.0,0.0,0.0,1.5185948610305786,0.0,23,35700,47.6191512,-122.3625355,2.306273080991606
614,1728407436.2649999,1,220,0,0,185,0,0,3,476191512,-1223625355,0.0,0.699999988079071,1.5185948610305786,0.0,0.0,0.0,0.0,1.5185948610305786,0.0,23,35700,47.6191512,-122.3625355,2.3145469187537304
615,1728407436.5479999,1,220,0,0,185,0,0,3,476191497,-1223625365,0.0,0.699999988079071,1.4904619455337524,0.0,0.0,0.0,0.0,1.4904619455337524,0.0,23,35700,47.6191497,-122.3625365,2.315618826637204
616,1728407436.8109999,1,220,0,0,185,0,0,3,476191497,-1223625365,0.0,0.699999988079071,1.4904619455337524,0.0,0.0,0.0,0.0,1.4904619455337524,0.0,23,35700,47.6191497,-122.3625365,2.305209742668972
617,1728407437.067,1,220,0,0,185,0,0,3,476191501,-1223625362,0.0,0.699999988079071,1.478723406791687,0.0,0.0,0.0,0.0,1.478723406791687,0.0,23,35700,47.6191501,-122.3625362,2.3150827805650467
618,1728407437.2919998,1,220,0,0,185,0,0,3,476191501,-1223625362,0.0,0.699999988079071,1.478723406791687,0.0,0.0,0.0,0.0,1.478723406791687,0.0,23,35700,47.6191501,-122.3625362,2.3169600924816587
619,1728407437.563,1,220,0,0,185,0,0,3,476191509,-1223625366,0.0,0.699999988079071,1.4680078029632568,0.0,0.0,0.0,0.0,1.4680078029632568,0.0,23,35899,47.6191509,-122.3625366,2.3166917278199404
620,1728407437.83,1,220,0,0,185,0,0,3,476191509,-1223625366,0.0,0.699999988079071,1.4680078029632568,0.0,0.0,0.0,0.0,1.4680078029632568,0.0,23,35899,47.6191509,-122.3625366,2.4755539063551786
621,1728407438.1069999,1,220,0,0,185,0,0,3,476191505,-1223625372,0.0,0.699999988079071,1.4628809690475464,0.0,0.0,0.0,0.0,1.4628809690475464,0.0,23,36000,47.6191505,-122.3625372,2.468221668962435
622,1728407438.353,1,220,0,0,185,0,0,3,476191505,-1223625372,0.0,0.699999988079071,1.4628809690475464,0.0,0.0,0.0,0.0,1.4628809690475464,0.0,23,36000,47.6191505,-122.3625372,2.4673081830457035
623,1728407441.524,1,220,0,0,185,0,0,3,476191468,-1223625431,0.0,0.699999988079071,1.5111922025680542,0.0,0.0,0.0,0.0,1.5111922025680542,0.0,22,35899,47.6191468,-122.3625431,2.4660912047769794
624,1728407441.774,1,220,0,0,185,0,0,3,476191468,-1223625431,0.0,0.699999988079071,1.5111922025680542,0.0,0.0,0.0,0.0,1.5111922025680542,0.0,22,35899,47.6191468,-122.3625431,2.4597220387142977
625,1728407442.05,1,220,0,0,185,0,0,3,476191464,-1223625436,0.0,0.699999988079071,1.4841171503067017,0.0,0.0,0.0,0.0,1.4841171503067017,0.0,22,35800,47.6191464,-122.3625436,2.473410844041284
626,1728407442.3,1,220,0,0,185,0,0,3,476191464,-1223625436,0.0,0.699999988079071,1.4841171503067017,0.0,0.0,0.0,0.0,1.4841171503067017,0.0,22,35800,47.6191464,-122.3625436,2.4691357588626293
627,1728407442.564,1,220,0,0,185,0,0,3,476191463,-1223625427,0.0,0.699999988079071,1.474543809890747,0.0,0.0,0.0,0.0,1.474543809890747,0.0,22,35700,47.6191463,-122.3625427,2.4582104475924984
628,1728407442.809,1,220,0,0,185,0,0,3,476191463,-1223625427,0.0,0.699999988079071,1.474543809890747,0.0,0.0,0.0,0.0,1.474543809890747,0.0,22,35700,47.6191463,-122.3625427,2.456700641240838
629,1728407443.06,1,220,0,0,185,0,0,3,476191481,-1223625431,0.0,0.699999988079071,1.4449269771575928,0.0,0.0,0.0,0.0,1.4449269771575928,0.0,22,35800,47.6191481,-122.3625431,2.3806689614939662
630,1728407443.3049998,1,220,0,0,185,0,0,3,476191481,-1223625431,0.0,0.699999988079071,1.4449269771575928,0.0,0.0,0.0,0.0,1.4449269771575928,0.0,22,35800,47.6191481,-122.3625431,2.377555889274806
631,1728407443.5839999,1,220,0,0,185,0,0,3,476191479,-1223625422,0.0,0.699999988079071,1.4593920707702637,0.0,0.0,0.0,0.0,1.4593920707702637,0.0,22,35800,47.6191479,-122.3625422,2.3803856365205736
632,1728407443.8439999,1,220,0,0,185,0,0,3,476191479,-1223625422,0.0,0.699999988079071,1.4593920707702637,0.0,0.0,0.0,0.0,1.4593920707702637,0.0,22,35800,47.6191479,-122.3625422,2.3812358814202095
633,1728407444.118,1,220,0,0,185,0,0,3,476191476,-1223625429,0.0,0.699999988079071,1.4516409635543823,0.0,0.0,0.0,0.0,1.4516409635543823,0.0,22,35600,47.6191476,-122.3625429,3.6324009893894638
634,1728407444.396,1,220,0,0,185,0,0,3,476191476,-1223625429,0.0,0.699999988079071,1.3981757164001465,0.0,0.0,0.0,0.0,1.3981757164001465,0.0,22,35600,47.6191476,-122.3625429,3.631082130354019
635,1728407444.6339998,1,220,0,0,185,0,0,3,476191477,-1223625465,0.0,0.699999988079071,1.3981757164001465,0.0,0.0,0.0,0.0,1.3981757164001465,0.0,22,35100,47.6191477,-122.3625465,3.6343812327362617
636,1728407444.911,1,220,0,0,185,0,0,3,476191481,-1223625483,0.0,0.699999988079071,1.391371250152588,0.0,0.0,0.0,0.0,1.391371250152588,0.0,22,34800,47.6191481,-122.3625483,3.633060935589173
637,1728407445.2029998,1,220,0,0,185,0,0,3,476191481,-1223625483,0.0,0.699999988079071,1.391371250152588,0.0,0.0,0.0,0.0,1.391371250152588,0.0,22,34800,47.6191481,-122.3625483,3.6284469694282677
638,1728407445.4329998,1,220,0,0,185,0,0,3,476191481,-1223625483,0.0,0.699999988079071,1.391371250152588,0.0,0.0,0.0,0.0,1.391371250152588,0.0,22,34800,47.6191481,-122.3625483,3.631082130354019
639,1728407445.964,1,220,0,0,185,0,0,3,476191481,-1223625483,0.0,0.699999988079071,1.4918233156204224,0.0,0.0,0.0,0.0,1.4918233156204224,0.0,22,34999,47.6191481,-122.3625483,3.6146755878506753
640,1728407446.2419999,1,220,0,0,185,0,0,3,476191478,-1223625471,0.0,0.699999988079071,1.4918233156204224,0.0,0.0,0.0,0.0,1.4918233156204224,0.0,22,35100,47.6191478,-122.3625471,3.6062026661095254
641,1728407446.5089998,1,220,0,0,185,0,0,3,476191472,-1223625487,0.0,0.699999988079071,1.3765640258789062,0.0,0.0,0.0,0.0,1.3765640258789062,0.0,22,35200,47.6191472,-122.3625487,3.6245015483380914
642,1728407446.7519999,1,220,0,0,185,0,0,3,476191472,-1223625487,0.0,0.699999988079071,1.3765640258789062,0.0,0.0,0.0,0.0,1.3765640258789062,0.0,22,35200,47.6191472,-122.3625487,3.608805449365887
643,1728407447.03,1,220,0,0,185,0,0,3,476191483,-1223625478,0.0,0.699999988079071,1.360826849937439,0.0,0.0,0.0,0.0,1.360826849937439,0.0,22,35500,47.6191483,-122.3625478,3.6350418987514006
644,1728407447.2819998,1,220,0,0,185,0,0,3,476191483,-1223625478,0.0,0.699999988079071,1.360826849937439,0.0,0.0,0.0,0.0,1.360826849937439,0.0,22,35500,47.6191483,-122.3625478,3.6376864932663664
645,1728407447.553,1,220,0,0,185,0,0,3,476191478,-1223625481,0.0,0.699999988079071,1.3444980382919312,0.0,0.0,0.0,0.0,1.3444980382919312,0.0,22,35700,47.6191478,-122.3625481,3.631081973179469
646,1728407447.8049998,1,220,0,0,185,0,0,3,476191478,-1223625481,0.0,0.699999988079071,1.3444980382919312,0.0,0.0,0.0,0.0,1.3444980382919312,0.0,22,35700,47.6191478,-122.3625481,3.6212203500077984
647,1728407448.076,1,220,0,0,185,0,0,3,476191480,-1223625457,0.0,0.699999988079071,1.3485453128814697,0.0,0.0,0.0,0.0,1.3485453128814697,0.0,22,35800,47.619148,-122.3625457,3.650301088849234
648,1728407448.317,1,220,0,0,185,0,0,3,476191480,-1223625457,0.0,0.699999988079071,1.3485453128814697,0.0,0.0,0.0,0.0,1.3485453128814697,0.0,22,35800,47.619148,-122.3625457,3.6343812327362617
649,1728407448.593,1,220,0,0,185,0,0,3,476191481,-1223625473,0.0,0.699999988079071,1.313349723815918,0.0,0.0,0.0,0.0,1.313349723815918,0.0,22,35800,47.6191481,-122.3625473,3.4710171010509576
650,1728407448.8509998,1,220,0,0,185,0,0,3,476191481,-1223625473,0.0,0.699999988079071,1.3130097389221191,0.0,0.0,0.0,0.0,1.3130097389221191,0.0,22,35800,47.6191481,-122.3625473,3.481894175854125
651,1728407449.102,1,220,0,0,185,0,0,3,476191480,-1223625498,0.0,0.699999988079071,1.3130097389221191,0.0,0.0,0.0,0.0,1.3130097389221191,0.0,22,35700,47.619148,-122.3625498,3.511852396338996
652,1728407449.386,1,220,0,0,185,0,0,3,476191480,-1223625498,0.0,0.699999988079071,1.3394297361373901,0.0,0.0,0.0,0.0,1.3394297361373901,0.0,22,35700,47.619148,-122.3625498,3.4831068689047453
653,1728407449.62,1,220,0,0,185,0,0,3,476191482,-1223625485,0.0,0.699999988079071,1.3394297361373901,0.0,0.0,0.0,0.0,1.3394297361373901,0.0,22,35600,47.6191482,-122.3625485,3.4983382846440088
654,1728407449.8939998,1,220,0,0,185,0,0,3,476191479,-1223625457,0.0,0.699999988079071,1.3889176845550537,0.0,0.0,0.0,0.0,1.3889176845550537,0.0,22,35600,47.6191479,-122.3625457,3.489183462552291
655,1728407450.142,1,220,0,0,185,0,0,3,476191479,-1223625457,0.0,0.699999988079071,1.3889176845550537,0.0,0.0,0.0,0.0,1.3889176845550537,0.0,22,35600,47.6191479,-122.3625457,3.499562607238822
656,1728407450.434,1,220,0,0,185,0,0,3,476191480,-1223625444,0.0,0.699999988079071,1.4048278331756592,0.0,0.0,0.0,0.0,1.4048278331756592,0.0,22,35600,47.619148,-122.3625444,3.4922297898831673
657,1728407450.682,1,220,0,0,185,0,0,3,476191480,-1223625444,0.0,0.699999988079071,1.4048278331756592,0.0,0.0,0.0,0.0,1.4048278331756592,0.0,22,35600,47.619148,-122.3625444,3.493449839853509
658,1728407450.9359999,1,220,0,0,185,0,0,3,476191480,-1223625444,0.0,0.699999988079071,1.4048278331756592,0.0,0.0,0.0,0.0,1.4048278331756592,0.0,22,35600,47.619148,-122.3625444,3.474635137977503
659,1728407451.7259998,1,220,0,0,185,0,0,3,476191513,-1223625484,0.0,0.699999988079071,1.419384241104126,0.0,0.0,0.0,0.0,1.419384241104126,0.0,22,35300,47.6191513,-122.3625484,3.5001750169290125
660,1728407451.9859998,1,220,0,0,185,0,0,3,476191518,-1223625457,0.0,0.699999988079071,1.4000805616378784,0.0,0.0,0.0,0.0,1.4000805616378784,0.0,22,35200,47.6191518,-122.3625457,3.4794710326411122
661,1728407452.204,1,220,0,0,185,0,0,3,476191518,-1223625457,0.0,0.699999988079071,1.4000805616378784,0.0,0.0,0.0,0.0,1.4000805616378784,0.0,22,35200,47.6191518,-122.3625457,3.4861425901857652
662,1728407452.494,1,220,0,0,185,0,0,3,476191518,-1223625437,0.0,0.699999988079071,1.3998228311538696,0.0,0.0,0.0,0.0,1.3998228311538696,0.0,22,34999,47.6191518,-122.3625437,3.4843205517022526
663,1728407452.747,1,220,0,0,185,0,0,3,476191518,-1223625437,0.0,0.699999988079071,1.3998228311538696,0.0,0.0,0.0,0.0,1.3998228311538696,0.0,22,34999,47.6191518,-122.3625437,3.4578147090250417
664,1728407453.014,1,220,0,0,185,0,0,3,476191518,-1223625429,0.0,0.699999988079071,1.3740050792694092,0.0,0.0,0.0,0.0,1.3740050792694092,0.0,22,34900,47.6191518,-122.3625429,3.489792244694417
665,1728407453.268,1,220,0,0,185,0,0,3,476191518,-1223625429,0.0,0.699999988079071,1.3740050792694092,0.0,0.0,0.0,0.0,1.3740050792694092,0.0,22,34900,47.6191518,-122.3625429,3.47342833583746
666,1728407453.5319998,1,220,0,0,185,0,0,3,476191521,-1223625423,0.0,0.699999988079071,1.3714345693588257,0.0,0.0,0.0,0.0,1.3714345693588257,0.0,22,34500,47.6191521,-122.3625423,3.4983382846440088
667,1728407453.8009999,1,220,0,0,185,0,0,3,476191521,-1223625423,0.0,0.699999988079071,1.3714345693588257,0.0,0.0,0.0,0.0,1.3714345693588257,0.0,22,34500,47.6191521,-122.3625423,3.491620157075723
668,1728407454.073,1,220,0,0,185,0,0,3,476191519,-1223625417,0.0,0.699999988079071,1.395231008529663,0.0,0.0,0.0,0.0,1.395231008529663,0.0,22,34099,47.6191519,-122.3625417,3.1746031986312504
669,1728407454.307,1,220,0,0,185,0,0,3,476191519,-1223625417,0.0,0.699999988079071,1.395231008529663,0.0,0.0,0.0,0.0,1.395231008529663,0.0,22,34099,47.6191519,-122.3625417,3.477655959471413
670,1728407454.599,1,220,0,0,185,0,0,3,476191510,-1223625382,0.0,0.699999988079071,1.4244170188903809,0.0,0.0,0.0,0.0,1.4244170188903809,0.0,22,33900,47.619151,-122.3625382,3.4879663902164393
671,1728407454.839,1,220,0,0,185,0,0,3,476191510,-1223625382,0.0,0.699999988079071,1.4244170188903809,0.0,0.0,0.0,0.0,1.4244170188903809,0.0,22,33900,47.619151,-122.3625382,3.4500604169220024
672,1728407455.126,1,220,0,0,185,0,0,3,476191505,-1223625379,0.0,0.699999988079071,1.4018199443817139,0.0,0.0,0.0,0.0,1.4018199443817139,0.0,22,33800,47.6191505,-122.3625379,3.4812881459359115
673,1728407455.4039998,1,220,0,0,185,0,0,3,476191505,-1223625379,0.0,0.699999988079071,1.3925971984863281,0.0,0.0,0.0,0.0,1.3925971984863281,0.0,22,33800,47.6191505,-122.3625379,3.460207629584314
674,1728407455.625,1,220,0,0,185,0,0,3,476191503,-1223625378,0.0,0.699999988079071,1.3925971984863281,0.0,0.0,0.0,0.0,1.3925971984863281,0.0,22,33800,47.6191503,-122.3625378,3.466204517523848
675,1728407455.8999999,1,220,0,0,185,0,0,3,476191506,-1223625392,0.0,0.699999988079071,1.373818039894104,0.0,0.0,0.0,0.0,1.373818039894104,0.0,22,33800,47.6191506,-122.3625392,3.4650034203482654
676,1728407456.151,1,220,0,0,185,0,0,3,476191506,-1223625392,0.0,0.699999988079071,1.373818039894104,0.0,0.0,0.0,0.0,1.373818039894104,0.0,22,33800,47.6191506,-122.3625392,3.472825105298088
677,1728407456.4099998,1,220,0,0,185,0,0,3,476191506,-1223625392,0.0,0.699999988079071,1.373818039894104,0.0,0.0,0.0,0.0,1.373818039894104,0.0,22,33800,47.6191506,-122.3625392,3.4740316321033577
678,1728407457.2359998,1,220,0,0,185,0,0,3,476191494,-1223625368,0.0,0.699999988079071,1.54236900806427,0.0,0.0,0.0,0.0,1.54236900806427,0.0,22,33699,47.6191494,-122.3625368,3.4897923898752437
679,1728407457.477,1,220,0,0,185,0,0,3,476191491,-1223625361,0.0,0.699999988079071,1.4547830820083618,0.0,0.0,0.0,0.0,1.4547830820083618,0.0,22,33699,47.6191491,-122.3625361,3.4680076537036055
680,1728407457.72,1,220,0,0,185,0,0,3,476191491,-1223625361,0.0,0.699999988079071,1.4547830820083618,0.0,0.0,0.0,0.0,1.4547830820083618,0.0,22,33699,47.6191491,-122.3625361,3.488574892772981
681,1728407458.001,1,220,0,0,185,0,0,3,476191491,-1223625356,0.0,0.699999988079071,1.437005877494812,0.0,0.0,0.0,0.0,1.437005877494812,0.0,22,33600,47.6191491,-122.3625356,3.469210834898459
682,1728407458.2389998,1,220,0,0,185,0,0,3,476191491,-1223625356,0.0,0.699999988079071,1.437005877494812,0.0,0.0,0.0,0.0,1.437005877494812,0.0,22,33600,47.6191491,-122.3625356,3.4782608695652173
683,1728407458.527,1,220,0,0,185,0,0,3,476191481,-1223625348,0.0,0.699999988079071,1.4744234085083008,0.0,0.0,0.0,0.0,1.4744234085083008,0.0,22,33300,47.6191481,-122.3625348,3.4782608695652173
684,1728407458.784,1,220,0,0,185,0,0,3,476191481,-1223625348,0.0,0.699999988079071,1.4744234085083008,0.0,0.0,0.0,0.0,1.4744234085083008,0.0,22,33300,47.6191481,-122.3625348,3.4530387831958365
685,1728407459.04,1,220,0,0,185,0,0,3,476191488,-1223625304,0.0,0.699999988079071,1.5237475633621216,0.0,0.0,0.0,0.0,1.5237475633621216,0.0,22,33100,47.6191488,-122.3625304,3.4770514038655227
686,1728407459.291,1,220,0,0,185,0,0,3,476191488,-1223625304,0.0,0.699999988079071,1.5237475633621216,0.0,0.0,0.0,0.0,1.5237475633621216,0.0,22,33100,47.6191488,-122.3625304,3.4746352818999493
687,1728407459.5579998,1,220,0,0,185,0,0,3,476191496,-1223625297,0.0,0.699999988079071,1.5511809587478638,0.0,0.0,0.0,0.0,1.5511809587478638,0.0,22,33000,47.6191496,-122.3625297,3.1887754723848607
688,1728407459.804,1,220,0,0,185,0,0,3,476191496,-1223625297,0.0,0.699999988079071,1.5511809587478638,0.0,0.0,0.0,0.0,1.5511809587478638,0.0,22,33000,47.6191496,-122.3625297,3.494670597011282
689,1728407460.074,1,220,0,0,185,0,0,3,476191521,-1223625280,0.0,0.699999988079071,1.5079540014266968,0.0,0.0,0.0,0.0,1.5079540014266968,0.0,22,32700,47.6191521,-122.362528,3.4740316321033577
690,1728407460.332,1,220,0,0,185,0,0,3,476191521,-1223625280,0.0,0.699999988079071,1.5079540014266968,0.0,0.0,0.0,0.0,1.5079540014266968,0.0,22,32700,47.6191521,-122.362528,3.4752389975416165
691,1728407460.6039999,1,220,0,0,185,0,0,3,476191526,-1223625268,0.0,0.699999988079071,1.5361393690109253,0.0,0.0,0.0,0.0,1.5361393690109253,0.0,22,32700,47.6191526,-122.3625268,3.481894175854125
692,1728407460.876,1,220,0,0,185,0,0,3,476191526,-1223625268,0.0,0.699999988079071,1.556957483291626,0.0,0.0,0.0,0.0,1.556957483291626,0.0,22,32700,47.6191526,-122.3625268,3.4638031552844026
693,1728407461.1539998,1,220,0,0,185,0,0,3,476191525,-1223625261,0.0,0.699999988079071,1.556957483291626,0.0,0.0,0.0,0.0,1.556957483291626,0.0,22,32900,47.6191525,-122.3625261,3.4650034203482654
694,1728407461.4169998,1,220,0,0,185,0,0,3,476191524,-1223625248,0.0,0.699999988079071,1.5515105724334717,0.0,0.0,0.0,0.0,1.5515105724334717,0.0,22,32799,47.6191524,-122.3625248,3.4578147090250417
695,1728407461.652,1,220,0,0,185,0,0,3,476191524,-1223625248,0.0,0.699999988079071,1.5515105724334717,0.0,0.0,0.0,0.0,1.5515105724334717,0.0,22,32799,47.6191524,-122.3625248,3.465603936455643
696,1728407461.9069998,1,220,0,0,185,0,0,3,476191524,-1223625248,0.0,0.699999988079071,1.5515105724334717,0.0,0.0,0.0,0.0,1.5515105724334717,0.0,22,32799,47.6191524,-122.3625248,3.4482758904183806
697,1728407462.682,1,220,0,0,185,0,0,3,476191508,-1223625235,0.0,0.699999988079071,1.7235296964645386,0.0,0.0,0.0,0.0,1.7235296964645386,0.0,23,32700,47.6191508,-122.3625235,3.469812523336707
698,1728407462.9589999,1,220,0,0,185,0,0,3,476191502,-1223625239,0.0,0.699999988079071,1.603220820426941,0.0,0.0,0.0,0.0,1.603220820426941,0.0,23,32400,47.6191502,-122.3625239,3.442340825640675
699,1728407463.234,1,220,0,0,185,0,0,3,476191502,-1223625239,0.0,0.699999988079071,1.603220820426941,0.0,0.0,0.0,0.0,1.603220820426941,0.0,23,32400,47.6191502,-122.3625239,3.4650034203482654
700,1728407463.475,1,220,0,0,185,0,0,3,476191506,-1223625226,0.0,0.699999988079071,1.5841351747512817,0.0,0.0,0.0,0.0,1.5841351747512817,0.0,23,31900,47.6191506,-122.3625226,3.465003563473909
701,1728407463.745,1,220,0,0,185,0,0,3,476191506,-1223625226,0.0,0.699999988079071,1.5841351747512817,0.0,0.0,0.0,0.0,1.5841351747512817,0.0,23,31900,47.6191506,-122.3625226,3.472825105298088
702,1728407464.013,1,220,0,0,185,0,0,3,476191504,-1223625219,0.0,0.699999988079071,1.6260417699813843,0.0,0.0,0.0,0.0,1.6260417699813843,0.0,23,31500,47.6191504,-122.3625219,3.4716195599250685
703,1728407464.299,1,220,0,0,185,0,0,3,476191504,-1223625219,0.0,0.699999988079071,1.6260417699813843,0.0,0.0,0.0,0.0,1.6260417699813843,0.0,23,31500,47.6191504,-122.3625219,3.492839635610142
704,1728407464.5679998,1,220,0,0,185,0,0,3,476191505,-1223625208,0.0,0.699999988079071,1.6447012424468994,0.0,0.0,0.0,0.0,1.6447012424468994,0.0,23,31500,47.6191505,-122.3625208,3.495281295583698
705,1728407464.8109999,1,220,0,0,185,0,0,3,476191505,-1223625208,0.0,0.699999988079071,1.6447012424468994,0.0,0.0,0.0,0.0,1.6447012424468994,0.0,23,31500,47.6191505,-122.3625208,3.4770515479882063
706,1728407465.0909998,1,220,0,0,185,0,0,3,476191522,-1223625211,0.0,0.699999988079071,1.627785563468933,0.0,0.0,0.0,0.0,1.627785563468933,0.0,23,31800,47.6191522,-122.3625211,3.317849969139666
707,1728407465.322,1,220,0,0,185,0,0,3,476191522,-1223625211,0.0,0.699999988079071,1.627785563468933,0.0,0.0,0.0,0.0,1.627785563468933,0.0,23,31800,47.6191522,-122.3625211,3.629764071618172
708,1728407465.6139998,1,220,0,0,185,0,0,3,476191541,-1223625243,0.0,0.699999988079071,1.640398621559143,0.0,0.0,0.0,0.0,1.640398621559143,0.0,23,32100,47.6191541,-122.3625243,3.6363636363636362
709,1728407465.846,1,220,0,0,185,0,0,3,476191541,-1223625243,0.0,0.699999988079071,1.640398621559143,0.0,0.0,0.0,0.0,1.640398621559143,0.0,23,32100,47.6191541,-122.3625243,3.665017397303611
710,1728407466.1039999,1,220,0,0,185,0,0,3,476191550,-1223625217,0.0,0.699999988079071,1.6812281608581543,0.0,0.0,0.0,0.0,1.6812281608581543,0.0,23,32100,47.619155,-122.3625217,3.6416605289367303
711,1728407466.363,1,220,0,0,185,0,0,3,476191550,-1223625217,0.0,0.699999988079071,1.6812281608581543,0.0,0.0,0.0,0.0,1.6812281608581543,0.0,23,32100,47.619155,-122.3625217,3.647638127648428
712,1728407466.6369998,1,220,0,0,185,0,0,3,476191556,-1223625197,0.0,0.699999988079071,1.6720190048217773,0.0,0.0,0.0,0.0,1.6720190048217773,0.0,23,32000,47.6191556,-122.3625197,3.6630037973618417
713,1728407466.8799999,1,220,0,0,185,0,0,3,476191556,-1223625197,0.0,0.699999988079071,1.6849374771118164,0.0,0.0,0.0,0.0,1.6849374771118164,0.0,23,32000,47.6191556,-122.3625197,3.6791759523892646
714,1728407467.139,1,220,0,0,185,0,0,3,476191565,-1223625171,0.0,0.699999988079071,1.6849374771118164,0.0,0.0,0.0,0.0,1.6849374771118164,0.0,23,32000,47.6191565,-122.3625171,3.6757949009535342
715,1728407467.4039998,1,220,0,0,185,0,0,3,476191565,-1223625171,0.0,0.699999988079071,1.6849374771118164,0.0,0.0,0.0,0.0,1.6849374771118164,0.0,23,32000,47.6191565,-122.3625171,3.6737692834273554
716,1728407467.935,1,220,0,0,185,0,0,3,476191565,-1223625171,0.0,0.699999988079071,1.8411318063735962,0.0,0.0,0.0,0.0,1.8411318063735962,0.0,23,31900,47.6191565,-122.3625171,3.6724200579804553
717,1728407468.192,1,220,0,0,185,0,0,3,476191581,-1223625156,0.0,0.699999988079071,1.8411318063735962,0.0,0.0,0.0,0.0,1.8411318063735962,0.0,23,31800,47.6191581,-122.3625156,3.666361187849892
718,1728407468.4589999,1,220,0,0,185,0,0,3,476191591,-1223625139,0.0,0.699999988079071,1.6814064979553223,0.0,0.0,0.0,0.0,1.6814064979553223,0.0,23,31800,47.6191591,-122.3625139,3.694126315694909
719,1728407468.691,1,220,0,0,185,0,0,3,476191591,-1223625139,0.0,0.699999988079071,1.6814064979553223,0.0,0.0,0.0,0.0,1.6814064979553223,0.0,23,31800,47.6191591,-122.3625139,3.6791759523892646
720,1728407468.967,1,220,0,0,185,0,0,3,476191607,-1223625143,0.0,0.699999988079071,1.5815995931625366,0.0,0.0,0.0,0.0,1.5815995931625366,0.0,23,31800,47.6191607,-122.3625143,3.6683784817005
721,1728407469.228,1,220,0,0,185,0,0,3,476191607,-1223625143,0.0,0.699999988079071,1.5815995931625366,0.0,0.0,0.0,0.0,1.5815995931625366,0.0,23,31800,47.6191607,-122.3625143,3.6784991478191236
722,1728407469.4729998,1,220,0,0,185,0,0,3,476191619,-1223625146,0.0,0.699999988079071,1.538984775543213,0.0,0.0,0.0,0.0,1.538984775543213,0.0,23,31900,47.6191619,-122.3625146,3.6771464466032695
723,1728407469.735,1,220,0,0,185,0,0,3,476191619,-1223625146,0.0,0.699999988079071,1.538984775543213,0.0,0.0,0.0,0.0,1.538984775543213,0.0,23,31900,47.6191619,-122.3625146,3.6771464466032695
724,1728407470.0089998,1,220,0,0,185,0,0,3,476191628,-1223625133,0.0,0.699999988079071,1.5303375720977783,0.0,0.0,0.0,0.0,1.5303375720977783,0.0,23,31800,47.6191628,-122.3625133,3.6556388521969088
725,1728407470.2549999,1,220,0,0,185,0,0,3,476191628,-1223625133,0.0,0.699999988079071,1.5303375720977783,0.0,0.0,0.0,0.0,1.5303375720977783,0.0,23,31800,47.6191628,-122.3625133,3.665017397303611
726,1728407470.537,1,220,0,0,185,0,0,3,476191638,-1223625122,0.0,0.699999988079071,1.5474666357040405,0.0,0.0,0.0,0.0,1.5474666357040405,0.0,23,31800,47.6191638,-122.3625122,3.8572806597329548
727,1728407470.777,1,220,0,0,185,0,0,3,476191638,-1223625122,0.0,0.699999988079071,1.5474666357040405,0.0,0.0,0.0,0.0,1.5474666357040405,0.0,23,31800,47.6191638,-122.3625122,3.660322117289636
728,1728407471.0279999,1,220,0,0,185,0,0,3,476191652,-1223625122,0.0,0.699999988079071,1.544978141784668,0.0,0.0,0.0,0.0,1.544978141784668,0.0,23,31800,47.6191652,-122.3625122,3.662332929085556
729,1728407471.2819998,1,220,0,0,185,0,0,3,476191652,-1223625122,0.0,0.699999988079071,1.544978141784668,0.0,0.0,0.0,0.0,1.544978141784668,0.0,23,31800,47.6191652,-122.3625122,3.640334938615678
730,1728407471.556,1,220,0,0,185,0,0,3,476191634,-1223625115,0.0,0.699999988079071,1.5538173913955688,0.0,0.0,0.0,0.0,1.5538173913955688,0.0,23,31800,47.6191634,-122.3625115,3.6616624663324324
731,1728407471.8,1,220,0,0,185,0,0,3,476191634,-1223625115,0.0,0.699999988079071,1.5542488098144531,0.0,0.0,0.0,0.0,1.5542488098144531,0.0,23,31800,47.6191634,-122.3625115,3.665017397303611
732,1728407472.076,1,220,0,0,185,0,0,3,476191608,-1223625115,0.0,0.699999988079071,1.5542488098144531,0.0,0.0,0.0,0.0,1.5542488098144531,0.0,23,31800,47.6191608,-122.3625115,3.6469728754096895
733,1728407472.319,1,220,0,0,185,0,0,3,476191608,-1223625115,0.0,0.699999988079071,1.5542488098144531,0.0,0.0,0.0,0.0,1.5542488098144531,0.0,23,31800,47.6191608,-122.3625115,3.6703981572681372
734,1728407472.61,1,220,0,0,185,0,0,3,476191599,-1223625110,0.0,0.699999988079071,1.5730936527252197,0.0,0.0,0.0,0.0,1.5730936527252197,0.0,23,31900,47.6191599,-122.362511,3.6643457913225075
735,1728407472.8609998,1,220,0,0,185,0,0,3,476191599,-1223625110,0.0,0.699999988079071,1.5730936527252197,0.0,0.0,0.0,0.0,1.5730936527252197,0.0,23,31900,47.6191599,-122.362511,3.633720964231625
736,1728407473.12,1,220,0,0,185,0,0,3,476191599,-1223625110,0.0,0.699999988079071,1.5730936527252197,0.0,0.0,0.0,0.0,1.5730936527252197,0.0,23,31900,47.6191599,-122.362511,3.6304229027939896
737,1728407473.656,1,220,0,0,185,0,0,3,476191601,-1223625091,0.0,0.699999988079071,1.749582052230835,0.0,0.0,0.0,0.0,1.749582052230835,0.0,23,32000,47.6191601,-122.3625091,3.633720964231625
738,1728407473.9199998,1,220,0,0,185,0,0,3,476191601,-1223625101,0.0,0.699999988079071,1.6380083560943604,0.0,0.0,0.0,0.0,1.6380083560943604,0.0,23,31900,47.6191601,-122.3625101,3.6133694109958476
739,1728407474.185,1,220,0,0,185,0,0,3,476191601,-1223625101,0.0,0.699999988079071,1.6380083560943604,0.0,0.0,0.0,0.0,1.6380083560943604,0.0,23,31900,47.6191601,-122.3625101,3.6120641777840397
740,1728407474.429,1,220,0,0,185,0,0,3,476191605,-1223625092,0.0,0.699999988079071,1.6359634399414062,0.0,0.0,0.0,0.0,1.6359634399414062,0.0,23,31900,47.6191605,-122.3625092,3.625158627008024
741,1728407474.685,1,220,0,0,185,0,0,3,476191605,-1223625092,0.0,0.699999988079071,1.6359634399414062,0.0,0.0,0.0,0.0,1.6359634399414062,0.0,23,31900,47.6191605,-122.3625092,3.6192544185960625
742,1728407474.957,1,220,0,0,185,0,0,3,476191608,-1223625076,0.0,0.699999988079071,1.66551673412323,0.0,0.0,0.0,0.0,1.66551673412323,0.0,23,31900,47.6191608,-122.3625076,3.610760042613178
743,1728407475.184,1,220,0,0,185,0,0,3,476191608,-1223625076,0.0,0.699999988079071,1.66551673412323,0.0,0.0,0.0,0.0,1.66551673412323,0.0,23,31900,47.6191608,-122.3625076,3.6101083281073474
744,1728407475.467,1,220,0,0,185,0,0,3,476191608,-1223625072,0.0,0.699999988079071,1.685218095779419,0.0,0.0,0.0,0.0,1.685218095779419,0.0,23,32000,47.6191608,-122.3625072,3.6456434155099497
745,1728407475.7589998,1,220,0,0,185,0,0,3,476191608,-1223625072,0.0,0.699999988079071,1.685218095779419,0.0,0.0,0.0,0.0,1.685218095779419,0.0,23,32000,47.6191608,-122.3625072,3.629764071618172
746,1728407476.046,1,220,0,0,185,0,0,3,476191612,-1223625080,0.0,0.699999988079071,1.7062404155731201,0.0,0.0,0.0,0.0,1.7062404155731201,0.0,23,32000,47.6191612,-122.362508,3.0436767155869218
747,1728407476.281,1,220,0,0,185,0,0,3,476191612,-1223625080,0.0,0.699999988079071,1.7062404155731201,0.0,0.0,0.0,0.0,1.7062404155731201,0.0,23,32000,47.6191612,-122.362508,3.1908104017748564
748,1728407476.563,1,220,0,0,185,0,0,3,476191614,-1223625091,0.0,0.699999988079071,1.7208234071731567,0.0,0.0,0.0,0.0,1.7208234071731567,0.0,23,32100,47.6191614,-122.3625091,3.1887754723848607
749,1728407476.819,1,220,0,0,185,0,0,3,476191614,-1223625091,0.0,0.699999988079071,1.7208234071731567,0.0,0.0,0.0,0.0,1.7208234071731567,0.0,23,32100,47.6191614,-122.3625091,3.1877590412760934
750,1728407477.073,1,220,0,0,185,0,0,3,476191625,-1223625074,0.0,0.699999988079071,1.7793188095092773,0.0,0.0,0.0,0.0,1.7793188095092773,0.0,23,32000,47.6191625,-122.3625074,3.1887754723848607
751,1728407477.326,1,220,0,0,185,0,0,3,476191625,-1223625074,0.0,0.699999988079071,1.7793188095092773,0.0,0.0,0.0,0.0,1.7793188095092773,0.0,23,32000,47.6191625,-122.3625074,3.167564197715237
752,1728407477.615,1,220,0,0,185,0,0,3,476191629,-1223625059,0.0,0.699999988079071,1.8183943033218384,0.0,0.0,0.0,0.0,1.8183943033218384,0.0,23,32000,47.6191629,-122.3625059,3.184713390304997
753,1728407477.859,1,220,0,0,185,0,0,3,476191629,-1223625059,0.0,0.699999988079071,1.7991678714752197,0.0,0.0,0.0,0.0,1.7991678714752197,0.0,23,32000,47.6191629,-122.3625059,3.1560675930415636
754,1728407478.096,1,220,0,0,185,0,0,3,476191634,-1223625095,0.0,0.699999988079071,1.7991678714752197,0.0,0.0,0.0,0.0,1.7991678714752197,0.0,23,32000,47.6191634,-122.3625095,3.180661644178994
755,1728407478.3709998,1,220,0,0,185,0,0,3,476191634,-1223625095,0.0,0.699999988079071,1.7991678714752197,0.0,0.0,0.0,0.0,1.7991678714752197,0.0,23,32000,47.6191634,-122.3625095,3.194377815107977
756,1728407479.691,1,220,0,0,185,0,0,3,476191635,-1223625058,0.0,0.699999988079071,2.1812095642089844,0.0,0.0,0.0,0.0,2.1812095642089844,0.0,23,32000,47.6191635,-122.3625058,3.211303827693957
757,1728407479.924,1,220,0,0,185,0,0,3,476191635,-1223625058,0.0,0.699999988079071,2.1812095642089844,0.0,0.0,0.0,0.0,2.1812095642089844,0.0,23,32000,47.6191635,-122.3625058,3.1913196310557113
758,1728407480.192,1,220,0,0,185,0,0,3,476191640,-1223625054,0.0,0.699999988079071,1.9490991830825806,0.0,0.0,0.0,0.0,1.9490991830825806,0.0,23,31900,47.619164,-122.3625054,3.2123353314004808
759,1728407480.4589999,1,220,0,0,185,0,0,3,476191656,-1223625062,0.0,0.699999988079071,1.943972110748291,0.0,0.0,0.0,0.0,1.943972110748291,0.0,23,31900,47.6191656,-122.3625062,3.2015367483865718
760,1728407480.701,1,220,0,0,185,0,0,3,476191656,-1223625062,0.0,0.699999988079071,1.943972110748291,0.0,0.0,0.0,0.0,1.943972110748291,0.0,23,31900,47.6191656,-122.3625062,3.206155862307039
761,1728407480.9989998,1,220,0,0,185,0,0,3,476191665,-1223625057,0.0,0.699999988079071,1.9373897314071655,0.0,0.0,0.0,0.0,1.9373897314071655,0.0,23,31700,47.6191665,-122.3625057,3.193867852672849
762,1728407481.237,1,220,0,0,185,0,0,3,476191665,-1223625057,0.0,0.699999988079071,1.9373897314071655,0.0,0.0,0.0,0.0,1.9373897314071655,0.0,23,31700,47.6191665,-122.3625057,3.1862354879733648
763,1728407481.521,1,220,0,0,185,0,0,3,476191673,-1223625045,0.0,0.699999988079071,1.932365894317627,0.0,0.0,0.0,0.0,1.932365894317627,0.0,23,31600,47.6191673,-122.3625045,3.188775593600316
764,1728407481.7549999,1,220,0,0,185,0,0,3,476191673,-1223625045,0.0,0.699999988079071,1.932365894317627,0.0,0.0,0.0,0.0,1.932365894317627,0.0,23,31600,47.6191673,-122.3625045,3.170074489083611
765,1728407482.02,1,220,0,0,185,0,0,3,476191677,-1223625044,0.0,0.699999988079071,1.896303415298462,0.0,0.0,0.0,0.0,1.896303415298462,0.0,23,31600,47.6191677,-122.3625044,3.039051774435957
766,1728407482.274,1,220,0,0,185,0,0,3,476191677,-1223625044,0.0,0.699999988079071,1.896303415298462,0.0,0.0,0.0,0.0,1.896303415298462,0.0,23,31600,47.6191677,-122.3625044,3.625815787243145
767,1728407482.5479999,1,220,0,0,185,0,0,3,476191683,-1223625038,0.0,0.699999988079071,1.8812421560287476,0.0,0.0,0.0,0.0,1.8812421560287476,0.0,23,31500,47.6191683,-122.3625038,3.6042531573169114
768,1728407482.789,1,220,0,0,185,0,0,3,476191683,-1223625038,0.0,0.699999988079071,1.8812421560287476,0.0,0.0,0.0,0.0,1.8812421560287476,0.0,23,31500,47.6191683,-122.3625038,3.6127167542928156
769,1728407483.066,1,220,0,0,185,0,0,3,476191691,-1223625032,0.0,0.699999988079071,1.8951683044433594,0.0,0.0,0.0,0.0,1.8951683044433594,0.0,23,31399,47.6191691,-122.3625032,3.608805449365887
770,1728407483.3109999,1,220,0,0,185,0,0,3,476191691,-1223625032,0.0,0.699999988079071,1.8951683044433594,0.0,0.0,0.0,0.0,1.8951683044433594,0.0,23,31399,47.6191691,-122.3625032,3.589375431470448
771,1728407483.5879998,1,220,0,0,185,0,0,3,476191706,-1223625032,0.0,0.699999988079071,1.885014295578003,0.0,0.0,0.0,0.0,1.885014295578003,0.0,23,31399,47.6191706,-122.3625032,3.610760042613178
772,1728407483.892,1,220,0,0,185,0,0,3,476191706,-1223625032,0.0,0.699999988079071,1.9222506284713745,0.0,0.0,0.0,0.0,1.9222506284713745,0.0,23,31399,47.6191706,-122.3625032,3.608805604617835
773,1728407484.1309998,1,220,0,0,185,0,0,3,476191718,-1223625043,0.0,0.699999988079071,1.9222506284713745,0.0,0.0,0.0,0.0,1.9222506284713745,0.0,23,31399,47.6191718,-122.3625043,3.6140224592545054
774,1728407484.405,1,220,0,0,185,0,0,3,476191718,-1223625043,0.0,0.699999988079071,1.9222506284713745,0.0,0.0,0.0,0.0,1.9222506284713745,0.0,23,31399,47.6191718,-122.3625043,3.6146755878506753
775,1728407484.952,1,220,0,0,185,0,0,3,476191718,-1223625043,0.0,0.699999988079071,2.1060497760772705,0.0,0.0,0.0,0.0,2.1060497760772705,0.0,23,31399,47.6191718,-122.3625043,3.5714286322496385
776,1728407485.207,1,220,0,0,185,0,0,3,476191734,-1223625037,0.0,0.699999988079071,2.1060497760772705,0.0,0.0,0.0,0.0,2.1060497760772705,0.0,23,31399,47.6191734,-122.3625037,3.594536375052829
777,1728407485.4729998,1,220,0,0,185,0,0,3,476191749,-1223625034,0.0,0.699999988079071,1.960012674331665,0.0,0.0,0.0,0.0,1.960012674331665,0.0,23,31399,47.6191749,-122.3625034,3.6094566935100194
778,1728407485.728,1,220,0,0,185,0,0,3,476191749,-1223625034,0.0,0.699999988079071,1.960012674331665,0.0,0.0,0.0,0.0,1.960012674331665,0.0,23,31399,47.6191749,-122.3625034,3.5919541263457506
779,1728407486.001,1,220,0,0,185,0,0,3,476191755,-1223625030,0.0,0.699999988079071,1.9134126901626587,0.0,0.0,0.0,0.0,1.9134126901626587,0.0,23,31399,47.6191755,-122.362503,3.5984167942085987
780,1728407486.273,1,220,0,0,185,0,0,3,476191755,-1223625030,0.0,0.699999988079071,1.9134126901626587,0.0,0.0,0.0,0.0,1.9134126901626587,0.0,23,31399,47.6191755,-122.362503,3.578457693286378
781,1728407486.5379999,1,220,0,0,185,0,0,3,476191759,-1223625044,0.0,0.699999988079071,1.9015640020370483,0.0,0.0,0.0,0.0,1.9015640020370483,0.0,23,31399,47.6191759,-122.3625044,3.591953972540329
782,1728407486.7789998,1,220,0,0,185,0,0,3,476191759,-1223625044,0.0,0.699999988079071,1.9015640020370483,0.0,0.0,0.0,0.0,1.9015640020370483,0.0,23,31399,47.6191759,-122.3625044,3.625158627008024
783,1728407487.0549998,1,220,0,0,185,0,0,3,476191763,-1223625056,0.0,0.699999988079071,1.851621150970459,0.0,0.0,0.0,0.0,1.851621150970459,0.0,23,31500,47.6191763,-122.3625056,3.6016566247925
784,1728407487.2879999,1,220,0,0,185,0,0,3,476191763,-1223625056,0.0,0.699999988079071,1.851621150970459,0.0,0.0,0.0,0.0,1.851621150970459,0.0,23,31500,47.6191763,-122.3625056,3.61336956664073
785,1728407487.62,1,220,0,0,185,0,0,3,476191767,-1223625058,0.0,0.699999988079071,1.8038514852523804,0.0,0.0,0.0,0.0,1.8038514852523804,0.0,23,31500,47.6191767,-122.3625058,3.6324009893894638
786,1728407487.8379998,1,220,0,0,185,0,0,3,476191767,-1223625058,0.0,0.699999988079071,1.8038514852523804,0.0,0.0,0.0,0.0,1.8038514852523804,0.0,23,31500,47.6191767,-122.3625058,3.620564854364616
787,1728407488.089,1,220,0,0,185,0,0,3,476191767,-1223625058,0.0,0.699999988079071,1.8038514852523804,0.0,0.0,0.0,0.0,1.8038514852523804,0.0,23,31500,47.6191767,-122.3625058,3.633060778243268
788,1728407488.3569999,1,220,0,0,185,0,0,3,476191767,-1223625058,0.0,0.699999988079071,1.8038514852523804,0.0,0.0,0.0,0.0,1.8038514852523804,0.0,23,31500,47.6191767,-122.3625058,3.629764071618172
789,1728407488.6239998,1,220,0,0,185,0,0,3,476191751,-1223625055,0.0,0.699999988079071,2.1274003982543945,0.0,0.0,0.0,0.0,2.1274003982543945,0.0,23,31500,47.6191751,-122.3625055,3.629764071618172
790,1728407488.8999999,1,220,0,0,185,0,0,3,476191751,-1223625055,0.0,0.699999988079071,1.8916676044464111,0.0,0.0,0.0,0.0,1.8916676044464111,0.0,23,31500,47.6191751,-122.3625055,3.657644520336085
791,1728407489.156,1,220,0,0,185,0,0,3,476191744,-1223625083,0.0,0.699999988079071,1.8916676044464111,0.0,0.0,0.0,0.0,1.8916676044464111,0.0,23,31500,47.6191744,-122.3625083,3.6569756135158613
792,1728407489.409,1,220,0,0,185,0,0,3,476191744,-1223625083,0.0,0.699999988079071,1.8916676044464111,0.0,0.0,0.0,0.0,1.8916676044464111,0.0,23,31500,47.6191744,-122.3625083,3.6337208068285434
793,1728407489.684,1,220,0,0,185,0,0,3,476191739,-1223625069,0.0,0.699999988079071,1.8821792602539062,0.0,0.0,0.0,0.0,1.8821792602539062,0.0,23,31500,47.6191739,-122.3625069,3.646308024278096
794,1728407489.9399998,1,220,0,0,185,0,0,3,476191739,-1223625069,0.0,0.699999988079071,1.8821792602539062,0.0,0.0,0.0,0.0,1.8821792602539062,0.0,23,31500,47.6191739,-122.3625069,3.643650883797114
795,1728407490.458,1,220,0,0,185,0,0,3,476191747,-1223625081,0.0,0.699999988079071,2.075289249420166,0.0,0.0,0.0,0.0,2.075289249420166,0.0,23,31200,47.6191747,-122.3625081,3.671071983856156
796,1728407490.731,1,220,0,0,185,0,0,3,476191747,-1223625081,0.0,0.699999988079071,2.075289249420166,0.0,0.0,0.0,0.0,2.075289249420166,0.0,23,31200,47.6191747,-122.3625081,3.6523009025292525
797,1728407490.978,1,220,0,0,185,0,0,3,476191753,-1223625083,0.0,0.699999988079071,1.9246119260787964,0.0,0.0,0.0,0.0,1.9246119260787964,0.0,23,31200,47.6191753,-122.3625083,3.6416606870284185
798,1728407491.238,1,220,0,0,185,0,0,3,476191753,-1223625083,0.0,0.699999988079071,1.9246119260787964,0.0,0.0,0.0,0.0,1.9246119260787964,0.0,23,31200,47.6191753,-122.3625083,3.650301088849234
799,1728407491.511,1,220,0,0,185,0,0,3,476191754,-1223625069,0.0,0.699999988079071,1.9869338274002075,0.0,0.0,0.0,0.0,1.9869338274002075,0.0,23,31100,47.6191754,-122.3625069,3.643650883797114
800,1728407491.741,1,220,0,0,185,0,0,3,476191754,-1223625069,0.0,0.699999988079071,1.9869338274002075,0.0,0.0,0.0,0.0,1.9869338274002075,0.0,23,31100,47.6191754,-122.3625069,3.631741440136545
801,1728407492.007,1,220,0,0,185,0,0,3,476191755,-1223625043,0.0,0.699999988079071,2.114069938659668,0.0,0.0,0.0,0.0,2.114069938659668,0.0,23,31000,47.6191755,-122.3625043,3.650301088849234
802,1728407492.283,1,220,0,0,185,0,0,3,476191755,-1223625043,0.0,0.699999988079071,2.114069938659668,0.0,0.0,0.0,0.0,2.114069938659668,0.0,23,31000,47.6191755,-122.3625043,3.633060778243268
803,1728407492.54,1,220,0,0,185,0,0,3,476191756,-1223625042,0.0,0.699999988079071,2.0903735160827637,0.0,0.0,0.0,0.0,2.0903735160827637,0.0,23,31100,47.6191756,-122.3625042,3.648303622631656
804,1728407492.777,1,220,0,0,185,0,0,3,476191756,-1223625042,0.0,0.699999988079071,2.0903735160827637,0.0,0.0,0.0,0.0,2.0903735160827637,0.0,23,31100,47.6191756,-122.3625042,3.646308024278096
805,1728407493.0679998,1,220,0,0,185,0,0,3,476191757,-1223625046,0.0,0.699999988079071,2.0043201446533203,0.0,0.0,0.0,0.0,2.0043201446533203,0.0,23,31100,47.6191757,-122.3625046,3.4770514038655227
806,1728407493.314,1,220,0,0,185,0,0,3,476191757,-1223625046,0.0,0.699999988079071,2.0043201446533203,0.0,0.0,0.0,0.0,2.0043201446533203,0.0,23,31100,47.6191757,-122.3625046,3.4861425901857652
807,1728407493.5809999,1,220,0,0,185,0,0,3,476191762,-1223625041,0.0,0.699999988079071,1.91481614112854,0.0,0.0,0.0,0.0,1.91481614112854,0.0,23,31100,47.6191762,-122.3625041,3.463203406012673
808,1728407493.836,1,220,0,0,185,0,0,3,476191762,-1223625041,0.0,0.699999988079071,1.91481614112854,0.0,0.0,0.0,0.0,1.91481614112854,0.0,23,31100,47.6191762,-122.3625041,3.454828101811693
809,1728407494.113,1,220,0,0,185,0,0,3,476191764,-1223625037,0.0,0.699999988079071,1.9112920761108398,0.0,0.0,0.0,0.0,1.9112920761108398,0.0,23,31100,47.6191764,-122.3625037,3.4758429230101484
810,1728407494.4069998,1,220,0,0,185,0,0,3,476191739,-1223625012,0.0,0.699999988079071,2.0004913806915283,0.0,0.0,0.0,0.0,2.0004913806915283,0.0,23,31100,47.6191739,-122.3625012,3.447681505651375
811,1728407494.635,1,220,0,0,185,0,0,3,476191739,-1223625012,0.0,0.699999988079071,2.0004913806915283,0.0,0.0,0.0,0.0,2.0004913806915283,0.0,23,31100,47.6191739,-122.3625012,3.460806341612359
812,1728407494.914,1,220,0,0,185,0,0,3,476191727,-1223625061,0.0,0.699999988079071,2.0054376125335693,0.0,0.0,0.0,0.0,2.0054376125335693,0.0,23,31100,47.6191727,-122.3625061,3.4584125931844363
813,1728407495.166,1,220,0,0,185,0,0,3,476191727,-1223625061,0.0,0.699999988079071,2.0054376125335693,0.0,0.0,0.0,0.0,2.0054376125335693,0.0,23,31100,47.6191727,-122.3625061,3.4674064476767725
814,1728407495.425,1,220,0,0,185,0,0,3,476191727,-1223625061,0.0,0.699999988079071,2.0054376125335693,0.0,0.0,0.0,0.0,2.0054376125335693,0.0,23,31100,47.6191727,-122.3625061,3.4578147090250417
815,1728407496.21,1,220,0,0,185,0,0,3,476191725,-1223625035,0.0,0.699999988079071,2.2134759426116943,0.0,0.0,0.0,0.0,2.2134759426116943,0.0,23,31100,47.6191725,-122.3625035,3.473428192014982
816,1728407496.468,1,220,0,0,185,0,0,3,476191728,-1223625055,0.0,0.699999988079071,2.0273869037628174,0.0,0.0,0.0,0.0,2.0273869037628174,0.0,23,31100,47.6191728,-122.3625055,3.465603793280397
817,1728407496.753,1,220,0,0,185,0,0,3,476191728,-1223625055,0.0,0.699999988079071,2.0273869037628174,0.0,0.0,0.0,0.0,2.0273869037628174,0.0,23,31100,47.6191728,-122.3625055,3.465603793280397
818,1728407497.027,1,220,0,0,185,0,0,3,476191705,-1223625061,0.0,0.699999988079071,2.0684335231781006,0.0,0.0,0.0,0.0,2.0684335231781006,0.0,23,31100,47.6191705,-122.3625061,3.4590106841376107
819,1728407497.2649999,1,220,0,0,185,0,0,3,476191705,-1223625061,0.0,0.699999988079071,2.0684335231781006,0.0,0.0,0.0,0.0,2.0684335231781006,0.0,23,31100,47.6191705,-122.3625061,3.4572168890690915
820,1728407497.5419998,1,220,0,0,185,0,0,3,476191691,-1223625062,0.0,0.699999988079071,2.1306514739990234,0.0,0.0,0.0,0.0,2.1306514739990234,0.0,23,31100,47.6191691,-122.3625062,3.4971148184085488
821,1728407497.786,1,220,0,0,185,0,0,3,476191691,-1223625062,0.0,0.699999988079071,2.1306514739990234,0.0,0.0,0.0,0.0,2.1306514739990234,0.0,23,31100,47.6191691,-122.3625062,3.4686090682501916
822,1728407498.066,1,220,0,0,185,0,0,3,476191677,-1223625057,0.0,0.699999988079071,2.1159579753875732,0.0,0.0,0.0,0.0,2.1159579753875732,0.0,23,31100,47.6191677,-122.3625057,3.4831070135298603
823,1728407498.3079998,1,220,0,0,185,0,0,3,476191677,-1223625057,0.0,0.699999988079071,2.1159579753875732,0.0,0.0,0.0,0.0,2.1159579753875732,0.0,23,31100,47.6191677,-122.3625057,3.4770514038655227
824,1728407498.5609999,1,220,0,0,185,0,0,3,476191665,-1223625075,0.0,0.699999988079071,2.0295143127441406,0.0,0.0,0.0,0.0,2.0295143127441406,0.0,23,31100,47.6191665,-122.3625075,3.174099409841167
825,1728407498.826,1,220,0,0,185,0,0,3,476191665,-1223625075,0.0,0.699999988079071,2.0295143127441406,0.0,0.0,0.0,0.0,2.0295143127441406,0.0,23,31100,47.6191665,-122.3625075,3.460806484391483
826,1728407499.085,1,220,0,0,185,0,0,3,476191664,-1223625055,0.0,0.699999988079071,1.9992094039916992,0.0,0.0,0.0,0.0,1.9992094039916992,0.0,23,31100,47.6191664,-122.3625055,3.4770514038655227
827,1728407499.352,1,220,0,0,185,0,0,3,476191664,-1223625055,0.0,0.699999988079071,1.9992094039916992,0.0,0.0,0.0,0.0,1.9992094039916992,0.0,23,31100,47.6191664,-122.3625055,3.4590108267686097
828,1728407499.618,1,220,0,0,185,0,0,3,476191663,-1223625057,0.0,0.699999988079071,1.986181378364563,0.0,0.0,0.0,0.0,1.986181378364563,0.0,23,31100,47.6191663,-122.3625057,3.4861425901857652
829,1728407499.898,1,220,0,0,185,0,0,3,476191663,-1223625057,0.0,0.699999988079071,1.8992723226547241,0.0,0.0,0.0,0.0,1.8992723226547241,0.0,23,31100,47.6191663,-122.3625057,3.460806341612359
830,1728407500.126,1,220,0,0,185,0,0,3,476191644,-1223625082,0.0,0.699999988079071,1.8992723226547241,0.0,0.0,0.0,0.0,1.8992723226547241,0.0,23,31100,47.6191644,-122.3625082,3.477655959471413
831,1728407500.401,1,220,0,0,185,0,0,3,476191644,-1223625082,0.0,0.699999988079071,1.8597753047943115,0.0,0.0,0.0,0.0,1.8597753047943115,0.0,23,31100,47.6191644,-122.3625082,3.4482758904183806
832,1728407500.656,1,220,0,0,185,0,0,3,476191635,-1223625104,0.0,0.699999988079071,1.8597753047943115,0.0,0.0,0.0,0.0,1.8597753047943115,0.0,23,31100,47.6191635,-122.3625104,3.47342833583746
833,1728407500.918,1,220,0,0,185,0,0,3,476191635,-1223625104,0.0,0.699999988079071,1.8597753047943115,0.0,0.0,0.0,0.0,1.8597753047943115,0.0,23,31100,47.6191635,-122.3625104,3.4674063043525525
834,1728407501.7259998,1,220,0,0,185,0,0,3,476191637,-1223625126,0.0,0.699999988079071,1.9607445001602173,0.0,0.0,0.0,0.0,1.9607445001602173,0.0,23,31100,47.6191637,-122.3625126,3.4674063043525525
835,1728407501.9889998,1,220,0,0,185,0,0,3,476191642,-1223625146,0.0,0.699999988079071,1.8474247455596924,0.0,0.0,0.0,0.0,1.8474247455596924,0.0,23,31100,47.6191642,-122.3625146,3.4393808775919257
836,1728407502.22,1,220,0,0,185,0,0,3,476191642,-1223625146,0.0,0.699999988079071,1.8474247455596924,0.0,0.0,0.0,0.0,1.8474247455596924,0.0,23,31100,47.6191642,-122.3625146,3.4506557642403792
837,1728407502.5349998,1,220,0,0,185,0,0,3,476191645,-1223625139,0.0,0.699999988079071,1.8304309844970703,0.0,0.0,0.0,0.0,1.8304309844970703,0.0,23,31100,47.6191645,-122.3625139,3.4578147090250417
838,1728407502.764,1,220,0,0,185,0,0,3,476191645,-1223625139,0.0,0.699999988079071,1.8304309844970703,0.0,0.0,0.0,0.0,1.8304309844970703,0.0,23,31100,47.6191645,-122.3625139,3.460207629584314
839,1728407503.044,1,220,0,0,185,0,0,3,476191650,-1223625142,0.0,0.699999988079071,1.8395622968673706,0.0,0.0,0.0,0.0,1.8395622968673706,0.0,23,31100,47.619165,-122.3625142,3.4632035489896524
840,1728407503.293,1,220,0,0,185,0,0,3,476191650,-1223625142,0.0,0.699999988079071,1.8395622968673706,0.0,0.0,0.0,0.0,1.8395622968673706,0.0,23,31100,47.619165,-122.3625142,3.4417483437991745
841,1728407503.586,1,220,0,0,185,0,0,3,476191660,-1223625152,0.0,0.699999988079071,1.8345197439193726,0.0,0.0,0.0,0.0,1.8345197439193726,0.0,23,31100,47.619166,-122.3625152,3.465003563473909
842,1728407503.824,1,220,0,0,185,0,0,3,476191660,-1223625152,0.0,0.699999988079071,1.8345197439193726,0.0,0.0,0.0,0.0,1.8345197439193726,0.0,23,31100,47.619166,-122.3625152,3.4524426133721913
843,1728407504.076,1,220,0,0,185,0,0,3,476191668,-1223625210,0.0,0.699999988079071,1.7969043254852295,0.0,0.0,0.0,0.0,1.7969043254852295,0.0,23,31100,47.6191668,-122.362521,3.2976092021944416
844,1728407504.329,1,220,0,0,185,0,0,3,476191668,-1223625210,0.0,0.699999988079071,1.7969043254852295,0.0,0.0,0.0,0.0,1.7969043254852295,0.0,23,31100,47.6191668,-122.362521,3.637686335519545
845,1728407504.641,1,220,0,0,185,0,0,3,476191651,-1223625190,0.0,0.699999988079071,1.8452389240264893,0.0,0.0,0.0,0.0,1.8452389240264893,0.0,23,31100,47.6191651,-122.362519,3.6238448643714087
846,1728407504.8809998,1,220,0,0,185,0,0,3,476191643,-1223625174,0.0,0.699999988079071,1.9099844694137573,0.0,0.0,0.0,0.0,1.9099844694137573,0.0,23,31100,47.6191643,-122.3625174,3.60555259556042
847,1728407505.136,1,220,0,0,185,0,0,3,476191643,-1223625174,0.0,0.699999988079071,1.9099844694137573,0.0,0.0,0.0,0.0,1.9099844694137573,0.0,23,31100,47.6191643,-122.3625174,3.633060778243268
848,1728407505.398,1,220,0,0,185,0,0,3,476191643,-1223625174,0.0,0.699999988079071,1.9099844694137573,0.0,0.0,0.0,0.0,1.9099844694137573,0.0,23,31100,47.6191643,-122.3625174,3.6192544185960625
849,1728407505.6729999,1,220,0,0,185,0,0,3,476191645,-1223625186,0.0,0.699999988079071,1.9179315567016602,0.0,0.0,0.0,0.0,1.9179315567016602,0.0,23,31100,47.6191645,-122.3625186,3.631741440136545
850,1728407505.937,1,220,0,0,185,0,0,3,476191654,-1223625216,0.0,0.699999988079071,1.8852092027664185,0.0,0.0,0.0,0.0,1.8852092027664185,0.0,23,31100,47.6191654,-122.3625216,3.6199095959877323
851,1728407506.1729999,1,220,0,0,185,0,0,3,476191654,-1223625216,0.0,0.699999988079071,1.8852092027664185,0.0,0.0,0.0,0.0,1.8852092027664185,0.0,23,31100,47.6191654,-122.3625216,3.642323844337459
852,1728407506.449,1,220,0,0,185,0,0,3,476191654,-1223625216,0.0,0.699999988079071,1.8852092027664185,0.0,0.0,0.0,0.0,1.8852092027664185,0.0,23,31100,47.6191654,-122.3625216,3.642323844337459
853,1728407506.983,1,220,0,0,185,0,0,3,476191674,-1223625241,0.0,0.699999988079071,2.1028125286102295,0.0,0.0,0.0,0.0,2.1028125286102295,0.0,23,31100,47.6191674,-122.3625241,3.618599634421966
854,1728407507.224,1,220,0,0,185,0,0,3,476191674,-1223625241,0.0,0.699999988079071,2.1028125286102295,0.0,0.0,0.0,0.0,2.1028125286102295,0.0,23,31100,47.6191674,-122.3625241,3.6199095959877323
855,1728407507.508,1,220,0,0,185,0,0,3,476191694,-1223625270,0.0,0.699999988079071,2.0218775272369385,0.0,0.0,0.0,0.0,2.0218775272369385,0.0,23,31100,47.6191694,-122.362527,3.6357026474301026
856,1728407507.767,1,220,0,0,185,0,0,3,476191694,-1223625270,0.0,0.699999988079071,2.0218775272369385,0.0,0.0,0.0,0.0,2.0218775272369385,0.0,23,31100,47.6191694,-122.362527,3.647638127648428
857,1728407508.04,1,220,0,0,185,0,0,3,476191711,-1223625283,0.0,0.699999988079071,2.079190731048584,0.0,0.0,0.0,0.0,2.079190731048584,0.0,23,31100,47.6191711,-122.3625283,3.644314924534089
858,1728407508.29,1,220,0,0,185,0,0,3,476191711,-1223625283,0.0,0.699999988079071,2.079190731048584,0.0,0.0,0.0,0.0,2.079190731048584,0.0,23,31100,47.6191711,-122.3625283,3.6225322100439645
859,1728407508.5509999,1,220,0,0,185,0,0,3,476191725,-1223625297,0.0,0.699999988079071,2.1313507556915283,0.0,0.0,0.0,0.0,2.1313507556915283,0.0,23,31100,47.6191725,-122.3625297,3.649635023793565
860,1728407508.8179998,1,220,0,0,185,0,0,3,476191725,-1223625297,0.0,0.699999988079071,2.1313507556915283,0.0,0.0,0.0,0.0,2.1313507556915283,0.0,23,31100,47.6191725,-122.3625297,3.654303067793343
861,1728407509.077,1,220,0,0,185,0,0,3,476191692,-1223625283,0.0,0.699999988079071,2.0944530963897705,0.0,0.0,0.0,0.0,2.0944530963897705,0.0,23,31100,47.6191692,-122.3625283,3.6416605289367303
862,1728407509.3149998,1,220,0,0,185,0,0,3,476191692,-1223625283,0.0,0.699999988079071,2.0944530963897705,0.0,0.0,0.0,0.0,2.0944530963897705,0.0,23,31100,47.6191692,-122.3625283,3.643650883797114
863,1728407509.603,1,220,0,0,185,0,0,3,476191680,-1223625281,0.0,0.699999988079071,2.1259500980377197,0.0,0.0,0.0,0.0,2.1259500980377197,0.0,23,31100,47.619168,-122.3625281,3.657644520336085
864,1728407509.8539999,1,220,0,0,185,0,0,3,476191680,-1223625281,0.0,0.699999988079071,2.1259500980377197,0.0,0.0,0.0,0.0,2.1259500980377197,0.0,23,31100,47.619168,-122.3625281,3.647638127648428
865,1728407510.142,1,220,0,0,185,0,0,3,476191679,-1223625274,0.0,0.699999988079071,2.1754813194274902,0.0,0.0,0.0,0.0,2.1754813194274902,0.0,23,31000,47.6191679,-122.3625274,3.6304229027939896
866,1728407510.3639998,1,220,0,0,185,0,0,3,476191679,-1223625274,0.0,0.699999988079071,2.1754813194274902,0.0,0.0,0.0,0.0,2.1754813194274902,0.0,23,31000,47.6191679,-122.3625274,3.646973033962953
867,1728407510.6239998,1,220,0,0,185,0,0,3,476191679,-1223625303,0.0,0.699999988079071,2.1276204586029053,0.0,0.0,0.0,0.0,2.1276204586029053,0.0,23,30900,47.6191679,-122.3625303,3.656975772940062
868,1728407510.919,1,220,0,0,185,0,0,3,476191683,-1223625338,0.0,0.699999988079071,2.0997307300567627,0.0,0.0,0.0,0.0,2.0997307300567627,0.0,23,30800,47.6191683,-122.3625338,3.650967555966238
869,1728407511.1529999,1,220,0,0,185,0,0,3,476191683,-1223625338,0.0,0.699999988079071,2.0997307300567627,0.0,0.0,0.0,0.0,2.0997307300567627,0.0,23,30800,47.6191683,-122.3625338,3.6443147662118656
870,1728407511.4099998,1,220,0,0,185,0,0,3,476191683,-1223625338,0.0,0.699999988079071,2.044534206390381,0.0,0.0,0.0,0.0,2.044534206390381,0.0,23,30800,47.6191683,-122.3625338,3.660322117289636
871,1728407511.665,1,220,0,0,185,0,0,3,476191677,-1223625317,0.0,0.699999988079071,2.044534206390381,0.0,0.0,0.0,0.0,2.044534206390381,0.0,23,30700,47.6191677,-122.3625317,3.6483034639626757
872,1728407511.938,1,220,0,0,185,0,0,3,476191677,-1223625317,0.0,0.699999988079071,2.044534206390381,0.0,0.0,0.0,0.0,2.044534206390381,0.0,23,30700,47.6191677,-122.3625317,3.6456434155099497
873,1728407512.451,1,220,0,0,185,0,0,3,476191677,-1223625317,0.0,0.699999988079071,2.238577365875244,0.0,0.0,0.0,0.0,2.238577365875244,0.0,23,30600,47.6191677,-122.3625317,3.650967555966238
874,1728407512.707,1,220,0,0,185,0,0,3,476191687,-1223625342,0.0,0.699999988079071,2.238577365875244,0.0,0.0,0.0,0.0,2.238577365875244,0.0,23,30500,47.6191687,-122.3625342,3.66300363741163
875,1728407513.017,1,220,0,0,185,0,0,3,476191691,-1223625357,0.0,0.699999988079071,2.0575366020202637,0.0,0.0,0.0,0.0,2.0575366020202637,0.0,23,30500,47.6191691,-122.3625357,3.6751195006335484
876,1728407513.251,1,220,0,0,185,0,0,3,476191691,-1223625357,0.0,0.699999988079071,2.0575366020202637,0.0,0.0,0.0,0.0,2.0575366020202637,0.0,23,30500,47.6191691,-122.3625357,3.660992089242827
877,1728407513.5089998,1,220,0,0,185,0,0,3,476191697,-1223625352,0.0,0.699999988079071,1.9323915243148804,0.0,0.0,0.0,0.0,1.9323915243148804,0.0,23,30400,47.6191697,-122.3625352,3.654302908602088
878,1728407513.768,1,220,0,0,185,0,0,3,476191697,-1223625352,0.0,0.699999988079071,1.9323915243148804,0.0,0.0,0.0,0.0,1.9323915243148804,0.0,23,30400,47.6191697,-122.3625352,3.6805299859844625
879,1728407514.039,1,220,0,0,185,0,0,3,476191708,-1223625328,0.0,0.699999988079071,1.907473087310791,0.0,0.0,0.0,0.0,1.907473087310791,0.0,23,30300,47.6191708,-122.3625328,3.652967941084702
880,1728407514.2819998,1,220,0,0,185,0,0,3,476191708,-1223625328,0.0,0.699999988079071,1.907473087310791,0.0,0.0,0.0,0.0,1.907473087310791,0.0,23,30300,47.6191708,-122.3625328,3.667033372568504
881,1728407514.559,1,220,0,0,185,0,0,3,476191716,-1223625349,0.0,0.699999988079071,1.9065240621566772,0.0,0.0,0.0,0.0,1.9065240621566772,0.0,23,30300,47.6191716,-122.3625349,3.6456434155099497
882,1728407514.8009999,1,220,0,0,185,0,0,3,476191716,-1223625349,0.0,0.699999988079071,1.9065240621566772,0.0,0.0,0.0,0.0,1.9065240621566772,0.0,23,30300,47.6191716,-122.3625349,3.668378642120456
883,1728407515.0809999,1,220,0,0,185,0,0,3,476191694,-1223625369,0.0,0.699999988079071,1.8622193336486816,0.0,0.0,0.0,0.0,1.8622193336486816,0.0,23,30200,47.6191694,-122.3625369,3.4722222279711272
884,1728407515.314,1,220,0,0,185,0,0,3,476191694,-1223625369,0.0,0.699999988079071,1.8622193336486816,0.0,0.0,0.0,0.0,1.8622193336486816,0.0,23,30200,47.6191694,-122.3625369,3.460806484391483
885,1728407515.5839999,1,220,0,0,185,0,0,3,476191686,-1223625362,0.0,0.699999988079071,1.8804514408111572,0.0,0.0,0.0,0.0,1.8804514408111572,0.0,23,30200,47.6191686,-122.3625362,3.5093876846823653
886,1728407515.827,1,220,0,0,185,0,0,3,476191686,-1223625362,0.0,0.699999988079071,1.8804514408111572,0.0,0.0,0.0,0.0,1.8804514408111572,0.0,23,30200,47.6191686,-122.3625362,3.4837136769332284
887,1728407516.097,1,220,0,0,185,0,0,3,476191683,-1223625348,0.0,0.699999988079071,1.866687536239624,0.0,0.0,0.0,0.0,1.866687536239624,0.0,23,30200,47.6191683,-122.3625348,3.46800751032968
888,1728407516.353,1,220,0,0,185,0,0,3,476191683,-1223625348,0.0,0.699999988079071,1.866687536239624,0.0,0.0,0.0,0.0,1.866687536239624,0.0,23,30200,47.6191683,-122.3625348,3.466204517523848
889,1728407516.628,1,220,0,0,185,0,0,3,476191691,-1223625366,0.0,0.699999988079071,1.7874325513839722,0.0,0.0,0.0,0.0,1.7874325513839722,0.0,23,30200,47.6191691,-122.3625366,3.4897923898752437
890,1728407516.8639998,1,220,0,0,185,0,0,3,476191691,-1223625366,0.0,0.699999988079071,1.7874325513839722,0.0,0.0,0.0,0.0,1.7874325513839722,0.0,23,30200,47.6191691,-122.3625366,3.477655959471413
891,1728407517.151,1,220,0,0,185,0,0,3,476191706,-1223625397,0.0,0.699999988079071,1.7801835536956787,0.0,0.0,0.0,0.0,1.7801835536956787,0.0,23,30300,47.6191706,-122.3625397,3.4885750378525375
892,1728407517.3899999,1,220,0,0,185,0,0,3,476191706,-1223625397,0.0,0.699999988079071,1.7801835536956787,0.0,0.0,0.0,0.0,1.7801835536956787,0.0,23,30300,47.6191706,-122.3625397,3.4764470584149554
893,1728407518.211,1,220,0,0,185,0,0,3,476191696,-1223625376,0.0,0.699999988079071,1.987378716468811,0.0,0.0,0.0,0.0,1.987378716468811,0.0,23,30200,47.6191696,-122.3625376,3.499562461243945
894,1728407518.4859998,1,220,0,0,185,0,0,3,476191702,-1223625393,0.0,0.699999988079071,1.8529138565063477,0.0,0.0,0.0,0.0,1.8529138565063477,0.0,23,30400,47.6191702,-122.3625393,3.475238853569153
895,1728407518.7159998,1,220,0,0,185,0,0,3,476191702,-1223625393,0.0,0.699999988079071,1.8529138565063477,0.0,0.0,0.0,0.0,1.8529138565063477,0.0,23,30400,47.6191702,-122.3625393,3.487966535245389
896,1728407518.9919999,1,220,0,0,185,0,0,3,476191715,-1223625418,0.0,0.699999988079071,1.8625783920288086,0.0,0.0,0.0,0.0,1.8625783920288086,0.0,23,30500,47.6191715,-122.3625418,3.4770514038655227
897,1728407519.276,1,220,0,0,185,0,0,3,476191715,-1223625418,0.0,0.699999988079071,1.8625783920288086,0.0,0.0,0.0,0.0,1.8625783920288086,0.0,23,30500,47.6191715,-122.3625418,3.4740316321033577
898,1728407519.5379999,1,220,0,0,185,0,0,3,476191733,-1223625428,0.0,0.699999988079071,1.8508412837982178,0.0,0.0,0.0,0.0,1.8508412837982178,0.0,23,30500,47.6191733,-122.3625428,3.460207629584314
899,1728407519.77,1,220,0,0,185,0,0,3,476191733,-1223625428,0.0,0.699999988079071,1.8508412837982178,0.0,0.0,0.0,0.0,1.8508412837982178,0.0,23,30500,47.6191733,-122.3625428,3.47342833583746
900,1728407520.033,1,220,0,0,185,0,0,3,476191726,-1223625429,0.0,0.699999988079071,1.8872846364974976,0.0,0.0,0.0,0.0,1.8872846364974976,0.0,23,30400,47.6191726,-122.3625429,3.4674063043525525
901,1728407520.2919998,1,220,0,0,185,0,0,3,476191726,-1223625429,0.0,0.699999988079071,1.8872846364974976,0.0,0.0,0.0,0.0,1.8872846364974976,0.0,23,30400,47.6191726,-122.3625429,3.4825005613817432
902,1728407520.554,1,220,0,0,185,0,0,3,476191720,-1223625427,0.0,0.699999988079071,1.9058916568756104,0.0,0.0,0.0,0.0,1.9058916568756104,0.0,23,30400,47.619172,-122.3625427,3.180155810274768
903,1728407520.796,1,220,0,0,185,0,0,3,476191720,-1223625427,0.0,0.699999988079071,1.9058916568756104,0.0,0.0,0.0,0.0,1.9058916568756104,0.0,23,30400,47.619172,-122.3625427,3.4873583898584926
904,1728407521.069,1,220,0,0,185,0,0,3,476191730,-1223625431,0.0,0.699999988079071,1.9316996335983276,0.0,0.0,0.0,0.0,1.9316996335983276,0.0,23,30400,47.619173,-122.3625431,3.5075411267857457
905,1728407521.3179998,1,220,0,0,185,0,0,3,476191730,-1223625431,0.0,0.699999988079071,1.9316996335983276,0.0,0.0,0.0,0.0,1.9316996335983276,0.0,23,30400,47.619173,-122.3625431,3.4758427789876416
906,1728407521.579,1,220,0,0,185,0,0,3,476191740,-1223625435,0.0,0.699999988079071,1.9681912660598755,0.0,0.0,0.0,0.0,1.9681912660598755,0.0,23,30400,47.619174,-122.3625435,3.4831068689047453
907,1728407521.8539999,1,220,0,0,185,0,0,3,476191740,-1223625435,0.0,0.699999988079071,1.9681912660598755,0.0,0.0,0.0,0.0,1.9681912660598755,0.0,23,30400,47.619174,-122.3625435,3.5223670472098183
908,1728407522.133,1,220,0,0,185,0,0,3,476191757,-1223625469,0.0,0.699999988079071,1.9872488975524902,0.0,0.0,0.0,0.0,1.9872488975524902,0.0,23,30400,47.6191757,-122.3625469,3.5348179616416617
909,1728407522.386,1,220,0,0,185,0,0,3,476191757,-1223625475,0.0,0.699999988079071,1.998152494430542,0.0,0.0,0.0,0.0,1.998152494430542,0.0,23,30400,47.6191757,-122.3625475,3.503854273617568
910,1728407522.632,1,220,0,0,185,0,0,3,476191757,-1223625475,0.0,0.699999988079071,1.998152494430542,0.0,0.0,0.0,0.0,1.998152494430542,0.0,23,30400,47.6191757,-122.3625475,3.52422910450191
911,1728407522.8939998,1,220,0,0,185,0,0,3,476191757,-1223625475,0.0,0.699999988079071,1.998152494430542,0.0,0.0,0.0,0.0,1.998152494430542,0.0,23,30400,47.6191757,-122.3625475,3.5192679379247473
912,1728407523.679,1,220,0,0,185,0,0,3,476191802,-1223625504,0.0,0.699999988079071,2.188267946243286,0.0,0.0,0.0,0.0,2.188267946243286,0.0,23,30500,47.6191802,-122.3625504,3.534193370404565
913,1728407523.9459999,1,220,0,0,185,0,0,3,476191789,-1223625504,0.0,0.699999988079071,2.006490468978882,0.0,0.0,0.0,0.0,2.006490468978882,0.0,23,30600,47.6191789,-122.3625504,3.5093876846823653
914,1728407524.188,1,220,0,0,185,0,0,3,476191789,-1223625504,0.0,0.699999988079071,2.006490468978882,0.0,0.0,0.0,0.0,2.006490468978882,0.0,23,30600,47.6191789,-122.3625504,3.532944701082865
915,1728407524.47,1,220,0,0,185,0,0,3,476191793,-1223625521,0.0,0.699999988079071,1.958061933517456,0.0,0.0,0.0,0.0,1.958061933517456,0.0,23,30500,47.6191793,-122.3625521,3.499562461243945
916,1728407524.734,1,220,0,0,185,0,0,3,476191793,-1223625521,0.0,0.699999988079071,1.958061933517456,0.0,0.0,0.0,0.0,1.958061933517456,0.0,23,30500,47.6191793,-122.3625521,3.510003538202038
917,1728407524.954,1,220,0,0,185,0,0,3,476191785,-1223625504,0.0,0.699999988079071,1.9801942110061646,0.0,0.0,0.0,0.0,1.9801942110061646,0.0,23,30400,47.6191785,-122.3625504,3.506311362793744
918,1728407525.1959999,1,220,0,0,185,0,0,3,476191785,-1223625504,0.0,0.699999988079071,1.9801942110061646,0.0,0.0,0.0,0.0,1.9801942110061646,0.0,23,30400,47.6191785,-122.3625504,3.508156479036416
919,1728407525.478,1,220,0,0,185,0,0,3,476191789,-1223625513,0.0,0.699999988079071,1.92719304561615,0.0,0.0,0.0,0.0,1.92719304561615,0.0,23,30400,47.6191789,-122.3625513,3.5032404295760644
920,1728407525.708,1,220,0,0,185,0,0,3,476191789,-1223625513,0.0,0.699999988079071,1.92719304561615,0.0,0.0,0.0,0.0,1.92719304561615,0.0,23,30400,47.6191789,-122.3625513,3.506311362793744
921,1728407525.975,1,220,0,0,185,0,0,3,476191801,-1223625533,0.0,0.699999988079071,1.885376214981079,0.0,0.0,0.0,0.0,1.885376214981079,0.0,23,30300,47.6191801,-122.3625533,3.500787640995292
922,1728407526.2129998,1,220,0,0,185,0,0,3,476191801,-1223625533,0.0,0.699999988079071,1.885376214981079,0.0,0.0,0.0,0.0,1.885376214981079,0.0,23,30300,47.6191801,-122.3625533,3.6643459513899543
923,1728407526.495,1,220,0,0,185,0,0,3,476191807,-1223625547,0.0,0.699999988079071,1.8752069473266602,0.0,0.0,0.0,0.0,1.8752069473266602,0.0,23,30300,47.6191807,-122.3625547,3.6744441875167575
924,1728407526.73,1,220,0,0,185,0,0,3,476191807,-1223625547,0.0,0.699999988079071,1.8752069473266602,0.0,0.0,0.0,0.0,1.8752069473266602,0.0,23,30300,47.6191807,-122.3625547,3.658313512363139
925,1728407527.033,1,220,0,0,185,0,0,3,476191821,-1223625563,0.0,0.699999988079071,1.8719069957733154,0.0,0.0,0.0,0.0,1.8719069957733154,0.0,23,30300,47.6191821,-122.3625563,3.676470710692938
926,1728407527.277,1,220,0,0,185,0,0,3,476191821,-1223625563,0.0,0.699999988079071,1.8719069957733154,0.0,0.0,0.0,0.0,1.8719069957733154,0.0,23,30300,47.6191821,-122.3625563,3.6852772860330556
927,1728407527.5579998,1,220,0,0,185,0,0,3,476191840,-1223625571,0.0,0.699999988079071,1.8832571506500244,0.0,0.0,0.0,0.0,1.8832571506500244,0.0,23,30400,47.619184,-122.3625571,3.6350418987514006
928,1728407527.8339999,1,220,0,0,185,0,0,3,476191840,-1223625571,0.0,0.699999988079071,1.8832571506500244,0.0,0.0,0.0,0.0,1.8832571506500244,0.0,23,30400,47.619184,-122.3625571,3.649635023793565
929,1728407528.095,1,220,0,0,185,0,0,3,476191859,-1223625589,0.0,0.699999988079071,1.8775889873504639,0.0,0.0,0.0,0.0,1.8775889873504639,0.0,23,30400,47.6191859,-122.3625589,3.6529681001596686
930,1728407528.336,1,220,0,0,185,0,0,3,476191859,-1223625589,0.0,0.699999988079071,1.8775889873504639,0.0,0.0,0.0,0.0,1.8775889873504639,0.0,23,30400,47.6191859,-122.3625589,3.6416606870284185
931,1728407528.6069999,1,220,0,0,185,0,0,3,476191859,-1223625589,0.0,0.699999988079071,1.8775889873504639,0.0,0.0,0.0,0.0,1.8775889873504639,0.0,23,30400,47.6191859,-122.3625589,3.651634107534223
932,1728407529.1369998,1,220,0,0,185,0,0,3,476191866,-1223625624,0.0,0.699999988079071,2.021634340286255,0.0,0.0,0.0,0.0,2.021634340286255,0.0,23,30400,47.6191866,-122.3625624,3.6403347806390753
933,1728407529.389,1,220,0,0,185,0,0,3,476191866,-1223625624,0.0,0.699999988079071,1.8903911113739014,0.0,0.0,0.0,0.0,1.8903911113739014,0.0,23,30400,47.6191866,-122.3625624,3.642987243216351
934,1728407529.655,1,220,0,0,185,0,0,3,476191880,-1223625643,0.0,0.699999988079071,1.8903911113739014,0.0,0.0,0.0,0.0,1.8903911113739014,0.0,23,30400,47.619188,-122.3625643,3.6192545747483478
935,1728407529.9099998,1,220,0,0,185,0,0,3,476191900,-1223625645,0.0,0.699999988079071,1.9005945920944214,0.0,0.0,0.0,0.0,1.9005945920944214,0.0,23,30400,47.61919,-122.3625645,3.662332929085556
936,1728407530.161,1,220,0,0,185,0,0,3,476191900,-1223625645,0.0,0.699999988079071,1.9005945920944214,0.0,0.0,0.0,0.0,1.9005945920944214,0.0,23,30400,47.61919,-122.3625645,3.665017397303611
937,1728407530.4559999,1,220,0,0,185,0,0,3,476191901,-1223625657,0.0,0.699999988079071,1.8845906257629395,0.0,0.0,0.0,0.0,1.8845906257629395,0.0,23,30400,47.6191901,-122.3625657,3.665017397303611
938,1728407530.6759999,1,220,0,0,185,0,0,3,476191901,-1223625657,0.0,0.699999988079071,1.8845906257629395,0.0,0.0,0.0,0.0,1.8845906257629395,0.0,23,30400,47.6191901,-122.3625657,3.6690515668640775
939,1728407530.9529998,1,220,0,0,185,0,0,3,476191897,-1223625670,0.0,0.699999988079071,1.8910216093063354,0.0,0.0,0.0,0.0,1.8910216093063354,0.0,23,30400,47.6191897,-122.362567,3.676470710692938
940,1728407531.1999998,1,220,0,0,185,0,0,3,476191897,-1223625670,0.0,0.699999988079071,1.8910216093063354,0.0,0.0,0.0,0.0,1.8910216093063354,0.0,23,30400,47.6191897,-122.362567,3.671745897182634
941,1728407531.452,1,220,0,0,185,0,0,3,476191903,-1223625671,0.0,0.699999988079071,1.8899482488632202,0.0,0.0,0.0,0.0,1.8899482488632202,0.0,23,30500,47.6191903,-122.3625671,3.675119339623489
942,1728407531.707,1,220,0,0,185,0,0,3,476191903,-1223625671,0.0,0.699999988079071,1.8899482488632202,0.0,0.0,0.0,0.0,1.8899482488632202,0.0,23,30500,47.6191903,-122.3625671,3.671745897182634
943,1728407531.985,1,220,0,0,185,0,0,3,476191917,-1223625673,0.0,0.699999988079071,1.8785079717636108,0.0,0.0,0.0,0.0,1.8785079717636108,0.0,23,30400,47.6191917,-122.3625673,3.6757949009535342
944,1728407532.2559998,1,220,0,0,185,0,0,3,476191917,-1223625673,0.0,0.699999988079071,1.8785079717636108,0.0,0.0,0.0,0.0,1.8785079717636108,0.0,23,30400,47.6191917,-122.3625673,3.673094627218645
945,1728407532.494,1,220,0,0,185,0,0,3,476191918,-1223625679,0.0,0.699999988079071,1.8571206331253052,0.0,0.0,0.0,0.0,1.8571206331253052,0.0,23,30200,47.6191918,-122.3625679,3.660322117289636
946,1728407532.734,1,220,0,0,185,0,0,3,476191918,-1223625679,0.0,0.699999988079071,1.8571206331253052,0.0,0.0,0.0,0.0,1.8571206331253052,0.0,23,30200,47.6191918,-122.3625679,3.665017397303611
947,1728407533.0149999,1,220,0,0,185,0,0,3,476191888,-1223625688,0.0,0.699999988079071,1.8371961116790771,0.0,0.0,0.0,0.0,1.8371961116790771,0.0,23,30100,47.6191888,-122.3625688,3.694126315694909
948,1728407533.2849998,1,220,0,0,185,0,0,3,476191888,-1223625688,0.0,0.699999988079071,1.8371961116790771,0.0,0.0,0.0,0.0,1.8371961116790771,0.0,23,30100,47.6191888,-122.3625688,3.646973033962953
949,1728407533.5349998,1,220,0,0,185,0,0,3,476191873,-1223625697,0.0,0.699999988079071,1.832900047302246,0.0,0.0,0.0,0.0,1.832900047302246,0.0,23,29900,47.6191873,-122.3625697,3.654302908602088
950,1728407533.783,1,220,0,0,185,0,0,3,476191873,-1223625697,0.0,0.699999988079071,1.832900047302246,0.0,0.0,0.0,0.0,1.832900047302246,0.0,23,29900,47.6191873,-122.3625697,3.6403347806390753
951,1728407534.049,1,220,0,0,185,0,0,3,476191873,-1223625697,0.0,0.699999988079071,1.832900047302246,0.0,0.0,0.0,0.0,1.832900047302246,0.0,23,29900,47.6191873,-122.3625697,3.625815787243145
952,1728407534.5839999,1,220,0,0,185,0,0,3,476191887,-1223625681,0.0,0.699999988079071,2.0028469562530518,0.0,0.0,0.0,0.0,2.0028469562530518,0.0,23,29800,47.6191887,-122.3625681,3.6245017049434782
953,1728407534.83,1,220,0,0,185,0,0,3,476191887,-1223625681,0.0,0.699999988079071,2.0028469562530518,0.0,0.0,0.0,0.0,2.0028469562530518,0.0,23,29800,47.6191887,-122.3625681,3.5938903493901067
954,1728407535.1,1,220,0,0,185,0,0,3,476191887,-1223625703,0.0,0.699999988079071,1.8588160276412964,0.0,0.0,0.0,0.0,1.8588160276412964,0.0,23,29800,47.6191887,-122.3625703,3.6409976131231696
955,1728407535.3739998,1,220,0,0,185,0,0,3,476191887,-1223625703,0.0,0.699999988079071,1.8503183126449585,0.0,0.0,0.0,0.0,1.8503183126449585,0.0,23,29800,47.6191887,-122.3625703,3.6212203500077984
956,1728407535.618,1,220,0,0,185,0,0,3,476191880,-1223625715,0.0,0.699999988079071,1.8503183126449585,0.0,0.0,0.0,0.0,1.8503183126449585,0.0,23,29800,47.619188,-122.3625715,3.602305445803232
957,1728407535.87,1,220,0,0,185,0,0,3,476191880,-1223625715,0.0,0.699999988079071,1.8503183126449585,0.0,0.0,0.0,0.0,1.8503183126449585,0.0,23,29800,47.619188,-122.3625715,3.6192544185960625
958,1728407536.1599998,1,220,0,0,185,0,0,3,476191871,-1223625691,0.0,0.699999988079071,1.8665701150894165,0.0,0.0,0.0,0.0,1.8665701150894165,0.0,23,29800,47.6191871,-122.3625691,3.635702489855292
959,1728407536.4259999,1,220,0,0,185,0,0,3,476191849,-1223625686,0.0,0.699999988079071,1.8527076244354248,0.0,0.0,0.0,0.0,1.8527076244354248,0.0,23,29800,47.6191849,-122.3625686,3.6185994783261903
960,1728407536.694,1,220,0,0,185,0,0,3,476191849,-1223625686,0.0,0.699999988079071,1.8527076244354248,0.0,0.0,0.0,0.0,1.8527076244354248,0.0,23,29800,47.6191849,-122.3625686,3.6127167542928156
961,1728407536.968,1,220,0,0,185,0,0,3,476191841,-1223625732,0.0,0.699999988079071,1.7677026987075806,0.0,0.0,0.0,0.0,1.7677026987075806,0.0,23,29800,47.6191841,-122.3625732,3.6140224592545054
962,1728407537.225,1,220,0,0,185,0,0,3,476191841,-1223625732,0.0,0.699999988079071,1.7677026987075806,0.0,0.0,0.0,0.0,1.7677026987075806,0.0,23,29800,47.6191841,-122.3625732,3.6029543458710895
963,1728407537.55,1,220,0,0,185,0,0,3,476191840,-1223625735,0.0,0.699999988079071,1.7561067342758179,0.0,0.0,0.0,0.0,1.7561067342758179,0.0,23,29600,47.619184,-122.3625735,3.5938903493901067
964,1728407537.7489998,1,220,0,0,185,0,0,3,476191840,-1223625735,0.0,0.699999988079071,1.7561067342758179,0.0,0.0,0.0,0.0,1.7561067342758179,0.0,23,29600,47.619184,-122.3625735,3.6238448643714087
965,1728407538.017,1,220,0,0,185,0,0,3,476191837,-1223625729,0.0,0.699999988079071,1.771675944328308,0.0,0.0,0.0,0.0,1.771675944328308,0.0,23,29400,47.6191837,-122.3625729,3.6277888551574917
966,1728407538.286,1,220,0,0,185,0,0,3,476191837,-1223625729,0.0,0.699999988079071,1.771675944328308,0.0,0.0,0.0,0.0,1.771675944328308,0.0,23,29400,47.6191837,-122.3625729,3.6146755878506753
967,1728407538.541,1,220,0,0,185,0,0,3,476191842,-1223625713,0.0,0.699999988079071,1.7727285623550415,0.0,0.0,0.0,0.0,1.7727285623550415,0.0,23,29300,47.6191842,-122.3625713,3.60555259556042
968,1728407538.786,1,220,0,0,185,0,0,3,476191842,-1223625713,0.0,0.699999988079071,1.7727285623550415,0.0,0.0,0.0,0.0,1.7727285623550415,0.0,23,29300,47.6191842,-122.3625713,3.631081973179469
969,1728407539.062,1,220,0,0,185,0,0,3,476191847,-1223625722,0.0,0.699999988079071,1.7359777688980103,0.0,0.0,0.0,0.0,1.7359777688980103,0.0,23,29200,47.6191847,-122.3625722,3.6304229027939896
970,1728407539.319,1,220,0,0,185,0,0,3,476191847,-1223625722,0.0,0.699999988079071,1.7359777688980103,0.0,0.0,0.0,0.0,1.7359777688980103,0.0,23,29200,47.6191847,-122.3625722,3.632401146678224
971,1728407539.583,1,220,0,0,185,0,0,3,476191847,-1223625722,0.0,0.699999988079071,1.7359777688980103,0.0,0.0,0.0,0.0,1.7359777688980103,0.0,23,29200,47.6191847,-122.3625722,3.6357026474301026
972,1728407540.135,1,220,0,0,185,0,0,3,476191836,-1223625757,0.0,0.699999988079071,1.823348045349121,0.0,0.0,0.0,0.0,1.823348045349121,0.0,23,29200,47.6191836,-122.3625757,3.6363636363636362
973,1728407540.395,1,220,0,0,185,0,0,3,476191836,-1223625757,0.0,0.699999988079071,1.720241665840149,0.0,0.0,0.0,0.0,1.720241665840149,0.0,23,29200,47.6191836,-122.3625757,3.656975772940062
974,1728407540.619,1,220,0,0,185,0,0,3,476191841,-1223625740,0.0,0.699999988079071,1.720241665840149,0.0,0.0,0.0,0.0,1.720241665840149,0.0,23,29200,47.6191841,-122.362574,3.6225320536087247
975,1728407540.8869998,1,220,0,0,185,0,0,3,476191850,-1223625755,0.0,0.699999988079071,1.6836421489715576,0.0,0.0,0.0,0.0,1.6836421489715576,0.0,23,29200,47.619185,-122.3625755,3.625158627008024
976,1728407541.151,1,220,0,0,185,0,0,3,476191850,-1223625755,0.0,0.699999988079071,1.6836421489715576,0.0,0.0,0.0,0.0,1.6836421489715576,0.0,23,29200,47.619185,-122.3625755,3.644314924534089
977,1728407541.4169998,1,220,0,0,185,0,0,3,476191850,-1223625795,0.0,0.699999988079071,1.6389645338058472,0.0,0.0,0.0,0.0,1.6389645338058472,0.0,23,29200,47.619185,-122.3625795,3.6277888551574917
978,1728407541.668,1,220,0,0,185,0,0,3,476191850,-1223625795,0.0,0.699999988079071,1.6389645338058472,0.0,0.0,0.0,0.0,1.6389645338058472,0.0,23,29200,47.619185,-122.3625795,3.633720964231625
979,1728407541.935,1,220,0,0,185,0,0,3,476191844,-1223625817,0.0,0.699999988079071,1.6144192218780518,0.0,0.0,0.0,0.0,1.6144192218780518,0.0,23,29200,47.6191844,-122.3625817,3.632401146678224
980,1728407542.1999998,1,220,0,0,185,0,0,3,476191844,-1223625817,0.0,0.699999988079071,1.6144192218780518,0.0,0.0,0.0,0.0,1.6144192218780518,0.0,23,29200,47.6191844,-122.3625817,3.62713097957608
981,1728407542.4689999,1,220,0,0,185,0,0,3,476191832,-1223625828,0.0,0.699999988079071,1.5844531059265137,0.0,0.0,0.0,0.0,1.5844531059265137,0.0,23,29200,47.6191832,-122.3625828,3.642987243216351
982,1728407542.725,1,220,0,0,185,0,0,3,476191832,-1223625828,0.0,0.699999988079071,1.5844531059265137,0.0,0.0,0.0,0.0,1.5844531059265137,0.0,23,29200,47.6191832,-122.3625828,3.336670026695403
983,1728407543.0189998,1,220,0,0,185,0,0,3,476191822,-1223625816,0.0,0.699999988079071,1.6087933778762817,0.0,0.0,0.0,0.0,1.6087933778762817,0.0,23,29200,47.6191822,-122.3625816,3.3472803881542315
984,1728407543.27,1,220,0,0,185,0,0,3,476191822,-1223625816,0.0,0.699999988079071,1.6087933778762817,0.0,0.0,0.0,0.0,1.6087933778762817,0.0,23,29200,47.6191822,-122.3625816,3.299241154806457
985,1728407543.534,1,220,0,0,185,0,0,3,476191825,-1223625800,0.0,0.699999988079071,1.6116564273834229,0.0,0.0,0.0,0.0,1.6116564273834229,0.0,23,29200,47.6191825,-122.36258,3.3129036617569896
986,1728407543.774,1,220,0,0,185,0,0,3,476191825,-1223625800,0.0,0.699999988079071,1.6116564273834229,0.0,0.0,0.0,0.0,1.6116564273834229,0.0,23,29200,47.6191825,-122.36258,3.324468198939386
987,1728407544.054,1,220,0,0,185,0,0,3,476191823,-1223625811,0.0,0.699999988079071,1.5812102556228638,0.0,0.0,0.0,0.0,1.5812102556228638,0.0,23,29200,47.6191823,-122.3625811,3.316199559706399
988,1728407544.29,1,220,0,0,185,0,0,3,476191823,-1223625811,0.0,0.699999988079071,1.5812102556228638,0.0,0.0,0.0,0.0,1.5812102556228638,0.0,23,29200,47.6191823,-122.3625811,3.323363305747746
989,1728407544.5679998,1,220,0,0,185,0,0,3,476191823,-1223625832,0.0,0.699999988079071,1.5607578754425049,0.0,0.0,0.0,0.0,1.5607578754425049,0.0,23,29200,47.6191823,-122.3625832,3.3161996908030003
990,1728407544.833,1,220,0,0,185,0,0,3,476191823,-1223625832,0.0,0.699999988079071,1.5607578754425049,0.0,0.0,0.0,0.0,1.5607578754425049,0.0,23,29200,47.6191823,-122.3625832,3.331112487899384
991,1728407545.073,1,220,0,0,185,0,0,3,476191823,-1223625832,0.0,0.699999988079071,1.5607578754425049,0.0,0.0,0.0,0.0,1.5607578754425049,0.0,23,29200,47.6191823,-122.3625832,3.322811068706221
992,1728407546.129,1,220,0,0,185,0,0,3,476191809,-1223625860,0.0,0.699999988079071,1.7214889526367188,0.0,0.0,0.0,0.0,1.7214889526367188,0.0,23,29300,47.6191809,-122.362586,3.3266799269484215
993,1728407546.37,1,220,0,0,185,0,0,3,476191809,-1223625860,0.0,0.699999988079071,1.7214889526367188,0.0,0.0,0.0,0.0,1.7214889526367188,0.0,23,29300,47.6191809,-122.362586,3.3338889412172423
994,1728407546.681,1,220,0,0,185,0,0,3,476191817,-1223625903,0.0,0.699999988079071,1.5776976346969604,0.0,0.0,0.0,0.0,1.5776976346969604,0.0,23,29300,47.6191817,-122.3625903,3.327233450821219
995,1728407546.924,1,220,0,0,185,0,0,3,476191818,-1223625919,0.0,0.699999988079071,1.5619193315505981,0.0,0.0,0.0,0.0,1.5619193315505981,0.0,23,29300,47.6191818,-122.3625919,3.327233450821219
996,1728407547.1669998,1,220,0,0,185,0,0,3,476191818,-1223625919,0.0,0.699999988079071,1.5619193315505981,0.0,0.0,0.0,0.0,1.5619193315505981,0.0,23,29300,47.6191818,-122.3625919,3.3277870269111895
997,1728407547.448,1,220,0,0,185,0,0,3,476191819,-1223625903,0.0,0.699999988079071,1.5998950004577637,0.0,0.0,0.0,0.0,1.5998950004577637,0.0,23,29300,47.6191819,-122.3625903,3.3361133588651324
998,1728407547.6859999,1,220,0,0,185,0,0,3,476191819,-1223625903,0.0,0.699999988079071,1.5998950004577637,0.0,0.0,0.0,0.0,1.5998950004577637,0.0,23,29300,47.6191819,-122.3625903,3.3311126201777173
999,1728407547.9659998,1,220,0,0,185,0,0,3,476191823,-1223625903,0.0,0.699999988079071,1.602501392364502,0.0,0.0,0.0,0.0,1.602501392364502,0.0,23,29400,47.6191823,-122.3625903,3.3377836542421355
1000,1728407548.204,1,220,0,0,185,0,0,3,476191823,-1223625903,0.0,0.699999988079071,1.602501392364502,0.0,0.0,0.0,0.0,1.602501392364502,0.0,23,29400,47.6191823,-122.3625903,3.3461602821452727
1001,1728407548.488,1,220,0,0,185,0,0,3,476191836,-1223625910,0.0,0.699999988079071,1.5990877151489258,0.0,0.0,0.0,0.0,1.5990877151489258,0.0,23,29600,47.6191836,-122.362591,3.0422878551517525
1002,1728407548.737,1,220,0,0,185,0,0,3,476191836,-1223625910,0.0,0.699999988079071,1.5990877151489258,0.0,0.0,0.0,0.0,1.5990877151489258,0.0,23,29600,47.6191836,-122.362591,3.4387895551017476
1003,1728407549.018,1,220,0,0,185,0,0,3,476191837,-1223625919,0.0,0.699999988079071,1.58858060836792,0.0,0.0,0.0,0.0,1.58858060836792,0.0,23,29900,47.6191837,-122.3625919,3.4405642739867117
1004,1728407549.281,1,220,0,0,185,0,0,3,476191837,-1223625919,0.0,0.699999988079071,1.58858060836792,0.0,0.0,0.0,0.0,1.58858060836792,0.0,23,29900,47.6191837,-122.3625919,3.4584125931844363
1005,1728407549.5449998,1,220,0,0,185,0,0,3,476191836,-1223625901,0.0,0.699999988079071,1.5815976858139038,0.0,0.0,0.0,0.0,1.5815976858139038,0.0,23,29900,47.6191836,-122.3625901,3.4722222279711272
1006,1728407549.784,1,220,0,0,185,0,0,3,476191836,-1223625901,0.0,0.699999988079071,1.5815976858139038,0.0,0.0,0.0,0.0,1.5815976858139038,0.0,23,29900,47.6191836,-122.3625901,3.4506556222975835
1007,1728407550.049,1,220,0,0,185,0,0,3,476191833,-1223625912,0.0,0.699999988079071,1.545926570892334,0.0,0.0,0.0,0.0,1.545926570892334,0.0,23,29900,47.6191833,-122.3625912,3.472825105298088
1008,1728407550.294,1,220,0,0,185,0,0,3,476191833,-1223625912,0.0,0.699999988079071,1.545926570892334,0.0,0.0,0.0,0.0,1.545926570892334,0.0,23,29900,47.6191833,-122.3625912,3.4644032553944526
1009,1728407550.56,1,220,0,0,185,0,0,3,476191826,-1223625953,0.0,0.699999988079071,1.4654508829116821,0.0,0.0,0.0,0.0,1.4654508829116821,0.0,24,30000,47.6191826,-122.3625953,3.4650034203482654
1010,1728407550.81,1,220,0,0,185,0,0,3,476191826,-1223625953,0.0,0.699999988079071,1.4654508829116821,0.0,0.0,0.0,0.0,1.4654508829116821,0.0,24,30000,47.6191826,-122.3625953,3.4482758904183806
1011,1728407551.6469998,1,220,0,0,185,0,0,3,476191847,-1223625946,0.0,0.699999988079071,1.5847821235656738,0.0,0.0,0.0,0.0,1.5847821235656738,0.0,24,29800,47.6191847,-122.3625946,3.4584125931844363
1012,1728407551.945,1,220,0,0,185,0,0,3,476191850,-1223625966,0.0,0.699999988079071,1.4387909173965454,0.0,0.0,0.0,0.0,1.4387909173965454,0.0,24,29800,47.619185,-122.3625966,3.4464932090352054
1013,1728407552.1829998,1,220,0,0,185,0,0,3,476191850,-1223625966,0.0,0.699999988079071,1.4387909173965454,0.0,0.0,0.0,0.0,1.4387909173965454,0.0,24,29800,47.619185,-122.3625966,3.463803298310907
1014,1728407552.464,1,220,0,0,185,0,0,3,476191840,-1223625999,0.0,0.699999988079071,1.387033462524414,0.0,0.0,0.0,0.0,1.387033462524414,0.0,24,29800,47.619184,-122.3625999,3.4590106841376107
1015,1728407552.684,1,220,0,0,185,0,0,3,476191840,-1223625999,0.0,0.699999988079071,1.387033462524414,0.0,0.0,0.0,0.0,1.387033462524414,0.0,24,29800,47.619184,-122.3625999,3.4644032553944526
1016,1728407552.9629998,1,220,0,0,185,0,0,3,476191839,-1223625999,0.0,0.699999988079071,1.383653998374939,0.0,0.0,0.0,0.0,1.383653998374939,0.0,24,29800,47.6191839,-122.3625999,3.4464932090352054
1017,1728407553.207,1,220,0,0,185,0,0,3,476191839,-1223625999,0.0,0.699999988079071,1.383653998374939,0.0,0.0,0.0,0.0,1.383653998374939,0.0,24,29800,47.6191839,-122.3625999,3.4506556222975835
1018,1728407553.4589999,1,220,0,0,185,0,0,3,476191849,-1223626008,0.0,0.699999988079071,1.3862334489822388,0.0,0.0,0.0,0.0,1.3862334489822388,0.0,24,29700,47.6191849,-122.3626008,3.404834823496788
1019,1728407553.738,1,220,0,0,185,0,0,3,476191849,-1223626008,0.0,0.699999988079071,1.3862334489822388,0.0,0.0,0.0,0.0,1.3862334489822388,0.0,24,29700,47.6191849,-122.3626008,3.4328870726262037
1020,1728407554.004,1,220,0,0,185,0,0,3,476191855,-1223626026,0.0,0.699999988079071,1.3453264236450195,0.0,0.0,0.0,0.0,1.3453264236450195,0.0,24,29600,47.6191855,-122.3626026,3.4311202630105826
1021,1728407554.271,1,220,0,0,185,0,0,3,476191855,-1223626026,0.0,0.699999988079071,1.3453264236450195,0.0,0.0,0.0,0.0,1.3453264236450195,0.0,24,29600,47.6191855,-122.3626026,3.6010081920432846
1022,1728407554.54,1,220,0,0,185,0,0,3,476191858,-1223626046,0.0,0.699999988079071,1.3593837022781372,0.0,0.0,0.0,0.0,1.3593837022781372,0.0,24,29600,47.6191858,-122.3626046,3.6390101551304133
1023,1728407554.7919998,1,220,0,0,185,0,0,3,476191858,-1223626046,0.0,0.699999988079071,1.3593837022781372,0.0,0.0,0.0,0.0,1.3593837022781372,0.0,24,29600,47.6191858,-122.3626046,3.637686335519545
1024,1728407555.063,1,220,0,0,185,0,0,3,476191868,-1223626016,0.0,0.699999988079071,1.3424934148788452,0.0,0.0,0.0,0.0,1.3424934148788452,0.0,24,29700,47.6191868,-122.3626016,3.62713097957608
1025,1728407555.3179998,1,220,0,0,185,0,0,3,476191868,-1223626016,0.0,0.699999988079071,1.3424934148788452,0.0,0.0,0.0,0.0,1.3424934148788452,0.0,24,29700,47.6191868,-122.3626016,3.6120643333164972
1026,1728407555.587,1,220,0,0,185,0,0,3,476191866,-1223626029,0.0,0.699999988079071,1.359100103378296,0.0,0.0,0.0,0.0,1.359100103378296,0.0,24,29700,47.6191866,-122.3626029,3.6238448643714087
1027,1728407555.845,1,220,0,0,185,0,0,3,476191866,-1223626029,0.0,0.699999988079071,1.359100103378296,0.0,0.0,0.0,0.0,1.359100103378296,0.0,24,29700,47.6191866,-122.3626029,3.61336956664073
1028,1728407556.168,1,220,0,0,185,0,0,3,476191849,-1223626097,0.0,0.699999988079071,1.4198426008224487,0.0,0.0,0.0,0.0,1.4198426008224487,0.0,24,29600,47.6191849,-122.3626097,3.596475383743077
1029,1728407556.386,1,220,0,0,185,0,0,3,476191849,-1223626097,0.0,0.699999988079071,1.4198426008224487,0.0,0.0,0.0,0.0,1.4198426008224487,0.0,24,29600,47.6191849,-122.3626097,3.6218760830461725
1030,1728407556.639,1,220,0,0,185,0,0,3,476191849,-1223626097,0.0,0.699999988079071,1.4198426008224487,0.0,0.0,0.0,0.0,1.4198426008224487,0.0,24,29600,47.6191849,-122.3626097,3.615328952557203
1031,1728407557.201,1,220,0,0,185,0,0,3,476191883,-1223626048,0.0,0.699999988079071,1.5028557777404785,0.0,0.0,0.0,0.0,1.5028557777404785,0.0,24,29600,47.6191883,-122.3626048,3.620564854364616
1032,1728407557.441,1,220,0,0,185,0,0,3,476191895,-1223626042,0.0,0.699999988079071,1.4528965950012207,0.0,0.0,0.0,0.0,1.4528965950012207,0.0,24,29500,47.6191895,-122.3626042,3.6172906206028235
1033,1728407557.681,1,220,0,0,185,0,0,3,476191895,-1223626042,0.0,0.699999988079071,1.4528965950012207,0.0,0.0,0.0,0.0,1.4528965950012207,0.0,24,29500,47.6191895,-122.3626042,3.6185994783261903
1034,1728407557.978,1,220,0,0,185,0,0,3,476191879,-1223626103,0.0,0.699999988079071,1.4644742012023926,0.0,0.0,0.0,0.0,1.4644742012023926,0.0,24,29500,47.6191879,-122.3626103,3.6101083281073474
1035,1728407558.221,1,220,0,0,185,0,0,3,476191879,-1223626103,0.0,0.699999988079071,1.4644742012023926,0.0,0.0,0.0,0.0,1.4644742012023926,0.0,24,29500,47.6191879,-122.3626103,3.6264731857783903
1036,1728407558.4819999,1,220,0,0,185,0,0,3,476191886,-1223626106,0.0,0.699999988079071,1.4757519960403442,0.0,0.0,0.0,0.0,1.4757519960403442,0.0,24,29500,47.6191886,-122.3626106,3.6192544185960625
1037,1728407558.7419999,1,220,0,0,185,0,0,3,476191886,-1223626106,0.0,0.699999988079071,1.4757519960403442,0.0,0.0,0.0,0.0,1.4757519960403442,0.0,24,29500,47.6191886,-122.3626106,3.6284471263747835
1038,1728407559.02,1,220,0,0,185,0,0,3,476191888,-1223626109,0.0,0.699999988079071,1.5077297687530518,0.0,0.0,0.0,0.0,1.5077297687530518,0.0,24,29500,47.6191888,-122.3626109,3.6489692017653677
1039,1728407559.26,1,220,0,0,185,0,0,3,476191888,-1223626109,0.0,0.699999988079071,1.5077297687530518,0.0,0.0,0.0,0.0,1.5077297687530518,0.0,24,29500,47.6191888,-122.3626109,3.6409976131231696
1040,1728407559.536,1,220,0,0,185,0,0,3,476191887,-1223626118,0.0,0.699999988079071,1.54775071144104,0.0,0.0,0.0,0.0,1.54775071144104,0.0,24,29500,47.6191887,-122.3626118,3.303055289760078
1041,1728407559.7949998,1,220,0,0,185,0,0,3,476191887,-1223626118,0.0,0.699999988079071,1.54775071144104,0.0,0.0,0.0,0.0,1.54775071144104,0.0,24,29500,47.6191887,-122.3626118,3.4704147076668845
1042,1728407560.069,1,220,0,0,185,0,0,3,476191879,-1223626145,0.0,0.699999988079071,1.6052809953689575,0.0,0.0,0.0,0.0,1.6052809953689575,0.0,24,29500,47.6191879,-122.3626145,3.4722222279711272
1043,1728407560.319,1,220,0,0,185,0,0,3,476191879,-1223626145,0.0,0.699999988079071,1.6052809953689575,0.0,0.0,0.0,0.0,1.6052809953689575,0.0,24,29500,47.6191879,-122.3626145,3.4536350167609378
1044,1728407560.603,1,220,0,0,185,0,0,3,476191869,-1223626164,0.0,0.699999988079071,1.649583339691162,0.0,0.0,0.0,0.0,1.649583339691162,0.0,24,29600,47.6191869,-122.3626164,3.4873583898584926
1045,1728407560.833,1,220,0,0,185,0,0,3,476191869,-1223626164,0.0,0.699999988079071,1.649583339691162,0.0,0.0,0.0,0.0,1.649583339691162,0.0,24,29600,47.6191869,-122.3626164,3.462603864395306
1046,1728407561.113,1,220,0,0,185,0,0,3,476191858,-1223626187,0.0,0.699999988079071,1.650056004524231,0.0,0.0,0.0,0.0,1.650056004524231,0.0,24,29600,47.6191858,-122.3626187,3.469210691425033
1047,1728407561.3569999,1,220,0,0,185,0,0,3,476191858,-1223626187,0.0,0.699999988079071,1.650056004524231,0.0,0.0,0.0,0.0,1.650056004524231,0.0,24,29600,47.6191858,-122.3626187,3.4578145664926687
1048,1728407561.649,1,220,0,0,185,0,0,3,476191874,-1223626181,0.0,0.699999988079071,1.7286869287490845,0.0,0.0,0.0,0.0,1.7286869287490845,0.0,25,29500,47.6191874,-122.3626181,3.490401384542038
1049,1728407561.879,1,220,0,0,185,0,0,3,476191874,-1223626181,0.0,0.699999988079071,1.7286869287490845,0.0,0.0,0.0,0.0,1.7286869287490845,0.0,25,29500,47.6191874,-122.3626181,3.466204517523848
1050,1728407562.694,1,220,0,0,185,0,0,3,476191890,-1223626243,0.0,0.699999988079071,2.093759536743164,0.0,0.0,0.0,0.0,2.093759536743164,0.0,25,29500,47.619189,-122.3626243,3.4698126668599163
1051,1728407562.964,1,220,0,0,185,0,0,3,476191896,-1223626271,0.0,0.699999988079071,1.9605369567871094,0.0,0.0,0.0,0.0,1.9605369567871094,0.0,25,29500,47.6191896,-122.3626271,3.462603864395306
1052,1728407563.201,1,220,0,0,185,0,0,3,476191896,-1223626271,0.0,0.699999988079071,1.9605369567871094,0.0,0.0,0.0,0.0,1.9605369567871094,0.0,25,29500,47.6191896,-122.3626271,3.482500416806986
1053,1728407563.472,1,220,0,0,185,0,0,3,476191891,-1223626312,0.0,0.699999988079071,1.915117621421814,0.0,0.0,0.0,0.0,1.915117621421814,0.0,25,29500,47.6191891,-122.3626312,3.4590108267686097
1054,1728407563.7129998,1,220,0,0,185,0,0,3,476191891,-1223626312,0.0,0.699999988079071,1.915117621421814,0.0,0.0,0.0,0.0,1.915117621421814,0.0,25,29500,47.6191891,-122.3626312,3.4764470584149554
1055,1728407563.997,1,220,0,0,185,0,0,3,476191922,-1223626265,0.0,0.699999988079071,1.9049713611602783,0.0,0.0,0.0,0.0,1.9049713611602783,0.0,25,29500,47.6191922,-122.3626265,3.469210834898459
1056,1728407564.247,1,220,0,0,185,0,0,3,476191922,-1223626265,0.0,0.699999988079071,1.9049713611602783,0.0,0.0,0.0,0.0,1.9049713611602783,0.0,25,29500,47.6191922,-122.3626265,3.4855350806060903
1057,1728407564.526,1,220,0,0,185,0,0,3,476191907,-1223626288,0.0,0.699999988079071,1.8873567581176758,0.0,0.0,0.0,0.0,1.8873567581176758,0.0,25,29500,47.6191907,-122.3626288,3.4584125931844363
1058,1728407564.75,1,220,0,0,185,0,0,3,476191907,-1223626288,0.0,0.699999988079071,1.8873567581176758,0.0,0.0,0.0,0.0,1.8873567581176758,0.0,25,29500,47.6191907,-122.3626288,3.499562607238822
1059,1728407565.03,1,220,0,0,185,0,0,3,476191898,-1223626302,0.0,0.699999988079071,1.8598628044128418,0.0,0.0,0.0,0.0,1.8598628044128418,0.0,25,29500,47.6191898,-122.3626302,3.4716195599250685
1060,1728407565.3,1,220,0,0,185,0,0,3,476191898,-1223626302,0.0,0.699999988079071,1.8598628044128418,0.0,0.0,0.0,0.0,1.8598628044128418,0.0,25,29500,47.6191898,-122.3626302,3.6343812327362617
1061,1728407565.5709999,1,220,0,0,185,0,0,3,476191923,-1223626344,0.0,0.699999988079071,1.8324733972549438,0.0,0.0,0.0,0.0,1.8324733972549438,0.0,25,29500,47.6191923,-122.3626344,3.6616624663324324
1062,1728407565.812,1,220,0,0,185,0,0,3,476191923,-1223626344,0.0,0.699999988079071,1.8324733972549438,0.0,0.0,0.0,0.0,1.8324733972549438,0.0,25,29500,47.6191923,-122.3626344,3.6523010615461295
1063,1728407566.1009998,1,220,0,0,185,0,0,3,476191934,-1223626364,0.0,0.699999988079071,1.8402146100997925,0.0,0.0,0.0,0.0,1.8402146100997925,0.0,25,29500,47.6191934,-122.3626364,3.646973033962953
1064,1728407566.356,1,220,0,0,185,0,0,3,476191934,-1223626364,0.0,0.699999988079071,1.8402146100997925,0.0,0.0,0.0,0.0,1.8402146100997925,0.0,25,29500,47.6191934,-122.3626364,3.642987243216351
1065,1728407566.5979998,1,220,0,0,185,0,0,3,476191940,-1223626371,0.0,0.699999988079071,1.8418797254562378,0.0,0.0,0.0,0.0,1.8418797254562378,0.0,25,29500,47.619194,-122.3626371,3.6549708379476464
1066,1728407566.8509998,1,220,0,0,185,0,0,3,476191940,-1223626371,0.0,0.699999988079071,1.8418797254562378,0.0,0.0,0.0,0.0,1.8418797254562378,0.0,25,29500,47.619194,-122.3626371,3.6589829087547296
1067,1728407567.1399999,1,220,0,0,185,0,0,3,476191941,-1223626374,0.0,0.699999988079071,1.8089975118637085,0.0,0.0,0.0,0.0,1.8089975118637085,0.0,25,29500,47.6191941,-122.3626374,3.656975772940062
1068,1728407567.3639998,1,220,0,0,185,0,0,3,476191941,-1223626374,0.0,0.699999988079071,1.8089975118637085,0.0,0.0,0.0,0.0,1.8089975118637085,0.0,25,29500,47.6191941,-122.3626374,3.629105479521808
1069,1728407567.6399999,1,220,0,0,185,0,0,3,476191941,-1223626374,0.0,0.699999988079071,1.8089975118637085,0.0,0.0,0.0,0.0,1.8089975118637085,0.0,25,29500,47.6191941,-122.3626374,3.6343812327362617
1070,1728407568.197,1,220,0,0,185,0,0,3,476191904,-1223626451,0.0,0.699999988079071,1.9310729503631592,0.0,0.0,0.0,0.0,1.9310729503631592,0.0,25,29600,47.6191904,-122.3626451,3.6549708379476464
1071,1728407568.4259999,1,220,0,0,185,0,0,3,476191933,-1223626422,0.0,0.699999988079071,1.7702864408493042,0.0,0.0,0.0,0.0,1.7702864408493042,0.0,25,29600,47.6191933,-122.3626422,3.644979048972749
1072,1728407568.6769998,1,220,0,0,185,0,0,3,476191933,-1223626422,0.0,0.699999988079071,1.7702864408493042,0.0,0.0,0.0,0.0,1.7702864408493042,0.0,25,29600,47.6191933,-122.3626422,3.618599634421966
1073,1728407568.9559999,1,220,0,0,185,0,0,3,476191936,-1223626395,0.0,0.699999988079071,1.731478214263916,0.0,0.0,0.0,0.0,1.731478214263916,0.0,25,29700,47.6191936,-122.3626395,3.642987243216351
1074,1728407569.2029998,1,220,0,0,185,0,0,3,476191936,-1223626395,0.0,0.699999988079071,1.731478214263916,0.0,0.0,0.0,0.0,1.731478214263916,0.0,25,29700,47.6191936,-122.3626395,3.6324009893894638
1075,1728407569.4689999,1,220,0,0,185,0,0,3,476191919,-1223626408,0.0,0.699999988079071,1.685768485069275,0.0,0.0,0.0,0.0,1.685768485069275,0.0,25,29700,47.6191919,-122.3626408,3.6245015483380914
1076,1728407569.7129998,1,220,0,0,185,0,0,3,476191919,-1223626408,0.0,0.699999988079071,1.685768485069275,0.0,0.0,0.0,0.0,1.685768485069275,0.0,25,29700,47.6191919,-122.3626408,3.6172906206028235
1077,1728407569.995,1,220,0,0,185,0,0,3,476191893,-1223626530,0.0,0.699999988079071,1.6526240110397339,0.0,0.0,0.0,0.0,1.6526240110397339,0.0,25,29700,47.6191893,-122.362653,3.647638127648428
1078,1728407570.261,1,220,0,0,185,0,0,3,476191893,-1223626530,0.0,0.699999988079071,1.6526240110397339,0.0,0.0,0.0,0.0,1.6526240110397339,0.0,25,29700,47.6191893,-122.362653,3.6337208068285434
1079,1728407570.533,1,220,0,0,185,0,0,3,476191918,-1223626525,0.0,0.699999988079071,1.6723650693893433,0.0,0.0,0.0,0.0,1.6723650693893433,0.0,25,29700,47.6191918,-122.3626525,3.3068782536911616
1080,1728407570.7719998,1,220,0,0,185,0,0,3,476191918,-1223626525,0.0,0.699999988079071,1.6723650693893433,0.0,0.0,0.0,0.0,1.6723650693893433,0.0,25,29700,47.6191918,-122.3626525,3.4825005613817432
1081,1728407571.0579998,1,220,0,0,185,0,0,3,476191941,-1223626510,0.0,0.699999988079071,1.6757302284240723,0.0,0.0,0.0,0.0,1.6757302284240723,0.0,25,29700,47.6191941,-122.362651,3.465603793280397
1082,1728407571.339,1,220,0,0,185,0,0,3,476191941,-1223626510,0.0,0.699999988079071,1.6757302284240723,0.0,0.0,0.0,0.0,1.6757302284240723,0.0,25,29700,47.6191941,-122.362651,3.4584124506027685
1083,1728407571.5909998,1,220,0,0,185,0,0,3,476191926,-1223626576,0.0,0.699999988079071,1.654794692993164,0.0,0.0,0.0,0.0,1.654794692993164,0.0,25,29900,47.6191926,-122.3626576,3.4794710326411122
1084,1728407571.862,1,220,0,0,185,0,0,3,476191926,-1223626576,0.0,0.699999988079071,1.6206223964691162,0.0,0.0,0.0,0.0,1.6206223964691162,0.0,25,29900,47.6191926,-122.3626576,3.4638031552844026
1085,1728407572.116,1,220,0,0,185,0,0,3,476191891,-1223626620,0.0,0.699999988079071,1.6206223964691162,0.0,0.0,0.0,0.0,1.6206223964691162,0.0,25,30000,47.6191891,-122.362662,3.4710169574280916
1086,1728407572.3799999,1,220,0,0,185,0,0,3,476191891,-1223626620,0.0,0.699999988079071,1.62437105178833,0.0,0.0,0.0,0.0,1.62437105178833,0.0,25,30000,47.6191891,-122.362662,3.4506556222975835
1087,1728407572.623,1,220,0,0,185,0,0,3,476191896,-1223626664,0.0,0.699999988079071,1.62437105178833,0.0,0.0,0.0,0.0,1.62437105178833,0.0,25,30000,47.6191896,-122.3626664,3.4578147090250417
1088,1728407572.868,1,220,0,0,185,0,0,3,476191896,-1223626664,0.0,0.699999988079071,1.62437105178833,0.0,0.0,0.0,0.0,1.62437105178833,0.0,25,30000,47.6191896,-122.3626664,3.4554249535108497
1089,1728407573.688,1,220,0,0,185,0,0,3,476191899,-1223626679,0.0,0.699999988079071,1.764188528060913,0.0,0.0,0.0,0.0,1.764188528060913,0.0,25,30000,47.6191899,-122.3626679,3.4686090682501916
1090,1728407573.9399998,1,220,0,0,185,0,0,3,476191894,-1223626687,0.0,0.699999988079071,1.5905182361602783,0.0,0.0,0.0,0.0,1.5905182361602783,0.0,25,30100,47.6191894,-122.3626687,3.4393808775919257
1091,1728407574.197,1,220,0,0,185,0,0,3,476191894,-1223626687,0.0,0.699999988079071,1.5905182361602783,0.0,0.0,0.0,0.0,1.5905182361602783,0.0,25,30100,47.6191894,-122.3626687,3.474635137977503
1092,1728407574.46,1,220,0,0,185,0,0,3,476191900,-1223626703,0.0,0.699999988079071,1.5884966850280762,0.0,0.0,0.0,0.0,1.5884966850280762,0.0,25,30400,47.61919,-122.3626703,3.4752389975416165
1093,1728407574.704,1,220,0,0,185,0,0,3,476191900,-1223626703,0.0,0.699999988079071,1.5884966850280762,0.0,0.0,0.0,0.0,1.5884966850280762,0.0,25,30400,47.61919,-122.3626703,3.469210691425033
1094,1728407574.977,1,220,0,0,185,0,0,3,476191933,-1223626644,0.0,0.699999988079071,1.6200402975082397,0.0,0.0,0.0,0.0,1.6200402975082397,0.0,25,30500,47.6191933,-122.3626644,3.4716195599250685
1095,1728407575.231,1,220,0,0,185,0,0,3,476191933,-1223626644,0.0,0.699999988079071,1.6200402975082397,0.0,0.0,0.0,0.0,1.6200402975082397,0.0,25,30500,47.6191933,-122.3626644,3.4698126668599163
1096,1728407575.5089998,1,220,0,0,185,0,0,3,476191912,-1223626710,0.0,0.699999988079071,1.6001439094543457,0.0,0.0,0.0,0.0,1.6001439094543457,0.0,25,30500,47.6191912,-122.362671,3.4716194162523415
1097,1728407575.7789998,1,220,0,0,185,0,0,3,476191912,-1223626710,0.0,0.699999988079071,1.6001439094543457,0.0,0.0,0.0,0.0,1.6001439094543457,0.0,25,30500,47.6191912,-122.362671,3.463803298310907
1098,1728407576.049,1,220,0,0,185,0,0,3,476191915,-1223626773,0.0,0.699999988079071,1.564189076423645,0.0,0.0,0.0,0.0,1.564189076423645,0.0,25,30500,47.6191915,-122.3626773,3.454231456263985
1099,1728407576.299,1,220,0,0,185,0,0,3,476191915,-1223626773,0.0,0.699999988079071,1.564189076423645,0.0,0.0,0.0,0.0,1.564189076423645,0.0,25,30500,47.6191915,-122.3626773,3.633060935589173
1100,1728407576.587,1,220,0,0,185,0,0,3,476191903,-1223626762,0.0,0.699999988079071,1.548945665359497,0.0,0.0,0.0,0.0,1.548945665359497,0.0,25,30500,47.6191903,-122.3626762,3.6238448643714087
1101,1728407576.814,1,220,0,0,185,0,0,3,476191903,-1223626762,0.0,0.699999988079071,1.548945665359497,0.0,0.0,0.0,0.0,1.548945665359497,0.0,25,30500,47.6191903,-122.3626762,3.629105479521808
1102,1728407577.0939999,1,220,0,0,185,0,0,3,476191935,-1223626724,0.0,0.699999988079071,1.5591247081756592,0.0,0.0,0.0,0.0,1.5591247081756592,0.0,25,30500,47.6191935,-122.3626724,3.6153291083709447
1103,1728407577.356,1,220,0,0,185,0,0,3,476191935,-1223626724,0.0,0.699999988079071,1.5591247081756592,0.0,0.0,0.0,0.0,1.5591247081756592,0.0,25,30500,47.6191935,-122.3626724,3.6245017049434782
1104,1728407577.623,1,220,0,0,185,0,0,3,476191949,-1223626690,0.0,0.699999988079071,1.5832970142364502,0.0,0.0,0.0,0.0,1.5832970142364502,0.0,25,30600,47.6191949,-122.362669,3.6245017049434782
1105,1728407577.8799999,1,220,0,0,185,0,0,3,476191957,-1223626673,0.0,0.699999988079071,1.5869117975234985,0.0,0.0,0.0,0.0,1.5869117975234985,0.0,25,30800,47.6191957,-122.3626673,3.6179450871280188
1106,1728407578.141,1,220,0,0,185,0,0,3,476191957,-1223626673,0.0,0.699999988079071,1.5869117975234985,0.0,0.0,0.0,0.0,1.5869117975234985,0.0,25,30800,47.6191957,-122.3626673,3.6264731857783903
1107,1728407578.3969998,1,220,0,0,185,0,0,3,476191957,-1223626673,0.0,0.699999988079071,1.5869117975234985,0.0,0.0,0.0,0.0,1.5869117975234985,0.0,25,30800,47.6191957,-122.3626673,3.627130822743402
1108,1728407578.658,1,220,0,0,185,0,0,3,476191957,-1223626673,0.0,0.699999988079071,1.5869117975234985,0.0,0.0,0.0,0.0,1.5869117975234985,0.0,25,30800,47.6191957,-122.3626673,3.640997771157306
1109,1728407579.1929998,1,220,0,0,185,0,0,3,476191948,-1223626720,0.0,0.699999988079071,1.6590570211410522,0.0,0.0,0.0,0.0,1.6590570211410522,0.0,25,30900,47.6191948,-122.362672,3.644314924534089
1110,1728407579.4589999,1,220,0,0,185,0,0,3,476191966,-1223626659,0.0,0.699999988079071,1.5613481998443604,0.0,0.0,0.0,0.0,1.5613481998443604,0.0,25,30900,47.6191966,-122.3626659,3.6556388521969088
1111,1728407579.708,1,220,0,0,185,0,0,3,476191966,-1223626659,0.0,0.699999988079071,1.5613481998443604,0.0,0.0,0.0,0.0,1.5613481998443604,0.0,25,30900,47.6191966,-122.3626659,3.642323844337459
1112,1728407579.9919999,1,220,0,0,185,0,0,3,476191960,-1223626688,0.0,0.699999988079071,1.5478864908218384,0.0,0.0,0.0,0.0,1.5478864908218384,0.0,25,30900,47.619196,-122.3626688,3.646308024278096
1113,1728407580.222,1,220,0,0,185,0,0,3,476191960,-1223626688,0.0,0.699999988079071,1.5478864908218384,0.0,0.0,0.0,0.0,1.5478864908218384,0.0,25,30900,47.619196,-122.3626688,3.6556388521969088
1114,1728407580.495,1,220,0,0,185,0,0,3,476191968,-1223626739,0.0,0.699999988079071,1.5341001749038696,0.0,0.0,0.0,0.0,1.5341001749038696,0.0,25,31000,47.6191968,-122.3626739,3.6656890893306247
1115,1728407580.7589998,1,220,0,0,185,0,0,3,476191968,-1223626739,0.0,0.699999988079071,1.5341001749038696,0.0,0.0,0.0,0.0,1.5341001749038696,0.0,25,31000,47.6191968,-122.3626739,3.673094627218645
1116,1728407581.024,1,220,0,0,185,0,0,3,476191976,-1223626756,0.0,0.699999988079071,1.5454076528549194,0.0,0.0,0.0,0.0,1.5454076528549194,0.0,25,31100,47.6191976,-122.3626756,3.6596523905051206
1117,1728407581.293,1,220,0,0,185,0,0,3,476191976,-1223626756,0.0,0.699999988079071,1.5454076528549194,0.0,0.0,0.0,0.0,1.5454076528549194,0.0,25,31100,47.6191976,-122.3626756,3.6825630677723797
1118,1728407581.5419998,1,220,0,0,185,0,0,3,476191965,-1223626708,0.0,0.699999988079071,1.5690617561340332,0.0,0.0,0.0,0.0,1.5690617561340332,0.0,25,31100,47.6191965,-122.3626708,3.6839197578520912
1119,1728407581.787,1,220,0,0,185,0,0,3,476191965,-1223626708,0.0,0.699999988079071,1.5690617561340332,0.0,0.0,0.0,0.0,1.5690617561340332,0.0,25,31100,47.6191965,-122.3626708,3.6589827491554807
1120,1728407582.0579998,1,220,0,0,185,0,0,3,476191993,-1223626719,0.0,0.699999988079071,1.5498275756835938,0.0,0.0,0.0,0.0,1.5498275756835938,0.0,25,31100,47.6191993,-122.3626719,3.6523009025292525
1121,1728407582.3049998,1,220,0,0,185,0,0,3,476191993,-1223626719,0.0,0.699999988079071,1.5498275756835938,0.0,0.0,0.0,0.0,1.5498275756835938,0.0,25,31100,47.6191993,-122.3626719,3.660992089242827
1122,1728407582.579,1,220,0,0,185,0,0,3,476191927,-1223626743,0.0,0.699999988079071,1.568210244178772,0.0,0.0,0.0,0.0,1.568210244178772,0.0,25,31000,47.6191927,-122.3626743,3.658313512363139
1123,1728407582.827,1,220,0,0,185,0,0,3,476191927,-1223626743,0.0,0.699999988079071,1.568210244178772,0.0,0.0,0.0,0.0,1.568210244178772,0.0,25,31000,47.6191927,-122.3626743,3.660322117289636
1124,1728407583.079,1,220,0,0,185,0,0,3,476191927,-1223626702,0.0,0.699999988079071,1.5365804433822632,0.0,0.0,0.0,0.0,1.5365804433822632,0.0,25,30900,47.6191927,-122.3626702,3.6489692017653677
1125,1728407583.3249998,1,220,0,0,185,0,0,3,476191927,-1223626702,0.0,0.699999988079071,1.5365804433822632,0.0,0.0,0.0,0.0,1.5365804433822632,0.0,25,30900,47.6191927,-122.3626702,3.6845982350612956
1126,1728407583.606,1,220,0,0,185,0,0,3,476191921,-1223626757,0.0,0.699999988079071,1.574418067932129,0.0,0.0,0.0,0.0,1.574418067932129,0.0,25,31000,47.6191921,-122.3626757,3.6818851781900195
1127,1728407583.8279998,1,220,0,0,185,0,0,3,476191921,-1223626757,0.0,0.699999988079071,1.574418067932129,0.0,0.0,0.0,0.0,1.574418067932129,0.0,25,31000,47.6191921,-122.3626757,3.703703801818348
1128,1728407584.087,1,220,0,0,185,0,0,3,476191921,-1223626757,0.0,0.699999988079071,1.574418067932129,0.0,0.0,0.0,0.0,1.574418067932129,0.0,25,31000,47.6191921,-122.3626757,3.675794739884289
1129,1728407584.659,1,220,0,0,185,0,0,3,476191924,-1223626670,0.0,0.699999988079071,1.6867303848266602,0.0,0.0,0.0,0.0,1.6867303848266602,0.0,25,31000,47.6191924,-122.362667,3.6812073765908506
1130,1728407584.935,1,220,0,0,185,0,0,3,476191902,-1223626711,0.0,0.699999988079071,1.5613027811050415,0.0,0.0,0.0,0.0,1.5613027811050415,0.0,25,31000,47.6191902,-122.3626711,3.652967941084702
1131,1728407585.171,1,220,0,0,185,0,0,3,476191902,-1223626711,0.0,0.699999988079071,1.5613027811050415,0.0,0.0,0.0,0.0,1.5613027811050415,0.0,25,31000,47.6191902,-122.3626711,3.6523009025292525
1132,1728407585.4589999,1,220,0,0,185,0,0,3,476191924,-1223626755,0.0,0.699999988079071,1.54896080493927,0.0,0.0,0.0,0.0,1.54896080493927,0.0,25,31000,47.6191924,-122.3626755,3.6376864932663664
1133,1728407585.6859999,1,220,0,0,185,0,0,3,476191924,-1223626755,0.0,0.699999988079071,1.54896080493927,0.0,0.0,0.0,0.0,1.54896080493927,0.0,25,31000,47.6191924,-122.3626755,3.6529681001596686
1134,1728407585.9759998,1,220,0,0,185,0,0,3,476191953,-1223626692,0.0,0.699999988079071,1.5448611974716187,0.0,0.0,0.0,0.0,1.5448611974716187,0.0,25,30900,47.6191953,-122.3626692,3.640334938615678
1135,1728407586.187,1,220,0,0,185,0,0,3,476191953,-1223626692,0.0,0.699999988079071,1.5448611974716187,0.0,0.0,0.0,0.0,1.5448611974716187,0.0,25,30900,47.6191953,-122.3626692,3.6416605289367303
1136,1728407586.4559999,1,220,0,0,185,0,0,3,476191961,-1223626720,0.0,0.699999988079071,1.5568047761917114,0.0,0.0,0.0,0.0,1.5568047761917114,0.0,25,31000,47.6191961,-122.362672,3.618599634421966
1137,1728407586.6929998,1,220,0,0,185,0,0,3,476191961,-1223626720,0.0,0.699999988079071,1.5568047761917114,0.0,0.0,0.0,0.0,1.5568047761917114,0.0,25,31000,47.6191961,-122.362672,3.6218760830461725
1138,1728407586.983,1,220,0,0,185,0,0,3,476191960,-1223626745,0.0,0.699999988079071,1.5480444431304932,0.0,0.0,0.0,0.0,1.5480444431304932,0.0,25,30900,47.619196,-122.3626745,3.6172906206028235
1139,1728407587.22,1,220,0,0,185,0,0,3,476191960,-1223626745,0.0,0.699999988079071,1.5480444431304932,0.0,0.0,0.0,0.0,1.5480444431304932,0.0,25,30900,47.619196,-122.3626745,3.631741440136545
1140,1728407587.533,1,220,0,0,185,0,0,3,476191982,-1223626781,0.0,0.699999988079071,1.5106884241104126,0.0,0.0,0.0,0.0,1.5106884241104126,0.0,25,30800,47.6191982,-122.3626781,3.650967555966238
1141,1728407587.781,1,220,0,0,185,0,0,3,476191982,-1223626781,0.0,0.699999988079071,1.5106884241104126,0.0,0.0,0.0,0.0,1.5106884241104126,0.0,25,30800,47.6191982,-122.3626781,3.644979048972749
1142,1728407588.077,1,220,0,0,185,0,0,3,476191974,-1223626762,0.0,0.699999988079071,1.5181926488876343,0.0,0.0,0.0,0.0,1.5181926488876343,0.0,25,30600,47.6191974,-122.3626762,3.6416605289367303
1143,1728407588.3019998,1,220,0,0,185,0,0,3,476191974,-1223626762,0.0,0.699999988079071,1.5181926488876343,0.0,0.0,0.0,0.0,1.5181926488876343,0.0,25,30600,47.6191974,-122.3626762,3.6212203500077984
1144,1728407588.573,1,220,0,0,185,0,0,3,476191967,-1223626741,0.0,0.699999988079071,1.5547301769256592,0.0,0.0,0.0,0.0,1.5547301769256592,0.0,25,30600,47.6191967,-122.3626741,3.6172906206028235
1145,1728407588.817,1,220,0,0,185,0,0,3,476191967,-1223626741,0.0,0.699999988079071,1.5547301769256592,0.0,0.0,0.0,0.0,1.5547301769256592,0.0,25,30600,47.6191967,-122.3626741,3.581661973085428
1146,1728407589.133,1,220,0,0,185,0,0,3,476191970,-1223626725,0.0,0.699999988079071,1.5482298135757446,0.0,0.0,0.0,0.0,1.5482298135757446,0.0,25,30600,47.619197,-122.3626725,3.6172906206028235
1147,1728407589.35,1,220,0,0,185,0,0,3,476191970,-1223626725,0.0,0.699999988079071,1.5482298135757446,0.0,0.0,0.0,0.0,1.5482298135757446,0.0,25,30600,47.619197,-122.3626725,3.6140223035533716
1148,1728407589.616,1,220,0,0,185,0,0,3,476191970,-1223626725,0.0,0.699999988079071,1.5482298135757446,0.0,0.0,0.0,0.0,1.5482298135757446,0.0,25,30600,47.619197,-122.3626725,3.6284471263747835
1149,1728407590.166,1,220,0,0,185,0,0,3,476191976,-1223626787,0.0,0.699999988079071,1.6412975788116455,0.0,0.0,0.0,0.0,1.6412975788116455,0.0,25,30700,47.6191976,-122.3626787,3.601656779429968
1150,1728407590.4129999,1,220,0,0,185,0,0,3,476191986,-1223626797,0.0,0.699999988079071,1.560361385345459,0.0,0.0,0.0,0.0,1.560361385345459,0.0,25,30700,47.6191986,-122.3626797,3.639672505282523
1151,1728407590.658,1,220,0,0,185,0,0,3,476191986,-1223626797,0.0,0.699999988079071,1.560361385345459,0.0,0.0,0.0,0.0,1.560361385345459,0.0,25,30700,47.6191986,-122.3626797,3.6370248656830646
1152,1728407590.951,1,220,0,0,185,0,0,3,476191988,-1223626794,0.0,0.699999988079071,1.5490868091583252,0.0,0.0,0.0,0.0,1.5490868091583252,0.0,25,30700,47.6191988,-122.3626794,3.658313512363139
1153,1728407591.2089999,1,220,0,0,185,0,0,3,476191988,-1223626794,0.0,0.699999988079071,1.5490868091583252,0.0,0.0,0.0,0.0,1.5490868091583252,0.0,25,30700,47.6191988,-122.3626794,3.6456434155099497
1154,1728407591.5049999,1,220,0,0,185,0,0,3,476191960,-1223626757,0.0,0.699999988079071,1.5355764627456665,0.0,0.0,0.0,0.0,1.5355764627456665,0.0,25,30700,47.619196,-122.3626757,3.6376864932663664
1155,1728407591.771,1,220,0,0,185,0,0,3,476191960,-1223626757,0.0,0.699999988079071,1.5355764627456665,0.0,0.0,0.0,0.0,1.5355764627456665,0.0,25,30700,47.619196,-122.3626757,3.617944931088708
1156,1728407591.985,1,220,0,0,185,0,0,3,476192000,-1223626697,0.0,0.699999988079071,1.55466890335083,0.0,0.0,0.0,0.0,1.55466890335083,0.0,25,30700,47.6192,-122.3626697,3.6690515668640775
1157,1728407592.227,1,220,0,0,185,0,0,3,476192000,-1223626697,0.0,0.699999988079071,1.55466890335083,0.0,0.0,0.0,0.0,1.55466890335083,0.0,25,30700,47.6192,-122.3626697,3.646973033962953
1158,1728407592.495,1,220,0,0,185,0,0,3,476192012,-1223626724,0.0,0.6000000238418579,1.5576894283294678,0.0,0.0,0.0,0.0,1.5576894283294678,0.0,25,30700,47.6192012,-122.3626724,3.3025099106501177
1159,1728407592.773,1,220,0,0,185,0,0,3,476192012,-1223626724,0.0,0.6000000238418579,1.5576894283294678,0.0,0.0,0.0,0.0,1.5576894283294678,0.0,25,30700,47.6192012,-122.3626724,3.4668053067867257
1160,1728407593.0279999,1,220,0,0,185,0,0,3,476192021,-1223626746,0.0,0.6000000238418579,1.5366904735565186,0.0,0.0,0.0,0.0,1.5366904735565186,0.0,25,30700,47.6192021,-122.3626746,3.472825105298088
1161,1728407593.28,1,220,0,0,185,0,0,3,476192021,-1223626746,0.0,0.6000000238418579,1.5366904735565186,0.0,0.0,0.0,0.0,1.5366904735565186,0.0,25,30700,47.6192021,-122.3626746,3.4554250958462895
1162,1728407593.544,1,220,0,0,185,0,0,3,476192028,-1223626744,0.0,0.6000000238418579,1.5687732696533203,0.0,0.0,0.0,0.0,1.5687732696533203,0.0,25,30700,47.6192028,-122.3626744,3.4843205517022526
1163,1728407593.7879999,1,220,0,0,185,0,0,3,476192028,-1223626744,0.0,0.6000000238418579,1.5687732696533203,0.0,0.0,0.0,0.0,1.5687732696533203,0.0,25,30700,47.6192028,-122.3626744,3.4572168890690915
1164,1728407594.0709999,1,220,0,0,185,0,0,3,476192001,-1223626715,0.0,0.6000000238418579,1.5846643447875977,0.0,0.0,0.0,0.0,1.5846643447875977,0.0,25,30800,47.6192001,-122.3626715,3.499562461243945
1165,1728407594.345,1,220,0,0,185,0,0,3,476192001,-1223626715,0.0,0.6000000238418579,1.5846643447875977,0.0,0.0,0.0,0.0,1.5846643447875977,0.0,25,30800,47.6192001,-122.3626715,3.499562607238822
1166,1728407594.5839999,1,220,0,0,185,0,0,3,476192014,-1223626690,0.0,0.6000000238418579,1.548640489578247,0.0,0.0,0.0,0.0,1.548640489578247,0.0,25,30900,47.6192014,-122.362669,3.473428192014982
1167,1728407594.8339999,1,220,0,0,185,0,0,3,476192014,-1223626690,0.0,0.6000000238418579,1.548640489578247,0.0,0.0,0.0,0.0,1.548640489578247,0.0,25,30900,47.6192014,-122.362669,3.4536350167609378
1168,1728407595.672,1,220,0,0,185,0,0,3,476192012,-1223626766,0.0,0.6000000238418579,1.6184396743774414,0.0,0.0,0.0,0.0,1.6184396743774414,0.0,25,30900,47.6192012,-122.3626766,3.46140526086388
1169,1728407595.935,1,220,0,0,185,0,0,3,476192011,-1223626778,0.0,0.6000000238418579,1.5145061016082764,0.0,0.0,0.0,0.0,1.5145061016082764,0.0,25,30900,47.6192011,-122.3626778,3.461405403692426
1170,1728407596.172,1,220,0,0,185,0,0,3,476192011,-1223626778,0.0,0.6000000238418579,1.5145061016082764,0.0,0.0,0.0,0.0,1.5145061016082764,0.0,25,30900,47.6192011,-122.3626778,3.4704147076668845
1171,1728407596.4459999,1,220,0,0,185,0,0,3,476192019,-1223626777,0.0,0.6000000238418579,1.5383461713790894,0.0,0.0,0.0,0.0,1.5383461713790894,0.0,25,30900,47.6192019,-122.3626777,3.4590106841376107
1172,1728407596.691,1,220,0,0,185,0,0,3,476192019,-1223626777,0.0,0.6000000238418579,1.5383461713790894,0.0,0.0,0.0,0.0,1.5383461713790894,0.0,25,30900,47.6192019,-122.3626777,3.475238853569153
1173,1728407596.994,1,220,0,0,185,0,0,3,476192035,-1223626764,0.0,0.6000000238418579,1.5536017417907715,0.0,0.0,0.0,0.0,1.5536017417907715,0.0,25,30900,47.6192035,-122.3626764,3.4560221538529485
1174,1728407597.22,1,220,0,0,185,0,0,3,476192035,-1223626764,0.0,0.6000000238418579,1.5536017417907715,0.0,0.0,0.0,0.0,1.5536017417907715,0.0,25,30900,47.6192035,-122.3626764,3.4806821825183416
1175,1728407597.4859998,1,220,0,0,185,0,0,3,476192038,-1223626781,0.0,0.6000000238418579,1.531044602394104,0.0,0.0,0.0,0.0,1.531044602394104,0.0,25,30900,47.6192038,-122.3626781,3.454231456263985
1176,1728407597.743,1,220,0,0,185,0,0,3,476192038,-1223626781,0.0,0.6000000238418579,1.531044602394104,0.0,0.0,0.0,0.0,1.531044602394104,0.0,25,30900,47.6192038,-122.3626781,3.4704147076668845
1177,1728407598.018,1,220,0,0,185,0,0,3,476192015,-1223626852,0.0,0.6000000238418579,1.5123909711837769,0.0,0.0,0.0,0.0,1.5123909711837769,0.0,25,30800,47.6192015,-122.3626852,3.1665611222795897
1178,1728407598.273,1,220,0,0,185,0,0,3,476192015,-1223626852,0.0,0.6000000238418579,1.5123909711837769,0.0,0.0,0.0,0.0,1.5123909711837769,0.0,25,30800,47.6192015,-122.3626852,3.489183607682469
1179,1728407598.5509999,1,220,0,0,185,0,0,3,476192031,-1223626825,0.0,0.6000000238418579,1.5369157791137695,0.0,0.0,0.0,0.0,1.5369157791137695,0.0,25,30800,47.6192031,-122.3626825,3.498950265868412
1180,1728407598.791,1,220,0,0,185,0,0,3,476192031,-1223626825,0.0,0.6000000238418579,1.5369157791137695,0.0,0.0,0.0,0.0,1.5369157791137695,0.0,25,30800,47.6192031,-122.3626825,3.4710169574280916
1181,1728407599.062,1,220,0,0,185,0,0,3,476192042,-1223626805,0.0,0.6000000238418579,1.5414789915084839,0.0,0.0,0.0,0.0,1.5414789915084839,0.0,25,30800,47.6192042,-122.3626805,3.4965034790147262
1182,1728407599.299,1,220,0,0,185,0,0,3,476192042,-1223626805,0.0,0.6000000238418579,1.5414789915084839,0.0,0.0,0.0,0.0,1.5414789915084839,0.0,25,30800,47.6192042,-122.3626805,3.4910107370763206
1183,1728407599.5749998,1,220,0,0,185,0,0,3,476192045,-1223626759,0.0,0.6000000238418579,1.5171191692352295,0.0,0.0,0.0,0.0,1.5171191692352295,0.0,25,30800,47.6192045,-122.3626759,3.5279591314632666
1184,1728407599.817,1,220,0,0,185,0,0,3,476192045,-1223626759,0.0,0.6000000238418579,1.5171191692352295,0.0,0.0,0.0,0.0,1.5171191692352295,0.0,25,30800,47.6192045,-122.3626759,3.491620157075723
1185,1728407600.135,1,220,0,0,185,0,0,3,476192042,-1223626810,0.0,0.6000000238418579,1.5248067378997803,0.0,0.0,0.0,0.0,1.5248067378997803,0.0,25,30800,47.6192042,-122.362681,3.498950265868412
1186,1728407600.347,1,220,0,0,185,0,0,3,476192042,-1223626810,0.0,0.6000000238418579,1.5248067378997803,0.0,0.0,0.0,0.0,1.5248067378997803,0.0,25,30800,47.6192042,-122.362681,3.4873583898584926
1187,1728407601.1499999,1,220,0,0,185,0,0,3,476192065,-1223626848,0.0,0.6000000238418579,1.7142804861068726,0.0,0.0,0.0,0.0,1.7142804861068726,0.0,25,30800,47.6192065,-122.3626848,3.4910105917941063
1188,1728407601.4039998,1,220,0,0,185,0,0,3,476192077,-1223626879,0.0,0.6000000238418579,1.6060656309127808,0.0,0.0,0.0,0.0,1.6060656309127808,0.0,25,30800,47.6192077,-122.3626879,3.4885750378525375
1189,1728407601.651,1,220,0,0,185,0,0,3,476192077,-1223626879,0.0,0.6000000238418579,1.6060656309127808,0.0,0.0,0.0,0.0,1.6060656309127808,0.0,25,30800,47.6192077,-122.3626879,3.508771900471705
1190,1728407601.934,1,220,0,0,185,0,0,3,476192088,-1223626858,0.0,0.6000000238418579,1.6013367176055908,0.0,0.0,0.0,0.0,1.6013367176055908,0.0,25,30800,47.6192088,-122.3626858,3.4910105917941063
1191,1728407602.166,1,220,0,0,185,0,0,3,476192088,-1223626858,0.0,0.6000000238418579,1.6013367176055908,0.0,0.0,0.0,0.0,1.6013367176055908,0.0,25,30800,47.6192088,-122.3626858,3.5032405758779777
1192,1728407602.4199998,1,220,0,0,185,0,0,3,476192099,-1223626828,0.0,0.6000000238418579,1.600687026977539,0.0,0.0,0.0,0.0,1.600687026977539,0.0,25,30800,47.6192099,-122.3626828,3.4812881459359115
1193,1728407602.6629999,1,220,0,0,185,0,0,3,476192099,-1223626828,0.0,0.6000000238418579,1.600687026977539,0.0,0.0,0.0,0.0,1.600687026977539,0.0,25,30800,47.6192099,-122.3626828,3.5093875378665715
1194,1728407602.948,1,220,0,0,185,0,0,3,476192105,-1223626814,0.0,0.6000000238418579,1.6006276607513428,0.0,0.0,0.0,0.0,1.6006276607513428,0.0,25,30900,47.6192105,-122.3626814,3.4837136769332284
1195,1728407603.202,1,220,0,0,185,0,0,3,476192105,-1223626814,0.0,0.6000000238418579,1.6006276607513428,0.0,0.0,0.0,0.0,1.6006276607513428,0.0,25,30900,47.6192105,-122.3626814,3.521126866979135
1196,1728407603.478,1,220,0,0,185,0,0,3,476192112,-1223626796,0.0,0.6000000238418579,1.6006187200546265,0.0,0.0,0.0,0.0,1.6006187200546265,0.0,25,30900,47.6192112,-122.3626796,3.4897923898752437
1197,1728407603.747,1,220,0,0,185,0,0,3,476192112,-1223626796,0.0,0.6000000238418579,1.6006187200546265,0.0,0.0,0.0,0.0,1.6006187200546265,0.0,25,30900,47.6192112,-122.3626796,3.652967941084702
1198,1728407604.0059998,1,220,0,0,185,0,0,3,476192114,-1223626782,0.0,0.6000000238418579,1.578124761581421,0.0,0.0,0.0,0.0,1.578124761581421,0.0,25,30900,47.6192114,-122.3626782,3.6569756135158613
1199,1728407604.251,1,220,0,0,185,0,0,3,476192114,-1223626782,0.0,0.6000000238418579,1.578124761581421,0.0,0.0,0.0,0.0,1.578124761581421,0.0,25,30900,47.6192114,-122.3626782,3.658313512363139
1200,1728407604.52,1,220,0,0,185,0,0,3,476192119,-1223626759,0.0,0.6000000238418579,1.574859619140625,0.0,0.0,0.0,0.0,1.574859619140625,0.0,25,30800,47.6192119,-122.3626759,3.6643459513899543
1201,1728407604.771,1,220,0,0,185,0,0,3,476192119,-1223626759,0.0,0.6000000238418579,1.574859619140625,0.0,0.0,0.0,0.0,1.574859619140625,0.0,25,30800,47.6192119,-122.3626759,3.631081973179469
1202,1728407605.044,1,220,0,0,185,0,0,3,476192115,-1223626742,0.0,0.6000000238418579,1.5743530988693237,0.0,0.0,0.0,0.0,1.5743530988693237,0.0,25,30800,47.6192115,-122.3626742,3.627130822743402
1203,1728407605.274,1,220,0,0,185,0,0,3,476192115,-1223626742,0.0,0.6000000238418579,1.5743530988693237,0.0,0.0,0.0,0.0,1.5743530988693237,0.0,25,30800,47.6192115,-122.3626742,3.631741440136545
1204,1728407605.5579998,1,220,0,0,185,0,0,3,476192101,-1223626794,0.0,0.6000000238418579,1.5599899291992188,0.0,0.0,0.0,0.0,1.5599899291992188,0.0,25,30800,47.6192101,-122.3626794,3.6463081827735553
1205,1728407605.8149998,1,220,0,0,185,0,0,3,476192101,-1223626794,0.0,0.6000000238418579,1.5599899291992188,0.0,0.0,0.0,0.0,1.5599899291992188,0.0,25,30800,47.6192101,-122.3626794,3.643650883797114
1206,1728407606.0779998,1,220,0,0,185,0,0,3,476192101,-1223626794,0.0,0.6000000238418579,1.5599899291992188,0.0,0.0,0.0,0.0,1.5599899291992188,0.0,25,30800,47.6192101,-122.3626794,3.6376864932663664
1207,1728407606.625,1,220,0,0,185,0,0,3,476192110,-1223626796,0.0,0.6000000238418579,1.6732646226882935,0.0,0.0,0.0,0.0,1.6732646226882935,0.0,25,30800,47.619211,-122.3626796,3.658313512363139
1208,1728407606.873,1,220,0,0,185,0,0,3,476192110,-1223626796,0.0,0.6000000238418579,1.5763834714889526,0.0,0.0,0.0,0.0,1.5763834714889526,0.0,25,30800,47.619211,-122.3626796,3.6483034639626757
1209,1728407607.118,1,220,0,0,185,0,0,3,476192119,-1223626765,0.0,0.6000000238418579,1.5763834714889526,0.0,0.0,0.0,0.0,1.5763834714889526,0.0,24,30800,47.6192119,-122.3626765,3.646973033962953
1210,1728407607.392,1,220,0,0,185,0,0,3,476192119,-1223626765,0.0,0.6000000238418579,1.5763834714889526,0.0,0.0,0.0,0.0,1.5763834714889526,0.0,24,30800,47.6192119,-122.3626765,3.6409976131231696
1211,1728407607.674,1,220,0,0,185,0,0,3,476192132,-1223626695,0.0,0.6000000238418579,1.5735738277435303,0.0,0.0,0.0,0.0,1.5735738277435303,0.0,24,30900,47.6192132,-122.3626695,3.650967555966238
1212,1728407607.934,1,220,0,0,185,0,0,3,476192138,-1223626738,0.0,0.6000000238418579,1.5831297636032104,0.0,0.0,0.0,0.0,1.5831297636032104,0.0,23,30900,47.6192138,-122.3626738,3.629105479521808
1213,1728407608.1699998,1,220,0,0,185,0,0,3,476192138,-1223626738,0.0,0.6000000238418579,1.5831297636032104,0.0,0.0,0.0,0.0,1.5831297636032104,0.0,23,30900,47.6192138,-122.3626738,3.6231884183164556
1214,1728407608.4329998,1,220,0,0,185,0,0,3,476192138,-1223626738,0.0,0.6000000238418579,1.5831297636032104,0.0,0.0,0.0,0.0,1.5831297636032104,0.0,23,30900,47.6192138,-122.3626738,3.6284469694282677
1215,1728407608.691,1,220,0,0,185,0,0,3,476192138,-1223626738,0.0,0.6000000238418579,1.5831297636032104,0.0,0.0,0.0,0.0,1.5831297636032104,0.0,23,30900,47.6192138,-122.3626738,3.6218760830461725
1216,1728407608.9759998,1,220,0,0,185,0,0,3,476192127,-1223626769,0.0,0.6000000238418579,1.7985929250717163,0.0,0.0,0.0,0.0,1.7985929250717163,0.0,23,30900,47.6192127,-122.3626769,3.642323686188188
1217,1728407609.214,1,220,0,0,185,0,0,3,476192127,-1223626769,0.0,0.6000000238418579,1.7985929250717163,0.0,0.0,0.0,0.0,1.7985929250717163,0.0,23,30900,47.6192127,-122.3626769,3.32170740809025
1218,1728407609.488,1,220,0,0,185,0,0,3,476192107,-1223626792,0.0,0.6000000238418579,1.594214916229248,0.0,0.0,0.0,0.0,1.594214916229248,0.0,24,31000,47.6192107,-122.3626792,3.3167496011431123
1219,1728407609.735,1,220,0,0,185,0,0,3,476192107,-1223626792,0.0,0.6000000238418579,1.594214916229248,0.0,0.0,0.0,0.0,1.594214916229248,0.0,24,31000,47.6192107,-122.3626792,3.312355156662688
1220,1728407610.013,1,220,0,0,185,0,0,3,476192115,-1223626729,0.0,0.6000000238418579,1.574631690979004,0.0,0.0,0.0,0.0,1.574631690979004,0.0,24,31000,47.6192115,-122.3626729,3.3019647116093633
1221,1728407610.2489998,1,220,0,0,185,0,0,3,476192115,-1223626729,0.0,0.6000000238418579,1.574631690979004,0.0,0.0,0.0,0.0,1.574631690979004,0.0,24,31000,47.6192115,-122.3626729,3.317850100366788
1222,1728407610.5549998,1,220,0,0,185,0,0,3,476192124,-1223626785,0.0,0.6000000238418579,1.5949476957321167,0.0,0.0,0.0,0.0,1.5949476957321167,0.0,24,31000,47.6192124,-122.3626785,3.3140017407914724
1223,1728407610.794,1,220,0,0,185,0,0,3,476192124,-1223626785,0.0,0.6000000238418579,1.5949476957321167,0.0,0.0,0.0,0.0,1.5949476957321167,0.0,24,31000,47.6192124,-122.3626785,3.30797221094626
1224,1728407611.07,1,220,0,0,185,0,0,3,476192133,-1223626831,0.0,0.6000000238418579,1.631541132926941,0.0,0.0,0.0,0.0,1.631541132926941,0.0,24,30900,47.6192133,-122.3626831,3.299785454751864
1225,1728407611.337,1,220,0,0,185,0,0,3,476192133,-1223626831,0.0,0.6000000238418579,1.631541132926941,0.0,0.0,0.0,0.0,1.631541132926941,0.0,24,30900,47.6192133,-122.3626831,3.3052388691401915
1226,1728407611.569,1,220,0,0,185,0,0,3,476192133,-1223626831,0.0,0.6000000238418579,1.631541132926941,0.0,0.0,0.0,0.0,1.631541132926941,0.0,24,30900,47.6192133,-122.3626831,3.298696904679681
1227,1728407612.646,1,220,0,0,185,0,0,3,476192148,-1223626806,0.0,0.6000000238418579,1.912330985069275,0.0,0.0,0.0,0.0,1.912330985069275,0.0,24,31399,47.6192148,-122.3626806,3.2867707271355213
1228,1728407612.9029999,1,220,0,0,185,0,0,3,476192158,-1223626796,0.0,0.6000000238418579,1.7363648414611816,0.0,0.0,0.0,0.0,1.7363648414611816,0.0,24,31500,47.6192158,-122.3626796,3.301419562618014
1229,1728407613.156,1,220,0,0,185,0,0,3,476192158,-1223626796,0.0,0.6000000238418579,1.7363648414611816,0.0,0.0,0.0,0.0,1.7363648414611816,0.0,24,31500,47.6192158,-122.3626796,3.299785454751864
1230,1728407613.449,1,220,0,0,185,0,0,3,476192165,-1223626832,0.0,0.6000000238418579,1.7244986295700073,0.0,0.0,0.0,0.0,1.7244986295700073,0.0,24,31600,47.6192165,-122.3626832,3.2846116018811458
1231,1728407613.702,1,220,0,0,185,0,0,3,476192165,-1223626832,0.0,0.6000000238418579,1.7244986295700073,0.0,0.0,0.0,0.0,1.7244986295700073,0.0,24,31600,47.6192165,-122.3626832,3.295435818280337
1232,1728407613.9689999,1,220,0,0,185,0,0,3,476192157,-1223626836,0.0,0.6000000238418579,1.7324315309524536,0.0,0.0,0.0,0.0,1.7324315309524536,0.0,24,31600,47.6192157,-122.3626836,3.2981529637583322
1233,1728407614.2159998,1,220,0,0,185,0,0,3,476192157,-1223626836,0.0,0.6000000238418579,1.7324315309524536,0.0,0.0,0.0,0.0,1.7324315309524536,0.0,24,31600,47.6192157,-122.3626836,3.2797638303301118
1234,1728407614.494,1,220,0,0,185,0,0,3,476192155,-1223626834,0.0,0.6000000238418579,1.743087887763977,0.0,0.0,0.0,0.0,1.743087887763977,0.0,24,31600,47.6192155,-122.3626834,3.2932652973413012
1235,1728407614.7419999,1,220,0,0,185,0,0,3,476192155,-1223626834,0.0,0.6000000238418579,1.743087887763977,0.0,0.0,0.0,0.0,1.743087887763977,0.0,24,31600,47.6192155,-122.3626834,3.2976092021944416
1236,1728407615.039,1,220,0,0,185,0,0,3,476192167,-1223626795,0.0,0.6000000238418579,1.7523781061172485,0.0,0.0,0.0,0.0,1.7523781061172485,0.0,24,31600,47.6192167,-122.3626795,3.0193237471353505
1237,1728407615.299,1,220,0,0,185,0,0,3,476192167,-1223626795,0.0,0.6000000238418579,1.7523781061172485,0.0,0.0,0.0,0.0,1.7523781061172485,0.0,24,31600,47.6192167,-122.3626795,3.434655702769373
1238,1728407615.546,1,220,0,0,185,0,0,3,476192178,-1223626820,0.0,0.6000000238418579,1.7816946506500244,0.0,0.0,0.0,0.0,1.7816946506500244,0.0,24,31600,47.6192178,-122.362682,3.445899297071884
1239,1728407615.796,1,220,0,0,185,0,0,3,476192178,-1223626820,0.0,0.6000000238418579,1.7816946506500244,0.0,0.0,0.0,0.0,1.7816946506500244,0.0,24,31600,47.6192178,-122.362682,3.4311202630105826
1240,1728407616.102,1,220,0,0,185,0,0,3,476192184,-1223626851,0.0,0.6000000238418579,1.8135466575622559,0.0,0.0,0.0,0.0,1.8135466575622559,0.0,24,31600,47.6192184,-122.3626851,3.462603864395306
1241,1728407616.3179998,1,220,0,0,185,0,0,3,476192184,-1223626851,0.0,0.6000000238418579,1.8135466575622559,0.0,0.0,0.0,0.0,1.8135466575622559,0.0,24,31600,47.6192184,-122.3626851,3.4566194182248795
1242,1728407616.619,1,220,0,0,185,0,0,3,476192181,-1223626873,0.0,0.6000000238418579,1.828410029411316,0.0,0.0,0.0,0.0,1.828410029411316,0.0,24,31600,47.6192181,-122.3626873,3.4686090682501916
1243,1728407616.892,1,220,0,0,185,0,0,3,476192181,-1223626873,0.0,0.6000000238418579,1.8382182121276855,0.0,0.0,0.0,0.0,1.8382182121276855,0.0,24,31600,47.6192181,-122.3626873,3.4578145664926687
1244,1728407617.143,1,220,0,0,185,0,0,3,476192190,-1223626850,0.0,0.6000000238418579,1.8382182121276855,0.0,0.0,0.0,0.0,1.8382182121276855,0.0,24,31600,47.619219,-122.362685,3.4770515479882063
1245,1728407617.402,1,220,0,0,185,0,0,3,476192190,-1223626850,0.0,0.6000000238418579,1.8382182121276855,0.0,0.0,0.0,0.0,1.8382182121276855,0.0,24,31600,47.619219,-122.362685,3.4417483437991745
1246,1728407618.1929998,1,220,0,0,185,0,0,3,476192199,-1223626765,0.0,0.6000000238418579,2.0309789180755615,0.0,0.0,0.0,0.0,2.0309789180755615,0.0,24,31600,47.6192199,-122.3626765,3.4788659901340573
1247,1728407618.4689999,1,220,0,0,185,0,0,3,476192215,-1223626820,0.0,0.6000000238418579,1.903416395187378,0.0,0.0,0.0,0.0,1.903416395187378,0.0,24,31600,47.6192215,-122.362682,3.4794711769644513
1248,1728407618.707,1,220,0,0,185,0,0,3,476192215,-1223626820,0.0,0.6000000238418579,1.903416395187378,0.0,0.0,0.0,0.0,1.903416395187378,0.0,24,31600,47.6192215,-122.362682,3.454231456263985
1249,1728407618.985,1,220,0,0,185,0,0,3,476192215,-1223626778,0.0,0.6000000238418579,1.7565888166427612,0.0,0.0,0.0,0.0,1.7565888166427612,0.0,24,31600,47.6192215,-122.3626778,3.4488704801661356
1250,1728407619.225,1,220,0,0,185,0,0,3,476192215,-1223626778,0.0,0.6000000238418579,1.7565888166427612,0.0,0.0,0.0,0.0,1.7565888166427612,0.0,24,31600,47.6192215,-122.3626778,3.482500416806986
1251,1728407619.488,1,220,0,0,185,0,0,3,476192221,-1223626831,0.0,0.6000000238418579,1.824778437614441,0.0,0.0,0.0,0.0,1.824778437614441,0.0,24,31600,47.6192221,-122.3626831,3.433476366743191
1252,1728407619.735,1,220,0,0,185,0,0,3,476192221,-1223626831,0.0,0.6000000238418579,1.824778437614441,0.0,0.0,0.0,0.0,1.824778437614441,0.0,24,31600,47.6192221,-122.3626831,3.47342833583746
1253,1728407620.0,1,220,0,0,185,0,0,3,476192218,-1223626770,0.0,0.6000000238418579,1.7161699533462524,0.0,0.0,0.0,0.0,1.7161699533462524,0.0,24,31700,47.6192218,-122.362677,3.4740316321033577
1254,1728407620.2459998,1,220,0,0,185,0,0,3,476192218,-1223626770,0.0,0.6000000238418579,1.7161699533462524,0.0,0.0,0.0,0.0,1.7161699533462524,0.0,24,31700,47.6192218,-122.362677,3.463203406012673
1255,1728407620.553,1,220,0,0,185,0,0,3,476192227,-1223626747,0.0,0.6000000238418579,1.5761131048202515,0.0,0.0,0.0,0.0,1.5761131048202515,0.0,24,31900,47.6192227,-122.3626747,3.170074489083611
1256,1728407620.7879999,1,220,0,0,185,0,0,3,476192227,-1223626747,0.0,0.6000000238418579,1.5761131048202515,0.0,0.0,0.0,0.0,1.5761131048202515,0.0,24,31900,47.6192227,-122.3626747,3.4674063043525525
1257,1728407621.047,1,220,0,0,185,0,0,3,476192230,-1223626720,0.0,0.6000000238418579,1.5301660299301147,0.0,0.0,0.0,0.0,1.5301660299301147,0.0,24,32000,47.619223,-122.362672,3.4758429230101484
1258,1728407621.336,1,220,0,0,185,0,0,3,476192230,-1223626720,0.0,0.6000000238418579,1.5301660299301147,0.0,0.0,0.0,0.0,1.5301660299301147,0.0,24,32000,47.619223,-122.362672,3.4311202630105826
1259,1728407621.595,1,220,0,0,185,0,0,3,476192225,-1223626729,0.0,0.6000000238418579,1.493324875831604,0.0,0.0,0.0,0.0,1.493324875831604,0.0,24,32100,47.6192225,-122.3626729,3.4584125931844363
1260,1728407621.845,1,220,0,0,185,0,0,3,476192225,-1223626729,0.0,0.6000000238418579,1.4886596202850342,0.0,0.0,0.0,0.0,1.4886596202850342,0.0,24,32100,47.6192225,-122.3626729,3.4494652750006938
1261,1728407622.143,1,220,0,0,185,0,0,3,476192221,-1223626732,0.0,0.6000000238418579,1.4886596202850342,0.0,0.0,0.0,0.0,1.4886596202850342,0.0,24,32100,47.6192221,-122.3626732,3.460207629584314
1262,1728407622.3769999,1,220,0,0,185,0,0,3,476192221,-1223626732,0.0,0.6000000238418579,1.4886596202850342,0.0,0.0,0.0,0.0,1.4886596202850342,0.0,24,32100,47.6192221,-122.3626732,3.4476813639531665
1263,1728407622.649,1,220,0,0,185,0,0,3,476192224,-1223626725,0.0,0.6000000238418579,1.507859468460083,0.0,0.0,0.0,0.0,1.507859468460083,0.0,24,32100,47.6192224,-122.3626725,3.461405403692426
1264,1728407622.918,1,220,0,0,185,0,0,3,476192224,-1223626725,0.0,0.6000000238418579,1.507859468460083,0.0,0.0,0.0,0.0,1.507859468460083,0.0,24,32100,47.6192224,-122.3626725,3.4506556222975835
1265,1728407623.711,1,220,0,0,185,0,0,3,476192231,-1223626732,0.0,0.6000000238418579,1.5416978597640991,0.0,0.0,0.0,0.0,1.5416978597640991,0.0,24,32100,47.6192231,-122.3626732,3.482500416806986
1266,1728407623.961,1,220,0,0,185,0,0,3,476192247,-1223626734,0.0,0.6000000238418579,1.3994115591049194,0.0,0.0,0.0,0.0,1.3994115591049194,0.0,24,32000,47.6192247,-122.3626734,3.4470871841097677
1267,1728407624.2229998,1,220,0,0,185,0,0,3,476192247,-1223626734,0.0,0.6000000238418579,1.3994115591049194,0.0,0.0,0.0,0.0,1.3994115591049194,0.0,24,32000,47.6192247,-122.3626734,3.4698126668599163
1268,1728407624.536,1,220,0,0,185,0,0,3,476192260,-1223626735,0.0,0.6000000238418579,1.3365886211395264,0.0,0.0,0.0,0.0,1.3365886211395264,0.0,24,32100,47.619226,-122.3626735,3.4698126668599163
1269,1728407624.768,1,220,0,0,185,0,0,3,476192260,-1223626735,0.0,0.6000000238418579,1.3365886211395264,0.0,0.0,0.0,0.0,1.3365886211395264,0.0,24,32100,47.619226,-122.3626735,3.4740316321033577
1270,1728407625.023,1,220,0,0,185,0,0,3,476192263,-1223626731,0.0,0.6000000238418579,1.3514968156814575,0.0,0.0,0.0,0.0,1.3514968156814575,0.0,24,32200,47.6192263,-122.3626731,3.463803298310907
1271,1728407625.268,1,220,0,0,185,0,0,3,476192263,-1223626731,0.0,0.6000000238418579,1.3514968156814575,0.0,0.0,0.0,0.0,1.3514968156814575,0.0,24,32200,47.6192263,-122.3626731,3.501400479550244
1272,1728407625.536,1,220,0,0,185,0,0,3,476192286,-1223626725,0.0,0.6000000238418579,1.3996442556381226,0.0,0.0,0.0,0.0,1.3996442556381226,0.0,24,32600,47.6192286,-122.3626725,3.460207629584314
1273,1728407625.7779999,1,220,0,0,185,0,0,3,476192286,-1223626725,0.0,0.6000000238418579,1.3996442556381226,0.0,0.0,0.0,0.0,1.3996442556381226,0.0,24,32600,47.6192286,-122.3626725,3.4965034790147262
1274,1728407626.0419998,1,220,0,0,185,0,0,3,476192283,-1223626718,0.0,0.6000000238418579,1.3623988628387451,0.0,0.0,0.0,0.0,1.3623988628387451,0.0,24,33000,47.6192283,-122.3626718,3.499562607238822
1275,1728407626.296,1,220,0,0,185,0,0,3,476192283,-1223626718,0.0,0.6000000238418579,1.3623988628387451,0.0,0.0,0.0,0.0,1.3623988628387451,0.0,24,33000,47.6192283,-122.3626718,3.676470549564461
1276,1728407626.59,1,220,0,0,185,0,0,3,476192272,-1223626716,0.0,0.6000000238418579,1.3415248394012451,0.0,0.0,0.0,0.0,1.3415248394012451,0.0,24,33000,47.6192272,-122.3626716,3.6643459513899543
1277,1728407626.8109999,1,220,0,0,185,0,0,3,476192272,-1223626716,0.0,0.6000000238418579,1.3415248394012451,0.0,0.0,0.0,0.0,1.3415248394012451,0.0,24,33000,47.6192272,-122.3626716,3.6737692834273554
1278,1728407627.1,1,220,0,0,185,0,0,3,476192269,-1223626727,0.0,0.6000000238418579,1.3628472089767456,0.0,0.0,0.0,0.0,1.3628472089767456,0.0,24,33000,47.6192269,-122.3626727,3.693444162676586
1279,1728407627.352,1,220,0,0,185,0,0,3,476192269,-1223626727,0.0,0.6000000238418579,1.3628472089767456,0.0,0.0,0.0,0.0,1.3628472089767456,0.0,24,33000,47.6192269,-122.3626727,3.6913990519319055
1280,1728407627.619,1,220,0,0,185,0,0,3,476192285,-1223626720,0.0,0.6000000238418579,1.3802311420440674,0.0,0.0,0.0,0.0,1.3802311420440674,0.0,24,32900,47.6192285,-122.362672,3.671071983856156
1281,1728407627.855,1,220,0,0,185,0,0,3,476192285,-1223626720,0.0,0.6000000238418579,1.3802311420440674,0.0,0.0,0.0,0.0,1.3802311420440674,0.0,24,32900,47.6192285,-122.362672,3.662332929085556
1282,1728407628.1569998,1,220,0,0,185,0,0,3,476192293,-1223626734,0.0,0.6000000238418579,1.3689289093017578,0.0,0.0,0.0,0.0,1.3689289093017578,0.0,24,32900,47.6192293,-122.3626734,3.6463081827735553
1283,1728407628.369,1,220,0,0,185,0,0,3,476192293,-1223626734,0.0,0.6000000238418579,1.3689289093017578,0.0,0.0,0.0,0.0,1.3689289093017578,0.0,24,32900,47.6192293,-122.3626734,3.637686335519545
1284,1728407628.633,1,220,0,0,185,0,0,3,476192293,-1223626734,0.0,0.6000000238418579,1.3689289093017578,0.0,0.0,0.0,0.0,1.3689289093017578,0.0,24,32900,47.6192293,-122.3626734,3.6324009893894638
1285,1728407629.151,1,220,0,0,185,0,0,3,476192330,-1223626759,0.0,0.6000000238418579,1.5689367055892944,0.0,0.0,0.0,0.0,1.5689367055892944,0.0,24,32900,47.619233,-122.3626759,3.6523010615461295
1286,1728407629.419,1,220,0,0,185,0,0,3,476192354,-1223626793,0.0,0.6000000238418579,1.4898061752319336,0.0,0.0,0.0,0.0,1.4898061752319336,0.0,24,32900,47.6192354,-122.3626793,3.6529681001596686
1287,1728407629.6669998,1,220,0,0,185,0,0,3,476192354,-1223626793,0.0,0.6000000238418579,1.4898061752319336,0.0,0.0,0.0,0.0,1.4898061752319336,0.0,24,32900,47.6192354,-122.3626793,3.643650883797114
1288,1728407629.951,1,220,0,0,185,0,0,3,476192368,-1223626798,0.0,0.6000000238418579,1.4701918363571167,0.0,0.0,0.0,0.0,1.4701918363571167,0.0,24,32900,47.6192368,-122.3626798,3.642987243216351
1289,1728407630.1859999,1,220,0,0,185,0,0,3,476192368,-1223626798,0.0,0.6000000238418579,1.4701918363571167,0.0,0.0,0.0,0.0,1.4701918363571167,0.0,24,32900,47.6192368,-122.3626798,3.6456435739476367
1290,1728407630.471,1,220,0,0,185,0,0,3,476192371,-1223626794,0.0,0.6000000238418579,1.4476805925369263,0.0,0.0,0.0,0.0,1.4476805925369263,0.0,24,32900,47.6192371,-122.3626794,3.6456434155099497
1291,1728407630.7289999,1,220,0,0,185,0,0,3,476192371,-1223626794,0.0,0.6000000238418579,1.4476805925369263,0.0,0.0,0.0,0.0,1.4476805925369263,0.0,24,32900,47.6192371,-122.3626794,3.642987243216351
1292,1728407631.021,1,220,0,0,185,0,0,3,476192372,-1223626802,0.0,0.6000000238418579,1.4324086904525757,0.0,0.0,0.0,0.0,1.4324086904525757,0.0,24,32900,47.6192372,-122.3626802,3.647638127648428
1293,1728407631.276,1,220,0,0,185,0,0,3,476192372,-1223626802,0.0,0.6000000238418579,1.4324086904525757,0.0,0.0,0.0,0.0,1.4324086904525757,0.0,24,32900,47.6192372,-122.3626802,3.642323844337459
1294,1728407631.5479999,1,220,0,0,185,0,0,3,476192381,-1223626797,0.0,0.6000000238418579,1.4544564485549927,0.0,0.0,0.0,0.0,1.4544564485549927,0.0,24,32900,47.6192381,-122.3626797,3.327233450821219
1295,1728407631.7719998,1,220,0,0,185,0,0,3,476192381,-1223626797,0.0,0.6000000238418579,1.4544564485549927,0.0,0.0,0.0,0.0,1.4544564485549927,0.0,24,32900,47.6192381,-122.3626797,3.4554250958462895
1296,1728407632.0649998,1,220,0,0,185,0,0,3,476192375,-1223626774,0.0,0.6000000238418579,1.4469115734100342,0.0,0.0,0.0,0.0,1.4469115734100342,0.0,24,32900,47.6192375,-122.3626774,3.474635137977503
1297,1728407632.3,1,220,0,0,185,0,0,3,476192375,-1223626774,0.0,0.6000000238418579,1.4469115734100342,0.0,0.0,0.0,0.0,1.4469115734100342,0.0,24,32900,47.6192375,-122.3626774,3.4578145664926687
1298,1728407632.59,1,220,0,0,185,0,0,3,476192382,-1223626772,0.0,0.6000000238418579,1.4954710006713867,0.0,0.0,0.0,0.0,1.4954710006713867,0.0,24,32900,47.6192382,-122.3626772,3.4867503115735095
1299,1728407632.8379998,1,220,0,0,185,0,0,3,476192382,-1223626772,0.0,0.6000000238418579,1.4954710006713867,0.0,0.0,0.0,0.0,1.4954710006713867,0.0,24,32900,47.6192382,-122.3626772,3.4572168890690915
1300,1728407633.105,1,220,0,0,185,0,0,3,476192405,-1223626774,0.0,0.6000000238418579,1.5735074281692505,0.0,0.0,0.0,0.0,1.5735074281692505,0.0,24,32900,47.6192405,-122.3626774,3.4806821825183416
1301,1728407633.345,1,220,0,0,185,0,0,3,476192405,-1223626774,0.0,0.6000000238418579,1.5735074281692505,0.0,0.0,0.0,0.0,1.5735074281692505,0.0,24,32900,47.6192405,-122.3626774,3.4800765743892312
1302,1728407633.6399999,1,220,0,0,185,0,0,3,476192424,-1223626802,0.0,0.6000000238418579,1.6415287256240845,0.0,0.0,0.0,0.0,1.6415287256240845,0.0,24,32900,47.6192424,-122.3626802,3.4958923533230846
1303,1728407633.86,1,220,0,0,185,0,0,3,476192424,-1223626802,0.0,0.6000000238418579,1.6415287256240845,0.0,0.0,0.0,0.0,1.6415287256240845,0.0,24,32900,47.6192424,-122.3626802,3.49528144122159
1304,1728407634.6439998,1,220,0,0,185,0,0,3,476192450,-1223626841,0.0,0.6000000238418579,1.9017646312713623,0.0,0.0,0.0,0.0,1.9017646312713623,0.0,24,32799,47.619245,-122.3626841,3.5124692623641534
1305,1728407634.939,1,220,0,0,185,0,0,3,476192443,-1223626788,0.0,0.6000000238418579,1.78677237033844,0.0,0.0,0.0,0.0,1.78677237033844,0.0,24,32799,47.6192443,-122.3626788,3.4812880014618024
1306,1728407635.175,1,220,0,0,185,0,0,3,476192443,-1223626788,0.0,0.6000000238418579,1.78677237033844,0.0,0.0,0.0,0.0,1.78677237033844,0.0,24,32799,47.6192443,-122.3626788,3.510003391334711
1307,1728407635.451,1,220,0,0,185,0,0,3,476192458,-1223626759,0.0,0.6000000238418579,1.823259711265564,0.0,0.0,0.0,0.0,1.823259711265564,0.0,24,32799,47.6192458,-122.3626759,3.4806821825183416
1308,1728407635.687,1,220,0,0,185,0,0,3,476192458,-1223626759,0.0,0.6000000238418579,1.823259711265564,0.0,0.0,0.0,0.0,1.823259711265564,0.0,24,32799,47.6192458,-122.3626759,3.500787640995292
1309,1728407635.971,1,220,0,0,185,0,0,3,476192470,-1223626765,0.0,0.6000000238418579,1.8629376888275146,0.0,0.0,0.0,0.0,1.8629376888275146,0.0,24,32799,47.619247,-122.3626765,3.4764470584149554
1310,1728407636.217,1,220,0,0,185,0,0,3,476192470,-1223626765,0.0,0.6000000238418579,1.8629376888275146,0.0,0.0,0.0,0.0,1.8629376888275146,0.0,24,32799,47.619247,-122.3626765,3.5007877870924107
1311,1728407636.4759998,1,220,0,0,185,0,0,3,476192475,-1223626761,0.0,0.6000000238418579,1.8750780820846558,0.0,0.0,0.0,0.0,1.8750780820846558,0.0,24,32799,47.6192475,-122.3626761,3.4740316321033577
1312,1728407636.7419999,1,220,0,0,185,0,0,3,476192475,-1223626761,0.0,0.6000000238418579,1.8750780820846558,0.0,0.0,0.0,0.0,1.8750780820846558,0.0,24,32799,47.6192475,-122.3626761,3.508771900471705
1313,1728407636.998,1,220,0,0,185,0,0,3,476192460,-1223626746,0.0,0.6000000238418579,1.8546603918075562,0.0,0.0,0.0,0.0,1.8546603918075562,0.0,24,32799,47.619246,-122.3626746,3.487966535245389
1314,1728407637.2419999,1,220,0,0,185,0,0,3,476192460,-1223626746,0.0,0.6000000238418579,1.8546603918075562,0.0,0.0,0.0,0.0,1.8546603918075562,0.0,24,32799,47.619246,-122.3626746,3.6363636363636362
1315,1728407637.517,1,220,0,0,185,0,0,3,476192474,-1223626727,0.0,0.6000000238418579,1.9086030721664429,0.0,0.0,0.0,0.0,1.9086030721664429,0.0,24,32799,47.6192474,-122.3626727,3.6784991478191236
1316,1728407637.763,1,220,0,0,185,0,0,3,476192474,-1223626727,0.0,0.6000000238418579,1.9086030721664429,0.0,0.0,0.0,0.0,1.9086030721664429,0.0,24,32799,47.6192474,-122.3626727,3.671071983856156
1317,1728407638.046,1,220,0,0,185,0,0,3,476192483,-1223626722,0.0,0.6000000238418579,1.934799313545227,0.0,0.0,0.0,0.0,1.934799313545227,0.0,24,32799,47.6192483,-122.3626722,3.64365104206166
1318,1728407638.303,1,220,0,0,185,0,0,3,476192483,-1223626722,0.0,0.6000000238418579,1.934799313545227,0.0,0.0,0.0,0.0,1.934799313545227,0.0,24,32799,47.6192483,-122.3626722,3.654303067793343
1319,1728407638.5909998,1,220,0,0,185,0,0,3,476192495,-1223626721,0.0,0.6000000238418579,1.9610486030578613,0.0,0.0,0.0,0.0,1.9610486030578613,0.0,24,32799,47.6192495,-122.3626721,3.662332929085556
1320,1728407638.8179998,1,220,0,0,185,0,0,3,476192495,-1223626721,0.0,0.6000000238418579,1.9610486030578613,0.0,0.0,0.0,0.0,1.9610486030578613,0.0,24,32799,47.6192495,-122.3626721,3.6737692834273554
1321,1728407639.102,1,220,0,0,185,0,0,3,476192512,-1223626744,0.0,0.6000000238418579,1.9747496843338013,0.0,0.0,0.0,0.0,1.9747496843338013,0.0,24,32500,47.6192512,-122.3626744,3.6456434155099497
1322,1728407639.34,1,220,0,0,185,0,0,3,476192512,-1223626744,0.0,0.6000000238418579,1.9747496843338013,0.0,0.0,0.0,0.0,1.9747496843338013,0.0,24,32500,47.6192512,-122.3626744,3.6744441875167575
1323,1728407639.5939999,1,220,0,0,185,0,0,3,476192512,-1223626744,0.0,0.6000000238418579,1.9747496843338013,0.0,0.0,0.0,0.0,1.9747496843338013,0.0,24,32500,47.6192512,-122.3626744,3.6529681001596686
1324,1728407640.1439998,1,220,0,0,185,0,0,3,476192530,-1223626790,0.0,0.6000000238418579,2.1887924671173096,0.0,0.0,0.0,0.0,2.1887924671173096,0.0,24,31800,47.619253,-122.362679,3.638348203808547
1325,1728407640.376,1,220,0,0,185,0,0,3,476192534,-1223626830,0.0,0.6000000238418579,2.036961555480957,0.0,0.0,0.0,0.0,2.036961555480957,0.0,24,31800,47.6192534,-122.362683,3.666361187849892
1326,1728407640.623,1,220,0,0,185,0,0,3,476192534,-1223626830,0.0,0.6000000238418579,2.036961555480957,0.0,0.0,0.0,0.0,2.036961555480957,0.0,24,31800,47.6192534,-122.362683,3.6489692017653677
1327,1728407640.9399998,1,220,0,0,185,0,0,3,476192541,-1223626853,0.0,0.6000000238418579,2.0126543045043945,0.0,0.0,0.0,0.0,2.0126543045043945,0.0,24,31900,47.6192541,-122.3626853,3.6703983178647848
1328,1728407641.1599998,1,220,0,0,185,0,0,3,476192541,-1223626853,0.0,0.6000000238418579,2.0126543045043945,0.0,0.0,0.0,0.0,2.0126543045043945,0.0,24,31900,47.6192541,-122.3626853,3.6751195006335484
1329,1728407641.432,1,220,0,0,185,0,0,3,476192548,-1223626874,0.0,0.6000000238418579,1.9847021102905273,0.0,0.0,0.0,0.0,1.9847021102905273,0.0,24,32200,47.6192548,-122.3626874,3.684598396902983
1330,1728407641.661,1,220,0,0,185,0,0,3,476192548,-1223626874,0.0,0.6000000238418579,1.9847021102905273,0.0,0.0,0.0,0.0,1.9847021102905273,0.0,24,32200,47.6192548,-122.3626874,3.6616623064993417
1331,1728407641.962,1,220,0,0,185,0,0,3,476192563,-1223626893,0.0,0.6000000238418579,1.9421029090881348,0.0,0.0,0.0,0.0,1.9421029090881348,0.0,24,32400,47.6192563,-122.3626893,3.6839197578520912
1332,1728407642.185,1,220,0,0,185,0,0,3,476192563,-1223626893,0.0,0.6000000238418579,1.9421029090881348,0.0,0.0,0.0,0.0,1.9421029090881348,0.0,24,32400,47.6192563,-122.3626893,3.6751195006335484
1333,1728407642.4729998,1,220,0,0,185,0,0,3,476192553,-1223626875,0.0,0.6000000238418579,1.8781423568725586,0.0,0.0,0.0,0.0,1.8781423568725586,0.0,24,32500,47.6192553,-122.3626875,3.6697247385346583
1334,1728407642.7389998,1,220,0,0,185,0,0,3,476192553,-1223626875,0.0,0.6000000238418579,1.8781423568725586,0.0,0.0,0.0,0.0,1.8781423568725586,0.0,24,32500,47.6192553,-122.3626875,3.6805299859844625
1335,1728407642.972,1,220,0,0,185,0,0,3,476192575,-1223626868,0.0,0.6000000238418579,1.9310158491134644,0.0,0.0,0.0,0.0,1.9310158491134644,0.0,24,32500,47.6192575,-122.3626868,3.6616624663324324
1336,1728407643.244,1,220,0,0,185,0,0,3,476192575,-1223626868,0.0,0.6000000238418579,1.9310158491134644,0.0,0.0,0.0,0.0,1.9310158491134644,0.0,24,32500,47.6192575,-122.3626868,3.6396723473634096
1337,1728407643.495,1,220,0,0,185,0,0,3,476192575,-1223626884,0.0,0.6000000238418579,1.9363105297088623,0.0,0.0,0.0,0.0,1.9363105297088623,0.0,24,32500,47.6192575,-122.3626884,3.696174450314313
1338,1728407643.745,1,220,0,0,185,0,0,3,476192575,-1223626884,0.0,0.6000000238418579,1.9363105297088623,0.0,0.0,0.0,0.0,1.9363105297088623,0.0,24,32500,47.6192575,-122.3626884,3.654302908602088
1339,1728407644.0189998,1,220,0,0,185,0,0,3,476192580,-1223626861,0.0,0.6000000238418579,1.9266607761383057,0.0,0.0,0.0,0.0,1.9266607761383057,0.0,24,32500,47.619258,-122.3626861,3.662332929085556
1340,1728407644.28,1,220,0,0,185,0,0,3,476192580,-1223626861,0.0,0.6000000238418579,1.9266607761383057,0.0,0.0,0.0,0.0,1.9266607761383057,0.0,24,32500,47.619258,-122.3626861,3.644979048972749
1341,1728407644.531,1,220,0,0,185,0,0,3,476192586,-1223626879,0.0,0.6000000238418579,1.8976061344146729,0.0,0.0,0.0,0.0,1.8976061344146729,0.0,24,32500,47.6192586,-122.3626879,3.6616623064993417
1342,1728407644.7819998,1,220,0,0,185,0,0,3,476192586,-1223626879,0.0,0.6000000238418579,1.8976061344146729,0.0,0.0,0.0,0.0,1.8976061344146729,0.0,24,32500,47.6192586,-122.3626879,3.648303622631656
1343,1728407645.044,1,220,0,0,185,0,0,3,476192586,-1223626879,0.0,0.6000000238418579,1.8976061344146729,0.0,0.0,0.0,0.0,1.8976061344146729,0.0,24,32500,47.6192586,-122.3626879,3.6563071106749936
1344,1728407645.5779998,1,220,0,0,185,0,0,3,476192592,-1223626912,0.0,0.6000000238418579,1.9895731210708618,0.0,0.0,0.0,0.0,1.9895731210708618,0.0,24,32500,47.6192592,-122.3626912,3.673094466385959
1345,1728407645.8379998,1,220,0,0,185,0,0,3,476192592,-1223626912,0.0,0.6000000238418579,1.9895731210708618,0.0,0.0,0.0,0.0,1.9895731210708618,0.0,24,32500,47.6192592,-122.3626912,3.6416605289367303
1346,1728407646.118,1,220,0,0,185,0,0,3,476192590,-1223626908,0.0,0.6000000238418579,1.8403681516647339,0.0,0.0,0.0,0.0,1.8403681516647339,0.0,24,32600,47.619259,-122.3626908,3.657644520336085
1347,1728407646.3509998,1,220,0,0,185,0,0,3,476192590,-1223626908,0.0,0.6000000238418579,1.8403681516647339,0.0,0.0,0.0,0.0,1.8403681516647339,0.0,24,32600,47.619259,-122.3626908,3.642987243216351
1348,1728407646.633,1,220,0,0,185,0,0,3,476192590,-1223626867,0.0,0.6000000238418579,1.8307170867919922,0.0,0.0,0.0,0.0,1.8307170867919922,0.0,24,32600,47.619259,-122.3626867,3.644979048972749
1349,1728407646.893,1,220,0,0,185,0,0,3,476192590,-1223626867,0.0,0.6000000238418579,1.872822880744934,0.0,0.0,0.0,0.0,1.872822880744934,0.0,24,32600,47.619259,-122.3626867,3.637686335519545
1350,1728407647.148,1,220,0,0,185,0,0,3,476192603,-1223626881,0.0,0.6000000238418579,1.872822880744934,0.0,0.0,0.0,0.0,1.872822880744934,0.0,24,32600,47.6192603,-122.3626881,3.648303622631656
1351,1728407647.424,1,220,0,0,185,0,0,3,476192620,-1223626894,0.0,0.6000000238418579,1.9105134010314941,0.0,0.0,0.0,0.0,1.9105134010314941,0.0,24,32600,47.619262,-122.3626894,3.6324009893894638
1352,1728407647.6669998,1,220,0,0,185,0,0,3,476192620,-1223626894,0.0,0.6000000238418579,1.9105134010314941,0.0,0.0,0.0,0.0,1.9105134010314941,0.0,24,32600,47.619262,-122.3626894,3.627130822743402
1353,1728407647.9429998,1,220,0,0,185,0,0,3,476192620,-1223626859,0.0,0.6000000238418579,1.9507547616958618,0.0,0.0,0.0,0.0,1.9507547616958618,0.0,24,32600,47.619262,-122.3626859,3.642323844337459
1354,1728407648.184,1,220,0,0,185,0,0,3,476192620,-1223626859,0.0,0.6000000238418579,1.9507547616958618,0.0,0.0,0.0,0.0,1.9507547616958618,0.0,24,32600,47.619262,-122.3626859,3.6343812327362617
1355,1728407648.464,1,220,0,0,185,0,0,3,476192626,-1223626853,0.0,0.6000000238418579,1.975157618522644,0.0,0.0,0.0,0.0,1.975157618522644,0.0,24,32600,47.6192626,-122.3626853,3.649635023793565
1356,1728407648.712,1,220,0,0,185,0,0,3,476192626,-1223626853,0.0,0.6000000238418579,1.975157618522644,0.0,0.0,0.0,0.0,1.975157618522644,0.0,24,32600,47.6192626,-122.3626853,3.656307270040913
1357,1728407648.985,1,220,0,0,185,0,0,3,476192632,-1223626871,0.0,0.6000000238418579,1.97831130027771,0.0,0.0,0.0,0.0,1.97831130027771,0.0,24,32799,47.6192632,-122.3626871,3.6523009025292525
1358,1728407649.2319999,1,220,0,0,185,0,0,3,476192632,-1223626871,0.0,0.6000000238418579,1.97831130027771,0.0,0.0,0.0,0.0,1.97831130027771,0.0,24,32799,47.6192632,-122.3626871,3.6616623064993417
1359,1728407649.517,1,220,0,0,185,0,0,3,476192620,-1223626876,0.0,0.6000000238418579,1.9706065654754639,0.0,0.0,0.0,0.0,1.9706065654754639,0.0,24,32900,47.619262,-122.3626876,3.6737692834273554
1360,1728407649.7619998,1,220,0,0,185,0,0,3,476192620,-1223626876,0.0,0.6000000238418579,1.9706065654754639,0.0,0.0,0.0,0.0,1.9706065654754639,0.0,24,32900,47.619262,-122.3626876,3.6596523905051206
1361,1728407650.037,1,220,0,0,185,0,0,3,476192633,-1223626880,0.0,0.6000000238418579,2.0295987129211426,0.0,0.0,0.0,0.0,2.0295987129211426,0.0,24,32900,47.6192633,-122.362688,3.671071983856156
1362,1728407650.296,1,220,0,0,185,0,0,3,476192633,-1223626880,0.0,0.6000000238418579,2.0295987129211426,0.0,0.0,0.0,0.0,2.0295987129211426,0.0,24,32900,47.6192633,-122.362688,3.650301088849234
1363,1728407650.5349998,1,220,0,0,185,0,0,3,476192633,-1223626880,0.0,0.6000000238418579,2.0295987129211426,0.0,0.0,0.0,0.0,2.0295987129211426,0.0,24,32900,47.6192633,-122.362688,3.6778227534540116
1364,1728407651.0809999,1,220,0,0,185,0,0,3,476192650,-1223626914,0.0,0.6000000238418579,2.244802236557007,0.0,0.0,0.0,0.0,2.244802236557007,0.0,24,32799,47.619265,-122.3626914,3.6690515668640775
1365,1728407651.3179998,1,220,0,0,185,0,0,3,476192650,-1223626914,0.0,0.6000000238418579,2.244802236557007,0.0,0.0,0.0,0.0,2.244802236557007,0.0,24,32799,47.619265,-122.3626914,3.6703983178647848
1366,1728407651.5879998,1,220,0,0,185,0,0,3,476192678,-1223626947,0.0,0.6000000238418579,2.149355888366699,0.0,0.0,0.0,0.0,2.149355888366699,0.0,24,32700,47.6192678,-122.3626947,3.658313512363139
1367,1728407651.827,1,220,0,0,185,0,0,3,476192678,-1223626947,0.0,0.6000000238418579,2.149355888366699,0.0,0.0,0.0,0.0,2.149355888366699,0.0,24,32700,47.6192678,-122.3626947,3.660992089242827
1368,1728407652.095,1,220,0,0,185,0,0,3,476192691,-1223626934,0.0,0.6000000238418579,2.1324963569641113,0.0,0.0,0.0,0.0,2.1324963569641113,0.0,24,32700,47.6192691,-122.3626934,3.646308024278096
1369,1728407652.337,1,220,0,0,185,0,0,3,476192691,-1223626934,0.0,0.6000000238418579,2.1324963569641113,0.0,0.0,0.0,0.0,2.1324963569641113,0.0,24,32700,47.6192691,-122.3626934,3.6556388521969088
1370,1728407652.613,1,220,0,0,185,0,0,3,476192697,-1223626882,0.0,0.6000000238418579,2.150399684906006,0.0,0.0,0.0,0.0,2.150399684906006,0.0,24,32600,47.6192697,-122.3626882,3.6616623064993417
1371,1728407652.872,1,220,0,0,185,0,0,3,476192697,-1223626882,0.0,0.6000000238418579,2.168745517730713,0.0,0.0,0.0,0.0,2.168745517730713,0.0,24,32600,47.6192697,-122.3626882,3.6343812327362617
1372,1728407653.146,1,220,0,0,185,0,0,3,476192700,-1223626869,0.0,0.6000000238418579,2.168745517730713,0.0,0.0,0.0,0.0,2.168745517730713,0.0,24,32500,47.61927,-122.3626869,3.651634107534223
1373,1728407653.3809998,1,220,0,0,185,0,0,3,476192700,-1223626869,0.0,0.6000000238418579,2.1949667930603027,0.0,0.0,0.0,0.0,2.1949667930603027,0.0,24,32500,47.61927,-122.3626869,3.6456434155099497
1374,1728407653.635,1,220,0,0,185,0,0,3,476192704,-1223626860,0.0,0.6000000238418579,2.1949667930603027,0.0,0.0,0.0,0.0,2.1949667930603027,0.0,24,32500,47.6192704,-122.362686,3.6337208068285434
1375,1728407653.9129999,1,220,0,0,185,0,0,3,476192721,-1223626854,0.0,0.6000000238418579,2.2185232639312744,0.0,0.0,0.0,0.0,2.2185232639312744,0.0,24,32500,47.6192721,-122.3626854,3.6523009025292525
1376,1728407654.179,1,220,0,0,185,0,0,3,476192721,-1223626854,0.0,0.6000000238418579,2.2185232639312744,0.0,0.0,0.0,0.0,2.2185232639312744,0.0,24,32500,47.6192721,-122.3626854,3.6409976131231696
1377,1728407654.448,1,220,0,0,185,0,0,3,476192744,-1223626857,0.0,0.6000000238418579,2.229412794113159,0.0,0.0,0.0,0.0,2.229412794113159,0.0,24,32600,47.6192744,-122.3626857,3.631741440136545
1378,1728407654.717,1,220,0,0,185,0,0,3,476192744,-1223626857,0.0,0.6000000238418579,2.229412794113159,0.0,0.0,0.0,0.0,2.229412794113159,0.0,24,32600,47.6192744,-122.3626857,3.632401146678224
1379,1728407654.988,1,220,0,0,185,0,0,3,476192760,-1223626862,0.0,0.6000000238418579,2.2255361080169678,0.0,0.0,0.0,0.0,2.2255361080169678,0.0,24,32700,47.619276,-122.3626862,3.6370248656830646
1380,1728407655.224,1,220,0,0,185,0,0,3,476192760,-1223626862,0.0,0.6000000238418579,2.2255361080169678,0.0,0.0,0.0,0.0,2.2255361080169678,0.0,24,32700,47.619276,-122.3626862,3.6192544185960625
1381,1728407655.54,1,220,0,0,185,0,0,3,476192759,-1223626853,0.0,0.6000000238418579,2.1983087062835693,0.0,0.0,0.0,0.0,2.1983087062835693,0.0,24,32600,47.6192759,-122.3626853,3.6456434155099497
1382,1728407655.773,1,220,0,0,185,0,0,3,476192759,-1223626853,0.0,0.6000000238418579,2.1983087062835693,0.0,0.0,0.0,0.0,2.1983087062835693,0.0,24,32600,47.6192759,-122.3626853,3.6483034639626757
1383,1728407656.021,1,220,0,0,185,0,0,3,476192759,-1223626853,0.0,0.6000000238418579,2.1983087062835693,0.0,0.0,0.0,0.0,2.1983087062835693,0.0,24,32600,47.6192759,-122.3626853,3.6146754320932595
1384,1728407656.585,1,220,0,0,185,0,0,3,476192772,-1223626850,0.0,0.6000000238418579,2.3824450969696045,0.0,0.0,0.0,0.0,2.3824450969696045,0.0,24,32400,47.6192772,-122.362685,3.6277888551574917
1385,1728407656.794,1,220,0,0,185,0,0,3,476192772,-1223626850,0.0,0.6000000238418579,2.3824450969696045,0.0,0.0,0.0,0.0,2.3824450969696045,0.0,24,32400,47.6192772,-122.362685,3.633720964231625
1386,1728407657.0809999,1,220,0,0,185,0,0,3,476192778,-1223626828,0.0,0.6000000238418579,2.209374189376831,0.0,0.0,0.0,0.0,2.209374189376831,0.0,24,32300,47.6192778,-122.3626828,3.6456434155099497
1387,1728407657.3339999,1,220,0,0,185,0,0,3,476192778,-1223626828,0.0,0.6000000238418579,2.209374189376831,0.0,0.0,0.0,0.0,2.209374189376831,0.0,24,32300,47.6192778,-122.3626828,3.640334938615678
1388,1728407657.6009998,1,220,0,0,185,0,0,3,476192780,-1223626827,0.0,0.6000000238418579,2.1798667907714844,0.0,0.0,0.0,0.0,2.1798667907714844,0.0,24,32200,47.619278,-122.3626827,3.660322117289636
1389,1728407657.836,1,220,0,0,185,0,0,3,476192780,-1223626827,0.0,0.6000000238418579,2.1798667907714844,0.0,0.0,0.0,0.0,2.1798667907714844,0.0,24,32200,47.619278,-122.3626827,3.646973033962953
1390,1728407658.139,1,220,0,0,185,0,0,3,476192791,-1223626847,0.0,0.6000000238418579,2.1835834980010986,0.0,0.0,0.0,0.0,2.1835834980010986,0.0,25,32200,47.6192791,-122.3626847,3.640334938615678
1391,1728407658.358,1,220,0,0,185,0,0,3,476192791,-1223626847,0.0,0.6000000238418579,2.2368977069854736,0.0,0.0,0.0,0.0,2.2368977069854736,0.0,25,32200,47.6192791,-122.3626847,3.667033372568504
1392,1728407658.628,1,220,0,0,185,0,0,3,476192806,-1223626865,0.0,0.6000000238418579,2.2368977069854736,0.0,0.0,0.0,0.0,2.2368977069854736,0.0,25,32300,47.6192806,-122.3626865,3.66300363741163
1393,1728407658.914,1,220,0,0,185,0,0,3,476192789,-1223626816,0.0,0.6000000238418579,2.262037754058838,0.0,0.0,0.0,0.0,2.262037754058838,0.0,25,32300,47.6192789,-122.3626816,3.662332929085556
1394,1728407659.148,1,220,0,0,185,0,0,3,476192789,-1223626816,0.0,0.6000000238418579,2.262037754058838,0.0,0.0,0.0,0.0,2.262037754058838,0.0,25,32300,47.6192789,-122.3626816,3.6771466077909967
1395,1728407659.4169998,1,220,0,0,185,0,0,3,476192789,-1223626816,0.0,0.6000000238418579,2.306128978729248,0.0,0.0,0.0,0.0,2.306128978729248,0.0,25,32300,47.6192789,-122.3626816,3.6523009025292525
1396,1728407659.665,1,220,0,0,185,0,0,3,476192798,-1223626803,0.0,0.6000000238418579,2.306128978729248,0.0,0.0,0.0,0.0,2.306128978729248,0.0,25,32200,47.6192798,-122.3626803,3.6337208068285434
1397,1728407659.942,1,220,0,0,185,0,0,3,476192809,-1223626818,0.0,0.6000000238418579,2.3024580478668213,0.0,0.0,0.0,0.0,2.3024580478668213,0.0,25,32200,47.6192809,-122.3626818,3.6489692017653677
1398,1728407660.181,1,220,0,0,185,0,0,3,476192809,-1223626818,0.0,0.6000000238418579,2.3024580478668213,0.0,0.0,0.0,0.0,2.3024580478668213,0.0,25,32200,47.6192809,-122.3626818,3.643650883797114
1399,1728407660.472,1,220,0,0,185,0,0,3,476192808,-1223626799,0.0,0.6000000238418579,2.2952728271484375,0.0,0.0,0.0,0.0,2.2952728271484375,0.0,25,32100,47.6192808,-122.3626799,3.6357026474301026
1400,1728407660.718,1,220,0,0,185,0,0,3,476192808,-1223626799,0.0,0.6000000238418579,2.2952728271484375,0.0,0.0,0.0,0.0,2.2952728271484375,0.0,25,32100,47.6192808,-122.3626799,3.6563071106749936
1401,1728407660.994,1,220,0,0,185,0,0,3,476192811,-1223626789,0.0,0.6000000238418579,2.299593925476074,0.0,0.0,0.0,0.0,2.299593925476074,0.0,25,32100,47.6192811,-122.3626789,3.629105479521808
1402,1728407661.233,1,220,0,0,185,0,0,3,476192811,-1223626789,0.0,0.6000000238418579,2.299593925476074,0.0,0.0,0.0,0.0,2.299593925476074,0.0,25,32100,47.6192811,-122.3626789,3.61336956664073
1403,1728407661.4819999,1,220,0,0,185,0,0,3,476192811,-1223626789,0.0,0.6000000238418579,2.299593925476074,0.0,0.0,0.0,0.0,2.299593925476074,0.0,25,32100,47.6192811,-122.3626789,3.650967555966238
1404,1728407662.024,1,220,0,0,185,0,0,3,476192832,-1223626814,0.0,0.6000000238418579,2.534576892852783,0.0,0.0,0.0,0.0,2.534576892852783,0.0,25,32100,47.6192832,-122.3626814,3.6350418987514006
1405,1728407662.27,1,220,0,0,185,0,0,3,476192832,-1223626814,0.0,0.6000000238418579,2.534576892852783,0.0,0.0,0.0,0.0,2.534576892852783,0.0,25,32100,47.6192832,-122.3626814,3.6343812327362617
1406,1728407662.585,1,220,0,0,185,0,0,3,476192848,-1223626836,0.0,0.6000000238418579,2.3357150554656982,0.0,0.0,0.0,0.0,2.3357150554656982,0.0,25,32200,47.6192848,-122.3626836,3.6363636363636362
1407,1728407662.8149998,1,220,0,0,185,0,0,3,476192848,-1223626836,0.0,0.6000000238418579,2.3357150554656982,0.0,0.0,0.0,0.0,2.3357150554656982,0.0,25,32200,47.6192848,-122.3626836,3.6343812327362617
1408,1728407663.09,1,220,0,0,185,0,0,3,476192875,-1223626850,0.0,0.6000000238418579,2.2719807624816895,0.0,0.0,0.0,0.0,2.2719807624816895,0.0,25,32100,47.6192875,-122.362685,3.6120643333164972
1409,1728407663.337,1,220,0,0,185,0,0,3,476192875,-1223626850,0.0,0.6000000238418579,2.2719807624816895,0.0,0.0,0.0,0.0,2.2719807624816895,0.0,25,32100,47.6192875,-122.362685,3.625815787243145
1410,1728407663.609,1,220,0,0,185,0,0,3,476192893,-1223626874,0.0,0.6000000238418579,2.236316204071045,0.0,0.0,0.0,0.0,2.236316204071045,0.0,25,31800,47.6192893,-122.3626874,3.6264731857783903
1411,1728407663.869,1,220,0,0,185,0,0,3,476192893,-1223626874,0.0,0.6000000238418579,2.236316204071045,0.0,0.0,0.0,0.0,2.236316204071045,0.0,25,31800,47.6192893,-122.3626874,3.625158627008024
1412,1728407664.1629999,1,220,0,0,185,0,0,3,476192900,-1223626864,0.0,0.6000000238418579,2.230180263519287,0.0,0.0,0.0,0.0,2.230180263519287,0.0,25,31700,47.61929,-122.3626864,3.629764071618172
1413,1728407664.392,1,220,0,0,185,0,0,3,476192900,-1223626864,0.0,0.6000000238418579,2.2861268520355225,0.0,0.0,0.0,0.0,2.2861268520355225,0.0,25,31700,47.61929,-122.3626864,3.617944931088708
1414,1728407664.6499999,1,220,0,0,185,0,0,3,476192904,-1223626869,0.0,0.6000000238418579,2.2861268520355225,0.0,0.0,0.0,0.0,2.2861268520355225,0.0,25,31800,47.6192904,-122.3626869,3.625158627008024
1415,1728407664.9199998,1,220,0,0,185,0,0,3,476192909,-1223626873,0.0,0.6000000238418579,2.290931224822998,0.0,0.0,0.0,0.0,2.290931224822998,0.0,25,32000,47.6192909,-122.3626873,3.629105479521808
1416,1728407665.165,1,220,0,0,185,0,0,3,476192909,-1223626873,0.0,0.6000000238418579,2.290931224822998,0.0,0.0,0.0,0.0,2.290931224822998,0.0,25,32000,47.6192909,-122.3626873,3.6503012476920196
1417,1728407665.445,1,220,0,0,185,0,0,3,476192926,-1223626885,0.0,0.6000000238418579,2.2892708778381348,0.0,0.0,0.0,0.0,2.2892708778381348,0.0,25,32200,47.6192926,-122.3626885,3.6483034639626757
1418,1728407665.718,1,220,0,0,185,0,0,3,476192926,-1223626885,0.0,0.6000000238418579,2.2892708778381348,0.0,0.0,0.0,0.0,2.2892708778381348,0.0,25,32200,47.6192926,-122.3626885,3.638348203808547
1419,1728407665.988,1,220,0,0,185,0,0,3,476192950,-1223626895,0.0,0.6000000238418579,2.2570765018463135,0.0,0.0,0.0,0.0,2.2570765018463135,0.0,25,32300,47.619295,-122.3626895,3.6390101551304133
1420,1728407666.233,1,220,0,0,185,0,0,3,476192950,-1223626895,0.0,0.6000000238418579,2.2570765018463135,0.0,0.0,0.0,0.0,2.2570765018463135,0.0,25,32300,47.619295,-122.3626895,3.6529681001596686
1421,1728407666.511,1,220,0,0,185,0,0,3,476192961,-1223626876,0.0,0.6000000238418579,2.26973819732666,0.0,0.0,0.0,0.0,2.26973819732666,0.0,25,32300,47.6192961,-122.3626876,3.642323844337459
1422,1728407666.743,1,220,0,0,185,0,0,3,476192961,-1223626876,0.0,0.6000000238418579,2.26973819732666,0.0,0.0,0.0,0.0,2.26973819732666,0.0,25,32300,47.6192961,-122.3626876,3.667705803806827
1423,1728407667.01,1,220,0,0,185,0,0,3,476192961,-1223626876,0.0,0.6000000238418579,2.26973819732666,0.0,0.0,0.0,0.0,2.26973819732666,0.0,25,32300,47.6192961,-122.3626876,3.6536353824671313
1424,1728407667.541,1,220,0,0,185,0,0,3,476192957,-1223626894,0.0,0.6000000238418579,2.411982536315918,0.0,0.0,0.0,0.0,2.411982536315918,0.0,25,32500,47.6192957,-122.3626894,3.637686335519545
1425,1728407667.781,1,220,0,0,185,0,0,3,476192957,-1223626894,0.0,0.6000000238418579,2.411982536315918,0.0,0.0,0.0,0.0,2.411982536315918,0.0,25,32500,47.6192957,-122.3626894,3.6304229027939896
1426,1728407668.064,1,220,0,0,185,0,0,3,476192971,-1223626897,0.0,0.6000000238418579,2.2988579273223877,0.0,0.0,0.0,0.0,2.2988579273223877,0.0,25,32600,47.6192971,-122.3626897,3.640334938615678
1427,1728407668.297,1,220,0,0,185,0,0,3,476192971,-1223626897,0.0,0.6000000238418579,2.2988579273223877,0.0,0.0,0.0,0.0,2.2988579273223877,0.0,25,32600,47.6192971,-122.3626897,3.644314924534089
1428,1728407668.587,1,220,0,0,185,0,0,3,476192986,-1223626912,0.0,0.6000000238418579,2.1672000885009766,0.0,0.0,0.0,0.0,2.1672000885009766,0.0,25,32799,47.6192986,-122.3626912,3.660992089242827
1429,1728407668.833,1,220,0,0,185,0,0,3,476192986,-1223626912,0.0,0.6000000238418579,2.1073131561279297,0.0,0.0,0.0,0.0,2.1073131561279297,0.0,25,32799,47.6192986,-122.3626912,3.6643459513899543
1430,1728407669.0839999,1,220,0,0,185,0,0,3,476192988,-1223626876,0.0,0.6000000238418579,2.1073131561279297,0.0,0.0,0.0,0.0,2.1073131561279297,0.0,25,32500,47.6192988,-122.3626876,3.6630037973618417
1431,1728407669.36,1,220,0,0,185,0,0,3,476192988,-1223626876,0.0,0.6000000238418579,2.0840048789978027,0.0,0.0,0.0,0.0,2.0840048789978027,0.0,25,32500,47.6192988,-122.3626876,3.6536353824671313
1432,1728407669.616,1,220,0,0,185,0,0,3,476192984,-1223626831,0.0,0.6000000238418579,2.0840048789978027,0.0,0.0,0.0,0.0,2.0840048789978027,0.0,25,32400,47.6192984,-122.3626831,3.644314924534089
1433,1728407669.866,1,220,0,0,185,0,0,3,476192984,-1223626831,0.0,0.6000000238418579,2.0840048789978027,0.0,0.0,0.0,0.0,2.0840048789978027,0.0,25,32400,47.6192984,-122.3626831,3.658313512363139
1434,1728407670.148,1,220,0,0,185,0,0,3,476192989,-1223626807,0.0,0.6000000238418579,2.068727731704712,0.0,0.0,0.0,0.0,2.068727731704712,0.0,25,32300,47.6192989,-122.3626807,3.6456434155099497
1435,1728407670.429,1,220,0,0,185,0,0,3,476192996,-1223626792,0.0,0.6000000238418579,2.0551764965057373,0.0,0.0,0.0,0.0,2.0551764965057373,0.0,25,32300,47.6192996,-122.3626792,3.646308024278096
1436,1728407670.659,1,220,0,0,185,0,0,3,476192996,-1223626792,0.0,0.6000000238418579,2.0551764965057373,0.0,0.0,0.0,0.0,2.0551764965057373,0.0,25,32300,47.6192996,-122.3626792,3.6264731857783903
1437,1728407670.9329998,1,220,0,0,185,0,0,3,476193006,-1223626800,0.0,0.6000000238418579,2.0740363597869873,0.0,0.0,0.0,0.0,2.0740363597869873,0.0,25,32300,47.6193006,-122.36268,3.643650883797114
1438,1728407671.181,1,220,0,0,185,0,0,3,476193006,-1223626800,0.0,0.6000000238418579,2.0740363597869873,0.0,0.0,0.0,0.0,2.0740363597869873,0.0,25,32300,47.6193006,-122.36268,3.657644520336085
1439,1728407671.4459999,1,220,0,0,185,0,0,3,476193013,-1223626805,0.0,0.6000000238418579,2.104538917541504,0.0,0.0,0.0,0.0,2.104538917541504,0.0,25,32300,47.6193013,-122.3626805,3.6463081827735553
1440,1728407671.6929998,1,220,0,0,185,0,0,3,476193013,-1223626805,0.0,0.6000000238418579,2.104538917541504,0.0,0.0,0.0,0.0,2.104538917541504,0.0,25,32300,47.6193013,-122.3626805,3.631081973179469
1441,1728407671.985,1,220,0,0,185,0,0,3,476193024,-1223626827,0.0,0.6000000238418579,2.0714211463928223,0.0,0.0,0.0,0.0,2.0714211463928223,0.0,25,32100,47.6193024,-122.3626827,3.6536353824671313
1442,1728407672.231,1,220,0,0,185,0,0,3,476193024,-1223626827,0.0,0.6000000238418579,2.0714211463928223,0.0,0.0,0.0,0.0,2.0714211463928223,0.0,25,32100,47.6193024,-122.3626827,3.6416605289367303
1443,1728407672.477,1,220,0,0,185,0,0,3,476193024,-1223626827,0.0,0.6000000238418579,2.0714211463928223,0.0,0.0,0.0,0.0,2.0714211463928223,0.0,25,32100,47.6193024,-122.3626827,3.6357026474301026
1444,1728407673.027,1,220,0,0,185,0,0,3,476193046,-1223626879,0.0,0.6000000238418579,2.385711669921875,0.0,0.0,0.0,0.0,2.385711669921875,0.0,25,31700,47.6193046,-122.3626879,3.637025023372522
1445,1728407673.266,1,220,0,0,185,0,0,3,476193046,-1223626879,0.0,0.6000000238418579,2.385711669921875,0.0,0.0,0.0,0.0,2.385711669921875,0.0,25,31700,47.6193046,-122.3626879,3.6264731857783903
1446,1728407673.579,1,220,0,0,185,0,0,3,476193062,-1223626898,0.0,0.6000000238418579,2.267467737197876,0.0,0.0,0.0,0.0,2.267467737197876,0.0,25,31700,47.6193062,-122.3626898,3.6238448643714087
1447,1728407673.786,1,220,0,0,185,0,0,3,476193062,-1223626898,0.0,0.6000000238418579,2.267467737197876,0.0,0.0,0.0,0.0,2.267467737197876,0.0,25,31700,47.6193062,-122.3626898,3.616636546740109
1448,1728407674.0549998,1,220,0,0,185,0,0,3,476193066,-1223626897,0.0,0.6000000238418579,2.272947072982788,0.0,0.0,0.0,0.0,2.272947072982788,0.0,25,31800,47.6193066,-122.3626897,3.6062026661095254
1449,1728407674.3179998,1,220,0,0,185,0,0,3,476193066,-1223626897,0.0,0.6000000238418579,2.272947072982788,0.0,0.0,0.0,0.0,2.272947072982788,0.0,25,31800,47.6193066,-122.3626897,3.6049026044221146
1450,1728407674.592,1,220,0,0,185,0,0,3,476193070,-1223626902,0.0,0.6000000238418579,2.282402753829956,0.0,0.0,0.0,0.0,2.282402753829956,0.0,25,31900,47.619307,-122.3626902,3.6140223035533716
1451,1728407674.8339999,1,220,0,0,185,0,0,3,476193070,-1223626902,0.0,0.6000000238418579,2.282402753829956,0.0,0.0,0.0,0.0,2.282402753829956,0.0,25,31900,47.619307,-122.3626902,3.640334938615678
1452,1728407675.108,1,220,0,0,185,0,0,3,476193059,-1223626926,0.0,0.6000000238418579,2.241267204284668,0.0,0.0,0.0,0.0,2.241267204284668,0.0,25,32000,47.6193059,-122.3626926,3.6390101551304133
1453,1728407675.3669999,1,220,0,0,185,0,0,3,476193059,-1223626926,0.0,0.6000000238418579,2.241267204284668,0.0,0.0,0.0,0.0,2.241267204284668,0.0,25,32000,47.6193059,-122.3626926,3.631082130354019
1454,1728407675.6469998,1,220,0,0,185,0,0,3,476193050,-1223626865,0.0,0.6000000238418579,2.2018632888793945,0.0,0.0,0.0,0.0,2.2018632888793945,0.0,25,32000,47.619305,-122.3626865,3.325020855185067
1455,1728407675.944,1,220,0,0,185,0,0,3,476193050,-1223626865,0.0,0.6000000238418579,2.167288303375244,0.0,0.0,0.0,0.0,2.167288303375244,0.0,25,32000,47.619305,-122.3626865,3.320053159744764
1456,1728407676.178,1,220,0,0,185,0,0,3,476193064,-1223626865,0.0,0.6000000238418579,2.167288303375244,0.0,0.0,0.0,0.0,2.167288303375244,0.0,25,32000,47.6193064,-122.3626865,3.3333333333333335
1457,1728407676.4629998,1,220,0,0,185,0,0,3,476193070,-1223626873,0.0,0.6000000238418579,2.152419328689575,0.0,0.0,0.0,0.0,2.152419328689575,0.0,25,31900,47.619307,-122.3626873,3.3189511988110247
1458,1728407676.727,1,220,0,0,185,0,0,3,476193070,-1223626873,0.0,0.6000000238418579,2.152419328689575,0.0,0.0,0.0,0.0,2.152419328689575,0.0,25,31900,47.619307,-122.3626873,3.30961443932042
1459,1728407676.994,1,220,0,0,185,0,0,3,476193069,-1223626895,0.0,0.6000000238418579,2.112156391143799,0.0,0.0,0.0,0.0,2.112156391143799,0.0,25,31900,47.6193069,-122.3626895,3.3255735633685366
1460,1728407677.227,1,220,0,0,185,0,0,3,476193069,-1223626895,0.0,0.6000000238418579,2.112156391143799,0.0,0.0,0.0,0.0,2.112156391143799,0.0,25,31900,47.6193069,-122.3626895,3.310710207954206
1461,1728407677.4789999,1,220,0,0,185,0,0,3,476193075,-1223626863,0.0,0.6000000238418579,2.106581926345825,0.0,0.0,0.0,0.0,2.106581926345825,0.0,25,31900,47.6193075,-122.3626863,3.3261267190978714
1462,1728407677.727,1,220,0,0,185,0,0,3,476193075,-1223626863,0.0,0.6000000238418579,2.106581926345825,0.0,0.0,0.0,0.0,2.106581926345825,0.0,25,31900,47.6193075,-122.3626863,3.3211558526695084
1463,1728407677.985,1,220,0,0,185,0,0,3,476193075,-1223626863,0.0,0.6000000238418579,2.106581926345825,0.0,0.0,0.0,0.0,2.106581926345825,0.0,25,31900,47.6193075,-122.3626863,3.3261267190978714
1464,1728407679.0419998,1,220,0,0,185,0,0,3,476193080,-1223626947,0.0,0.6000000238418579,2.35501766204834,0.0,0.0,0.0,0.0,2.35501766204834,0.0,25,31900,47.619308,-122.3626947,3.3355570093769358
1465,1728407679.29,1,220,0,0,185,0,0,3,476193080,-1223626947,0.0,0.6000000238418579,2.35501766204834,0.0,0.0,0.0,0.0,2.35501766204834,0.0,25,31900,47.619308,-122.3626947,3.350645076250809
1466,1728407679.579,1,220,0,0,185,0,0,3,476193075,-1223626883,0.0,0.6000000238418579,2.1214945316314697,0.0,0.0,0.0,0.0,2.1214945316314697,0.0,25,31900,47.6193075,-122.3626883,3.341687610786463
1467,1728407679.812,1,220,0,0,185,0,0,3,476193075,-1223626883,0.0,0.6000000238418579,2.1214945316314697,0.0,0.0,0.0,0.0,2.1214945316314697,0.0,25,31900,47.6193075,-122.3626883,3.3428045906913306
1468,1728407680.0979998,1,220,0,0,185,0,0,3,476193080,-1223626866,0.0,0.6000000238418579,2.123084545135498,0.0,0.0,0.0,0.0,2.123084545135498,0.0,25,31800,47.619308,-122.3626866,3.357958445193788
1469,1728407680.332,1,220,0,0,185,0,0,3,476193080,-1223626866,0.0,0.6000000238418579,2.123084545135498,0.0,0.0,0.0,0.0,2.123084545135498,0.0,25,31800,47.619308,-122.3626866,3.340571244067113
1470,1728407680.633,1,220,0,0,185,0,0,3,476193087,-1223626873,0.0,0.6000000238418579,2.146209955215454,0.0,0.0,0.0,0.0,2.146209955215454,0.0,25,31800,47.6193087,-122.3626873,3.3338890737161733
1471,1728407680.847,1,220,0,0,185,0,0,3,476193087,-1223626873,0.0,0.6000000238418579,2.146209955215454,0.0,0.0,0.0,0.0,2.146209955215454,0.0,25,31800,47.6193087,-122.3626873,3.3266799269484215
1472,1728407681.1299999,1,220,0,0,185,0,0,3,476193079,-1223626816,0.0,0.6000000238418579,2.13272762298584,0.0,0.0,0.0,0.0,2.13272762298584,0.0,25,31800,47.6193079,-122.3626816,3.3156499627806926
1473,1728407681.3799999,1,220,0,0,185,0,0,3,476193079,-1223626816,0.0,0.6000000238418579,2.13272762298584,0.0,0.0,0.0,0.0,2.13272762298584,0.0,25,31800,47.6193079,-122.3626816,3.320053159744764
1474,1728407681.643,1,220,0,0,185,0,0,3,476193076,-1223626797,0.0,0.6000000238418579,2.086663246154785,0.0,0.0,0.0,0.0,2.086663246154785,0.0,25,31800,47.6193076,-122.3626797,3.6245015483380914
1475,1728407681.9129999,1,220,0,0,185,0,0,3,476193073,-1223626775,0.0,0.6000000238418579,2.101818323135376,0.0,0.0,0.0,0.0,2.101818323135376,0.0,25,31900,47.6193073,-122.3626775,3.6231884183164556
1476,1728407682.1629999,1,220,0,0,185,0,0,3,476193073,-1223626775,0.0,0.6000000238418579,2.101818323135376,0.0,0.0,0.0,0.0,2.101818323135376,0.0,25,31900,47.6193073,-122.3626775,3.6127167542928156
1477,1728407682.4459999,1,220,0,0,185,0,0,3,476193079,-1223626788,0.0,0.6000000238418579,2.099724769592285,0.0,0.0,0.0,0.0,2.099724769592285,0.0,25,31900,47.6193079,-122.3626788,3.6179450871280188
1478,1728407682.6829998,1,220,0,0,185,0,0,3,476193079,-1223626788,0.0,0.6000000238418579,2.099724769592285,0.0,0.0,0.0,0.0,2.099724769592285,0.0,25,31900,47.6193079,-122.3626788,3.6218760830461725
1479,1728407682.981,1,220,0,0,185,0,0,3,476193076,-1223626776,0.0,0.6000000238418579,2.105490207672119,0.0,0.0,0.0,0.0,2.105490207672119,0.0,25,31900,47.6193076,-122.3626776,3.6042531573169114
1480,1728407683.2259998,1,220,0,0,185,0,0,3,476193076,-1223626776,0.0,0.6000000238418579,2.105490207672119,0.0,0.0,0.0,0.0,2.105490207672119,0.0,25,31900,47.6193076,-122.3626776,3.6192544185960625
1481,1728407683.491,1,220,0,0,185,0,0,3,476193078,-1223626785,0.0,0.6000000238418579,2.0897297859191895,0.0,0.0,0.0,0.0,2.0897297859191895,0.0,25,31900,47.6193078,-122.3626785,3.6062026661095254
1482,1728407683.7589998,1,220,0,0,185,0,0,3,476193078,-1223626785,0.0,0.6000000238418579,2.0897297859191895,0.0,0.0,0.0,0.0,2.0897297859191895,0.0,25,31900,47.6193078,-122.3626785,3.591309028452211
1483,1728407684.0089998,1,220,0,0,185,0,0,3,476193078,-1223626785,0.0,0.6000000238418579,2.0897297859191895,0.0,0.0,0.0,0.0,2.0897297859191895,0.0,25,31900,47.6193078,-122.3626785,3.601656779429968
1484,1728407684.56,1,220,0,0,185,0,0,3,476193103,-1223626829,0.0,0.6000000238418579,2.237194061279297,0.0,0.0,0.0,0.0,2.237194061279297,0.0,25,32400,47.6193103,-122.3626829,3.543586075611638
1485,1728407684.81,1,220,0,0,185,0,0,3,476193103,-1223626829,0.0,0.6000000238418579,2.237194061279297,0.0,0.0,0.0,0.0,2.237194061279297,0.0,25,32400,47.6193103,-122.3626829,3.6029543458710895
1486,1728407685.115,1,220,0,0,185,0,0,3,476193085,-1223626759,0.0,0.6000000238418579,2.0671558380126953,0.0,0.0,0.0,0.0,2.0671558380126953,0.0,25,32500,47.6193085,-122.3626759,3.601656779429968
1487,1728407685.34,1,220,0,0,185,0,0,3,476193085,-1223626759,0.0,0.6000000238418579,2.0671558380126953,0.0,0.0,0.0,0.0,2.0671558380126953,0.0,25,32500,47.6193085,-122.3626759,3.617944931088708
1488,1728407685.62,1,220,0,0,185,0,0,3,476193078,-1223626748,0.0,0.6000000238418579,1.972204327583313,0.0,0.0,0.0,0.0,1.972204327583313,0.0,25,32400,47.6193078,-122.3626748,3.6159825535021453
1489,1728407685.8809998,1,220,0,0,185,0,0,3,476193078,-1223626748,0.0,0.6000000238418579,1.972204327583313,0.0,0.0,0.0,0.0,1.972204327583313,0.0,25,32400,47.6193078,-122.3626748,3.6277888551574917
1490,1728407686.159,1,220,0,0,185,0,0,3,476193086,-1223626768,0.0,0.6000000238418579,1.9689781665802002,0.0,0.0,0.0,0.0,1.9689781665802002,0.0,25,32400,47.6193086,-122.3626768,3.6277888551574917
1491,1728407686.393,1,220,0,0,185,0,0,3,476193086,-1223626768,0.0,0.6000000238418579,1.9689781665802002,0.0,0.0,0.0,0.0,1.9689781665802002,0.0,25,32400,47.6193086,-122.3626768,3.609456848818006
1492,1728407686.699,1,220,0,0,185,0,0,3,476193078,-1223626778,0.0,0.6000000238418579,2.0231821537017822,0.0,0.0,0.0,0.0,2.0231821537017822,0.0,25,32400,47.6193078,-122.3626778,3.647638127648428
1493,1728407686.9329998,1,220,0,0,185,0,0,3,476193085,-1223626780,0.0,0.6000000238418579,2.0278186798095703,0.0,0.0,0.0,0.0,2.0278186798095703,0.0,25,32500,47.6193085,-122.362678,3.6370248656830646
1494,1728407687.287,1,220,0,0,185,0,0,3,476193085,-1223626780,0.0,0.6000000238418579,2.0278186798095703,0.0,0.0,0.0,0.0,2.0278186798095703,0.0,25,32500,47.6193085,-122.362678,3.649635023793565
1495,1728407687.464,1,220,0,0,185,0,0,3,476193101,-1223626780,0.0,0.6000000238418579,2.0221643447875977,0.0,0.0,0.0,0.0,2.0221643447875977,0.0,25,32500,47.6193101,-122.362678,3.648303622631656
1496,1728407687.7159998,1,220,0,0,185,0,0,3,476193101,-1223626780,0.0,0.6000000238418579,2.0221643447875977,0.0,0.0,0.0,0.0,2.0221643447875977,0.0,25,32500,47.6193101,-122.362678,3.656975772940062
1497,1728407687.974,1,220,0,0,185,0,0,3,476193106,-1223626781,0.0,0.6000000238418579,2.0105245113372803,0.0,0.0,0.0,0.0,2.0105245113372803,0.0,25,32600,47.6193106,-122.3626781,3.6563071106749936
1498,1728407688.214,1,220,0,0,185,0,0,3,476193106,-1223626781,0.0,0.6000000238418579,2.0105245113372803,0.0,0.0,0.0,0.0,2.0105245113372803,0.0,25,32600,47.6193106,-122.3626781,3.638348203808547
1499,1728407688.494,1,220,0,0,185,0,0,3,476193096,-1223626800,0.0,0.6000000238418579,1.9689606428146362,0.0,0.0,0.0,0.0,1.9689606428146362,0.0,25,32600,47.6193096,-122.36268,3.652967941084702
1500,1728407688.7389998,1,220,0,0,185,0,0,3,476193096,-1223626800,0.0,0.6000000238418579,1.9689606428146362,0.0,0.0,0.0,0.0,1.9689606428146362,0.0,25,32600,47.6193096,-122.36268,3.667705803806827
1501,1728407689.0319998,1,220,0,0,185,0,0,3,476193087,-1223626819,0.0,0.6000000238418579,1.957105278968811,0.0,0.0,0.0,0.0,1.957105278968811,0.0,25,32600,47.6193087,-122.3626819,3.6563071106749936
1502,1728407689.2419999,1,220,0,0,185,0,0,3,476193087,-1223626819,0.0,0.6000000238418579,1.957105278968811,0.0,0.0,0.0,0.0,1.957105278968811,0.0,25,32600,47.6193087,-122.3626819,3.683919596070015
1503,1728407689.508,1,220,0,0,185,0,0,3,476193087,-1223626819,0.0,0.6000000238418579,1.957105278968811,0.0,0.0,0.0,0.0,1.957105278968811,0.0,25,32600,47.6193087,-122.3626819,3.658313512363139
1504,1728407690.04,1,220,0,0,185,0,0,3,476193117,-1223626796,0.0,0.6000000238418579,2.229200839996338,0.0,0.0,0.0,0.0,2.229200839996338,0.0,25,32600,47.6193117,-122.3626796,3.7348272509362883
1505,1728407690.2919998,1,220,0,0,185,0,0,3,476193117,-1223626796,0.0,0.6000000238418579,2.229200839996338,0.0,0.0,0.0,0.0,2.229200839996338,0.0,25,32600,47.6193117,-122.3626796,3.667033372568504
1506,1728407690.5839999,1,220,0,0,185,0,0,3,476193110,-1223626789,0.0,0.6000000238418579,1.9938669204711914,0.0,0.0,0.0,0.0,1.9938669204711914,0.0,25,32600,47.619311,-122.3626789,3.6549706786982066
1507,1728407690.81,1,220,0,0,185,0,0,3,476193110,-1223626789,0.0,0.6000000238418579,1.9938669204711914,0.0,0.0,0.0,0.0,1.9938669204711914,0.0,25,32600,47.619311,-122.3626789,3.642323844337459
1508,1728407691.1169999,1,220,0,0,185,0,0,3,476193106,-1223626843,0.0,0.6000000238418579,1.930552363395691,0.0,0.0,0.0,0.0,1.930552363395691,0.0,25,32799,47.6193106,-122.3626843,3.6549708379476464
1509,1728407691.356,1,220,0,0,185,0,0,3,476193106,-1223626843,0.0,0.6000000238418579,1.937853455543518,0.0,0.0,0.0,0.0,1.937853455543518,0.0,25,32799,47.6193106,-122.3626843,3.6549708379476464
1510,1728407691.612,1,220,0,0,185,0,0,3,476193123,-1223626847,0.0,0.6000000238418579,1.937853455543518,0.0,0.0,0.0,0.0,1.937853455543518,0.0,25,33000,47.6193123,-122.3626847,3.6523009025292525
1511,1728407691.863,1,220,0,0,185,0,0,3,476193123,-1223626847,0.0,0.6000000238418579,1.937853455543518,0.0,0.0,0.0,0.0,1.937853455543518,0.0,25,33000,47.6193123,-122.3626847,3.665017397303611
1512,1728407692.128,1,220,0,0,185,0,0,3,476193132,-1223626836,0.0,0.6000000238418579,1.914010763168335,0.0,0.0,0.0,0.0,1.914010763168335,0.0,25,33300,47.6193132,-122.3626836,3.646308024278096
1513,1728407692.3999999,1,220,0,0,185,0,0,3,476193125,-1223626822,0.0,0.6000000238418579,1.9374295473098755,0.0,0.0,0.0,0.0,1.9374295473098755,0.0,25,33500,47.6193125,-122.3626822,3.629105479521808
1514,1728407692.642,1,220,0,0,185,0,0,3,476193125,-1223626822,0.0,0.6000000238418579,1.9374295473098755,0.0,0.0,0.0,0.0,1.9374295473098755,0.0,25,33500,47.6193125,-122.3626822,3.6416606870284185
1515,1728407692.918,1,220,0,0,185,0,0,3,476193111,-1223626809,0.0,0.6000000238418579,1.911651611328125,0.0,0.0,0.0,0.0,1.911651611328125,0.0,25,33699,47.6193111,-122.3626809,3.6456434155099497
1516,1728407693.188,1,220,0,0,185,0,0,3,476193111,-1223626809,0.0,0.6000000238418579,1.911651611328125,0.0,0.0,0.0,0.0,1.911651611328125,0.0,25,33699,47.6193111,-122.3626809,3.635702489855292
1517,1728407693.465,1,220,0,0,185,0,0,3,476193104,-1223626784,0.0,0.6000000238418579,1.9053049087524414,0.0,0.0,0.0,0.0,1.9053049087524414,0.0,25,33800,47.6193104,-122.3626784,3.6357026474301026
1518,1728407693.6859999,1,220,0,0,185,0,0,3,476193104,-1223626784,0.0,0.6000000238418579,1.9053049087524414,0.0,0.0,0.0,0.0,1.9053049087524414,0.0,25,33800,47.6193104,-122.3626784,3.6569756135158613
1519,1728407693.9659998,1,220,0,0,185,0,0,3,476193106,-1223626773,0.0,0.6000000238418579,1.8648260831832886,0.0,0.0,0.0,0.0,1.8648260831832886,0.0,25,33900,47.6193106,-122.3626773,3.6409976131231696
1520,1728407694.215,1,220,0,0,185,0,0,3,476193106,-1223626773,0.0,0.6000000238418579,1.8648260831832886,0.0,0.0,0.0,0.0,1.8648260831832886,0.0,25,33900,47.6193106,-122.3626773,3.623845020920054
1521,1728407694.4889998,1,220,0,0,185,0,0,3,476193113,-1223626781,0.0,0.6000000238418579,1.8553361892700195,0.0,0.0,0.0,0.0,1.8553361892700195,0.0,25,34099,47.6193113,-122.3626781,3.6127167542928156
1522,1728407694.727,1,220,0,0,185,0,0,3,476193113,-1223626781,0.0,0.6000000238418579,1.8553361892700195,0.0,0.0,0.0,0.0,1.8553361892700195,0.0,25,34099,47.6193113,-122.3626781,3.6101083281073474
1523,1728407695.0189998,1,220,0,0,185,0,0,3,476193113,-1223626781,0.0,0.6000000238418579,1.8553361892700195,0.0,0.0,0.0,0.0,1.8553361892700195,0.0,25,34099,47.6193113,-122.3626781,3.6094566935100194
1524,1728407695.5319998,1,220,0,0,185,0,0,3,476193115,-1223626772,0.0,0.6000000238418579,1.988187551498413,0.0,0.0,0.0,0.0,1.988187551498413,0.0,25,33900,47.6193115,-122.3626772,3.62713097957608
1525,1728407695.7779999,1,220,0,0,185,0,0,3,476193115,-1223626772,0.0,0.6000000238418579,1.988187551498413,0.0,0.0,0.0,0.0,1.988187551498413,0.0,25,33900,47.6193115,-122.3626772,3.62713097957608
1526,1728407696.085,1,220,0,0,185,0,0,3,476193115,-1223626754,0.0,0.6000000238418579,1.8699268102645874,0.0,0.0,0.0,0.0,1.8699268102645874,0.0,25,34000,47.6193115,-122.3626754,3.6529681001596686
1527,1728407696.3109999,1,220,0,0,185,0,0,3,476193115,-1223626754,0.0,0.6000000238418579,1.8699268102645874,0.0,0.0,0.0,0.0,1.8699268102645874,0.0,25,34000,47.6193115,-122.3626754,3.658313512363139
1528,1728407696.586,1,220,0,0,185,0,0,3,476193106,-1223626733,0.0,0.6000000238418579,1.8088805675506592,0.0,0.0,0.0,0.0,1.8088805675506592,0.0,25,34300,47.6193106,-122.3626733,3.631081973179469
1529,1728407696.849,1,220,0,0,185,0,0,3,476193106,-1223626733,0.0,0.6000000238418579,1.8088805675506592,0.0,0.0,0.0,0.0,1.8088805675506592,0.0,25,34300,47.6193106,-122.3626733,3.633060778243268
1530,1728407697.1309998,1,220,0,0,185,0,0,3,476193105,-1223626755,0.0,0.6000000238418579,1.8081071376800537,0.0,0.0,0.0,0.0,1.8081071376800537,0.0,25,34500,47.6193105,-122.3626755,3.625815787243145
1531,1728407697.399,1,220,0,0,185,0,0,3,476193105,-1223626755,0.0,0.6000000238418579,1.8287923336029053,0.0,0.0,0.0,0.0,1.8287923336029053,0.0,25,34500,47.6193105,-122.3626755,3.6337208068285434
1532,1728407697.668,1,220,0,0,185,0,0,3,476193120,-1223626782,0.0,0.6000000238418579,1.8287923336029053,0.0,0.0,0.0,0.0,1.8287923336029053,0.0,25,34700,47.619312,-122.3626782,3.6376864932663664
1533,1728407697.941,1,220,0,0,185,0,0,3,476193120,-1223626782,0.0,0.6000000238418579,1.8169292211532593,0.0,0.0,0.0,0.0,1.8169292211532593,0.0,25,34700,47.619312,-122.3626782,3.6663610276063356
1534,1728407698.156,1,220,0,0,185,0,0,3,476193113,-1223626797,0.0,0.6000000238418579,1.8169292211532593,0.0,0.0,0.0,0.0,1.8169292211532593,0.0,25,34900,47.6193113,-122.3626797,3.6212203500077984
1535,1728407698.432,1,220,0,0,185,0,0,3,476193102,-1223626821,0.0,0.6000000238418579,1.813158392906189,0.0,0.0,0.0,0.0,1.813158392906189,0.0,25,35100,47.6193102,-122.3626821,3.6363636363636362
1536,1728407698.6629999,1,220,0,0,185,0,0,3,476193102,-1223626821,0.0,0.6000000238418579,1.813158392906189,0.0,0.0,0.0,0.0,1.813158392906189,0.0,25,35100,47.6193102,-122.3626821,3.650967555966238
1537,1728407698.932,1,220,0,0,185,0,0,3,476193097,-1223626812,0.0,0.6000000238418579,1.8346998691558838,0.0,0.0,0.0,0.0,1.8346998691558838,0.0,25,35100,47.6193097,-122.3626812,3.6396723473634096
1538,1728407699.194,1,220,0,0,185,0,0,3,476193097,-1223626812,0.0,0.6000000238418579,1.8346998691558838,0.0,0.0,0.0,0.0,1.8346998691558838,0.0,25,35100,47.6193097,-122.3626812,3.6245017049434782
1539,1728407699.471,1,220,0,0,185,0,0,3,476193114,-1223626834,0.0,0.6000000238418579,1.870020866394043,0.0,0.0,0.0,0.0,1.870020866394043,0.0,25,35100,47.6193114,-122.3626834,3.648303622631656
1540,1728407699.731,1,220,0,0,185,0,0,3,476193114,-1223626834,0.0,0.6000000238418579,1.870020866394043,0.0,0.0,0.0,0.0,1.870020866394043,0.0,25,35100,47.6193114,-122.3626834,3.6616623064993417
1541,1728407699.993,1,220,0,0,185,0,0,3,476193122,-1223626859,0.0,0.6000000238418579,1.8586397171020508,0.0,0.0,0.0,0.0,1.8586397171020508,0.0,25,35100,47.6193122,-122.3626859,3.660992089242827
1542,1728407700.225,1,220,0,0,185,0,0,3,476193122,-1223626859,0.0,0.6000000238418579,1.8586397171020508,0.0,0.0,0.0,0.0,1.8586397171020508,0.0,25,35100,47.6193122,-122.3626859,3.6456435739476367
1543,1728407700.474,1,220,0,0,185,0,0,3,476193122,-1223626859,0.0,0.6000000238418579,1.8586397171020508,0.0,0.0,0.0,0.0,1.8586397171020508,0.0,25,35100,47.6193122,-122.3626859,3.649635023793565
1544,1728407701.0549998,1,220,0,0,185,0,0,3,476193124,-1223626862,0.0,0.6000000238418579,2.02146053314209,0.0,0.0,0.0,0.0,2.02146053314209,0.0,25,34999,47.6193124,-122.3626862,3.6363636363636362
1545,1728407701.2779999,1,220,0,0,185,0,0,3,476193124,-1223626862,0.0,0.6000000238418579,2.02146053314209,0.0,0.0,0.0,0.0,2.02146053314209,0.0,25,34999,47.6193124,-122.3626862,3.61990943977892
1546,1728407701.563,1,220,0,0,185,0,0,3,476193135,-1223626852,0.0,0.6000000238418579,1.9018961191177368,0.0,0.0,0.0,0.0,1.9018961191177368,0.0,25,34999,47.6193135,-122.3626852,3.5997120267454497
1547,1728407701.806,1,220,0,0,185,0,0,3,476193135,-1223626852,0.0,0.6000000238418579,1.9018961191177368,0.0,0.0,0.0,0.0,1.9018961191177368,0.0,25,34999,47.6193135,-122.3626852,3.617944931088708
1548,1728407702.1039999,1,220,0,0,185,0,0,3,476193148,-1223626860,0.0,0.6000000238418579,1.9109601974487305,0.0,0.0,0.0,0.0,1.9109601974487305,0.0,25,34900,47.6193148,-122.362686,3.6127167542928156
1549,1728407702.3309999,1,220,0,0,185,0,0,3,476193148,-1223626860,0.0,0.6000000238418579,1.9109601974487305,0.0,0.0,0.0,0.0,1.9109601974487305,0.0,25,34900,47.6193148,-122.362686,3.6304229027939896
1550,1728407702.593,1,220,0,0,185,0,0,3,476193159,-1223626856,0.0,0.6000000238418579,1.9049499034881592,0.0,0.0,0.0,0.0,1.9049499034881592,0.0,25,34999,47.6193159,-122.3626856,3.6343812327362617
1551,1728407702.862,1,220,0,0,185,0,0,3,476193159,-1223626856,0.0,0.6000000238418579,1.8775075674057007,0.0,0.0,0.0,0.0,1.8775075674057007,0.0,25,34999,47.6193159,-122.3626856,3.6101083281073474
1552,1728407703.1539998,1,220,0,0,185,0,0,3,476193162,-1223626885,0.0,0.6000000238418579,1.8775075674057007,0.0,0.0,0.0,0.0,1.8775075674057007,0.0,25,34999,47.6193162,-122.3626885,3.608805449365887
1553,1728407703.421,1,220,0,0,185,0,0,3,476193160,-1223626906,0.0,0.6000000238418579,1.8620551824569702,0.0,0.0,0.0,0.0,1.8620551824569702,0.0,25,35100,47.619316,-122.3626906,3.597122339177876
1554,1728407703.656,1,220,0,0,185,0,0,3,476193160,-1223626906,0.0,0.6000000238418579,1.8620551824569702,0.0,0.0,0.0,0.0,1.8620551824569702,0.0,25,35100,47.619316,-122.3626906,3.627130822743402
1555,1728407703.957,1,220,0,0,185,0,0,3,476193149,-1223626945,0.0,0.6000000238418579,1.831053614616394,0.0,0.0,0.0,0.0,1.831053614616394,0.0,25,35100,47.6193149,-122.3626945,3.6094566935100194
1556,1728407704.2189999,1,220,0,0,185,0,0,3,476193149,-1223626945,0.0,0.6000000238418579,1.831053614616394,0.0,0.0,0.0,0.0,1.831053614616394,0.0,25,35100,47.6193149,-122.3626945,3.620564854364616
1557,1728407704.46,1,220,0,0,185,0,0,3,476193162,-1223626943,0.0,0.6000000238418579,1.8365468978881836,0.0,0.0,0.0,0.0,1.8365468978881836,0.0,25,35100,47.6193162,-122.3626943,3.5990642939448416
1558,1728407704.73,1,220,0,0,185,0,0,3,476193162,-1223626943,0.0,0.6000000238418579,1.8365468978881836,0.0,0.0,0.0,0.0,1.8365468978881836,0.0,25,35100,47.6193162,-122.3626943,3.6370248656830646
1559,1728407704.98,1,220,0,0,185,0,0,3,476193175,-1223626954,0.0,0.6000000238418579,1.8336405754089355,0.0,0.0,0.0,0.0,1.8336405754089355,0.0,25,35100,47.6193175,-122.3626954,3.605552440588237
1560,1728407705.234,1,220,0,0,185,0,0,3,476193175,-1223626954,0.0,0.6000000238418579,1.8336405754089355,0.0,0.0,0.0,0.0,1.8336405754089355,0.0,25,35100,47.6193175,-122.3626954,3.6127167542928156
1561,1728407705.533,1,220,0,0,185,0,0,3,476193170,-1223626994,0.0,0.6000000238418579,1.8097046613693237,0.0,0.0,0.0,0.0,1.8097046613693237,0.0,25,35100,47.619317,-122.3626994,3.6159827093722297
1562,1728407705.767,1,220,0,0,185,0,0,3,476193170,-1223626994,0.0,0.6000000238418579,1.8097046613693237,0.0,0.0,0.0,0.0,1.8097046613693237,0.0,25,35100,47.619317,-122.3626994,3.647638127648428
1563,1728407706.034,1,220,0,0,185,0,0,3,476193170,-1223626994,0.0,0.6000000238418579,1.8097046613693237,0.0,0.0,0.0,0.0,1.8097046613693237,0.0,25,35100,47.619317,-122.3626994,3.6416606870284185
1564,1728407706.569,1,220,0,0,185,0,0,3,476193163,-1223626970,0.0,0.6000000238418579,1.9100083112716675,0.0,0.0,0.0,0.0,1.9100083112716675,0.0,25,35100,47.6193163,-122.362697,3.638348203808547
1565,1728407706.819,1,220,0,0,185,0,0,3,476193163,-1223626970,0.0,0.6000000238418579,1.9100083112716675,0.0,0.0,0.0,0.0,1.9100083112716675,0.0,25,35100,47.6193163,-122.362697,3.642987243216351
1566,1728407707.087,1,220,0,0,185,0,0,3,476193170,-1223626961,0.0,0.6000000238418579,1.7939586639404297,0.0,0.0,0.0,0.0,1.7939586639404297,0.0,25,35100,47.619317,-122.3626961,3.6536353824671313
1567,1728407707.363,1,220,0,0,185,0,0,3,476193170,-1223626961,0.0,0.6000000238418579,1.7586458921432495,0.0,0.0,0.0,0.0,1.7586458921432495,0.0,25,35100,47.619317,-122.3626961,3.62713097957608
1568,1728407707.603,1,220,0,0,185,0,0,3,476193171,-1223626957,0.0,0.6000000238418579,1.7586458921432495,0.0,0.0,0.0,0.0,1.7586458921432495,0.0,25,35100,47.6193171,-122.3626957,3.64365104206166
1569,1728407707.878,1,220,0,0,185,0,0,3,476193171,-1223626957,0.0,0.6000000238418579,1.7389713525772095,0.0,0.0,0.0,0.0,1.7389713525772095,0.0,25,35100,47.6193171,-122.3626957,3.623845020920054
1570,1728407708.129,1,220,0,0,185,0,0,3,476193168,-1223626961,0.0,0.6000000238418579,1.7389713525772095,0.0,0.0,0.0,0.0,1.7389713525772095,0.0,25,35100,47.6193168,-122.3626961,3.625815787243145
1571,1728407708.393,1,220,0,0,185,0,0,3,476193163,-1223626996,0.0,0.6000000238418579,1.7289599180221558,0.0,0.0,0.0,0.0,1.7289599180221558,0.0,25,35100,47.6193163,-122.3626996,3.6456435739476367
1572,1728407708.6369998,1,220,0,0,185,0,0,3,476193163,-1223626996,0.0,0.6000000238418579,1.7289599180221558,0.0,0.0,0.0,0.0,1.7289599180221558,0.0,25,35100,47.6193163,-122.3626996,3.6409976131231696
1573,1728407708.9129999,1,220,0,0,185,0,0,3,476193161,-1223626990,0.0,0.6000000238418579,1.7219675779342651,0.0,0.0,0.0,0.0,1.7219675779342651,0.0,25,35100,47.6193161,-122.362699,3.6489692017653677
1574,1728407709.1529999,1,220,0,0,185,0,0,3,476193161,-1223626990,0.0,0.6000000238418579,1.7219675779342651,0.0,0.0,0.0,0.0,1.7219675779342651,0.0,25,35100,47.6193161,-122.362699,3.6409976131231696
1575,1728407709.447,1,220,0,0,185,0,0,3,476193162,-1223626981,0.0,0.6000000238418579,1.7311004400253296,0.0,0.0,0.0,0.0,1.7311004400253296,0.0,25,34999,47.6193162,-122.3626981,3.642987243216351
1576,1728407709.6929998,1,220,0,0,185,0,0,3,476193162,-1223626981,0.0,0.6000000238418579,1.7311004400253296,0.0,0.0,0.0,0.0,1.7311004400253296,0.0,25,34999,47.6193162,-122.3626981,3.646973033962953
1577,1728407709.974,1,220,0,0,185,0,0,3,476193164,-1223626966,0.0,0.6000000238418579,1.744026780128479,0.0,0.0,0.0,0.0,1.744026780128479,0.0,25,34999,47.6193164,-122.3626966,3.6643459513899543
1578,1728407710.2189999,1,220,0,0,185,0,0,3,476193164,-1223626966,0.0,0.6000000238418579,1.744026780128479,0.0,0.0,0.0,0.0,1.744026780128479,0.0,25,34999,47.6193164,-122.3626966,3.650967555966238
1579,1728407710.4989998,1,220,0,0,185,0,0,3,476193161,-1223626970,0.0,0.6000000238418579,1.7362514734268188,0.0,0.0,0.0,0.0,1.7362514734268188,0.0,25,34999,47.6193161,-122.362697,3.6717460578972427
1580,1728407710.75,1,220,0,0,185,0,0,3,476193161,-1223626970,0.0,0.6000000238418579,1.7362514734268188,0.0,0.0,0.0,0.0,1.7362514734268188,0.0,25,34999,47.6193161,-122.362697,3.642987243216351
1581,1728407711.0189998,1,220,0,0,185,0,0,3,476193170,-1223626973,0.0,0.6000000238418579,1.7487291097640991,0.0,0.0,0.0,0.0,1.7487291097640991,0.0,25,34999,47.619317,-122.3626973,3.6396723473634096
1582,1728407711.26,1,220,0,0,185,0,0,3,476193170,-1223626973,0.0,0.6000000238418579,1.7487291097640991,0.0,0.0,0.0,0.0,1.7487291097640991,0.0,25,34999,47.619317,-122.3626973,3.642323686188188
1583,1728407711.5149999,1,220,0,0,185,0,0,3,476193170,-1223626973,0.0,0.6000000238418579,1.7487291097640991,0.0,0.0,0.0,0.0,1.7487291097640991,0.0,25,34999,47.619317,-122.3626973,3.6245015483380914
1584,1728407712.062,1,220,0,0,185,0,0,3,476193176,-1223626978,0.0,0.6000000238418579,1.9292359352111816,0.0,0.0,0.0,0.0,1.9292359352111816,0.0,25,34900,47.6193176,-122.3626978,3.6324009893894638
1585,1728407712.309,1,220,0,0,185,0,0,3,476193176,-1223626978,0.0,0.6000000238418579,1.9292359352111816,0.0,0.0,0.0,0.0,1.9292359352111816,0.0,25,34900,47.6193176,-122.3626978,3.646973033962953
1586,1728407712.5709999,1,220,0,0,185,0,0,3,476193181,-1223626994,0.0,0.6000000238418579,1.8179922103881836,0.0,0.0,0.0,0.0,1.8179922103881836,0.0,25,34800,47.6193181,-122.3626994,3.642323686188188
1587,1728407712.8209999,1,220,0,0,185,0,0,3,476193181,-1223626994,0.0,0.6000000238418579,1.8179922103881836,0.0,0.0,0.0,0.0,1.8179922103881836,0.0,25,34800,47.6193181,-122.3626994,3.639672505282523
1588,1728407713.0809999,1,220,0,0,185,0,0,3,476193175,-1223626998,0.0,0.6000000238418579,1.803433895111084,0.0,0.0,0.0,0.0,1.803433895111084,0.0,25,34400,47.6193175,-122.3626998,3.643650883797114
1589,1728407713.3249998,1,220,0,0,185,0,0,3,476193175,-1223626998,0.0,0.6000000238418579,1.803433895111084,0.0,0.0,0.0,0.0,1.803433895111084,0.0,25,34400,47.6193175,-122.3626998,3.6409976131231696
1590,1728407713.619,1,220,0,0,185,0,0,3,476193177,-1223627021,0.0,0.6000000238418579,1.81276273727417,0.0,0.0,0.0,0.0,1.81276273727417,0.0,25,34300,47.6193177,-122.3627021,3.64365104206166
1591,1728407713.888,1,220,0,0,185,0,0,3,476193179,-1223627044,0.0,0.6000000238418579,1.8396339416503906,0.0,0.0,0.0,0.0,1.8396339416503906,0.0,25,34200,47.6193179,-122.3627044,3.627130822743402
1592,1728407714.128,1,220,0,0,185,0,0,3,476193179,-1223627044,0.0,0.6000000238418579,1.8396339416503906,0.0,0.0,0.0,0.0,1.8396339416503906,0.0,25,34200,47.6193179,-122.3627044,3.6357026474301026
1593,1728407714.431,1,220,0,0,185,0,0,3,476193190,-1223627044,0.0,0.6000000238418579,1.880303978919983,0.0,0.0,0.0,0.0,1.880303978919983,0.0,25,34200,47.619319,-122.3627044,3.631741440136545
1594,1728407714.659,1,220,0,0,185,0,0,3,476193190,-1223627044,0.0,0.6000000238418579,1.880303978919983,0.0,0.0,0.0,0.0,1.880303978919983,0.0,25,34200,47.619319,-122.3627044,3.633060935589173
1595,1728407714.931,1,220,0,0,185,0,0,3,476193200,-1223627043,0.0,0.6000000238418579,1.9080692529678345,0.0,0.0,0.0,0.0,1.9080692529678345,0.0,25,34200,47.61932,-122.3627043,3.629764071618172
1596,1728407715.184,1,220,0,0,185,0,0,3,476193200,-1223627043,0.0,0.6000000238418579,1.9080692529678345,0.0,0.0,0.0,0.0,1.9080692529678345,0.0,25,34200,47.61932,-122.3627043,3.625815787243145
1597,1728407715.4689999,1,220,0,0,185,0,0,3,476193190,-1223627069,0.0,0.6000000238418579,1.915773630142212,0.0,0.0,0.0,0.0,1.915773630142212,0.0,25,34200,47.619319,-122.3627069,3.6218760830461725
1598,1728407715.708,1,220,0,0,185,0,0,3,476193190,-1223627069,0.0,0.6000000238418579,1.915773630142212,0.0,0.0,0.0,0.0,1.915773630142212,0.0,25,34200,47.619319,-122.3627069,3.6120641777840397
1599,1728407715.9919999,1,220,0,0,185,0,0,3,476193196,-1223627080,0.0,0.6000000238418579,1.9589396715164185,0.0,0.0,0.0,0.0,1.9589396715164185,0.0,25,33900,47.6193196,-122.362708,3.604253002456412
1600,1728407716.2389998,1,220,0,0,185,0,0,3,476193196,-1223627080,0.0,0.6000000238418579,1.9589396715164185,0.0,0.0,0.0,0.0,1.9589396715164185,0.0,25,33900,47.6193196,-122.362708,3.6343812327362617
1601,1728407716.533,1,220,0,0,185,0,0,3,476193193,-1223627073,0.0,0.6000000238418579,1.9823840856552124,0.0,0.0,0.0,0.0,1.9823840856552124,0.0,25,33699,47.6193193,-122.3627073,3.6159827093722297
1602,1728407716.761,1,220,0,0,185,0,0,3,476193193,-1223627073,0.0,0.6000000238418579,1.9823840856552124,0.0,0.0,0.0,0.0,1.9823840856552124,0.0,25,33699,47.6193193,-122.3627073,3.6172907765856994
1603,1728407717.0219998,1,220,0,0,185,0,0,3,476193193,-1223627073,0.0,0.6000000238418579,1.9823840856552124,0.0,0.0,0.0,0.0,1.9823840856552124,0.0,25,33699,47.6193193,-122.3627073,3.639010312992069
1604,1728407717.567,1,220,0,0,185,0,0,3,476193222,-1223627087,0.0,0.6000000238418579,2.2176601886749268,0.0,0.0,0.0,0.0,2.2176601886749268,0.0,25,33600,47.6193222,-122.3627087,3.633060778243268
1605,1728407717.819,1,220,0,0,185,0,0,3,476193222,-1223627087,0.0,0.6000000238418579,2.2176601886749268,0.0,0.0,0.0,0.0,2.2176601886749268,0.0,25,33600,47.6193222,-122.3627087,3.6218762394247626
1606,1728407718.087,1,220,0,0,185,0,0,3,476193214,-1223627090,0.0,0.6000000238418579,2.0290207862854004,0.0,0.0,0.0,0.0,2.0290207862854004,0.0,25,33600,47.6193214,-122.362709,3.6357026474301026
1607,1728407718.343,1,220,0,0,185,0,0,3,476193214,-1223627090,0.0,0.6000000238418579,2.0290207862854004,0.0,0.0,0.0,0.0,2.0290207862854004,0.0,25,33600,47.6193214,-122.362709,3.6416605289367303
1608,1728407718.618,1,220,0,0,185,0,0,3,476193205,-1223627082,0.0,0.6000000238418579,1.9699945449829102,0.0,0.0,0.0,0.0,1.9699945449829102,0.0,25,33500,47.6193205,-122.3627082,3.6304229027939896
1609,1728407718.8739998,1,220,0,0,185,0,0,3,476193205,-1223627082,0.0,0.6000000238418579,1.9739364385604858,0.0,0.0,0.0,0.0,1.9739364385604858,0.0,25,33500,47.6193205,-122.3627082,3.6390101551304133
1610,1728407719.122,1,220,0,0,185,0,0,3,476193210,-1223627113,0.0,0.6000000238418579,1.9739364385604858,0.0,0.0,0.0,0.0,1.9739364385604858,0.0,25,33400,47.619321,-122.3627113,3.6416605289367303
1611,1728407719.419,1,220,0,0,185,0,0,3,476193218,-1223627126,0.0,0.6000000238418579,1.9520225524902344,0.0,0.0,0.0,0.0,1.9520225524902344,0.0,25,33200,47.6193218,-122.3627126,3.6212203500077984
1612,1728407719.6569998,1,220,0,0,185,0,0,3,476193218,-1223627126,0.0,0.6000000238418579,1.9520225524902344,0.0,0.0,0.0,0.0,1.9520225524902344,0.0,25,33200,47.6193218,-122.3627126,3.629764071618172
1613,1728407719.9269998,1,220,0,0,185,0,0,3,476193232,-1223627122,0.0,0.6000000238418579,1.9670017957687378,0.0,0.0,0.0,0.0,1.9670017957687378,0.0,25,33100,47.6193232,-122.3627122,3.6324009893894638
1614,1728407720.164,1,220,0,0,185,0,0,3,476193232,-1223627122,0.0,0.6000000238418579,1.9670017957687378,0.0,0.0,0.0,0.0,1.9670017957687378,0.0,25,33100,47.6193232,-122.3627122,3.643650883797114
1615,1728407720.4529998,1,220,0,0,185,0,0,3,476193248,-1223627107,0.0,0.6000000238418579,1.9459073543548584,0.0,0.0,0.0,0.0,1.9459073543548584,0.0,25,33000,47.6193248,-122.3627107,3.644979048972749
1616,1728407720.685,1,220,0,0,185,0,0,3,476193248,-1223627107,0.0,0.6000000238418579,1.9459073543548584,0.0,0.0,0.0,0.0,1.9459073543548584,0.0,25,33000,47.6193248,-122.3627107,3.615328952557203
1617,1728407720.961,1,220,0,0,185,0,0,3,476193249,-1223627130,0.0,0.6000000238418579,1.9490816593170166,0.0,0.0,0.0,0.0,1.9490816593170166,0.0,25,32900,47.6193249,-122.362713,3.6225322100439645
1618,1728407721.217,1,220,0,0,185,0,0,3,476193249,-1223627130,0.0,0.6000000238418579,1.9490816593170166,0.0,0.0,0.0,0.0,1.9490816593170166,0.0,25,32900,47.6193249,-122.362713,3.640997771157306
1619,1728407721.488,1,220,0,0,185,0,0,3,476193238,-1223627160,0.0,0.6000000238418579,1.9520293474197388,0.0,0.0,0.0,0.0,1.9520293474197388,0.0,25,32900,47.6193238,-122.362716,3.6390101551304133
1620,1728407721.731,1,220,0,0,185,0,0,3,476193238,-1223627160,0.0,0.6000000238418579,1.9520293474197388,0.0,0.0,0.0,0.0,1.9520293474197388,0.0,25,32900,47.6193238,-122.362716,3.62713097957608
1621,1728407722.056,1,220,0,0,185,0,0,3,476193218,-1223627170,0.0,0.6000000238418579,1.9354853630065918,0.0,0.0,0.0,0.0,1.9354853630065918,0.0,25,32900,47.6193218,-122.362717,3.640334938615678
1622,1728407722.271,1,220,0,0,185,0,0,3,476193218,-1223627170,0.0,0.6000000238418579,1.9354853630065918,0.0,0.0,0.0,0.0,1.9354853630065918,0.0,25,32900,47.6193218,-122.362717,3.6192544185960625
1623,1728407722.5279999,1,220,0,0,185,0,0,3,476193218,-1223627170,0.0,0.6000000238418579,1.9354853630065918,0.0,0.0,0.0,0.0,1.9354853630065918,0.0,25,32900,47.6193218,-122.362717,3.611411992462908
1624,1728407723.056,1,220,0,0,185,0,0,3,476193236,-1223627216,0.0,0.6000000238418579,2.1621463298797607,0.0,0.0,0.0,0.0,2.1621463298797607,0.0,25,32600,47.6193236,-122.3627216,3.600360147262427
1625,1728407723.306,1,220,0,0,185,0,0,3,476193236,-1223627216,0.0,0.6000000238418579,2.1621463298797607,0.0,0.0,0.0,0.0,2.1621463298797607,0.0,25,32600,47.6193236,-122.3627216,3.608154440183669
1626,1728407723.619,1,220,0,0,185,0,0,3,476193228,-1223627230,0.0,0.6000000238418579,2.0189530849456787,0.0,0.0,0.0,0.0,2.0189530849456787,0.0,25,32500,47.6193228,-122.362723,3.601656779429968
1627,1728407723.8639998,1,220,0,0,185,0,0,3,476193241,-1223627228,0.0,0.6000000238418579,1.9999356269836426,0.0,0.0,0.0,0.0,1.9999356269836426,0.0,25,32600,47.6193241,-122.3627228,3.5990642939448416
1628,1728407724.1109998,1,220,0,0,185,0,0,3,476193241,-1223627228,0.0,0.6000000238418579,1.9999356269836426,0.0,0.0,0.0,0.0,1.9999356269836426,0.0,25,32600,47.6193241,-122.3627228,3.5861574948615176
1629,1728407724.37,1,220,0,0,185,0,0,3,476193241,-1223627228,0.0,0.6000000238418579,2.0184969902038574,0.0,0.0,0.0,0.0,2.0184969902038574,0.0,25,32600,47.6193241,-122.3627228,3.591309028452211
1630,1728407724.636,1,220,0,0,185,0,0,3,476193253,-1223627229,0.0,0.6000000238418579,2.0184969902038574,0.0,0.0,0.0,0.0,2.0184969902038574,0.0,25,32600,47.6193253,-122.3627229,3.5835871131961925
1631,1728407724.9129999,1,220,0,0,185,0,0,3,476193247,-1223627226,0.0,0.6000000238418579,2.0000691413879395,0.0,0.0,0.0,0.0,2.0000691413879395,0.0,25,32600,47.6193247,-122.3627226,3.6343812327362617
1632,1728407725.1829998,1,220,0,0,185,0,0,3,476193247,-1223627226,0.0,0.6000000238418579,2.0000691413879395,0.0,0.0,0.0,0.0,2.0000691413879395,0.0,25,32600,47.6193247,-122.3627226,3.6127167542928156
1633,1728407725.465,1,220,0,0,185,0,0,3,476193242,-1223627264,0.0,0.6000000238418579,1.9983397722244263,0.0,0.0,0.0,0.0,1.9983397722244263,0.0,25,32500,47.6193242,-122.3627264,3.60555259556042
1634,1728407725.7189999,1,220,0,0,185,0,0,3,476193242,-1223627264,0.0,0.6000000238418579,1.9983397722244263,0.0,0.0,0.0,0.0,1.9983397722244263,0.0,25,32500,47.6193242,-122.3627264,3.7686075550612372
1635,1728407725.9959998,1,220,0,0,185,0,0,3,476193236,-1223627267,0.0,0.6000000238418579,1.989762306213379,0.0,0.0,0.0,0.0,1.989762306213379,0.0,25,32500,47.6193236,-122.3627267,3.5868005898379893
1636,1728407726.238,1,220,0,0,185,0,0,3,476193236,-1223627267,0.0,0.6000000238418579,1.989762306213379,0.0,0.0,0.0,0.0,1.989762306213379,0.0,25,32500,47.6193236,-122.3627267,3.609456848818006
1637,1728407726.518,1,220,0,0,185,0,0,3,476193234,-1223627246,0.0,0.6000000238418579,1.9898500442504883,0.0,0.0,0.0,0.0,1.9898500442504883,0.0,25,32600,47.6193234,-122.3627246,3.6010081920432846
1638,1728407726.794,1,220,0,0,185,0,0,3,476193234,-1223627246,0.0,0.6000000238418579,1.9898500442504883,0.0,0.0,0.0,0.0,1.9898500442504883,0.0,25,32600,47.6193234,-122.3627246,3.608805449365887
1639,1728407727.057,1,220,0,0,185,0,0,3,476193253,-1223627247,0.0,0.6000000238418579,2.0204098224639893,0.0,0.0,0.0,0.0,2.0204098224639893,0.0,25,32799,47.6193253,-122.3627247,3.591309028452211
1640,1728407727.312,1,220,0,0,185,0,0,3,476193253,-1223627247,0.0,0.6000000238418579,2.0204098224639893,0.0,0.0,0.0,0.0,2.0204098224639893,0.0,25,32799,47.6193253,-122.3627247,3.611411992462908
1641,1728407727.559,1,220,0,0,185,0,0,3,476193260,-1223627250,0.0,0.6000000238418579,2.0378029346466064,0.0,0.0,0.0,0.0,2.0378029346466064,0.0,25,33000,47.619326,-122.362725,3.608805449365887
1642,1728407727.807,1,220,0,0,185,0,0,3,476193260,-1223627250,0.0,0.6000000238418579,2.0378029346466064,0.0,0.0,0.0,0.0,2.0378029346466064,0.0,25,33000,47.619326,-122.362725,3.6212203500077984
1643,1728407728.0749998,1,220,0,0,185,0,0,3,476193260,-1223627250,0.0,0.6000000238418579,2.0378029346466064,0.0,0.0,0.0,0.0,2.0378029346466064,0.0,25,33000,47.619326,-122.362725,3.631741440136545
1644,1728407728.363,1,220,0,0,185,0,0,3,476193260,-1223627250,0.0,0.6000000238418579,2.0378029346466064,0.0,0.0,0.0,0.0,2.0378029346466064,0.0,25,33000,47.619326,-122.362725,3.6343812327362617
1645,1728407728.882,1,220,0,0,185,0,0,3,476193249,-1223627276,0.0,0.6000000238418579,2.263493299484253,0.0,0.0,0.0,0.0,2.263493299484253,0.0,25,32200,47.6193249,-122.3627276,3.629764071618172
1646,1728407729.1599998,1,220,0,0,185,0,0,3,476193246,-1223627269,0.0,0.6000000238418579,2.1136105060577393,0.0,0.0,0.0,0.0,2.1136105060577393,0.0,25,32200,47.6193246,-122.3627269,3.6231884183164556
1647,1728407729.418,1,220,0,0,185,0,0,3,476193246,-1223627267,0.0,0.6000000238418579,2.097705125808716,0.0,0.0,0.0,0.0,2.097705125808716,0.0,25,32300,47.6193246,-122.3627267,3.6277888551574917
1648,1728407729.6529999,1,220,0,0,185,0,0,3,476193246,-1223627267,0.0,0.6000000238418579,2.097705125808716,0.0,0.0,0.0,0.0,2.097705125808716,0.0,25,32300,47.6193246,-122.3627267,3.642987243216351
1649,1728407729.939,1,220,0,0,185,0,0,3,476193259,-1223627293,0.0,0.6000000238418579,2.1148111820220947,0.0,0.0,0.0,0.0,2.1148111820220947,0.0,25,32400,47.6193259,-122.3627293,3.633720964231625
1650,1728407730.174,1,220,0,0,185,0,0,3,476193259,-1223627293,0.0,0.6000000238418579,2.1148111820220947,0.0,0.0,0.0,0.0,2.1148111820220947,0.0,25,32400,47.6193259,-122.3627293,3.651634107534223
1651,1728407730.455,1,220,0,0,185,0,0,3,476193273,-1223627303,0.0,0.6000000238418579,2.1362266540527344,0.0,0.0,0.0,0.0,2.1362266540527344,0.0,25,32500,47.6193273,-122.3627303,3.633060935589173
1652,1728407730.7059999,1,220,0,0,185,0,0,3,476193273,-1223627303,0.0,0.6000000238418579,2.1362266540527344,0.0,0.0,0.0,0.0,2.1362266540527344,0.0,25,32500,47.6193273,-122.3627303,3.6376864932663664
1653,1728407730.972,1,220,0,0,185,0,0,3,476193257,-1223627358,0.0,0.6000000238418579,2.138502359390259,0.0,0.0,0.0,0.0,2.138502359390259,0.0,25,32600,47.6193257,-122.3627358,3.650301088849234
1654,1728407731.222,1,220,0,0,185,0,0,3,476193257,-1223627358,0.0,0.6000000238418579,2.138502359390259,0.0,0.0,0.0,0.0,2.138502359390259,0.0,25,32600,47.6193257,-122.3627358,3.4861425901857652
1655,1728407731.5059998,1,220,0,0,185,0,0,3,476193243,-1223627375,0.0,0.6000000238418579,2.126370668411255,0.0,0.0,0.0,0.0,2.126370668411255,0.0,25,32700,47.6193243,-122.3627375,3.6616624663324324
1656,1728407731.758,1,220,0,0,185,0,0,3,476193243,-1223627375,0.0,0.6000000238418579,2.126370668411255,0.0,0.0,0.0,0.0,2.126370668411255,0.0,25,32700,47.6193243,-122.3627375,3.652967941084702
1657,1728407732.031,1,220,0,0,185,0,0,3,476193242,-1223627372,0.0,0.6000000238418579,2.149649143218994,0.0,0.0,0.0,0.0,2.149649143218994,0.0,25,32700,47.6193242,-122.3627372,3.676470549564461
1658,1728407732.284,1,220,0,0,185,0,0,3,476193242,-1223627372,0.0,0.6000000238418579,2.149649143218994,0.0,0.0,0.0,0.0,2.149649143218994,0.0,25,32700,47.6193242,-122.3627372,3.650301088849234
1659,1728407732.5609999,1,220,0,0,185,0,0,3,476193249,-1223627355,0.0,0.6000000238418579,2.1482625007629395,0.0,0.0,0.0,0.0,2.1482625007629395,0.0,25,32600,47.6193249,-122.3627355,3.667033372568504
1660,1728407732.789,1,220,0,0,185,0,0,3,476193249,-1223627355,0.0,0.6000000238418579,2.1482625007629395,0.0,0.0,0.0,0.0,2.1482625007629395,0.0,25,32600,47.6193249,-122.3627355,3.6596523905051206
1661,1728407733.064,1,220,0,0,185,0,0,3,476193250,-1223627377,0.0,0.6000000238418579,2.1372830867767334,0.0,0.0,0.0,0.0,2.1372830867767334,0.0,25,32600,47.619325,-122.3627377,3.662332929085556
1662,1728407733.3049998,1,220,0,0,185,0,0,3,476193250,-1223627377,0.0,0.6000000238418579,2.1372830867767334,0.0,0.0,0.0,0.0,2.1372830867767334,0.0,25,32600,47.619325,-122.3627377,3.6663610276063356
1663,1728407733.554,1,220,0,0,185,0,0,3,476193250,-1223627377,0.0,0.6000000238418579,2.1372830867767334,0.0,0.0,0.0,0.0,2.1372830867767334,0.0,25,32600,47.619325,-122.3627377,3.671745897182634
1664,1728407734.1,1,220,0,0,185,0,0,3,476193262,-1223627360,0.0,0.6000000238418579,2.3425631523132324,0.0,0.0,0.0,0.0,2.3425631523132324,0.0,25,32400,47.6193262,-122.362736,3.6690515668640775
1665,1728407734.3439999,1,220,0,0,185,0,0,3,476193262,-1223627360,0.0,0.6000000238418579,2.3425631523132324,0.0,0.0,0.0,0.0,2.3425631523132324,0.0,25,32400,47.6193262,-122.362736,3.6549706786982066
1666,1728407734.635,1,220,0,0,185,0,0,3,476193242,-1223627345,0.0,0.6000000238418579,2.157151460647583,0.0,0.0,0.0,0.0,2.157151460647583,0.0,25,32300,47.6193242,-122.3627345,3.673094627218645
1667,1728407734.858,1,220,0,0,185,0,0,3,476193242,-1223627345,0.0,0.6000000238418579,2.157151460647583,0.0,0.0,0.0,0.0,2.157151460647583,0.0,25,32300,47.6193242,-122.3627345,3.6596523905051206
1668,1728407735.132,1,220,0,0,185,0,0,3,476193232,-1223627383,0.0,0.6000000238418579,2.138239860534668,0.0,0.0,0.0,0.0,2.138239860534668,0.0,25,32200,47.6193232,-122.3627383,3.6784991478191236
1669,1728407735.393,1,220,0,0,185,0,0,3,476193232,-1223627383,0.0,0.6000000238418579,2.1512324810028076,0.0,0.0,0.0,0.0,2.1512324810028076,0.0,25,32200,47.6193232,-122.3627383,3.667705803806827
1670,1728407735.639,1,220,0,0,185,0,0,3,476193230,-1223627423,0.0,0.6000000238418579,2.1512324810028076,0.0,0.0,0.0,0.0,2.1512324810028076,0.0,25,32400,47.619323,-122.3627423,3.6476382862595407
1671,1728407735.916,1,220,0,0,185,0,0,3,476193237,-1223627425,0.0,0.6000000238418579,2.1589972972869873,0.0,0.0,0.0,0.0,2.1589972972869873,0.0,25,32700,47.6193237,-122.3627425,3.660322117289636
1672,1728407736.161,1,220,0,0,185,0,0,3,476193237,-1223627425,0.0,0.6000000238418579,2.1589972972869873,0.0,0.0,0.0,0.0,2.1589972972869873,0.0,25,32700,47.6193237,-122.3627425,3.6549706786982066
1673,1728407736.419,1,220,0,0,185,0,0,3,476193237,-1223627425,0.0,0.6000000238418579,2.143160581588745,0.0,0.0,0.0,0.0,2.143160581588745,0.0,25,32700,47.6193237,-122.3627425,3.6363636363636362
1674,1728407736.6729999,1,220,0,0,185,0,0,3,476193249,-1223627429,0.0,0.6000000238418579,2.143160581588745,0.0,0.0,0.0,0.0,2.143160581588745,0.0,25,32900,47.6193249,-122.3627429,3.6536353824671313
1675,1728407736.978,1,220,0,0,185,0,0,3,476193236,-1223627469,0.0,0.6000000238418579,2.1241261959075928,0.0,0.0,0.0,0.0,2.1241261959075928,0.0,25,32900,47.6193236,-122.3627469,3.6416605289367303
1676,1728407737.2029998,1,220,0,0,185,0,0,3,476193236,-1223627469,0.0,0.6000000238418579,2.1241261959075928,0.0,0.0,0.0,0.0,2.1241261959075928,0.0,25,32900,47.6193236,-122.3627469,3.6563071106749936
1677,1728407737.4959998,1,220,0,0,185,0,0,3,476193229,-1223627479,0.0,0.6000000238418579,2.136270761489868,0.0,0.0,0.0,0.0,2.136270761489868,0.0,25,32900,47.6193229,-122.3627479,3.644979048972749
1678,1728407737.721,1,220,0,0,185,0,0,3,476193229,-1223627479,0.0,0.6000000238418579,2.136270761489868,0.0,0.0,0.0,0.0,2.136270761489868,0.0,25,32900,47.6193229,-122.3627479,3.6456434155099497
1679,1728407738.014,1,220,0,0,185,0,0,3,476193231,-1223627463,0.0,0.6000000238418579,2.1525769233703613,0.0,0.0,0.0,0.0,2.1525769233703613,0.0,25,32799,47.6193231,-122.3627463,3.644979048972749
1680,1728407738.2719998,1,220,0,0,185,0,0,3,476193231,-1223627463,0.0,0.6000000238418579,2.1525769233703613,0.0,0.0,0.0,0.0,2.1525769233703613,0.0,25,32799,47.6193231,-122.3627463,3.650301088849234
1681,1728407738.5279999,1,220,0,0,185,0,0,3,476193238,-1223627438,0.0,0.6000000238418579,2.170830488204956,0.0,0.0,0.0,0.0,2.170830488204956,0.0,25,32799,47.6193238,-122.3627438,3.6489692017653677
1682,1728407738.777,1,220,0,0,185,0,0,3,476193238,-1223627438,0.0,0.6000000238418579,2.170830488204956,0.0,0.0,0.0,0.0,2.170830488204956,0.0,25,32799,47.6193238,-122.3627438,3.6616624663324324
1683,1728407739.054,1,220,0,0,185,0,0,3,476193238,-1223627438,0.0,0.6000000238418579,2.170830488204956,0.0,0.0,0.0,0.0,2.170830488204956,0.0,25,32799,47.6193238,-122.3627438,3.6390101551304133
1684,1728407739.574,1,220,0,0,185,0,0,3,476193254,-1223627415,0.0,0.6000000238418579,2.40323543548584,0.0,0.0,0.0,0.0,2.40323543548584,0.0,25,32799,47.6193254,-122.3627415,3.646973033962953
1685,1728407739.836,1,220,0,0,185,0,0,3,476193254,-1223627415,0.0,0.6000000238418579,2.40323543548584,0.0,0.0,0.0,0.0,2.40323543548584,0.0,25,32799,47.6193254,-122.3627415,3.6656890893306247
1686,1728407740.105,1,220,0,0,185,0,0,3,476193250,-1223627466,0.0,0.6000000238418579,2.2459065914154053,0.0,0.0,0.0,0.0,2.2459065914154053,0.0,25,32799,47.619325,-122.3627466,3.654302908602088
1687,1728407740.345,1,220,0,0,185,0,0,3,476193250,-1223627466,0.0,0.6000000238418579,2.2459065914154053,0.0,0.0,0.0,0.0,2.2459065914154053,0.0,25,32799,47.619325,-122.3627466,3.6737692834273554
1688,1728407740.618,1,220,0,0,185,0,0,3,476193243,-1223627487,0.0,0.6000000238418579,2.248771905899048,0.0,0.0,0.0,0.0,2.248771905899048,0.0,25,32799,47.6193243,-122.3627487,3.6225322100439645
1689,1728407740.8799999,1,220,0,0,185,0,0,3,476193243,-1223627487,0.0,0.6000000238418579,2.236135482788086,0.0,0.0,0.0,0.0,2.236135482788086,0.0,25,32799,47.6193243,-122.3627487,3.657644520336085
1690,1728407741.118,1,220,0,0,185,0,0,3,476193220,-1223627479,0.0,0.6000000238418579,2.236135482788086,0.0,0.0,0.0,0.0,2.236135482788086,0.0,25,32900,47.619322,-122.3627479,3.6643457913225075
1691,1728407741.3969998,1,220,0,0,185,0,0,3,476193223,-1223627460,0.0,0.6000000238418579,2.2470293045043945,0.0,0.0,0.0,0.0,2.2470293045043945,0.0,25,32900,47.6193223,-122.362746,3.642987243216351
1692,1728407741.623,1,220,0,0,185,0,0,3,476193223,-1223627460,0.0,0.6000000238418579,2.2470293045043945,0.0,0.0,0.0,0.0,2.2470293045043945,0.0,25,32900,47.6193223,-122.362746,3.649635023793565
1693,1728407741.915,1,220,0,0,185,0,0,3,476193243,-1223627439,0.0,0.6000000238418579,2.263716220855713,0.0,0.0,0.0,0.0,2.263716220855713,0.0,25,32799,47.6193243,-122.3627439,3.6805299859844625
1694,1728407742.1569998,1,220,0,0,185,0,0,3,476193243,-1223627439,0.0,0.6000000238418579,2.263716220855713,0.0,0.0,0.0,0.0,2.263716220855713,0.0,25,32799,47.6193243,-122.3627439,3.197441987862798
1695,1728407742.434,1,220,0,0,185,0,0,3,476193228,-1223627499,0.0,0.6000000238418579,2.25534987449646,0.0,0.0,0.0,0.0,2.25534987449646,0.0,25,32799,47.6193228,-122.3627499,3.1887754723848607
1696,1728407742.6759999,1,220,0,0,185,0,0,3,476193228,-1223627499,0.0,0.6000000238418579,2.25534987449646,0.0,0.0,0.0,0.0,2.25534987449646,0.0,25,32799,47.6193228,-122.3627499,3.2025621083273257
1697,1728407742.9399998,1,220,0,0,185,0,0,3,476193228,-1223627531,0.0,0.6000000238418579,2.269299268722534,0.0,0.0,0.0,0.0,2.269299268722534,0.0,25,32799,47.6193228,-122.3627531,3.181673674210975
1698,1728407743.2419999,1,220,0,0,185,0,0,3,476193228,-1223627531,0.0,0.6000000238418579,2.269299268722534,0.0,0.0,0.0,0.0,2.269299268722534,0.0,25,32799,47.6193228,-122.3627531,3.1928480515446966
1699,1728407743.4819999,1,220,0,0,185,0,0,3,476193214,-1223627580,0.0,0.6000000238418579,2.271315097808838,0.0,0.0,0.0,0.0,2.271315097808838,0.0,25,32799,47.6193214,-122.362758,3.202049285158428
1700,1728407743.73,1,220,0,0,185,0,0,3,476193214,-1223627580,0.0,0.6000000238418579,2.271315097808838,0.0,0.0,0.0,0.0,2.271315097808838,0.0,25,32799,47.6193214,-122.362758,3.187251068675685
1701,1728407744.018,1,220,0,0,185,0,0,3,476193216,-1223627581,0.0,0.6000000238418579,2.246065378189087,0.0,0.0,0.0,0.0,2.246065378189087,0.0,25,32799,47.6193216,-122.3627581,3.20512820022973
1702,1728407744.257,1,220,0,0,185,0,0,3,476193216,-1223627581,0.0,0.6000000238418579,2.246065378189087,0.0,0.0,0.0,0.0,2.246065378189087,0.0,25,32799,47.6193216,-122.3627581,3.183192746185872
1703,1728407744.488,1,220,0,0,185,0,0,3,476193216,-1223627581,0.0,0.6000000238418579,2.246065378189087,0.0,0.0,0.0,0.0,2.246065378189087,0.0,25,32799,47.6193216,-122.3627581,3.204101319113268
1704,1728407745.829,1,220,0,0,185,0,0,3,476193226,-1223627587,0.0,0.6000000238418579,2.563668966293335,0.0,0.0,0.0,0.0,2.563668966293335,0.0,25,33200,47.6193226,-122.3627587,3.186235366950947
1705,1728407746.108,1,220,0,0,185,0,0,3,476193218,-1223627614,0.0,0.6000000238418579,2.2657406330108643,0.0,0.0,0.0,0.0,2.2657406330108643,0.0,25,33300,47.6193218,-122.3627614,3.2097576908071828
1706,1728407746.35,1,220,0,0,185,0,0,3,476193218,-1223627614,0.0,0.6000000238418579,2.2657406330108643,0.0,0.0,0.0,0.0,2.2657406330108643,0.0,25,33300,47.6193218,-122.3627614,3.1852205542709826
1707,1728407746.6309998,1,220,0,0,185,0,0,3,476193228,-1223627629,0.0,0.6000000238418579,2.176234006881714,0.0,0.0,0.0,0.0,2.176234006881714,0.0,25,33300,47.6193228,-122.3627629,3.2015366261989913
1708,1728407746.882,1,220,0,0,185,0,0,3,476193232,-1223627625,0.0,0.6000000238418579,2.111379384994507,0.0,0.0,0.0,0.0,2.111379384994507,0.0,25,33300,47.6193232,-122.3627625,3.2190567857177257
1709,1728407747.126,1,220,0,0,185,0,0,3,476193232,-1223627625,0.0,0.6000000238418579,2.111379384994507,0.0,0.0,0.0,0.0,2.111379384994507,0.0,25,33300,47.6193232,-122.3627625,3.218538790307713
1710,1728407747.393,1,220,0,0,185,0,0,3,476193232,-1223627625,0.0,0.6000000238418579,2.093526840209961,0.0,0.0,0.0,0.0,2.093526840209961,0.0,25,33300,47.6193232,-122.3627625,3.206155862307039
1711,1728407747.6369998,1,220,0,0,185,0,0,3,476193227,-1223627640,0.0,0.6000000238418579,2.093526840209961,0.0,0.0,0.0,0.0,2.093526840209961,0.0,25,33300,47.6193227,-122.362764,3.206155862307039
1712,1728407747.906,1,220,0,0,185,0,0,3,476193231,-1223627633,0.0,0.6000000238418579,2.0624825954437256,0.0,0.0,0.0,0.0,2.0624825954437256,0.0,25,33300,47.6193231,-122.3627633,3.2030749734795605
1713,1728407748.1569998,1,220,0,0,185,0,0,3,476193231,-1223627633,0.0,0.6000000238418579,2.0624825954437256,0.0,0.0,0.0,0.0,2.0624825954437256,0.0,25,33300,47.6193231,-122.3627633,3.060443724149963
1714,1728407748.434,1,220,0,0,185,0,0,3,476193244,-1223627609,0.0,0.6000000238418579,2.0522663593292236,0.0,0.0,0.0,0.0,2.0522663593292236,0.0,25,33400,47.6193244,-122.3627609,3.640334938615678
1715,1728407748.665,1,220,0,0,185,0,0,3,476193244,-1223627609,0.0,0.6000000238418579,2.0522663593292236,0.0,0.0,0.0,0.0,2.0522663593292236,0.0,25,33400,47.6193244,-122.3627609,3.6643459513899543
1716,1728407748.955,1,220,0,0,185,0,0,3,476193243,-1223627596,0.0,0.6000000238418579,2.0330810546875,0.0,0.0,0.0,0.0,2.0330810546875,0.0,25,33400,47.6193243,-122.3627596,3.660992089242827
1717,1728407749.187,1,220,0,0,185,0,0,3,476193243,-1223627596,0.0,0.6000000238418579,2.0330810546875,0.0,0.0,0.0,0.0,2.0330810546875,0.0,25,33400,47.6193243,-122.3627596,3.6656890893306247
1718,1728407749.455,1,220,0,0,185,0,0,3,476193244,-1223627585,0.0,0.6000000238418579,2.0221142768859863,0.0,0.0,0.0,0.0,2.0221142768859863,0.0,25,33400,47.6193244,-122.3627585,3.6737692834273554
1719,1728407749.6959999,1,220,0,0,185,0,0,3,476193244,-1223627585,0.0,0.6000000238418579,2.0221142768859863,0.0,0.0,0.0,0.0,2.0221142768859863,0.0,25,33400,47.6193244,-122.3627585,3.642323844337459
1720,1728407749.968,1,220,0,0,185,0,0,3,476193242,-1223627579,0.0,0.6000000238418579,2.008265495300293,0.0,0.0,0.0,0.0,2.008265495300293,0.0,25,33400,47.6193242,-122.3627579,3.6304229027939896
1721,1728407750.2559998,1,220,0,0,185,0,0,3,476193242,-1223627579,0.0,0.6000000238418579,2.008265495300293,0.0,0.0,0.0,0.0,2.008265495300293,0.0,25,33400,47.6193242,-122.3627579,3.633060778243268
1722,1728407750.501,1,220,0,0,185,0,0,3,476193242,-1223627579,0.0,0.6000000238418579,2.008265495300293,0.0,0.0,0.0,0.0,2.008265495300293,0.0,25,33400,47.6193242,-122.3627579,3.6277888551574917
1723,1728407751.023,1,220,0,0,185,0,0,3,476193238,-1223627562,0.0,0.6000000238418579,2.1805076599121094,0.0,0.0,0.0,0.0,2.1805076599121094,0.0,25,32500,47.6193238,-122.3627562,3.637686335519545
1724,1728407751.323,1,220,0,0,185,0,0,3,476193238,-1223627562,0.0,0.6000000238418579,2.1805076599121094,0.0,0.0,0.0,0.0,2.1805076599121094,0.0,25,32500,47.6193238,-122.3627562,3.646973033962953
1725,1728407751.566,1,220,0,0,185,0,0,3,476193248,-1223627561,0.0,0.6000000238418579,2.0303242206573486,0.0,0.0,0.0,0.0,2.0303242206573486,0.0,25,32100,47.6193248,-122.3627561,3.6304229027939896
1726,1728407751.813,1,220,0,0,185,0,0,3,476193248,-1223627561,0.0,0.6000000238418579,2.0303242206573486,0.0,0.0,0.0,0.0,2.0303242206573486,0.0,25,32100,47.6193248,-122.3627561,3.6245017049434782
1727,1728407752.087,1,220,0,0,185,0,0,3,476193248,-1223627579,0.0,0.6000000238418579,2.0164027214050293,0.0,0.0,0.0,0.0,2.0164027214050293,0.0,25,32100,47.6193248,-122.3627579,3.616636546740109
1728,1728407752.326,1,220,0,0,185,0,0,3,476193248,-1223627579,0.0,0.6000000238418579,2.0164027214050293,0.0,0.0,0.0,0.0,2.0164027214050293,0.0,25,32100,47.6193248,-122.3627579,3.595182478930085
1729,1728407752.6169999,1,220,0,0,185,0,0,3,476193242,-1223627575,0.0,0.6000000238418579,2.007364511489868,0.0,0.0,0.0,0.0,2.007364511489868,0.0,25,32200,47.6193242,-122.3627575,3.5945362210261873
1730,1728407752.902,1,220,0,0,185,0,0,3,476193235,-1223627553,0.0,0.6000000238418579,2.0021770000457764,0.0,0.0,0.0,0.0,2.0021770000457764,0.0,25,32200,47.6193235,-122.3627553,3.610760042613178
1731,1728407753.142,1,220,0,0,185,0,0,3,476193235,-1223627553,0.0,0.6000000238418579,2.0021770000457764,0.0,0.0,0.0,0.0,2.0021770000457764,0.0,25,32200,47.6193235,-122.3627553,3.6231882618245352
1732,1728407753.419,1,220,0,0,185,0,0,3,476193230,-1223627564,0.0,0.6000000238418579,1.9947772026062012,0.0,0.0,0.0,0.0,1.9947772026062012,0.0,25,32200,47.619323,-122.3627564,3.618599634421966
1733,1728407753.655,1,220,0,0,185,0,0,3,476193230,-1223627564,0.0,0.6000000238418579,1.9947772026062012,0.0,0.0,0.0,0.0,1.9947772026062012,0.0,25,32200,47.619323,-122.3627564,3.600360147262427
1734,1728407753.918,1,220,0,0,185,0,0,3,476193231,-1223627559,0.0,0.6000000238418579,1.9942559003829956,0.0,0.0,0.0,0.0,1.9942559003829956,0.0,25,32200,47.6193231,-122.3627559,3.638348203808547
1735,1728407754.174,1,220,0,0,185,0,0,3,476193231,-1223627559,0.0,0.6000000238418579,1.9942559003829956,0.0,0.0,0.0,0.0,1.9942559003829956,0.0,25,32200,47.6193231,-122.3627559,3.6238448643714087
1736,1728407754.4729998,1,220,0,0,185,0,0,3,476193243,-1223627577,0.0,0.6000000238418579,2.0163984298706055,0.0,0.0,0.0,0.0,2.0163984298706055,0.0,25,32200,47.6193243,-122.3627577,3.5958288151183955
1737,1728407754.717,1,220,0,0,185,0,0,3,476193243,-1223627577,0.0,0.6000000238418579,2.0163984298706055,0.0,0.0,0.0,0.0,2.0163984298706055,0.0,25,32200,47.6193243,-122.3627577,3.625815787243145
1738,1728407755.018,1,220,0,0,185,0,0,3,476193245,-1223627574,0.0,0.6000000238418579,2.009486436843872,0.0,0.0,0.0,0.0,2.009486436843872,0.0,25,32300,47.6193245,-122.3627574,3.6120643333164972
1739,1728407755.26,1,220,0,0,185,0,0,3,476193245,-1223627574,0.0,0.6000000238418579,2.009486436843872,0.0,0.0,0.0,0.0,2.009486436843872,0.0,25,32300,47.6193245,-122.3627574,3.6390101551304133
1740,1728407755.507,1,220,0,0,185,0,0,3,476193234,-1223627573,0.0,0.6000000238418579,1.9913034439086914,0.0,0.0,0.0,0.0,1.9913034439086914,0.0,25,32500,47.6193234,-122.3627573,3.616636546740109
1741,1728407755.776,1,220,0,0,185,0,0,3,476193234,-1223627573,0.0,0.6000000238418579,1.9913034439086914,0.0,0.0,0.0,0.0,1.9913034439086914,0.0,25,32500,47.6193234,-122.3627573,3.61336956664073
1742,1728407756.0279999,1,220,0,0,185,0,0,3,476193234,-1223627573,0.0,0.6000000238418579,1.9913034439086914,0.0,0.0,0.0,0.0,1.9913034439086914,0.0,25,32500,47.6193234,-122.3627573,3.6094566935100194
1743,1728407756.5779998,1,220,0,0,185,0,0,3,476193238,-1223627575,0.0,0.6000000238418579,2.15099835395813,0.0,0.0,0.0,0.0,2.15099835395813,0.0,25,33200,47.6193238,-122.3627575,3.600359992736281
1744,1728407756.82,1,220,0,0,185,0,0,3,476193238,-1223627575,0.0,0.6000000238418579,2.15099835395813,0.0,0.0,0.0,0.0,2.15099835395813,0.0,25,33200,47.6193238,-122.3627575,3.596475537935951
1745,1728407757.085,1,220,0,0,185,0,0,3,476193258,-1223627532,0.0,0.6000000238418579,2.000272512435913,0.0,0.0,0.0,0.0,2.000272512435913,0.0,25,33600,47.6193258,-122.3627532,3.6062026661095254
1746,1728407757.375,1,220,0,0,185,0,0,3,476193258,-1223627532,0.0,0.6000000238418579,1.959837794303894,0.0,0.0,0.0,0.0,1.959837794303894,0.0,25,33600,47.6193258,-122.3627532,3.610760042613178
1747,1728407757.603,1,220,0,0,185,0,0,3,476193249,-1223627536,0.0,0.6000000238418579,1.959837794303894,0.0,0.0,0.0,0.0,1.959837794303894,0.0,25,33800,47.6193249,-122.3627536,3.6127167542928156
1748,1728407757.863,1,220,0,0,185,0,0,3,476193249,-1223627536,0.0,0.6000000238418579,1.959837794303894,0.0,0.0,0.0,0.0,1.959837794303894,0.0,25,33800,47.6193249,-122.3627536,3.642323844337459
1749,1728407758.113,1,220,0,0,185,0,0,3,476193236,-1223627538,0.0,0.6000000238418579,1.9618723392486572,0.0,0.0,0.0,0.0,1.9618723392486572,0.0,25,33800,47.6193236,-122.3627538,3.642323844337459
1750,1728407758.432,1,220,0,0,185,0,0,3,476193232,-1223627539,0.0,0.6000000238418579,1.963748812675476,0.0,0.0,0.0,0.0,1.963748812675476,0.0,25,33699,47.6193232,-122.3627539,3.631082130354019
1751,1728407758.6769998,1,220,0,0,185,0,0,3,476193232,-1223627539,0.0,0.6000000238418579,1.963748812675476,0.0,0.0,0.0,0.0,1.963748812675476,0.0,25,33699,47.6193232,-122.3627539,3.6416606870284185
1752,1728407758.96,1,220,0,0,185,0,0,3,476193239,-1223627527,0.0,0.6000000238418579,1.9624296426773071,0.0,0.0,0.0,0.0,1.9624296426773071,0.0,25,33500,47.6193239,-122.3627527,3.6245015483380914
1753,1728407759.21,1,220,0,0,185,0,0,3,476193239,-1223627527,0.0,0.6000000238418579,1.9624296426773071,0.0,0.0,0.0,0.0,1.9624296426773071,0.0,25,33500,47.6193239,-122.3627527,3.5682426283570337
1754,1728407759.4789999,1,220,0,0,185,0,0,3,476193242,-1223627507,0.0,0.6000000238418579,1.9666131734848022,0.0,0.0,0.0,0.0,1.9666131734848022,0.0,25,33500,47.6193242,-122.3627507,3.629764071618172
1755,1728407759.72,1,220,0,0,185,0,0,3,476193242,-1223627507,0.0,0.6000000238418579,1.9666131734848022,0.0,0.0,0.0,0.0,1.9666131734848022,0.0,25,33500,47.6193242,-122.3627507,3.638348203808547
1756,1728407760.0119998,1,220,0,0,185,0,0,3,476193224,-1223627567,0.0,0.6000000238418579,1.9744505882263184,0.0,0.0,0.0,0.0,1.9744505882263184,0.0,25,33400,47.6193224,-122.3627567,3.6609922490174127
1757,1728407760.253,1,220,0,0,185,0,0,3,476193224,-1223627567,0.0,0.6000000238418579,1.9744505882263184,0.0,0.0,0.0,0.0,1.9744505882263184,0.0,25,33400,47.6193224,-122.3627567,3.6146755878506753
1758,1728407760.5089998,1,220,0,0,185,0,0,3,476193218,-1223627580,0.0,0.6000000238418579,2.0004050731658936,0.0,0.0,0.0,0.0,2.0004050731658936,0.0,25,33400,47.6193218,-122.362758,3.644314924534089
1759,1728407760.751,1,220,0,0,185,0,0,3,476193218,-1223627580,0.0,0.6000000238418579,2.0004050731658936,0.0,0.0,0.0,0.0,2.0004050731658936,0.0,25,33400,47.6193218,-122.362758,3.6264731857783903
1760,1728407761.0149999,1,220,0,0,185,0,0,3,476193217,-1223627588,0.0,0.6000000238418579,1.999803900718689,0.0,0.0,0.0,0.0,1.999803900718689,0.0,25,33400,47.6193217,-122.3627588,3.6697247385346583
1761,1728407761.268,1,220,0,0,185,0,0,3,476193217,-1223627588,0.0,0.6000000238418579,1.999803900718689,0.0,0.0,0.0,0.0,1.999803900718689,0.0,25,33400,47.6193217,-122.3627588,3.665017397303611
1762,1728407761.546,1,220,0,0,185,0,0,3,476193217,-1223627588,0.0,0.6000000238418579,1.999803900718689,0.0,0.0,0.0,0.0,1.999803900718689,0.0,25,33400,47.6193217,-122.3627588,3.6724202187540866
1763,1728407762.1829998,1,220,0,0,185,0,0,3,476193221,-1223627529,0.0,0.6000000238418579,2.1560914516448975,0.0,0.0,0.0,0.0,2.1560914516448975,0.0,25,33400,47.6193221,-122.3627529,3.6589829087547296
1764,1728407762.33,1,220,0,0,185,0,0,3,476193221,-1223627529,0.0,0.6000000238418579,2.1560914516448975,0.0,0.0,0.0,0.0,2.1560914516448975,0.0,25,33400,47.6193221,-122.3627529,3.6549706786982066
1765,1728407762.582,1,220,0,0,185,0,0,3,476193222,-1223627507,0.0,0.6000000238418579,2.0170376300811768,0.0,0.0,0.0,0.0,2.0170376300811768,0.0,25,33699,47.6193222,-122.3627507,3.656975772940062
1766,1728407762.8379998,1,220,0,0,185,0,0,3,476193222,-1223627507,0.0,0.6000000238418579,2.0170376300811768,0.0,0.0,0.0,0.0,2.0170376300811768,0.0,25,33699,47.6193222,-122.3627507,3.6569756135158613
1767,1728407763.136,1,220,0,0,185,0,0,3,476193225,-1223627481,0.0,0.6000000238418579,1.9818031787872314,0.0,0.0,0.0,0.0,1.9818031787872314,0.0,25,34000,47.6193225,-122.3627481,3.681207538134796
1768,1728407763.3509998,1,220,0,0,185,0,0,3,476193225,-1223627481,0.0,0.6000000238418579,1.9818031787872314,0.0,0.0,0.0,0.0,1.9818031787872314,0.0,25,34000,47.6193225,-122.3627481,3.665017397303611
1769,1728407763.628,1,220,0,0,185,0,0,3,476193214,-1223627513,0.0,0.6000000238418579,1.957020878791809,0.0,0.0,0.0,0.0,1.957020878791809,0.0,25,34000,47.6193214,-122.3627513,3.650967555966238
1770,1728407763.882,1,220,0,0,185,0,0,3,476193214,-1223627513,0.0,0.6000000238418579,1.9473117589950562,0.0,0.0,0.0,0.0,1.9473117589950562,0.0,25,34000,47.6193214,-122.3627513,3.6416605289367303
1771,1728407764.1339998,1,220,0,0,185,0,0,3,476193208,-1223627509,0.0,0.6000000238418579,1.9473117589950562,0.0,0.0,0.0,0.0,1.9473117589950562,0.0,25,34000,47.6193208,-122.3627509,3.647638127648428
1772,1728407764.406,1,220,0,0,185,0,0,3,476193205,-1223627490,0.0,0.6000000238418579,1.9254482984542847,0.0,0.0,0.0,0.0,1.9254482984542847,0.0,25,33900,47.6193205,-122.362749,3.6536353824671313
1773,1728407764.6759999,1,220,0,0,185,0,0,3,476193205,-1223627490,0.0,0.6000000238418579,1.9254482984542847,0.0,0.0,0.0,0.0,1.9254482984542847,0.0,25,33900,47.6193205,-122.362749,3.7348272509362883
1774,1728407764.951,1,220,0,0,185,0,0,3,476193193,-1223627439,0.0,0.6000000238418579,1.8811451196670532,0.0,0.0,0.0,0.0,1.8811451196670532,0.0,25,33900,47.6193193,-122.3627439,3.6744441875167575
1775,1728407765.189,1,220,0,0,185,0,0,3,476193193,-1223627439,0.0,0.6000000238418579,1.8811451196670532,0.0,0.0,0.0,0.0,1.8811451196670532,0.0,25,33900,47.6193193,-122.3627439,3.660322117289636
1776,1728407765.481,1,220,0,0,185,0,0,3,476193208,-1223627426,0.0,0.6000000238418579,1.901248812675476,0.0,0.0,0.0,0.0,1.901248812675476,0.0,25,33800,47.6193208,-122.3627426,3.6483034639626757
1777,1728407765.6859999,1,220,0,0,185,0,0,3,476193208,-1223627426,0.0,0.6000000238418579,1.901248812675476,0.0,0.0,0.0,0.0,1.901248812675476,0.0,25,33800,47.6193208,-122.3627426,3.6798528446297825
1778,1728407765.9659998,1,220,0,0,185,0,0,3,476193221,-1223627403,0.0,0.6000000238418579,1.9300719499588013,0.0,0.0,0.0,0.0,1.9300719499588013,0.0,25,33699,47.6193221,-122.3627403,3.660322117289636
1779,1728407766.2289999,1,220,0,0,185,0,0,3,476193221,-1223627403,0.0,0.6000000238418579,1.9300719499588013,0.0,0.0,0.0,0.0,1.9300719499588013,0.0,25,33699,47.6193221,-122.3627403,3.667033372568504
1780,1728407766.507,1,220,0,0,185,0,0,3,476193212,-1223627448,0.0,0.6000000238418579,1.9429198503494263,0.0,0.0,0.0,0.0,1.9429198503494263,0.0,25,33600,47.6193212,-122.3627448,3.6643459513899543
1781,1728407766.751,1,220,0,0,185,0,0,3,476193212,-1223627448,0.0,0.6000000238418579,1.9429198503494263,0.0,0.0,0.0,0.0,1.9429198503494263,0.0,25,33600,47.6193212,-122.3627448,3.652967941084702
1782,1728407767.02,1,220,0,0,185,0,0,3,476193212,-1223627448,0.0,0.6000000238418579,1.9429198503494263,0.0,0.0,0.0,0.0,1.9429198503494263,0.0,25,33600,47.6193212,-122.3627448,3.6683784817005
1783,1728407767.5379999,1,220,0,0,185,0,0,3,476193218,-1223627437,0.0,0.6000000238418579,2.1090211868286133,0.0,0.0,0.0,0.0,2.1090211868286133,0.0,25,33400,47.6193218,-122.3627437,3.629764071618172
1784,1728407767.773,1,220,0,0,185,0,0,3,476193218,-1223627437,0.0,0.6000000238418579,2.1090211868286133,0.0,0.0,0.0,0.0,2.1090211868286133,0.0,25,33400,47.6193218,-122.3627437,3.667033372568504
1785,1728407768.046,1,220,0,0,185,0,0,3,476193228,-1223627419,0.0,0.6000000238418579,1.971643090248108,0.0,0.0,0.0,0.0,1.971643090248108,0.0,25,33100,47.6193228,-122.3627419,3.647638127648428
1786,1728407768.32,1,220,0,0,185,0,0,3,476193228,-1223627419,0.0,0.6000000238418579,1.971643090248108,0.0,0.0,0.0,0.0,1.971643090248108,0.0,25,33100,47.6193228,-122.3627419,3.668378642120456
1787,1728407768.5709999,1,220,0,0,185,0,0,3,476193227,-1223627407,0.0,0.6000000238418579,1.934224247932434,0.0,0.0,0.0,0.0,1.934224247932434,0.0,25,32900,47.6193227,-122.3627407,3.618599634421966
1788,1728407768.8149998,1,220,0,0,185,0,0,3,476193227,-1223627407,0.0,0.6000000238418579,1.934224247932434,0.0,0.0,0.0,0.0,1.934224247932434,0.0,25,32900,47.6193227,-122.3627407,3.627130822743402
1789,1728407769.082,1,220,0,0,185,0,0,3,476193228,-1223627381,0.0,0.6000000238418579,1.922603726387024,0.0,0.0,0.0,0.0,1.922603726387024,0.0,25,32700,47.6193228,-122.3627381,3.646308024278096
1790,1728407769.34,1,220,0,0,185,0,0,3,476193228,-1223627381,0.0,0.6000000238418579,1.922603726387024,0.0,0.0,0.0,0.0,1.922603726387024,0.0,25,32700,47.6193228,-122.3627381,3.649635023793565
1791,1728407769.609,1,220,0,0,185,0,0,3,476193227,-1223627344,0.0,0.6000000238418579,1.924408197402954,0.0,0.0,0.0,0.0,1.924408197402954,0.0,25,33000,47.6193227,-122.3627344,3.6529681001596686
1792,1728407769.858,1,220,0,0,185,0,0,3,476193227,-1223627344,0.0,0.6000000238418579,1.9100545644760132,0.0,0.0,0.0,0.0,1.9100545644760132,0.0,25,33000,47.6193227,-122.3627344,3.6343812327362617
1793,1728407770.1859999,1,220,0,0,185,0,0,3,476193230,-1223627305,0.0,0.6000000238418579,1.9100545644760132,0.0,0.0,0.0,0.0,1.9100545644760132,0.0,25,33500,47.619323,-122.3627305,3.6238448643714087
1794,1728407770.405,1,220,0,0,185,0,0,3,476193232,-1223627276,0.0,0.6000000238418579,1.9073033332824707,0.0,0.0,0.0,0.0,1.9073033332824707,0.0,25,34099,47.6193232,-122.3627276,3.604253002456412
1795,1728407770.672,1,220,0,0,185,0,0,3,476193232,-1223627276,0.0,0.6000000238418579,1.9073033332824707,0.0,0.0,0.0,0.0,1.9073033332824707,0.0,25,34099,47.6193232,-122.3627276,3.597122339177876
1796,1728407770.9329998,1,220,0,0,185,0,0,3,476193224,-1223627328,0.0,0.6000000238418579,1.915138602256775,0.0,0.0,0.0,0.0,1.915138602256775,0.0,25,34300,47.6193224,-122.3627328,3.6277888551574917
1797,1728407771.2129998,1,220,0,0,185,0,0,3,476193224,-1223627328,0.0,0.6000000238418579,1.915138602256775,0.0,0.0,0.0,0.0,1.915138602256775,0.0,25,34300,47.6193224,-122.3627328,3.607503510696281
1798,1728407771.48,1,220,0,0,185,0,0,3,476193219,-1223627339,0.0,0.6000000238418579,1.9140968322753906,0.0,0.0,0.0,0.0,1.9140968322753906,0.0,25,34999,47.6193219,-122.3627339,3.608805449365887
1799,1728407771.714,1,220,0,0,185,0,0,3,476193219,-1223627339,0.0,0.6000000238418579,1.9140968322753906,0.0,0.0,0.0,0.0,1.9140968322753906,0.0,25,34999,47.6193219,-122.3627339,3.609456848818006
1800,1728407771.987,1,220,0,0,185,0,0,3,476193210,-1223627342,0.0,0.6000000238418579,1.899318814277649,0.0,0.0,0.0,0.0,1.899318814277649,0.0,25,35400,47.619321,-122.3627342,3.59259930217489
1801,1728407772.2259998,1,220,0,0,185,0,0,3,476193210,-1223627342,0.0,0.6000000238418579,1.899318814277649,0.0,0.0,0.0,0.0,1.899318814277649,0.0,25,35400,47.619321,-122.3627342,3.6075036658362296
1802,1728407772.523,1,220,0,0,185,0,0,3,476193210,-1223627342,0.0,0.6000000238418579,1.899318814277649,0.0,0.0,0.0,0.0,1.899318814277649,0.0,25,35400,47.619321,-122.3627342,3.588731412933624
1803,1728407773.057,1,220,0,0,185,0,0,3,476193211,-1223627367,0.0,0.6000000238418579,2.055140495300293,0.0,0.0,0.0,0.0,2.055140495300293,0.0,25,35700,47.6193211,-122.3627367,3.637686335519545
1804,1728407773.322,1,220,0,0,185,0,0,3,476193211,-1223627367,0.0,0.6000000238418579,2.055140495300293,0.0,0.0,0.0,0.0,2.055140495300293,0.0,25,35700,47.6193211,-122.3627367,3.5958288151183955
1805,1728407773.606,1,220,0,0,185,0,0,3,476193200,-1223627407,0.0,0.6000000238418579,1.8995592594146729,0.0,0.0,0.0,0.0,1.8995592594146729,0.0,25,35500,47.61932,-122.3627407,3.6140224592545054
1806,1728407773.833,1,220,0,0,185,0,0,3,476193200,-1223627407,0.0,0.6000000238418579,1.8995592594146729,0.0,0.0,0.0,0.0,1.8995592594146729,0.0,25,35500,47.61932,-122.3627407,3.6159825535021453
1807,1728407774.115,1,220,0,0,185,0,0,3,476193191,-1223627421,0.0,0.6000000238418579,1.84499192237854,0.0,0.0,0.0,0.0,1.84499192237854,0.0,25,34800,47.6193191,-122.3627421,3.63504174123386
1808,1728407774.3569999,1,220,0,0,185,0,0,3,476193191,-1223627421,0.0,0.6000000238418579,1.84499192237854,0.0,0.0,0.0,0.0,1.84499192237854,0.0,25,34800,47.6193191,-122.3627421,3.6357026474301026
1809,1728407774.623,1,220,0,0,185,0,0,3,476193190,-1223627424,0.0,0.6000000238418579,1.8244147300720215,0.0,0.0,0.0,0.0,1.8244147300720215,0.0,25,34400,47.619319,-122.3627424,3.6284471263747835
1810,1728407774.9069998,1,220,0,0,185,0,0,3,476193190,-1223627460,0.0,0.6000000238418579,1.8172922134399414,0.0,0.0,0.0,0.0,1.8172922134399414,0.0,25,34000,47.619319,-122.362746,3.6277888551574917
1811,1728407775.1529999,1,220,0,0,185,0,0,3,476193190,-1223627460,0.0,0.6000000238418579,1.8172922134399414,0.0,0.0,0.0,0.0,1.8172922134399414,0.0,25,34000,47.619319,-122.362746,3.61990943977892
1812,1728407775.431,1,220,0,0,185,0,0,3,476193189,-1223627472,0.0,0.6000000238418579,1.7932994365692139,0.0,0.0,0.0,0.0,1.7932994365692139,0.0,25,34099,47.6193189,-122.3627472,3.648303622631656
1813,1728407775.684,1,220,0,0,185,0,0,3,476193189,-1223627472,0.0,0.6000000238418579,1.7932994365692139,0.0,0.0,0.0,0.0,1.7932994365692139,0.0,25,34099,47.6193189,-122.3627472,3.638348203808547
1814,1728407775.967,1,220,0,0,185,0,0,3,476193190,-1223627481,0.0,0.6000000238418579,1.8003562688827515,0.0,0.0,0.0,0.0,1.8003562688827515,0.0,25,34400,47.619319,-122.3627481,3.651634107534223
1815,1728407776.2059999,1,220,0,0,185,0,0,3,476193190,-1223627481,0.0,0.6000000238418579,1.8003562688827515,0.0,0.0,0.0,0.0,1.8003562688827515,0.0,25,34400,47.619319,-122.3627481,3.665017397303611
1816,1728407776.464,1,220,0,0,185,0,0,3,476193192,-1223627483,0.0,0.6000000238418579,1.8159376382827759,0.0,0.0,0.0,0.0,1.8159376382827759,0.0,25,34400,47.6193192,-122.3627483,3.644314924534089
1817,1728407776.715,1,220,0,0,185,0,0,3,476193192,-1223627483,0.0,0.6000000238418579,1.8159376382827759,0.0,0.0,0.0,0.0,1.8159376382827759,0.0,25,34400,47.6193192,-122.3627483,3.658313512363139
1818,1728407776.981,1,220,0,0,185,0,0,3,476193197,-1223627485,0.0,0.6000000238418579,1.8293737173080444,0.0,0.0,0.0,0.0,1.8293737173080444,0.0,25,34400,47.6193197,-122.3627485,3.649635023793565
1819,1728407777.2259998,1,220,0,0,185,0,0,3,476193197,-1223627485,0.0,0.6000000238418579,1.8293737173080444,0.0,0.0,0.0,0.0,1.8293737173080444,0.0,25,34400,47.6193197,-122.3627485,3.644979048972749
1820,1728407777.5,1,220,0,0,185,0,0,3,476193196,-1223627494,0.0,0.6000000238418579,1.8406193256378174,0.0,0.0,0.0,0.0,1.8406193256378174,0.0,25,34300,47.6193196,-122.3627494,3.660322117289636
1821,1728407777.751,1,220,0,0,185,0,0,3,476193196,-1223627494,0.0,0.6000000238418579,1.8406193256378174,0.0,0.0,0.0,0.0,1.8406193256378174,0.0,25,34300,47.6193196,-122.3627494,3.658313512363139
1822,1728407778.0049999,1,220,0,0,185,0,0,3,476193196,-1223627494,0.0,0.6000000238418579,1.8406193256378174,0.0,0.0,0.0,0.0,1.8406193256378174,0.0,25,34300,47.6193196,-122.3627494,3.6690515668640775
1823,1728407778.554,1,220,0,0,185,0,0,3,476193210,-1223627495,0.0,0.6000000238418579,2.0563771724700928,0.0,0.0,0.0,0.0,2.0563771724700928,0.0,25,34600,47.619321,-122.3627495,3.681207538134796
1824,1728407778.799,1,220,0,0,185,0,0,3,476193210,-1223627495,0.0,0.6000000238418579,2.0563771724700928,0.0,0.0,0.0,0.0,2.0563771724700928,0.0,25,34600,47.619321,-122.3627495,3.6791759523892646
1825,1728407779.063,1,220,0,0,185,0,0,3,476193222,-1223627482,0.0,0.6000000238418579,1.936781406402588,0.0,0.0,0.0,0.0,1.936781406402588,0.0,25,34700,47.6193222,-122.3627482,3.6744441875167575
1826,1728407779.3209999,1,220,0,0,185,0,0,3,476193222,-1223627482,0.0,0.6000000238418579,1.936781406402588,0.0,0.0,0.0,0.0,1.936781406402588,0.0,25,34700,47.6193222,-122.3627482,3.6690515668640775
1827,1728407779.582,1,220,0,0,185,0,0,3,476193231,-1223627488,0.0,0.6000000238418579,1.9247336387634277,0.0,0.0,0.0,0.0,1.9247336387634277,0.0,25,34600,47.6193231,-122.3627488,3.6778227534540116
1828,1728407779.837,1,220,0,0,185,0,0,3,476193231,-1223627488,0.0,0.6000000238418579,1.9247336387634277,0.0,0.0,0.0,0.0,1.9247336387634277,0.0,25,34600,47.6193231,-122.3627488,3.667033372568504
1829,1728407780.11,1,220,0,0,185,0,0,3,476193235,-1223627471,0.0,0.6000000238418579,1.915033221244812,0.0,0.0,0.0,0.0,1.915033221244812,0.0,25,34600,47.6193235,-122.3627471,3.6536353824671313
1830,1728407780.3709998,1,220,0,0,185,0,0,3,476193235,-1223627471,0.0,0.6000000238418579,1.915033221244812,0.0,0.0,0.0,0.0,1.915033221244812,0.0,25,34600,47.6193235,-122.3627471,3.6596523905051206
1831,1728407780.62,1,220,0,0,185,0,0,3,476193232,-1223627457,0.0,0.6000000238418579,1.9089608192443848,0.0,0.0,0.0,0.0,1.9089608192443848,0.0,25,34500,47.6193232,-122.3627457,3.666361187849892
1832,1728407780.882,1,220,0,0,185,0,0,3,476193232,-1223627457,0.0,0.6000000238418579,1.9271312952041626,0.0,0.0,0.0,0.0,1.9271312952041626,0.0,25,34500,47.6193232,-122.3627457,3.662332929085556
1833,1728407781.1169999,1,220,0,0,185,0,0,3,476193238,-1223627451,0.0,0.6000000238418579,1.9271312952041626,0.0,0.0,0.0,0.0,1.9271312952041626,0.0,25,34600,47.6193238,-122.3627451,3.666361187849892
1834,1728407781.4029999,1,220,0,0,185,0,0,3,476193238,-1223627451,0.0,0.6000000238418579,1.9529014825820923,0.0,0.0,0.0,0.0,1.9529014825820923,0.0,25,34600,47.6193238,-122.3627451,3.666361187849892
1835,1728407781.649,1,220,0,0,185,0,0,3,476193249,-1223627462,0.0,0.6000000238418579,1.9529014825820923,0.0,0.0,0.0,0.0,1.9529014825820923,0.0,25,34600,47.6193249,-122.3627462,3.6636747514544123
1836,1728407781.915,1,220,0,0,185,0,0,3,476193243,-1223627463,0.0,0.6000000238418579,1.9498326778411865,0.0,0.0,0.0,0.0,1.9498326778411865,0.0,25,34500,47.6193243,-122.3627463,3.662332929085556
1837,1728407782.1529999,1,220,0,0,185,0,0,3,476193243,-1223627463,0.0,0.6000000238418579,1.9498326778411865,0.0,0.0,0.0,0.0,1.9498326778411865,0.0,25,34500,47.6193243,-122.3627463,3.648303622631656
1838,1728407782.435,1,220,0,0,185,0,0,3,476193240,-1223627473,0.0,0.6000000238418579,1.9583089351654053,0.0,0.0,0.0,0.0,1.9583089351654053,0.0,25,34500,47.619324,-122.3627473,3.6589827491554807
1839,1728407782.6999998,1,220,0,0,185,0,0,3,476193240,-1223627473,0.0,0.6000000238418579,1.9583089351654053,0.0,0.0,0.0,0.0,1.9583089351654053,0.0,25,34500,47.619324,-122.3627473,3.662332929085556
1840,1728407782.965,1,220,0,0,185,0,0,3,476193260,-1223627464,0.0,0.6000000238418579,1.9936693906784058,0.0,0.0,0.0,0.0,1.9936693906784058,0.0,25,34500,47.619326,-122.3627464,3.6703981572681372
1841,1728407783.2059999,1,220,0,0,185,0,0,3,476193260,-1223627464,0.0,0.6000000238418579,1.9936693906784058,0.0,0.0,0.0,0.0,1.9936693906784058,0.0,25,34500,47.619326,-122.3627464,3.6456434155099497
1842,1728407783.4659998,1,220,0,0,185,0,0,3,476193260,-1223627464,0.0,0.6000000238418579,1.9936693906784058,0.0,0.0,0.0,0.0,1.9936693906784058,0.0,25,34500,47.619326,-122.3627464,3.654302908602088
1843,1728407784.0089998,1,220,0,0,185,0,0,3,476193260,-1223627464,0.0,0.6000000238418579,2.2323732376098633,0.0,0.0,0.0,0.0,2.2323732376098633,0.0,25,34500,47.619326,-122.3627464,3.629764071618172
1844,1728407784.254,1,220,0,0,185,0,0,3,476193283,-1223627443,0.0,0.6000000238418579,2.2323732376098633,0.0,0.0,0.0,0.0,2.2323732376098633,0.0,25,34600,47.6193283,-122.3627443,3.6370248656830646
1845,1728407784.5219998,1,220,0,0,185,0,0,3,476193287,-1223627480,0.0,0.6000000238418579,2.0993552207946777,0.0,0.0,0.0,0.0,2.0993552207946777,0.0,25,34600,47.6193287,-122.362748,3.646973033962953
1846,1728407784.7819998,1,220,0,0,185,0,0,3,476193287,-1223627480,0.0,0.6000000238418579,2.0993552207946777,0.0,0.0,0.0,0.0,2.0993552207946777,0.0,25,34600,47.6193287,-122.362748,3.6390101551304133
1847,1728407785.064,1,220,0,0,185,0,0,3,476193286,-1223627503,0.0,0.6000000238418579,2.0727574825286865,0.0,0.0,0.0,0.0,2.0727574825286865,0.0,25,34600,47.6193286,-122.3627503,3.6409976131231696
1848,1728407785.303,1,220,0,0,185,0,0,3,476193286,-1223627503,0.0,0.6000000238418579,2.0727574825286865,0.0,0.0,0.0,0.0,2.0727574825286865,0.0,25,34600,47.6193286,-122.3627503,3.648303622631656
1849,1728407785.5709999,1,220,0,0,185,0,0,3,476193302,-1223627466,0.0,0.6000000238418579,2.0873594284057617,0.0,0.0,0.0,0.0,2.0873594284057617,0.0,25,34600,47.6193302,-122.3627466,3.658313512363139
1850,1728407785.82,1,220,0,0,185,0,0,3,476193302,-1223627466,0.0,0.6000000238418579,2.0873594284057617,0.0,0.0,0.0,0.0,2.0873594284057617,0.0,25,34600,47.6193302,-122.3627466,3.6563071106749936
1851,1728407786.106,1,220,0,0,185,0,0,3,476193316,-1223627427,0.0,0.6000000238418579,2.0920557975769043,0.0,0.0,0.0,0.0,2.0920557975769043,0.0,25,34700,47.6193316,-122.3627427,3.642987243216351
1852,1728407786.355,1,220,0,0,185,0,0,3,476193316,-1223627427,0.0,0.6000000238418579,2.0920557975769043,0.0,0.0,0.0,0.0,2.0920557975769043,0.0,25,34700,47.6193316,-122.3627427,3.643650883797114
1853,1728407786.6269999,1,220,0,0,185,0,0,3,476193326,-1223627409,0.0,0.6000000238418579,2.096489906311035,0.0,0.0,0.0,0.0,2.096489906311035,0.0,25,34700,47.6193326,-122.3627409,3.657644360853572
1854,1728407786.902,1,220,0,0,185,0,0,3,476193330,-1223627370,0.0,0.6000000238418579,2.105846643447876,0.0,0.0,0.0,0.0,2.105846643447876,0.0,25,34700,47.619333,-122.362737,3.639672505282523
1855,1728407787.133,1,220,0,0,185,0,0,3,476193330,-1223627370,0.0,0.6000000238418579,2.105846643447876,0.0,0.0,0.0,0.0,2.105846643447876,0.0,25,34700,47.619333,-122.362737,3.637686335519545
1856,1728407787.411,1,220,0,0,185,0,0,3,476193339,-1223627359,0.0,0.6000000238418579,2.1152124404907227,0.0,0.0,0.0,0.0,2.1152124404907227,0.0,25,34600,47.6193339,-122.3627359,3.658313512363139
1857,1728407787.646,1,220,0,0,185,0,0,3,476193339,-1223627359,0.0,0.6000000238418579,2.1152124404907227,0.0,0.0,0.0,0.0,2.1152124404907227,0.0,25,34600,47.6193339,-122.3627359,3.667033372568504
1858,1728407787.9169998,1,220,0,0,185,0,0,3,476193339,-1223627359,0.0,0.6000000238418579,2.115964889526367,0.0,0.0,0.0,0.0,2.115964889526367,0.0,25,34600,47.6193339,-122.3627359,3.656975772940062
1859,1728407788.1669998,1,220,0,0,185,0,0,3,476193340,-1223627402,0.0,0.6000000238418579,2.115964889526367,0.0,0.0,0.0,0.0,2.115964889526367,0.0,25,34600,47.619334,-122.3627402,3.651634107534223
1860,1728407788.435,1,220,0,0,185,0,0,3,476193343,-1223627424,0.0,0.6000000238418579,2.123307466506958,0.0,0.0,0.0,0.0,2.123307466506958,0.0,25,34600,47.6193343,-122.3627424,3.648303622631656
1861,1728407788.6959999,1,220,0,0,185,0,0,3,476193343,-1223627424,0.0,0.6000000238418579,2.123307466506958,0.0,0.0,0.0,0.0,2.123307466506958,0.0,25,34600,47.6193343,-122.3627424,3.6724202187540866
1862,1728407788.955,1,220,0,0,185,0,0,3,476193343,-1223627424,0.0,0.6000000238418579,2.123307466506958,0.0,0.0,0.0,0.0,2.123307466506958,0.0,25,34600,47.6193343,-122.3627424,3.660322117289636
1863,1728407789.477,1,220,0,0,185,0,0,3,476193343,-1223627424,0.0,0.6000000238418579,2.3172576427459717,0.0,0.0,0.0,0.0,2.3172576427459717,0.0,25,34600,47.6193343,-122.3627424,3.652967941084702
1864,1728407789.7489998,1,220,0,0,185,0,0,3,476193353,-1223627426,0.0,0.6000000238418579,2.3172576427459717,0.0,0.0,0.0,0.0,2.3172576427459717,0.0,25,34800,47.6193353,-122.3627426,3.6913990519319055
1865,1728407790.02,1,220,0,0,185,0,0,3,476193368,-1223627416,0.0,0.6000000238418579,2.160820245742798,0.0,0.0,0.0,0.0,2.160820245742798,0.0,25,34900,47.6193368,-122.3627416,3.651634107534223
1866,1728407790.2489998,1,220,0,0,185,0,0,3,476193368,-1223627416,0.0,0.6000000238418579,2.160820245742798,0.0,0.0,0.0,0.0,2.160820245742798,0.0,25,34900,47.6193368,-122.3627416,3.6771466077909967
1867,1728407790.518,1,220,0,0,185,0,0,3,476193370,-1223627410,0.0,0.6000000238418579,2.1047537326812744,0.0,0.0,0.0,0.0,2.1047537326812744,0.0,25,35400,47.619337,-122.362741,3.657644520336085
1868,1728407790.7719998,1,220,0,0,185,0,0,3,476193370,-1223627410,0.0,0.6000000238418579,2.1047537326812744,0.0,0.0,0.0,0.0,2.1047537326812744,0.0,25,35400,47.619337,-122.362741,3.6656890893306247
1869,1728407791.0479999,1,220,0,0,185,0,0,3,476193369,-1223627419,0.0,0.6000000238418579,2.0987792015075684,0.0,0.0,0.0,0.0,2.0987792015075684,0.0,25,35700,47.6193369,-122.3627419,3.649635023793565
1870,1728407791.3019998,1,220,0,0,185,0,0,3,476193369,-1223627419,0.0,0.6000000238418579,2.0987792015075684,0.0,0.0,0.0,0.0,2.0987792015075684,0.0,25,35700,47.6193369,-122.3627419,3.649635023793565
1871,1728407791.5519998,1,220,0,0,185,0,0,3,476193373,-1223627438,0.0,0.6000000238418579,2.106595754623413,0.0,0.0,0.0,0.0,2.106595754623413,0.0,25,35800,47.6193373,-122.3627438,3.6690515668640775
1872,1728407791.819,1,220,0,0,185,0,0,3,476193373,-1223627438,0.0,0.6000000238418579,2.106595754623413,0.0,0.0,0.0,0.0,2.106595754623413,0.0,25,35800,47.6193373,-122.3627438,3.662332929085556
1873,1728407792.102,1,220,0,0,185,0,0,3,476193381,-1223627447,0.0,0.6000000238418579,2.125765323638916,0.0,0.0,0.0,0.0,2.125765323638916,0.0,25,35899,47.6193381,-122.3627447,3.6463081827735553
1874,1728407792.32,1,220,0,0,185,0,0,3,476193381,-1223627447,0.0,0.6000000238418579,2.125765323638916,0.0,0.0,0.0,0.0,2.125765323638916,0.0,25,35899,47.6193381,-122.3627447,2.9555193459037383
1875,1728407792.61,1,220,0,0,185,0,0,3,476193383,-1223627456,0.0,0.6000000238418579,2.134843111038208,0.0,0.0,0.0,0.0,2.134843111038208,0.0,25,35899,47.6193383,-122.3627456,2.9700029843038505
1876,1728407792.85,1,220,0,0,185,0,0,3,476193383,-1223627456,0.0,0.6000000238418579,2.134843111038208,0.0,0.0,0.0,0.0,2.134843111038208,0.0,25,35899,47.6193383,-122.3627456,2.9347028366947847
1877,1728407793.1139998,1,220,0,0,185,0,0,3,476193392,-1223627467,0.0,0.6000000238418579,2.150331497192383,0.0,0.0,0.0,0.0,2.150331497192383,0.0,25,35800,47.6193392,-122.3627467,2.9598934572042
1878,1728407793.373,1,220,0,0,185,0,0,3,476193392,-1223627467,0.0,0.6000000238418579,2.150331497192383,0.0,0.0,0.0,0.0,2.150331497192383,0.0,25,35800,47.6193392,-122.3627467,2.955956237681545
1879,1728407793.6469998,1,220,0,0,185,0,0,3,476193399,-1223627490,0.0,0.6000000238418579,2.1731326580047607,0.0,0.0,0.0,0.0,2.1731326580047607,0.0,25,35800,47.6193399,-122.362749,2.9691211132391966
1880,1728407793.915,1,220,0,0,185,0,0,3,476193408,-1223627504,0.0,0.6000000238418579,2.2153542041778564,0.0,0.0,0.0,0.0,2.2153542041778564,0.0,25,35899,47.6193408,-122.3627504,2.956830200400257
1881,1728407794.1469998,1,220,0,0,185,0,0,3,476193408,-1223627504,0.0,0.6000000238418579,2.2153542041778564,0.0,0.0,0.0,0.0,2.2153542041778564,0.0,25,35899,47.6193408,-122.3627504,2.963401953654594
1882,1728407794.416,1,220,0,0,185,0,0,3,476193408,-1223627504,0.0,0.6000000238418579,2.2153542041778564,0.0,0.0,0.0,0.0,2.2153542041778564,0.0,25,35899,47.6193408,-122.3627504,2.931194132828356
1883,1728407794.962,1,220,0,0,185,0,0,3,476193408,-1223627504,0.0,0.6000000238418579,2.4391560554504395,0.0,0.0,0.0,0.0,2.4391560554504395,0.0,25,36000,47.6193408,-122.3627504,2.903694199609315
1884,1728407796.516,1,220,0,0,185,0,0,3,476193464,-1223627464,0.0,0.6000000238418579,2.2879419326782227,0.0,0.0,0.0,0.0,2.2879419326782227,0.0,25,36000,47.6193464,-122.3627464,2.8423340832297304
1885,1728407796.754,1,220,0,0,185,0,0,3,476193464,-1223627464,0.0,0.6000000238418579,2.2879419326782227,0.0,0.0,0.0,0.0,2.2879419326782227,0.0,25,36000,47.6193464,-122.3627464,2.8114566935335485
1886,1728407797.064,1,220,0,0,185,0,0,3,476193471,-1223627462,0.0,0.6000000238418579,2.2885425090789795,0.0,0.0,0.0,0.0,2.2885425090789795,0.0,25,35899,47.6193471,-122.3627462,2.7517886751480582
1887,1728407797.2749999,1,220,0,0,185,0,0,3,476193471,-1223627462,0.0,0.6000000238418579,2.2885425090789795,0.0,0.0,0.0,0.0,2.2885425090789795,0.0,25,35899,47.6193471,-122.3627462,2.6990553117769904
1888,1728407797.5379999,1,220,0,0,185,0,0,3,476193474,-1223627471,0.0,0.6000000238418579,2.279740810394287,0.0,0.0,0.0,0.0,2.279740810394287,0.0,25,35700,47.6193474,-122.3627471,2.6379870272812203
1889,1728407797.784,1,220,0,0,185,0,0,3,476193474,-1223627471,0.0,0.6000000238418579,2.279740810394287,0.0,0.0,0.0,0.0,2.279740810394287,0.0,25,35700,47.6193474,-122.3627471,2.5784271351282624
1890,1728407798.066,1,220,0,0,185,0,0,3,476193487,-1223627435,0.0,0.6000000238418579,2.2579963207244873,0.0,0.0,0.0,0.0,2.2579963207244873,0.0,25,35800,47.6193487,-122.3627435,2.5079799830584735
1891,1728407798.3009999,1,220,0,0,185,0,0,3,476193487,-1223627435,0.0,0.6000000238418579,2.2579963207244873,0.0,0.0,0.0,0.0,2.2579963207244873,0.0,25,35800,47.6193487,-122.3627435,0.0
1892,1728407805.11,1,220,0,0,185,0,0,3,476193572,-1223627530,0.0,0.6000000238418579,2.419224262237549,0.0,0.0,0.0,0.0,2.419224262237549,0.0,25,300,47.6193572,-122.362753,0.0
1893,1728407805.372,1,220,0,0,185,0,0,3,476193572,-1223627530,0.0,0.6000000238418579,2.419224262237549,0.0,0.0,0.0,0.0,2.419224262237549,0.0,25,300,47.6193572,-122.362753,3.2107412785498584
1894,1728407806.178,1,220,0,0,185,0,0,3,476193591,-1223627565,0.0,0.6000000238418579,2.6989176273345947,0.0,0.0,0.0,0.0,2.6989176273345947,0.0,25,300,47.6193591,-122.3627565,3.275109139617372
1895,1728407806.4329998,1,220,0,0,185,0,0,3,476193591,-1223627565,0.0,0.6000000238418579,2.6989176273345947,0.0,0.0,0.0,0.0,2.6989176273345947,0.0,25,300,47.6193591,-122.3627565,3.296146039842622
1896,1728407806.6999998,1,220,0,0,185,0,0,3,476193599,-1223627606,0.0,0.6000000238418579,2.5259313583374023,0.0,0.0,0.0,0.0,2.5259313583374023,0.0,25,300,47.6193599,-122.3627606,3.3285781506439203
1897,1728407806.957,1,220,0,0,185,0,0,3,476193611,-1223627543,0.0,0.6000000238418579,2.4673244953155518,0.0,0.0,0.0,0.0,2.4673244953155518,0.0,25,300,47.6193611,-122.3627543,3.3670034246648655
1898,1728407807.207,1,220,0,0,185,0,0,3,476193611,-1223627543,0.0,0.6000000238418579,2.4673244953155518,0.0,0.0,0.0,0.0,2.4673244953155518,0.0,25,300,47.6193611,-122.3627543,3.407154953592657
1899,1728407807.5059998,1,220,0,0,185,0,0,3,476193607,-1223627579,0.0,0.6000000238418579,2.4513461589813232,0.0,0.0,0.0,0.0,2.4513461589813232,0.0,25,400,47.6193607,-122.3627579,3.421900205698415
1900,1728407807.7489998,1,220,0,0,185,0,0,3,476193607,-1223627579,0.0,0.6000000238418579,2.4513461589813232,0.0,0.0,0.0,0.0,2.4513461589813232,0.0,25,400,47.6193607,-122.3627579,3.4357701313632196
1901,1728407808.037,1,220,0,0,185,0,0,3,476193599,-1223627607,0.0,0.6000000238418579,2.438344955444336,0.0,0.0,0.0,0.0,2.438344955444336,0.0,25,400,47.6193599,-122.3627607,3.442028997400633
1902,1728407808.268,1,220,0,0,185,0,0,3,476193599,-1223627607,0.0,0.6000000238418579,2.438344955444336,0.0,0.0,0.0,0.0,2.438344955444336,0.0,25,400,47.6193599,-122.3627607,3.474635137977503
1903,1728407808.536,1,220,0,0,185,0,0,3,476193625,-1223627586,0.0,0.6000000238418579,2.438110589981079,0.0,0.0,0.0,0.0,2.438110589981079,0.0,25,400,47.6193625,-122.3627586,2.908667860793784
1904,1728407808.774,1,220,0,0,185,0,0,3,476193625,-1223627586,0.0,0.6000000238418579,2.438110589981079,0.0,0.0,0.0,0.0,2.438110589981079,0.0,25,400,47.6193625,-122.3627586,3.170577120758446
1905,1728407809.054,1,220,0,0,185,0,0,3,476193637,-1223627596,0.0,0.6000000238418579,2.4187493324279785,0.0,0.0,0.0,0.0,2.4187493324279785,0.0,25,300,47.6193637,-122.3627596,3.1675640781070427
1906,1728407809.316,1,220,0,0,185,0,0,3,476193637,-1223627596,0.0,0.6000000238418579,2.4187493324279785,0.0,0.0,0.0,0.0,2.4187493324279785,0.0,25,300,47.6193637,-122.3627596,3.172085612726477
1907,1728407809.5649998,1,220,0,0,185,0,0,3,476193634,-1223627619,0.0,0.6000000238418579,2.410829544067383,0.0,0.0,0.0,0.0,2.410829544067383,0.0,25,300,47.6193634,-122.3627619,3.182179870415611
1908,1728407809.806,1,220,0,0,185,0,0,3,476193634,-1223627619,0.0,0.6000000238418579,2.410829544067383,0.0,0.0,0.0,0.0,2.410829544067383,0.0,25,300,47.6193634,-122.3627619,3.169069943119544
1909,1728407810.0779998,1,220,0,0,185,0,0,3,476193643,-1223627562,0.0,0.6000000238418579,2.399763584136963,0.0,0.0,0.0,0.0,2.399763584136963,0.0,25,400,47.6193643,-122.3627562,3.190301456311935
1910,1728407810.349,1,220,0,0,185,0,0,3,476193643,-1223627562,0.0,0.6000000238418579,2.399763584136963,0.0,0.0,0.0,0.0,2.399763584136963,0.0,25,400,47.6193643,-122.3627562,3.1715826226051287
1911,1728407810.6299999,1,220,0,0,185,0,0,3,476193654,-1223627532,0.0,0.6000000238418579,2.4188218116760254,0.0,0.0,0.0,0.0,2.4188218116760254,0.0,25,600,47.6193654,-122.3627532,3.201024375667094
1912,1728407810.866,1,220,0,0,185,0,0,3,476193654,-1223627532,0.0,0.6000000238418579,2.4188218116760254,0.0,0.0,0.0,0.0,2.4188218116760254,0.0,25,600,47.6193654,-122.3627532,3.155071784528278
1913,1728407812.248,1,220,0,0,185,0,0,3,476193660,-1223627581,0.0,0.6000000238418579,2.863739490509033,0.0,0.0,0.0,0.0,2.863739490509033,0.0,25,600,47.619366,-122.3627581,3.1852206752163217
1914,1728407812.4859998,1,220,0,0,185,0,0,3,476193660,-1223627581,0.0,0.6000000238418579,2.6208722591400146,0.0,0.0,0.0,0.0,2.6208722591400146,0.0,25,600,47.619366,-122.3627581,3.164056270555634
1915,1728407812.747,1,220,0,0,185,0,0,3,476193665,-1223627598,0.0,0.6000000238418579,2.6208722591400146,0.0,0.0,0.0,0.0,2.6208722591400146,0.0,25,600,47.6193665,-122.3627598,3.1771246636385424
1916,1728407813.0049999,1,220,0,0,185,0,0,3,476193669,-1223627621,0.0,0.6000000238418579,2.601762533187866,0.0,0.0,0.0,0.0,2.601762533187866,0.0,25,600,47.6193669,-122.3627621,2.925687551264703
1917,1728407813.2419999,1,220,0,0,185,0,0,3,476193669,-1223627621,0.0,0.6000000238418579,2.601762533187866,0.0,0.0,0.0,0.0,2.601762533187866,0.0,25,600,47.6193669,-122.3627621,2.925687449225755
1918,1728407813.518,1,220,0,0,185,0,0,3,476193689,-1223627569,0.0,0.6000000238418579,2.6327126026153564,0.0,0.0,0.0,0.0,2.6327126026153564,0.0,25,600,47.6193689,-122.3627569,2.9158769637770954
1919,1728407813.7749999,1,220,0,0,185,0,0,3,476193689,-1223627569,0.0,0.6000000238418579,2.6327126026153564,0.0,0.0,0.0,0.0,2.6327126026153564,0.0,25,600,47.6193689,-122.3627569,2.9218407474661015
1920,1728407814.0549998,1,220,0,0,185,0,0,3,476193702,-1223627520,0.0,0.6000000238418579,2.650024652481079,0.0,0.0,0.0,0.0,2.650024652481079,0.0,25,500,47.6193702,-122.362752,2.710394381295705
1921,1728407814.2849998,1,220,0,0,185,0,0,3,476193702,-1223627520,0.0,0.6000000238418579,2.650024652481079,0.0,0.0,0.0,0.0,2.650024652481079,0.0,25,500,47.6193702,-122.362752,2.7221994919967685
1922,1728407814.6069999,1,220,0,0,185,0,0,3,476193702,-1223627468,0.0,0.6000000238418579,2.672525405883789,0.0,0.0,0.0,0.0,2.672525405883789,0.0,25,500,47.6193702,-122.3627468,2.72108847068071
1923,1728407814.8149998,1,220,0,0,185,0,0,3,476193702,-1223627468,0.0,0.6000000238418579,2.672525405883789,0.0,0.0,0.0,0.0,2.672525405883789,0.0,25,500,47.6193702,-122.3627468,3.201024375667094
1924,1728407815.095,1,220,0,0,185,0,0,3,476193700,-1223627464,0.0,0.6000000238418579,2.6898162364959717,0.0,0.0,0.0,0.0,2.6898162364959717,0.0,25,500,47.61937,-122.3627464,3.1887754723848607
1925,1728407815.349,1,220,0,0,185,0,0,3,476193700,-1223627464,0.0,0.6000000238418579,2.6898162364959717,0.0,0.0,0.0,0.0,2.6898162364959717,0.0,25,500,47.61937,-122.3627464,3.189792673180298
1926,1728407816.152,1,220,0,0,185,0,0,3,476193721,-1223627422,0.0,0.6000000238418579,2.6905224323272705,0.0,0.0,0.0,0.0,2.6905224323272705,0.0,25,35899,47.6193721,-122.3627422,3.191828901453109
1927,1728407816.401,1,220,0,0,185,0,0,3,476193721,-1223627422,0.0,0.6000000238418579,2.6905224323272705,0.0,0.0,0.0,0.0,2.6905224323272705,0.0,25,35899,47.6193721,-122.3627422,3.163055534523674
1928,1728407816.665,1,220,0,0,185,0,0,3,476193728,-1223627409,0.0,0.6000000238418579,2.6934449672698975,0.0,0.0,0.0,0.0,2.6934449672698975,0.0,25,35600,47.6193728,-122.3627409,3.184206266950456
1929,1728407816.9229999,1,220,0,0,185,0,0,3,476193728,-1223627409,0.0,0.6000000238418579,2.6934449672698975,0.0,0.0,0.0,0.0,2.6934449672698975,0.0,25,35600,47.6193728,-122.3627409,3.184713390304997
1930,1728407817.728,1,220,0,0,185,0,0,3,476193726,-1223627441,0.0,0.6000000238418579,2.9313759803771973,0.0,0.0,0.0,0.0,2.9313759803771973,0.0,25,35100,47.6193726,-122.3627441,3.2035880029207515
1931,1728407817.977,1,220,0,0,185,0,0,3,476193735,-1223627457,0.0,0.6000000238418579,2.738217830657959,0.0,0.0,0.0,0.0,2.738217830657959,0.0,25,34900,47.6193735,-122.3627457,3.165057759438106
1932,1728407818.2159998,1,220,0,0,185,0,0,3,476193735,-1223627457,0.0,0.6000000238418579,2.738217830657959,0.0,0.0,0.0,0.0,2.738217830657959,0.0,25,34900,47.6193735,-122.3627457,3.2035880029207515
1933,1728407818.4959998,1,220,0,0,185,0,0,3,476193741,-1223627464,0.0,0.6000000238418579,2.6085364818573,0.0,0.0,0.0,0.0,2.6085364818573,0.0,25,34800,47.6193741,-122.3627464,3.1821797497010853
1934,1728407818.758,1,220,0,0,185,0,0,3,476193741,-1223627464,0.0,0.6000000238418579,2.6085364818573,0.0,0.0,0.0,0.0,2.6085364818573,0.0,25,34800,47.6193741,-122.3627464,3.197953336215146
1935,1728407819.017,1,220,0,0,185,0,0,3,476193739,-1223627483,0.0,0.6000000238418579,2.540168285369873,0.0,0.0,0.0,0.0,2.540168285369873,0.0,25,34600,47.6193739,-122.3627483,3.1842063878187803
1936,1728407819.271,1,220,0,0,185,0,0,3,476193739,-1223627483,0.0,0.6000000238418579,2.540168285369873,0.0,0.0,0.0,0.0,2.540168285369873,0.0,25,34600,47.6193739,-122.3627483,3.494060111805152
1937,1728407819.5649998,1,220,0,0,185,0,0,3,476193731,-1223627518,0.0,0.6000000238418579,2.5053927898406982,0.0,0.0,0.0,0.0,2.5053927898406982,0.0,25,34500,47.6193731,-122.3627518,3.4989504118122143
1938,1728407819.799,1,220,0,0,185,0,0,3,476193731,-1223627518,0.0,0.6000000238418579,2.5053927898406982,0.0,0.0,0.0,0.0,2.5053927898406982,0.0,25,34500,47.6193731,-122.3627518,3.4806821825183416
1939,1728407820.0549998,1,220,0,0,185,0,0,3,476193728,-1223627545,0.0,0.6000000238418579,2.4833641052246094,0.0,0.0,0.0,0.0,2.4833641052246094,0.0,25,34500,47.6193728,-122.3627545,3.183192746185872
1940,1728407820.2979999,1,220,0,0,185,0,0,3,476193728,-1223627545,0.0,0.6000000238418579,2.4833641052246094,0.0,0.0,0.0,0.0,2.4833641052246094,0.0,25,34500,47.6193728,-122.3627545,3.5044681864099907
1941,1728407820.6039999,1,220,0,0,185,0,0,3,476193749,-1223627495,0.0,0.6000000238418579,2.4912121295928955,0.0,0.0,0.0,0.0,2.4912121295928955,0.0,25,34500,47.6193749,-122.3627495,3.5044681864099907
1942,1728407820.85,1,220,0,0,185,0,0,3,476193749,-1223627495,0.0,0.6000000238418579,2.4912121295928955,0.0,0.0,0.0,0.0,2.4912121295928955,0.0,25,34500,47.6193749,-122.3627495,3.4704147076668845
1943,1728407821.1,1,220,0,0,185,0,0,3,476193763,-1223627482,0.0,0.6000000238418579,2.5091960430145264,0.0,0.0,0.0,0.0,2.5091960430145264,0.0,25,34500,47.6193763,-122.3627482,3.499562461243945
1944,1728407821.349,1,220,0,0,185,0,0,3,476193763,-1223627482,0.0,0.6000000238418579,2.5091960430145264,0.0,0.0,0.0,0.0,2.5091960430145264,0.0,25,34500,47.6193763,-122.3627482,3.497726517458386
1945,1728407821.6299999,1,220,0,0,185,0,0,3,476193756,-1223627505,0.0,0.6000000238418579,2.5289089679718018,0.0,0.0,0.0,0.0,2.5289089679718018,0.0,25,34500,47.6193756,-122.3627505,3.4922297898831673
1946,1728407821.876,1,220,0,0,185,0,0,3,476193753,-1223627479,0.0,0.6000000238418579,2.5248303413391113,0.0,0.0,0.0,0.0,2.5248303413391113,0.0,25,34500,47.6193753,-122.3627479,3.487966535245389
1947,1728407822.1169999,1,220,0,0,185,0,0,3,476193753,-1223627479,0.0,0.6000000238418579,2.5248303413391113,0.0,0.0,0.0,0.0,2.5248303413391113,0.0,25,34500,47.6193753,-122.3627479,3.524850178463071
1948,1728407822.411,1,220,0,0,185,0,0,3,476193753,-1223627479,0.0,0.6000000238418579,2.5248303413391113,0.0,0.0,0.0,0.0,2.5248303413391113,0.0,25,34500,47.6193753,-122.3627479,3.4928397810446317
1949,1728407823.2059999,1,220,0,0,185,0,0,3,476193774,-1223627501,0.0,0.6000000238418579,2.8253695964813232,0.0,0.0,0.0,0.0,2.8253695964813232,0.0,25,34600,47.6193774,-122.3627501,3.4971148184085488
1950,1728407823.435,1,220,0,0,185,0,0,3,476193774,-1223627552,0.0,0.6000000238418579,2.6512300968170166,0.0,0.0,0.0,0.0,2.6512300968170166,0.0,25,34600,47.6193774,-122.3627552,3.4758429230101484
1951,1728407823.684,1,220,0,0,185,0,0,3,476193774,-1223627552,0.0,0.6000000238418579,2.6512300968170166,0.0,0.0,0.0,0.0,2.6512300968170166,0.0,25,34600,47.6193774,-122.3627552,3.5211267191794775
1952,1728407823.9789999,1,220,0,0,185,0,0,3,476193777,-1223627543,0.0,0.6000000238418579,2.62481951713562,0.0,0.0,0.0,0.0,2.62481951713562,0.0,25,34600,47.6193777,-122.3627543,3.505082314368304
1953,1728407824.211,1,220,0,0,185,0,0,3,476193777,-1223627543,0.0,0.6000000238418579,2.62481951713562,0.0,0.0,0.0,0.0,2.62481951713562,0.0,25,34600,47.6193777,-122.3627543,3.503854273617568
1954,1728407824.4759998,1,220,0,0,185,0,0,3,476193782,-1223627452,0.0,0.6000000238418579,2.6213016510009766,0.0,0.0,0.0,0.0,2.6213016510009766,0.0,25,34600,47.6193782,-122.3627452,3.4922297898831673
1955,1728407824.744,1,220,0,0,185,0,0,3,476193782,-1223627452,0.0,0.6000000238418579,2.6213016510009766,0.0,0.0,0.0,0.0,2.6213016510009766,0.0,25,34600,47.6193782,-122.3627452,3.5056966576056463
1956,1728407825.0049999,1,220,0,0,185,0,0,3,476193794,-1223627418,0.0,0.6000000238418579,2.654283285140991,0.0,0.0,0.0,0.0,2.654283285140991,0.0,25,34500,47.6193794,-122.3627418,3.4965034790147262
1957,1728407825.2389998,1,220,0,0,185,0,0,3,476193794,-1223627418,0.0,0.6000000238418579,2.654283285140991,0.0,0.0,0.0,0.0,2.654283285140991,0.0,25,34500,47.6193794,-122.3627418,3.488574892772981
1958,1728407825.5249999,1,220,0,0,185,0,0,3,476193808,-1223627424,0.0,0.6000000238418579,2.6524534225463867,0.0,0.0,0.0,0.0,2.6524534225463867,0.0,25,34600,47.6193808,-122.3627424,3.197953336215146
1959,1728407825.774,1,220,0,0,185,0,0,3,476193808,-1223627424,0.0,0.6000000238418579,2.6524534225463867,0.0,0.0,0.0,0.0,2.6524534225463867,0.0,25,34600,47.6193808,-122.3627424,3.502013678905988
1960,1728407826.0519998,1,220,0,0,185,0,0,3,476193814,-1223627454,0.0,0.6000000238418579,2.6888184547424316,0.0,0.0,0.0,0.0,2.6888184547424316,0.0,25,34500,47.6193814,-122.3627454,3.267439933300446
1961,1728407826.284,1,220,0,0,185,0,0,3,476193814,-1223627454,0.0,0.6000000238418579,2.6888184547424316,0.0,0.0,0.0,0.0,2.6888184547424316,0.0,25,34500,47.6193814,-122.3627454,3.404255319148936
1962,1728407826.556,1,220,0,0,185,0,0,3,476193804,-1223627490,0.0,0.6000000238418579,2.7082433700561523,0.0,0.0,0.0,0.0,2.7082433700561523,0.0,25,34500,47.6193804,-122.362749,3.489183462552291
1963,1728407826.8079998,1,220,0,0,185,0,0,3,476193804,-1223627490,0.0,0.6000000238418579,2.7082433700561523,0.0,0.0,0.0,0.0,2.7082433700561523,0.0,25,34500,47.6193804,-122.362749,3.4800765743892312
1964,1728407827.076,1,220,0,0,185,0,0,3,476193799,-1223627559,0.0,0.6000000238418579,2.72328782081604,0.0,0.0,0.0,0.0,2.72328782081604,0.0,25,34500,47.6193799,-122.3627559,3.429355271113034
1965,1728407827.335,1,220,0,0,185,0,0,3,476193799,-1223627559,0.0,0.6000000238418579,2.72328782081604,0.0,0.0,0.0,0.0,2.72328782081604,0.0,25,34500,47.6193799,-122.3627559,3.4873583898584926
1966,1728407827.596,1,220,0,0,185,0,0,3,476193806,-1223627531,0.0,0.6000000238418579,2.7242932319641113,0.0,0.0,0.0,0.0,2.7242932319641113,0.0,25,34300,47.6193806,-122.3627531,3.5044681864099907
1967,1728407827.85,1,220,0,0,185,0,0,3,476193806,-1223627531,0.0,0.6000000238418579,2.7242932319641113,0.0,0.0,0.0,0.0,2.7242932319641113,0.0,25,34300,47.6193806,-122.3627531,3.475238853569153
1968,1728407828.665,1,220,0,0,185,0,0,3,476193822,-1223627545,0.0,0.6000000238418579,3.020458936691284,0.0,0.0,0.0,0.0,3.020458936691284,0.0,25,34000,47.6193822,-122.3627545,3.508771900471705
1969,1728407828.9169998,1,220,0,0,185,0,0,3,476193819,-1223627580,0.0,0.6000000238418579,2.8526010513305664,0.0,0.0,0.0,0.0,2.8526010513305664,0.0,25,33699,47.6193819,-122.362758,3.4843205517022526
1970,1728407829.556,1,220,0,0,185,0,0,3,476193819,-1223627580,0.0,0.6000000238418579,2.8526010513305664,0.0,0.0,0.0,0.0,2.8526010513305664,0.0,25,33699,47.6193819,-122.362758,3.4971148184085488
1971,1728407829.559,1,220,0,0,185,0,0,3,476193832,-1223627533,0.0,0.6000000238418579,2.8091797828674316,0.0,0.0,0.0,0.0,2.8091797828674316,0.0,25,33600,47.6193832,-122.3627533,3.4806821825183416
1972,1728407829.711,1,220,0,0,185,0,0,3,476193832,-1223627533,0.0,0.6000000238418579,2.8091797828674316,0.0,0.0,0.0,0.0,2.8091797828674316,0.0,25,33600,47.6193832,-122.3627533,3.4922297898831673
1973,1728407829.958,1,220,0,0,185,0,0,3,476193846,-1223627521,0.0,0.6000000238418579,2.7930290699005127,0.0,0.0,0.0,0.0,2.7930290699005127,0.0,25,33600,47.6193846,-122.3627521,3.4800765743892312
1974,1728407830.3079998,1,220,0,0,185,0,0,3,476193846,-1223627521,0.0,0.6000000238418579,2.7930290699005127,0.0,0.0,0.0,0.0,2.7930290699005127,0.0,25,33600,47.6193846,-122.3627521,3.491620157075723
1975,1728407830.4789999,1,220,0,0,185,0,0,3,476193856,-1223627544,0.0,0.6000000238418579,2.774043560028076,0.0,0.0,0.0,0.0,2.774043560028076,0.0,25,33600,47.6193856,-122.3627544,3.4698126668599163
1976,1728407830.712,1,220,0,0,185,0,0,3,476193856,-1223627544,0.0,0.6000000238418579,2.774043560028076,0.0,0.0,0.0,0.0,2.774043560028076,0.0,25,33600,47.6193856,-122.3627544,3.4758429230101484
1977,1728407830.994,1,220,0,0,185,0,0,3,476193855,-1223627588,0.0,0.6000000238418579,2.75820255279541,0.0,0.0,0.0,0.0,2.75820255279541,0.0,25,33600,47.6193855,-122.3627588,3.474635137977503
1978,1728407831.225,1,220,0,0,185,0,0,3,476193855,-1223627588,0.0,0.6000000238418579,2.75820255279541,0.0,0.0,0.0,0.0,2.75820255279541,0.0,25,33600,47.6193855,-122.3627588,3.6744441875167575
1979,1728407831.514,1,220,0,0,185,0,0,3,476193841,-1223627649,0.0,0.6000000238418579,2.7348127365112305,0.0,0.0,0.0,0.0,2.7348127365112305,0.0,25,33600,47.6193841,-122.3627649,3.683919596070015
1980,1728407831.771,1,220,0,0,185,0,0,3,476193841,-1223627649,0.0,0.6000000238418579,2.7348127365112305,0.0,0.0,0.0,0.0,2.7348127365112305,0.0,25,33600,47.6193841,-122.3627649,3.9123630760511428
1981,1728407832.03,1,220,0,0,185,0,0,3,476193835,-1223627685,0.0,0.6000000238418579,2.744389057159424,0.0,0.0,0.0,0.0,2.744389057159424,0.0,25,33699,47.6193835,-122.3627685,3.748125961147244
1982,1728407832.283,1,220,0,0,185,0,0,3,476193835,-1223627685,0.0,0.6000000238418579,2.744389057159424,0.0,0.0,0.0,0.0,2.744389057159424,0.0,25,33699,47.6193835,-122.3627685,3.6791759523892646
1983,1728407832.5549998,1,220,0,0,185,0,0,3,476193858,-1223627604,0.0,0.6000000238418579,2.734457015991211,0.0,0.0,0.0,0.0,2.734457015991211,0.0,25,33699,47.6193858,-122.3627604,3.640334938615678
1984,1728407832.804,1,220,0,0,185,0,0,3,476193858,-1223627604,0.0,0.6000000238418579,2.734457015991211,0.0,0.0,0.0,0.0,2.734457015991211,0.0,25,33699,47.6193858,-122.3627604,3.7334328131161993
1985,1728407833.099,1,220,0,0,185,0,0,3,476193872,-1223627589,0.0,0.6000000238418579,2.736614942550659,0.0,0.0,0.0,0.0,2.736614942550659,0.0,25,33699,47.6193872,-122.3627589,3.667033372568504
1986,1728407833.35,1,220,0,0,185,0,0,3,476193872,-1223627589,0.0,0.6000000238418579,2.736614942550659,0.0,0.0,0.0,0.0,2.736614942550659,0.0,25,33699,47.6193872,-122.3627589,3.6616623064993417
1987,1728407833.606,1,220,0,0,185,0,0,3,476193872,-1223627589,0.0,0.6000000238418579,2.736614942550659,0.0,0.0,0.0,0.0,2.736614942550659,0.0,25,33699,47.6193872,-122.3627589,3.651634107534223
1988,1728407834.108,1,220,0,0,185,0,0,3,476193845,-1223627642,0.0,0.6000000238418579,2.9790515899658203,0.0,0.0,0.0,0.0,2.9790515899658203,0.0,25,33699,47.6193845,-122.3627642,3.657644520336085
1989,1728407834.346,1,220,0,0,185,0,0,3,476193845,-1223627642,0.0,0.6000000238418579,2.9790515899658203,0.0,0.0,0.0,0.0,2.9790515899658203,0.0,25,33699,47.6193845,-122.3627642,3.6569756135158613
1990,1728407834.668,1,220,0,0,185,0,0,3,476193842,-1223627680,0.0,0.6000000238418579,2.8062217235565186,0.0,0.0,0.0,0.0,2.8062217235565186,0.0,25,33699,47.6193842,-122.362768,3.6690515668640775
1991,1728407834.895,1,220,0,0,185,0,0,3,476193863,-1223627656,0.0,0.6000000238418579,2.7299256324768066,0.0,0.0,0.0,0.0,2.7299256324768066,0.0,25,33699,47.6193863,-122.3627656,3.6616624663324324
1992,1728407835.1469998,1,220,0,0,185,0,0,3,476193863,-1223627656,0.0,0.6000000238418579,2.7299256324768066,0.0,0.0,0.0,0.0,2.7299256324768066,0.0,25,33699,47.6193863,-122.3627656,3.6563071106749936
1993,1728407835.452,1,220,0,0,185,0,0,3,476193880,-1223627661,0.0,0.6000000238418579,2.6763033866882324,0.0,0.0,0.0,0.0,2.6763033866882324,0.0,25,33699,47.619388,-122.3627661,3.6589827491554807
1994,1728407835.665,1,220,0,0,185,0,0,3,476193880,-1223627661,0.0,0.6000000238418579,2.6763033866882324,0.0,0.0,0.0,0.0,2.6763033866882324,0.0,25,33699,47.619388,-122.3627661,3.6812073765908506
1995,1728407835.9329998,1,220,0,0,185,0,0,3,476193879,-1223627674,0.0,0.6000000238418579,2.6000914573669434,0.0,0.0,0.0,0.0,2.6000914573669434,0.0,25,33699,47.6193879,-122.3627674,3.668378642120456
1996,1728407836.174,1,220,0,0,185,0,0,3,476193879,-1223627674,0.0,0.6000000238418579,2.6000914573669434,0.0,0.0,0.0,0.0,2.6000914573669434,0.0,25,33699,47.6193879,-122.3627674,3.694126315694909
1997,1728407836.471,1,220,0,0,185,0,0,3,476193865,-1223627699,0.0,0.6000000238418579,2.550163507461548,0.0,0.0,0.0,0.0,2.550163507461548,0.0,25,33699,47.6193865,-122.3627699,3.6757949009535342
1998,1728407836.6929998,1,220,0,0,185,0,0,3,476193865,-1223627699,0.0,0.6000000238418579,2.550163507461548,0.0,0.0,0.0,0.0,2.550163507461548,0.0,25,33699,47.6193865,-122.3627699,3.638348203808547
1999,1728407836.983,1,220,0,0,185,0,0,3,476193877,-1223627617,0.0,0.6000000238418579,2.535140037536621,0.0,0.0,0.0,0.0,2.535140037536621,0.0,25,33699,47.6193877,-122.3627617,3.654302908602088
2000,1728407837.222,1,220,0,0,185,0,0,3,476193877,-1223627617,0.0,0.6000000238418579,2.535140037536621,0.0,0.0,0.0,0.0,2.535140037536621,0.0,25,33699,47.6193877,-122.3627617,3.6839197578520912
2001,1728407837.4919999,1,220,0,0,185,0,0,3,476193897,-1223627617,0.0,0.6000000238418579,2.566206693649292,0.0,0.0,0.0,0.0,2.566206693649292,0.0,25,33699,47.6193897,-122.3627617,3.648303622631656
2002,1728407837.753,1,220,0,0,185,0,0,3,476193897,-1223627617,0.0,0.6000000238418579,2.566206693649292,0.0,0.0,0.0,0.0,2.566206693649292,0.0,25,33699,47.6193897,-122.3627617,3.631741440136545
2003,1728407838.021,1,220,0,0,185,0,0,3,476193903,-1223627617,0.0,0.6000000238418579,2.5665876865386963,0.0,0.0,0.0,0.0,2.5665876865386963,0.0,25,33699,47.6193903,-122.3627617,3.660992089242827
2004,1728407838.237,1,220,0,0,185,0,0,3,476193903,-1223627617,0.0,0.6000000238418579,2.5665876865386963,0.0,0.0,0.0,0.0,2.5665876865386963,0.0,25,33699,47.6193903,-122.3627617,3.6456434155099497
2005,1728407838.5509999,1,220,0,0,185,0,0,3,476193889,-1223627667,0.0,0.6000000238418579,2.564586877822876,0.0,0.0,0.0,0.0,2.564586877822876,0.0,25,33699,47.6193889,-122.3627667,3.635702489855292
2006,1728407838.764,1,220,0,0,185,0,0,3,476193889,-1223627667,0.0,0.6000000238418579,2.564586877822876,0.0,0.0,0.0,0.0,2.564586877822876,0.0,25,33699,47.6193889,-122.3627667,3.625815943962123
2007,1728407839.047,1,220,0,0,185,0,0,3,476193889,-1223627667,0.0,0.6000000238418579,2.564586877822876,0.0,0.0,0.0,0.0,2.564586877822876,0.0,25,33699,47.6193889,-122.3627667,3.633720964231625
2008,1728407839.605,1,220,0,0,185,0,0,3,476193900,-1223627694,0.0,0.6000000238418579,2.8415920734405518,0.0,0.0,0.0,0.0,2.8415920734405518,0.0,25,33699,47.61939,-122.3627694,3.6284469694282677
2009,1728407839.819,1,220,0,0,185,0,0,3,476193900,-1223627694,0.0,0.6000000238418579,2.8415920734405518,0.0,0.0,0.0,0.0,2.8415920734405518,0.0,25,33699,47.61939,-122.3627694,3.625158627008024
2010,1728407840.097,1,220,0,0,185,0,0,3,476193913,-1223627656,0.0,0.6000000238418579,2.703667402267456,0.0,0.0,0.0,0.0,2.703667402267456,0.0,25,33699,47.6193913,-122.3627656,3.6225320536087247
2011,1728407840.3769999,1,220,0,0,185,0,0,3,476193913,-1223627656,0.0,0.6000000238418579,2.652005910873413,0.0,0.0,0.0,0.0,2.652005910873413,0.0,25,33699,47.6193913,-122.3627656,3.6284469694282677
2012,1728407840.6539998,1,220,0,0,185,0,0,3,476193912,-1223627650,0.0,0.6000000238418579,2.652005910873413,0.0,0.0,0.0,0.0,2.652005910873413,0.0,25,33699,47.6193912,-122.362765,3.6245017049434782
2013,1728407840.915,1,220,0,0,185,0,0,3,476193912,-1223627650,0.0,0.6000000238418579,2.635197162628174,0.0,0.0,0.0,0.0,2.635197162628174,0.0,25,33699,47.6193912,-122.362765,3.638348203808547
2014,1728407841.151,1,220,0,0,185,0,0,3,476193905,-1223627675,0.0,0.6000000238418579,2.635197162628174,0.0,0.0,0.0,0.0,2.635197162628174,0.0,25,33699,47.6193905,-122.3627675,3.618599634421966
2015,1728407841.434,1,220,0,0,185,0,0,3,476193913,-1223627699,0.0,0.6000000238418579,2.649834632873535,0.0,0.0,0.0,0.0,2.649834632873535,0.0,25,33699,47.6193913,-122.3627699,3.6324009893894638
2016,1728407841.6899998,1,220,0,0,185,0,0,3,476193913,-1223627699,0.0,0.6000000238418579,2.649834632873535,0.0,0.0,0.0,0.0,2.649834632873535,0.0,25,33699,47.6193913,-122.3627699,3.6212203500077984
2017,1728407841.975,1,220,0,0,185,0,0,3,476193931,-1223627644,0.0,0.6000000238418579,2.6809134483337402,0.0,0.0,0.0,0.0,2.6809134483337402,0.0,25,33699,47.6193931,-122.3627644,3.631082130354019
2018,1728407842.205,1,220,0,0,185,0,0,3,476193931,-1223627644,0.0,0.6000000238418579,2.6809134483337402,0.0,0.0,0.0,0.0,2.6809134483337402,0.0,25,33699,47.6193931,-122.3627644,3.6529681001596686
2019,1728407842.5,1,220,0,0,185,0,0,3,476193939,-1223627630,0.0,0.6000000238418579,2.697953701019287,0.0,0.0,0.0,0.0,2.697953701019287,0.0,25,33699,47.6193939,-122.362763,3.633720964231625
2020,1728407842.743,1,220,0,0,185,0,0,3,476193939,-1223627630,0.0,0.6000000238418579,2.697953701019287,0.0,0.0,0.0,0.0,2.697953701019287,0.0,25,33699,47.6193939,-122.362763,3.6304229027939896
2021,1728407843.004,1,220,0,0,185,0,0,3,476193936,-1223627645,0.0,0.6000000238418579,2.704287528991699,0.0,0.0,0.0,0.0,2.704287528991699,0.0,25,33699,47.6193936,-122.3627645,3.6549706786982066
2022,1728407843.271,1,220,0,0,185,0,0,3,476193936,-1223627645,0.0,0.6000000238418579,2.704287528991699,0.0,0.0,0.0,0.0,2.704287528991699,0.0,25,33699,47.6193936,-122.3627645,3.647638127648428
2023,1728407843.518,1,220,0,0,185,0,0,3,476193936,-1223627668,0.0,0.6000000238418579,2.690577268600464,0.0,0.0,0.0,0.0,2.690577268600464,0.0,25,33600,47.6193936,-122.3627668,3.6724202187540866
2024,1728407843.764,1,220,0,0,185,0,0,3,476193936,-1223627668,0.0,0.6000000238418579,2.690577268600464,0.0,0.0,0.0,0.0,2.690577268600464,0.0,25,33600,47.6193936,-122.3627668,3.654303067793343
2025,1728407844.057,1,220,0,0,185,0,0,3,476193942,-1223627596,0.0,0.6000000238418579,2.668152332305908,0.0,0.0,0.0,0.0,2.668152332305908,0.0,25,33600,47.6193942,-122.3627596,3.623845020920054
2026,1728407844.287,1,220,0,0,185,0,0,3,476193942,-1223627596,0.0,0.6000000238418579,2.668152332305908,0.0,0.0,0.0,0.0,2.668152332305908,0.0,25,33600,47.6193942,-122.3627596,3.6416605289367303
2027,1728407844.5549998,1,220,0,0,185,0,0,3,476193942,-1223627596,0.0,0.6000000238418579,2.668152332305908,0.0,0.0,0.0,0.0,2.668152332305908,0.0,25,33600,47.6193942,-122.3627596,3.6549706786982066
2028,1728407845.08,1,220,0,0,185,0,0,3,476193963,-1223627557,0.0,0.6000000238418579,2.950918436050415,0.0,0.0,0.0,0.0,2.950918436050415,0.0,25,33600,47.6193963,-122.3627557,3.644314924534089
2029,1728407845.323,1,220,0,0,185,0,0,3,476193963,-1223627557,0.0,0.6000000238418579,2.950918436050415,0.0,0.0,0.0,0.0,2.950918436050415,0.0,25,33600,47.6193963,-122.3627557,3.66568924951545
2030,1728407845.606,1,220,0,0,185,0,0,3,476193961,-1223627549,0.0,0.6000000238418579,2.7508785724639893,0.0,0.0,0.0,0.0,2.7508785724639893,0.0,25,33600,47.6193961,-122.3627549,3.6609922490174127
2031,1728407845.849,1,220,0,0,185,0,0,3,476193961,-1223627549,0.0,0.6000000238418579,2.7508785724639893,0.0,0.0,0.0,0.0,2.7508785724639893,0.0,25,33600,47.6193961,-122.3627549,3.662332929085556
2032,1728407846.1369998,1,220,0,0,185,0,0,3,476193963,-1223627524,0.0,0.6000000238418579,2.706183910369873,0.0,0.0,0.0,0.0,2.706183910369873,0.0,25,33600,47.6193963,-122.3627524,3.6596523905051206
2033,1728407846.3609998,1,220,0,0,185,0,0,3,476193963,-1223627524,0.0,0.6000000238418579,2.706183910369873,0.0,0.0,0.0,0.0,2.706183910369873,0.0,25,33600,47.6193963,-122.3627524,3.637686335519545
2034,1728407846.6239998,1,220,0,0,185,0,0,3,476193959,-1223627505,0.0,0.6000000238418579,2.69551157951355,0.0,0.0,0.0,0.0,2.69551157951355,0.0,25,33600,47.6193959,-122.3627505,3.640334938615678
2035,1728407846.9529998,1,220,0,0,185,0,0,3,476193964,-1223627504,0.0,0.6000000238418579,2.690958261489868,0.0,0.0,0.0,0.0,2.690958261489868,0.0,25,33600,47.6193964,-122.3627504,3.6370248656830646
2036,1728407847.182,1,220,0,0,185,0,0,3,476193964,-1223627504,0.0,0.6000000238418579,2.690958261489868,0.0,0.0,0.0,0.0,2.690958261489868,0.0,25,33600,47.6193964,-122.3627504,3.6363636363636362
2037,1728407847.447,1,220,0,0,185,0,0,3,476193978,-1223627491,0.0,0.6000000238418579,2.731156826019287,0.0,0.0,0.0,0.0,2.731156826019287,0.0,25,33500,47.6193978,-122.3627491,3.6403347806390753
2038,1728407847.6929998,1,220,0,0,185,0,0,3,476193978,-1223627491,0.0,0.6000000238418579,2.731156826019287,0.0,0.0,0.0,0.0,2.731156826019287,0.0,25,33500,47.6193978,-122.3627491,3.631082130354019
2039,1728407847.9559999,1,220,0,0,185,0,0,3,476193977,-1223627483,0.0,0.6000000238418579,2.774855852127075,0.0,0.0,0.0,0.0,2.774855852127075,0.0,25,33500,47.6193977,-122.3627483,3.629764071618172
2040,1728407848.2059999,1,220,0,0,185,0,0,3,476193977,-1223627483,0.0,0.6000000238418579,2.774855852127075,0.0,0.0,0.0,0.0,2.774855852127075,0.0,25,33500,47.6193977,-122.3627483,3.6363636363636362
2041,1728407848.465,1,220,0,0,185,0,0,3,476193977,-1223627483,0.0,0.6000000238418579,2.774855852127075,0.0,0.0,0.0,0.0,2.774855852127075,0.0,25,33500,47.6193977,-122.3627483,3.6231884183164556
2042,1728407848.7359998,1,220,0,0,185,0,0,3,476193959,-1223627506,0.0,0.6000000238418579,2.7459988594055176,0.0,0.0,0.0,0.0,2.7459988594055176,0.0,25,33200,47.6193959,-122.3627506,3.627130822743402
2043,1728407849.016,1,220,0,0,185,0,0,3,476193959,-1223627506,0.0,0.6000000238418579,2.723891258239746,0.0,0.0,0.0,0.0,2.723891258239746,0.0,25,33200,47.6193959,-122.3627506,3.6049026044221146
2044,1728407849.258,1,220,0,0,185,0,0,3,476193960,-1223627492,0.0,0.6000000238418579,2.723891258239746,0.0,0.0,0.0,0.0,2.723891258239746,0.0,25,33100,47.619396,-122.3627492,3.6029543458710895
2045,1728407849.556,1,220,0,0,185,0,0,3,476193974,-1223627485,0.0,0.6000000238418579,2.727541923522949,0.0,0.0,0.0,0.0,2.727541923522949,0.0,25,33100,47.6193974,-122.3627485,3.6370248656830646
2046,1728407849.787,1,220,0,0,185,0,0,3,476193974,-1223627485,0.0,0.6000000238418579,2.727541923522949,0.0,0.0,0.0,0.0,2.727541923522949,0.0,25,33100,47.6193974,-122.3627485,3.6146755878506753
2047,1728407850.049,1,220,0,0,185,0,0,3,476193974,-1223627485,0.0,0.6000000238418579,2.727541923522949,0.0,0.0,0.0,0.0,2.727541923522949,0.0,25,33100,47.6193974,-122.3627485,3.618599634421966
2048,1728407850.5879998,1,220,0,0,185,0,0,3,476193980,-1223627503,0.0,0.6000000238418579,2.9534990787506104,0.0,0.0,0.0,0.0,2.9534990787506104,0.0,25,33200,47.619398,-122.3627503,3.6172906206028235
2049,1728407850.833,1,220,0,0,185,0,0,3,476193980,-1223627503,0.0,0.6000000238418579,2.9534990787506104,0.0,0.0,0.0,0.0,2.9534990787506104,0.0,25,33200,47.619398,-122.3627503,3.6146755878506753
2050,1728407851.106,1,220,0,0,185,0,0,3,476193970,-1223627507,0.0,0.6000000238418579,2.7628636360168457,0.0,0.0,0.0,0.0,2.7628636360168457,0.0,25,33200,47.619397,-122.3627507,3.6140223035533716
2051,1728407851.369,1,220,0,0,185,0,0,3,476193970,-1223627507,0.0,0.6000000238418579,2.7628636360168457,0.0,0.0,0.0,0.0,2.7628636360168457,0.0,25,33200,47.619397,-122.3627507,3.5997120267454497
2052,1728407851.651,1,220,0,0,185,0,0,3,476193982,-1223627495,0.0,0.6000000238418579,2.6928908824920654,0.0,0.0,0.0,0.0,2.6928908824920654,0.0,25,33200,47.6193982,-122.3627495,3.6192544185960625
2053,1728407851.909,1,220,0,0,185,0,0,3,476193997,-1223627468,0.0,0.6000000238418579,2.6287014484405518,0.0,0.0,0.0,0.0,2.6287014484405518,0.0,25,33200,47.6193997,-122.3627468,3.6146755878506753
2054,1728407852.175,1,220,0,0,185,0,0,3,476193997,-1223627468,0.0,0.6000000238418579,2.6287014484405518,0.0,0.0,0.0,0.0,2.6287014484405518,0.0,25,33200,47.6193997,-122.3627468,3.60555259556042
2055,1728407852.452,1,220,0,0,185,0,0,3,476193991,-1223627481,0.0,0.6000000238418579,2.5909006595611572,0.0,0.0,0.0,0.0,2.5909006595611572,0.0,25,33200,47.6193991,-122.3627481,3.6350418987514006
2056,1728407852.715,1,220,0,0,185,0,0,3,476193991,-1223627481,0.0,0.6000000238418579,2.5909006595611572,0.0,0.0,0.0,0.0,2.5909006595611572,0.0,25,33200,47.6193991,-122.3627481,3.6304229027939896
2057,1728407852.974,1,220,0,0,185,0,0,3,476193988,-1223627491,0.0,0.6000000238418579,2.564948558807373,0.0,0.0,0.0,0.0,2.564948558807373,0.0,25,33200,47.6193988,-122.3627491,3.637025023372522
2058,1728407853.222,1,220,0,0,185,0,0,3,476193988,-1223627491,0.0,0.6000000238418579,2.564948558807373,0.0,0.0,0.0,0.0,2.564948558807373,0.0,25,33200,47.6193988,-122.3627491,3.642323686188188
2059,1728407853.4889998,1,220,0,0,185,0,0,3,476193986,-1223627522,0.0,0.6000000238418579,2.563270330429077,0.0,0.0,0.0,0.0,2.563270330429077,0.0,25,33200,47.6193986,-122.3627522,3.644979048972749
2060,1728407853.74,1,220,0,0,185,0,0,3,476193986,-1223627522,0.0,0.6000000238418579,2.563270330429077,0.0,0.0,0.0,0.0,2.563270330429077,0.0,25,33200,47.6193986,-122.3627522,3.604902759338441
2061,1728407854.021,1,220,0,0,185,0,0,3,476194001,-1223627526,0.0,0.6000000238418579,2.585642099380493,0.0,0.0,0.0,0.0,2.585642099380493,0.0,25,33200,47.6194001,-122.3627526,3.6172906206028235
2062,1728407854.2619998,1,220,0,0,185,0,0,3,476194001,-1223627526,0.0,0.6000000238418579,2.585642099380493,0.0,0.0,0.0,0.0,2.585642099380493,0.0,25,33200,47.6194001,-122.3627526,3.6284471263747835
2063,1728407854.549,1,220,0,0,185,0,0,3,476193998,-1223627562,0.0,0.6000000238418579,2.56992769241333,0.0,0.0,0.0,0.0,2.56992769241333,0.0,25,33200,47.6193998,-122.3627562,3.625158627008024
2064,1728407854.8049998,1,220,0,0,185,0,0,3,476193998,-1223627562,0.0,0.6000000238418579,2.56992769241333,0.0,0.0,0.0,0.0,2.56992769241333,0.0,25,33200,47.6193998,-122.3627562,3.642987243216351
2065,1728407855.0579998,1,220,0,0,185,0,0,3,476193991,-1223627585,0.0,0.6000000238418579,2.5641000270843506,0.0,0.0,0.0,0.0,2.5641000270843506,0.0,25,33200,47.6193991,-122.3627585,3.640334938615678
2066,1728407855.296,1,220,0,0,185,0,0,3,476193991,-1223627585,0.0,0.6000000238418579,2.5641000270843506,0.0,0.0,0.0,0.0,2.5641000270843506,0.0,25,33200,47.6193991,-122.3627585,3.66300363741163
2067,1728407855.5479999,1,220,0,0,185,0,0,3,476193991,-1223627585,0.0,0.6000000238418579,2.5641000270843506,0.0,0.0,0.0,0.0,2.5641000270843506,0.0,25,33200,47.6193991,-122.3627585,3.6529681001596686
2068,1728407856.079,1,220,0,0,185,0,0,3,476194001,-1223627612,0.0,0.6000000238418579,2.851672887802124,0.0,0.0,0.0,0.0,2.851672887802124,0.0,25,33200,47.6194001,-122.3627612,3.637686335519545
2069,1728407856.32,1,220,0,0,185,0,0,3,476194001,-1223627612,0.0,0.6000000238418579,2.851672887802124,0.0,0.0,0.0,0.0,2.851672887802124,0.0,25,33200,47.6194001,-122.3627612,3.6443147662118656
2070,1728407856.6539998,1,220,0,0,185,0,0,3,476194009,-1223627630,0.0,0.6000000238418579,2.7229466438293457,0.0,0.0,0.0,0.0,2.7229466438293457,0.0,25,33300,47.6194009,-122.362763,3.6489692017653677
2071,1728407856.898,1,220,0,0,185,0,0,3,476194009,-1223627630,0.0,0.6000000238418579,2.649099588394165,0.0,0.0,0.0,0.0,2.649099588394165,0.0,25,33300,47.6194009,-122.362763,3.650301088849234
2072,1728407857.1629999,1,220,0,0,185,0,0,3,476194009,-1223627640,0.0,0.6000000238418579,2.649099588394165,0.0,0.0,0.0,0.0,2.649099588394165,0.0,25,33400,47.6194009,-122.362764,3.647638127648428
2073,1728407857.4259999,1,220,0,0,185,0,0,3,476194001,-1223627644,0.0,0.6000000238418579,2.6217987537384033,0.0,0.0,0.0,0.0,2.6217987537384033,0.0,25,33699,47.6194001,-122.3627644,3.646973033962953
2074,1728407857.665,1,220,0,0,185,0,0,3,476194001,-1223627644,0.0,0.6000000238418579,2.6217987537384033,0.0,0.0,0.0,0.0,2.6217987537384033,0.0,25,33699,47.6194001,-122.3627644,3.6563071106749936
2075,1728407857.9459999,1,220,0,0,185,0,0,3,476193997,-1223627630,0.0,0.6000000238418579,2.5888540744781494,0.0,0.0,0.0,0.0,2.5888540744781494,0.0,25,34300,47.6193997,-122.362763,3.640334938615678
2076,1728407858.175,1,220,0,0,185,0,0,3,476193997,-1223627630,0.0,0.6000000238418579,2.5888540744781494,0.0,0.0,0.0,0.0,2.5888540744781494,0.0,25,34300,47.6193997,-122.362763,3.631082130354019
2077,1728407858.449,1,220,0,0,185,0,0,3,476194002,-1223627610,0.0,0.6000000238418579,2.6133716106414795,0.0,0.0,0.0,0.0,2.6133716106414795,0.0,25,34700,47.6194002,-122.362761,3.6396723473634096
2078,1728407858.72,1,220,0,0,185,0,0,3,476194002,-1223627610,0.0,0.6000000238418579,2.6133716106414795,0.0,0.0,0.0,0.0,2.6133716106414795,0.0,25,34700,47.6194002,-122.362761,3.6199095959877323
2079,1728407858.977,1,220,0,0,185,0,0,3,476194011,-1223627585,0.0,0.6000000238418579,2.670210599899292,0.0,0.0,0.0,0.0,2.670210599899292,0.0,25,34900,47.6194011,-122.3627585,3.5997120267454497
2080,1728407859.221,1,220,0,0,185,0,0,3,476194011,-1223627585,0.0,0.6000000238418579,2.670210599899292,0.0,0.0,0.0,0.0,2.670210599899292,0.0,25,34900,47.6194011,-122.3627585,3.642987243216351
2081,1728407859.5,1,220,0,0,185,0,0,3,476194005,-1223627619,0.0,0.6000000238418579,2.6927900314331055,0.0,0.0,0.0,0.0,2.6927900314331055,0.0,25,34900,47.6194005,-122.3627619,3.6264733425542026
2082,1728407859.745,1,220,0,0,185,0,0,3,476194005,-1223627619,0.0,0.6000000238418579,2.6927900314331055,0.0,0.0,0.0,0.0,2.6927900314331055,0.0,25,34900,47.6194005,-122.3627619,3.637686335519545
2083,1728407860.033,1,220,0,0,185,0,0,3,476194003,-1223627635,0.0,0.6000000238418579,2.7146658897399902,0.0,0.0,0.0,0.0,2.7146658897399902,0.0,25,34900,47.6194003,-122.3627635,3.6396723473634096
2084,1728407860.2749999,1,220,0,0,185,0,0,3,476194003,-1223627635,0.0,0.6000000238418579,2.7146658897399902,0.0,0.0,0.0,0.0,2.7146658897399902,0.0,25,34900,47.6194003,-122.3627635,3.6324009893894638
2085,1728407860.5519998,1,220,0,0,185,0,0,3,476193983,-1223627722,0.0,0.6000000238418579,2.720278024673462,0.0,0.0,0.0,0.0,2.720278024673462,0.0,25,34800,47.6193983,-122.3627722,3.635702489855292
2086,1728407860.804,1,220,0,0,185,0,0,3,476193983,-1223627722,0.0,0.6000000238418579,2.720278024673462,0.0,0.0,0.0,0.0,2.720278024673462,0.0,25,34800,47.6193983,-122.3627722,3.6010083466250764
2087,1728407861.043,1,220,0,0,185,0,0,3,476193983,-1223627722,0.0,0.6000000238418579,2.720278024673462,0.0,0.0,0.0,0.0,2.720278024673462,0.0,25,34800,47.6193983,-122.3627722,3.6291053225183334
2088,1728407861.6039999,1,220,0,0,185,0,0,3,476194008,-1223627724,0.0,0.6000000238418579,3.1248302459716797,0.0,0.0,0.0,0.0,3.1248302459716797,0.0,25,34600,47.6194008,-122.3627724,3.6463081827735553
2089,1728407861.876,1,220,0,0,185,0,0,3,476194008,-1223627724,0.0,0.6000000238418579,3.1248302459716797,0.0,0.0,0.0,0.0,3.1248302459716797,0.0,25,34600,47.6194008,-122.3627724,3.6324009893894638
2090,1728407862.1439998,1,220,0,0,185,0,0,3,476194011,-1223627752,0.0,0.6000000238418579,2.9899752140045166,0.0,0.0,0.0,0.0,2.9899752140045166,0.0,25,34500,47.6194011,-122.3627752,3.6218760830461725
2091,1728407862.4129999,1,220,0,0,185,0,0,3,476194011,-1223627752,0.0,0.6000000238418579,2.9899752140045166,0.0,0.0,0.0,0.0,2.9899752140045166,0.0,25,34500,47.6194011,-122.3627752,3.633060935589173
2092,1728407862.661,1,220,0,0,185,0,0,3,476194000,-1223627780,0.0,0.6000000238418579,2.8901703357696533,0.0,0.0,0.0,0.0,2.8901703357696533,0.0,25,34500,47.6194,-122.362778,3.646308024278096
2093,1728407862.921,1,220,0,0,185,0,0,3,476193996,-1223627779,0.0,0.6000000238418579,2.808587074279785,0.0,0.0,0.0,0.0,2.808587074279785,0.0,25,34400,47.6193996,-122.3627779,3.6416606870284185
2094,1728407863.171,1,220,0,0,185,0,0,3,476193996,-1223627779,0.0,0.6000000238418579,2.808587074279785,0.0,0.0,0.0,0.0,2.808587074279785,0.0,25,34400,47.6193996,-122.3627779,3.6133694109958476
2095,1728407863.447,1,220,0,0,185,0,0,3,476193996,-1223627779,0.0,0.6000000238418579,2.808587074279785,0.0,0.0,0.0,0.0,2.808587074279785,0.0,25,34400,47.6193996,-122.3627779,3.605552440588237
2096,1728407863.7289999,1,220,0,0,185,0,0,3,476194014,-1223627757,0.0,0.6000000238418579,2.7974131107330322,0.0,0.0,0.0,0.0,2.7974131107330322,0.0,25,34300,47.6194014,-122.3627757,3.6101083281073474
2097,1728407863.96,1,220,0,0,185,0,0,3,476194019,-1223627781,0.0,0.6000000238418579,2.8105690479278564,0.0,0.0,0.0,0.0,2.8105690479278564,0.0,25,34300,47.6194019,-122.3627781,3.5938903493901067
2098,1728407864.205,1,220,0,0,185,0,0,3,476194019,-1223627781,0.0,0.6000000238418579,2.8105690479278564,0.0,0.0,0.0,0.0,2.8105690479278564,0.0,25,34300,47.6194019,-122.3627781,3.601656779429968
2099,1728407864.483,1,220,0,0,185,0,0,3,476194020,-1223627797,0.0,0.6000000238418579,2.820106267929077,0.0,0.0,0.0,0.0,2.820106267929077,0.0,25,34300,47.619402,-122.3627797,3.616636546740109
2100,1728407864.743,1,220,0,0,185,0,0,3,476194020,-1223627797,0.0,0.6000000238418579,2.820106267929077,0.0,0.0,0.0,0.0,2.820106267929077,0.0,25,34300,47.619402,-122.3627797,3.6185994783261903
2101,1728407865.0049999,1,220,0,0,185,0,0,3,476194018,-1223627809,0.0,0.6000000238418579,2.826317548751831,0.0,0.0,0.0,0.0,2.826317548751831,0.0,25,34300,47.6194018,-122.3627809,3.6291053225183334
2102,1728407865.23,1,220,0,0,185,0,0,3,476194018,-1223627809,0.0,0.6000000238418579,2.826317548751831,0.0,0.0,0.0,0.0,2.826317548751831,0.0,25,34300,47.6194018,-122.3627809,3.606853126196527
2103,1728407865.5249999,1,220,0,0,185,0,0,3,476194023,-1223627808,0.0,0.6000000238418579,2.821106433868408,0.0,0.0,0.0,0.0,2.821106433868408,0.0,25,34400,47.6194023,-122.3627808,3.6192544185960625
2104,1728407865.81,1,220,0,0,185,0,0,3,476194023,-1223627808,0.0,0.6000000238418579,2.821106433868408,0.0,0.0,0.0,0.0,2.821106433868408,0.0,25,34400,47.6194023,-122.3627808,3.6264733425542026
2105,1728407866.099,1,220,0,0,185,0,0,3,476194028,-1223627827,0.0,0.6000000238418579,2.825922727584839,0.0,0.0,0.0,0.0,2.825922727584839,0.0,25,34400,47.6194028,-122.3627827,3.616636546740109
2106,1728407866.3439999,1,220,0,0,185,0,0,3,476194028,-1223627827,0.0,0.6000000238418579,2.825922727584839,0.0,0.0,0.0,0.0,2.825922727584839,0.0,25,34400,47.6194028,-122.3627827,3.662332929085556
2107,1728407866.608,1,220,0,0,185,0,0,3,476194028,-1223627827,0.0,0.6000000238418579,2.825922727584839,0.0,0.0,0.0,0.0,2.825922727584839,0.0,25,34400,47.6194028,-122.3627827,3.637025023372522
2108,1728407867.1569998,1,220,0,0,185,0,0,3,476194046,-1223627809,0.0,0.6000000238418579,3.1605401039123535,0.0,0.0,0.0,0.0,3.1605401039123535,0.0,25,34000,47.6194046,-122.3627809,3.6363636363636362
2109,1728407867.406,1,220,0,0,185,0,0,3,476194046,-1223627809,0.0,0.6000000238418579,3.1605401039123535,0.0,0.0,0.0,0.0,3.1605401039123535,0.0,25,34000,47.6194046,-122.3627809,3.639010312992069
2110,1728407867.671,1,220,0,0,185,0,0,3,476194050,-1223627797,0.0,0.6000000238418579,2.9931774139404297,0.0,0.0,0.0,0.0,2.9931774139404297,0.0,25,33900,47.619405,-122.3627797,3.658313512363139
2111,1728407867.924,1,220,0,0,185,0,0,3,476194046,-1223627816,0.0,0.6000000238418579,2.9255571365356445,0.0,0.0,0.0,0.0,2.9255571365356445,0.0,25,33900,47.6194046,-122.3627816,3.6291053225183334
2112,1728407868.2059999,1,220,0,0,185,0,0,3,476194046,-1223627816,0.0,0.6000000238418579,2.9255571365356445,0.0,0.0,0.0,0.0,2.9255571365356445,0.0,25,33900,47.6194046,-122.3627816,3.602954500620013
2113,1728407868.447,1,220,0,0,185,0,0,3,476194041,-1223627864,0.0,0.6000000238418579,2.9057765007019043,0.0,0.0,0.0,0.0,2.9057765007019043,0.0,25,34000,47.6194041,-122.3627864,3.6101083281073474
2114,1728407868.6859999,1,220,0,0,185,0,0,3,476194041,-1223627864,0.0,0.6000000238418579,2.9057765007019043,0.0,0.0,0.0,0.0,2.9057765007019043,0.0,25,34000,47.6194041,-122.3627864,3.644314924534089
2115,1728407868.977,1,220,0,0,185,0,0,3,476194048,-1223627881,0.0,0.6000000238418579,2.886841297149658,0.0,0.0,0.0,0.0,2.886841297149658,0.0,25,34000,47.6194048,-122.3627881,3.658313512363139
2116,1728407869.1899998,1,220,0,0,185,0,0,3,476194048,-1223627881,0.0,0.6000000238418579,2.886841297149658,0.0,0.0,0.0,0.0,2.886841297149658,0.0,25,34000,47.6194048,-122.3627881,3.6616623064993417
2117,1728407869.4589999,1,220,0,0,185,0,0,3,476194040,-1223627929,0.0,0.6000000238418579,2.8657288551330566,0.0,0.0,0.0,0.0,2.8657288551330566,0.0,25,34000,47.619404,-122.3627929,3.6489692017653677
2118,1728407869.705,1,220,0,0,185,0,0,3,476194040,-1223627929,0.0,0.6000000238418579,2.8657288551330566,0.0,0.0,0.0,0.0,2.8657288551330566,0.0,25,34000,47.619404,-122.3627929,3.6549706786982066
2119,1728407869.9789999,1,220,0,0,185,0,0,3,476194035,-1223627949,0.0,0.6000000238418579,2.8570022583007812,0.0,0.0,0.0,0.0,2.8570022583007812,0.0,24,34000,47.6194035,-122.3627949,3.658313512363139
2120,1728407870.21,1,220,0,0,185,0,0,3,476194035,-1223627949,0.0,0.6000000238418579,2.8570022583007812,0.0,0.0,0.0,0.0,2.8570022583007812,0.0,24,34000,47.6194035,-122.3627949,3.6376864932663664
2121,1728407870.516,1,220,0,0,185,0,0,3,476194040,-1223627951,0.0,0.6000000238418579,2.8702096939086914,0.0,0.0,0.0,0.0,2.8702096939086914,0.0,24,34000,47.619404,-122.3627951,3.648303622631656
2122,1728407870.781,1,220,0,0,185,0,0,3,476194040,-1223627951,0.0,0.6000000238418579,2.8702096939086914,0.0,0.0,0.0,0.0,2.8702096939086914,0.0,24,34000,47.619404,-122.3627951,3.651634107534223
2123,1728407871.0649998,1,220,0,0,185,0,0,3,476194048,-1223627974,0.0,0.6000000238418579,2.8659417629241943,0.0,0.0,0.0,0.0,2.8659417629241943,0.0,24,34000,47.6194048,-122.3627974,3.644314924534089
2124,1728407871.2979999,1,220,0,0,185,0,0,3,476194048,-1223627974,0.0,0.6000000238418579,2.8659417629241943,0.0,0.0,0.0,0.0,2.8659417629241943,0.0,24,34000,47.6194048,-122.3627974,3.6443147662118656
2125,1728407871.566,1,220,0,0,185,0,0,3,476194056,-1223627984,0.0,0.6000000238418579,2.8475170135498047,0.0,0.0,0.0,0.0,2.8475170135498047,0.0,24,34000,47.6194056,-122.3627984,3.6536353824671313
2126,1728407871.806,1,220,0,0,185,0,0,3,476194056,-1223627984,0.0,0.6000000238418579,2.8475170135498047,0.0,0.0,0.0,0.0,2.8475170135498047,0.0,24,34000,47.6194056,-122.3627984,3.633060778243268
2127,1728407872.089,1,220,0,0,185,0,0,3,476194056,-1223627984,0.0,0.6000000238418579,2.8475170135498047,0.0,0.0,0.0,0.0,2.8475170135498047,0.0,24,34000,47.6194056,-122.3627984,3.6390101551304133
2128,1728407872.629,1,220,0,0,185,0,0,3,476194058,-1223627983,0.0,0.6000000238418579,3.130633592605591,0.0,0.0,0.0,0.0,3.130633592605591,0.0,24,34000,47.6194058,-122.3627983,3.633720964231625
2129,1728407872.873,1,220,0,0,185,0,0,3,476194058,-1223627983,0.0,0.6000000238418579,3.130633592605591,0.0,0.0,0.0,0.0,3.130633592605591,0.0,24,34000,47.6194058,-122.3627983,3.6291053225183334
2130,1728407873.169,1,220,0,0,185,0,0,3,476194054,-1223628020,0.0,0.6000000238418579,2.9725639820098877,0.0,0.0,0.0,0.0,2.9725639820098877,0.0,24,34000,47.6194054,-122.362802,3.61336956664073
2131,1728407873.406,1,220,0,0,185,0,0,3,476194054,-1223628020,0.0,0.6000000238418579,2.9725639820098877,0.0,0.0,0.0,0.0,2.9725639820098877,0.0,24,34000,47.6194054,-122.362802,3.330557937204793
2132,1728407873.6829998,1,220,0,0,185,0,0,3,476194086,-1223627970,0.0,0.6000000238418579,2.9328768253326416,0.0,0.0,0.0,0.0,2.9328768253326416,0.0,24,34000,47.6194086,-122.362797,3.342246007415121
2133,1728407873.935,1,220,0,0,185,0,0,3,476194065,-1223628045,0.0,0.6000000238418579,2.9092016220092773,0.0,0.0,0.0,0.0,2.9092016220092773,0.0,24,34000,47.6194065,-122.3628045,3.340571244067113
2134,1728407874.174,1,220,0,0,185,0,0,3,476194065,-1223628045,0.0,0.6000000238418579,2.9092016220092773,0.0,0.0,0.0,0.0,2.9092016220092773,0.0,24,34000,47.6194065,-122.3628045,3.3350008454178925
2135,1728407874.451,1,220,0,0,185,0,0,3,476194052,-1223628090,0.0,0.6000000238418579,2.8882956504821777,0.0,0.0,0.0,0.0,2.8882956504821777,0.0,24,34000,47.6194052,-122.362809,3.343922450858506
2136,1728407874.695,1,220,0,0,185,0,0,3,476194052,-1223628090,0.0,0.6000000238418579,2.8882956504821777,0.0,0.0,0.0,0.0,2.8882956504821777,0.0,24,34000,47.6194052,-122.362809,2.8204767235241137
2137,1728407874.955,1,220,0,0,185,0,0,3,476194051,-1223628102,0.0,0.6000000238418579,2.8859033584594727,0.0,0.0,0.0,0.0,2.8859033584594727,0.0,24,34000,47.6194051,-122.3628102,2.8320588922921623
2138,1728407875.2089999,1,220,0,0,185,0,0,3,476194051,-1223628102,0.0,0.6000000238418579,2.8859033584594727,0.0,0.0,0.0,0.0,2.8859033584594727,0.0,24,34000,47.6194051,-122.3628102,2.9555194500341844
2139,1728407875.49,1,220,0,0,185,0,0,3,476194073,-1223628076,0.0,0.6000000238418579,2.925584316253662,0.0,0.0,0.0,0.0,2.925584316253662,0.0,24,33900,47.6194073,-122.3628076,2.9385836051740686
2140,1728407875.745,1,220,0,0,185,0,0,3,476194073,-1223628076,0.0,0.6000000238418579,2.925584316253662,0.0,0.0,0.0,0.0,2.925584316253662,0.0,24,33900,47.6194073,-122.3628076,2.9502876339539426
2141,1728407876.521,1,220,0,0,185,0,0,3,476194082,-1223628072,0.0,0.6000000238418579,3.2318978309631348,0.0,0.0,0.0,0.0,3.2318978309631348,0.0,24,33699,47.6194082,-122.3628072,2.948113242359869
2142,1728407876.7649999,1,220,0,0,185,0,0,3,476194082,-1223628072,0.0,0.6000000238418579,3.2318978309631348,0.0,0.0,0.0,0.0,3.2318978309631348,0.0,24,33699,47.6194082,-122.3628072,2.946375911209944
2143,1728407877.0519998,1,220,0,0,185,0,0,3,476194090,-1223628052,0.0,0.6000000238418579,3.041882276535034,0.0,0.0,0.0,0.0,3.041882276535034,0.0,24,33600,47.619409,-122.3628052,2.9437739570055568
2144,1728407877.2949998,1,220,0,0,185,0,0,3,476194090,-1223628052,0.0,0.6000000238418579,3.041882276535034,0.0,0.0,0.0,0.0,3.041882276535034,0.0,24,33600,47.619409,-122.3628052,2.9274005631871374
2145,1728407877.547,1,220,0,0,185,0,0,3,476194090,-1223628052,0.0,0.6000000238418579,3.041882276535034,0.0,0.0,0.0,0.0,3.041882276535034,0.0,24,33600,47.619409,-122.3628052,2.9364264250262293
2146,1728407878.8969998,1,220,0,0,185,0,0,3,476194088,-1223628095,0.0,0.6000000238418579,3.4796876907348633,0.0,0.0,0.0,0.0,3.4796876907348633,0.0,24,33699,47.6194088,-122.3628095,2.9180040462282975
2147,1728407879.151,1,220,0,0,185,0,0,3,476194095,-1223628103,0.0,0.6000000238418579,3.123617172241211,0.0,0.0,0.0,0.0,3.123617172241211,0.0,24,33699,47.6194095,-122.3628103,2.9385836051740686
2148,1728407879.396,1,220,0,0,185,0,0,3,476194095,-1223628103,0.0,0.6000000238418579,3.123617172241211,0.0,0.0,0.0,0.0,3.123617172241211,0.0,24,33699,47.6194095,-122.3628103,2.9347028366947847
2149,1728407879.679,1,220,0,0,185,0,0,3,476194100,-1223628108,0.0,0.6000000238418579,2.9893224239349365,0.0,0.0,0.0,0.0,2.9893224239349365,0.0,24,33699,47.61941,-122.3628108,2.950722980259026
2150,1728407879.948,1,220,0,0,185,0,0,3,476194114,-1223628090,0.0,0.6000000238418579,2.9866912364959717,0.0,0.0,0.0,0.0,2.9866912364959717,0.0,24,33600,47.6194114,-122.362809,2.723311509354829
2151,1728407880.1899998,1,220,0,0,185,0,0,3,476194114,-1223628090,0.0,0.6000000238418579,2.9866912364959717,0.0,0.0,0.0,0.0,2.9866912364959717,0.0,24,33600,47.6194114,-122.362809,2.940743957100502
2152,1728407880.471,1,220,0,0,185,0,0,3,476194135,-1223628057,0.0,0.6000000238418579,2.991457462310791,0.0,0.0,0.0,0.0,2.991457462310791,0.0,24,33600,47.6194135,-122.3628057,2.9222676365560334
2153,1728407880.7289999,1,220,0,0,185,0,0,3,476194135,-1223628057,0.0,0.6000000238418579,2.991457462310791,0.0,0.0,0.0,0.0,2.991457462310791,0.0,24,33600,47.6194135,-122.3628057,2.8352707123939567
2154,1728407881.0059998,1,220,0,0,185,0,0,3,476194116,-1223628126,0.0,0.6000000238418579,2.984396457672119,0.0,0.0,0.0,0.0,2.984396457672119,0.0,24,33600,47.6194116,-122.3628126,2.8292544891513476
2155,1728407881.2619998,1,220,0,0,185,0,0,3,476194116,-1223628126,0.0,0.6000000238418579,2.984396457672119,0.0,0.0,0.0,0.0,2.984396457672119,0.0,24,33600,47.6194116,-122.3628126,2.814126966970086
2156,1728407881.549,1,220,0,0,185,0,0,3,476194103,-1223628164,0.0,0.6000000238418579,2.9965038299560547,0.0,0.0,0.0,0.0,2.9965038299560547,0.0,24,33699,47.6194103,-122.3628164,3.3266799269484215
2157,1728407881.761,1,220,0,0,185,0,0,3,476194103,-1223628164,0.0,0.6000000238418579,2.9965038299560547,0.0,0.0,0.0,0.0,2.9965038299560547,0.0,24,33699,47.6194103,-122.3628164,3.310710207954206
2158,1728407882.024,1,220,0,0,185,0,0,3,476194103,-1223628180,0.0,0.6000000238418579,2.9755618572235107,0.0,0.0,0.0,0.0,2.9755618572235107,0.0,24,33699,47.6194103,-122.362818,3.308519395794872
2159,1728407882.268,1,220,0,0,185,0,0,3,476194103,-1223628180,0.0,0.6000000238418579,2.9755618572235107,0.0,0.0,0.0,0.0,2.9755618572235107,0.0,24,33699,47.6194103,-122.362818,3.3327779106077715
2160,1728407883.089,1,220,0,0,185,0,0,3,476194145,-1223628124,0.0,0.6000000238418579,3.291022777557373,0.0,0.0,0.0,0.0,3.291022777557373,0.0,24,33600,47.6194145,-122.3628124,3.328340787236794
2161,1728407883.322,1,220,0,0,185,0,0,3,476194145,-1223628124,0.0,0.6000000238418579,3.291022777557373,0.0,0.0,0.0,0.0,3.291022777557373,0.0,24,33600,47.6194145,-122.3628124,3.3239154629639316
2162,1728407883.609,1,220,0,0,185,0,0,3,476194145,-1223628124,0.0,0.6000000238418579,3.291022777557373,0.0,0.0,0.0,0.0,3.291022777557373,0.0,24,33600,47.6194145,-122.3628124,3.3333333333333335
2163,1728407884.106,1,220,0,0,185,0,0,3,476194159,-1223628086,0.0,0.6000000238418579,3.2927019596099854,0.0,0.0,0.0,0.0,3.2927019596099854,0.0,24,33600,47.6194159,-122.3628086,3.3416874776669316
2164,1728407884.3639998,1,220,0,0,185,0,0,3,476194159,-1223628086,0.0,0.6000000238418579,3.2927019596099854,0.0,0.0,0.0,0.0,3.2927019596099854,0.0,24,33600,47.6194159,-122.3628086,3.3472802545887395
2165,1728407884.6539998,1,220,0,0,185,0,0,3,476194182,-1223628050,0.0,0.6000000238418579,3.053353786468506,0.0,0.0,0.0,0.0,3.053353786468506,0.0,24,33600,47.6194182,-122.362805,3.354578926285432
2166,1728407884.909,1,220,0,0,185,0,0,3,476194182,-1223628050,0.0,0.6000000238418579,3.053353786468506,0.0,0.0,0.0,0.0,3.053353786468506,0.0,24,33600,47.6194182,-122.362805,3.3433634939617765
2167,1728407885.192,1,220,0,0,185,0,0,3,476194201,-1223628031,0.0,0.6000000238418579,2.972463607788086,0.0,0.0,0.0,0.0,2.972463607788086,0.0,24,33600,47.6194201,-122.3628031,3.320053159744764
2168,1728407885.441,1,220,0,0,185,0,0,3,476194214,-1223628011,0.0,0.6000000238418579,2.9202542304992676,0.0,0.0,0.0,0.0,2.9202542304992676,0.0,24,33400,47.6194214,-122.3628011,3.3189511988110247
2169,1728407885.6799998,1,220,0,0,185,0,0,3,476194214,-1223628011,0.0,0.6000000238418579,2.9202542304992676,0.0,0.0,0.0,0.0,2.9202542304992676,0.0,24,33400,47.6194214,-122.3628011,3.329448993109159
2170,1728407885.957,1,220,0,0,185,0,0,3,476194214,-1223628011,0.0,0.6000000238418579,2.916949510574341,0.0,0.0,0.0,0.0,2.916949510574341,0.0,24,33400,47.6194214,-122.3628011,3.651634107534223
2171,1728407886.207,1,220,0,0,185,0,0,3,476194156,-1223628166,0.0,0.6000000238418579,2.916949510574341,0.0,0.0,0.0,0.0,2.916949510574341,0.0,24,33300,47.6194156,-122.3628166,3.646973033962953
2172,1728407886.471,1,220,0,0,185,0,0,3,476194156,-1223628166,0.0,0.6000000238418579,2.9504480361938477,0.0,0.0,0.0,0.0,2.9504480361938477,0.0,24,33300,47.6194156,-122.3628166,3.649635023793565
2173,1728407886.714,1,220,0,0,185,0,0,3,476194141,-1223628230,0.0,0.6000000238418579,2.9504480361938477,0.0,0.0,0.0,0.0,2.9504480361938477,0.0,25,33300,47.6194141,-122.362823,3.6363636363636362
2174,1728407886.981,1,220,0,0,185,0,0,3,476194143,-1223628246,0.0,0.6000000238418579,2.956160068511963,0.0,0.0,0.0,0.0,2.956160068511963,0.0,25,33300,47.6194143,-122.3628246,3.6324009893894638
2175,1728407887.224,1,220,0,0,185,0,0,3,476194143,-1223628246,0.0,0.6000000238418579,2.956160068511963,0.0,0.0,0.0,0.0,2.956160068511963,0.0,25,33300,47.6194143,-122.3628246,3.6596522308474633
2176,1728407887.531,1,220,0,0,185,0,0,3,476194157,-1223628241,0.0,0.6000000238418579,2.9359328746795654,0.0,0.0,0.0,0.0,2.9359328746795654,0.0,25,33300,47.6194157,-122.3628241,3.6376864932663664
2177,1728407887.7849998,1,220,0,0,185,0,0,3,476194157,-1223628241,0.0,0.6000000238418579,2.9359328746795654,0.0,0.0,0.0,0.0,2.9359328746795654,0.0,25,33300,47.6194157,-122.3628241,3.6463081827735553
2178,1728407888.05,1,220,0,0,185,0,0,3,476194168,-1223628225,0.0,0.6000000238418579,2.9271585941314697,0.0,0.0,0.0,0.0,2.9271585941314697,0.0,25,33400,47.6194168,-122.3628225,3.6277888551574917
2179,1728407888.2749999,1,220,0,0,185,0,0,3,476194168,-1223628225,0.0,0.6000000238418579,2.9271585941314697,0.0,0.0,0.0,0.0,2.9271585941314697,0.0,25,33400,47.6194168,-122.3628225,3.638348203808547
2180,1728407888.566,1,220,0,0,185,0,0,3,476194177,-1223628205,0.0,0.6000000238418579,2.9152050018310547,0.0,0.0,0.0,0.0,2.9152050018310547,0.0,25,33300,47.6194177,-122.3628205,3.6212203500077984
2181,1728407888.806,1,220,0,0,185,0,0,3,476194177,-1223628205,0.0,0.6000000238418579,2.9152050018310547,0.0,0.0,0.0,0.0,2.9152050018310547,0.0,25,33300,47.6194177,-122.3628205,3.629105479521808
2182,1728407889.089,1,220,0,0,185,0,0,3,476194177,-1223628205,0.0,0.6000000238418579,2.9152050018310547,0.0,0.0,0.0,0.0,2.9152050018310547,0.0,25,33300,47.6194177,-122.3628205,3.6101083281073474
2183,1728407889.606,1,220,0,0,185,0,0,3,476194197,-1223628165,0.0,0.6000000238418579,3.1632933616638184,0.0,0.0,0.0,0.0,3.1632933616638184,0.0,25,33300,47.6194197,-122.3628165,3.6159827093722297
2184,1728407889.87,1,220,0,0,185,0,0,3,476194197,-1223628165,0.0,0.6000000238418579,2.978654384613037,0.0,0.0,0.0,0.0,2.978654384613037,0.0,25,33300,47.6194197,-122.3628165,3.6133694109958476
2185,1728407890.119,1,220,0,0,185,0,0,3,476194206,-1223628151,0.0,0.6000000238418579,2.978654384613037,0.0,0.0,0.0,0.0,2.978654384613037,0.0,25,33300,47.6194206,-122.3628151,3.608805449365887
2186,1728407890.4069998,1,220,0,0,185,0,0,3,476194206,-1223628151,0.0,0.6000000238418579,2.978654384613037,0.0,0.0,0.0,0.0,2.978654384613037,0.0,25,33300,47.6194206,-122.3628151,3.6133694109958476
2187,1728407890.6769998,1,220,0,0,185,0,0,3,476194220,-1223628117,0.0,0.6000000238418579,2.9080440998077393,0.0,0.0,0.0,0.0,2.9080440998077393,0.0,25,33300,47.619422,-122.3628117,3.6218760830461725
2188,1728407890.954,1,220,0,0,185,0,0,3,476194232,-1223628084,0.0,0.6000000238418579,2.882716655731201,0.0,0.0,0.0,0.0,2.882716655731201,0.0,25,33300,47.6194232,-122.3628084,3.6192544185960625
2189,1728407891.1769998,1,220,0,0,185,0,0,3,476194232,-1223628084,0.0,0.6000000238418579,2.882716655731201,0.0,0.0,0.0,0.0,2.882716655731201,0.0,25,33300,47.6194232,-122.3628084,3.6101083281073474
2190,1728407891.48,1,220,0,0,185,0,0,3,476194242,-1223628055,0.0,0.6000000238418579,2.8973560333251953,0.0,0.0,0.0,0.0,2.8973560333251953,0.0,25,33300,47.6194242,-122.3628055,3.6199095959877323
2191,1728407891.718,1,220,0,0,185,0,0,3,476194242,-1223628055,0.0,0.6000000238418579,2.8973560333251953,0.0,0.0,0.0,0.0,2.8973560333251953,0.0,25,33300,47.6194242,-122.3628055,3.6277888551574917
2192,1728407892.011,1,220,0,0,185,0,0,3,476194257,-1223628023,0.0,0.6000000238418579,2.9153449535369873,0.0,0.0,0.0,0.0,2.9153449535369873,0.0,25,33300,47.6194257,-122.3628023,3.2986970343960977
2193,1728407892.245,1,220,0,0,185,0,0,3,476194257,-1223628023,0.0,0.6000000238418579,2.9153449535369873,0.0,0.0,0.0,0.0,2.9153449535369873,0.0,25,33300,47.6194257,-122.3628023,3.445305731266327
2194,1728407892.516,1,220,0,0,185,0,0,3,476194247,-1223628066,0.0,0.6000000238418579,2.9072163105010986,0.0,0.0,0.0,0.0,2.9072163105010986,0.0,25,33300,47.6194247,-122.3628066,3.435835708508246
2195,1728407892.766,1,220,0,0,185,0,0,3,476194247,-1223628066,0.0,0.6000000238418579,2.9072163105010986,0.0,0.0,0.0,0.0,2.9072163105010986,0.0,25,33300,47.6194247,-122.3628066,3.4340660037942285
2196,1728407893.066,1,220,0,0,185,0,0,3,476194250,-1223628068,0.0,0.6000000238418579,2.9223363399505615,0.0,0.0,0.0,0.0,2.9223363399505615,0.0,25,33300,47.619425,-122.3628068,3.4494652750006938
2197,1728407893.307,1,220,0,0,185,0,0,3,476194250,-1223628068,0.0,0.6000000238418579,2.9223363399505615,0.0,0.0,0.0,0.0,2.9223363399505615,0.0,25,33300,47.619425,-122.3628068,3.453038641056922
2198,1728407893.576,1,220,0,0,185,0,0,3,476194256,-1223628056,0.0,0.6000000238418579,2.967921495437622,0.0,0.0,0.0,0.0,2.967921495437622,0.0,25,33200,47.6194256,-122.3628056,3.472825249070627
2199,1728407893.8149998,1,220,0,0,185,0,0,3,476194256,-1223628056,0.0,0.6000000238418579,2.967921495437622,0.0,0.0,0.0,0.0,2.967921495437622,0.0,25,33200,47.6194256,-122.3628056,3.433476366743191
2200,1728407894.0909998,1,220,0,0,185,0,0,3,476194269,-1223628029,0.0,0.6000000238418579,2.9797160625457764,0.0,0.0,0.0,0.0,2.9797160625457764,0.0,25,33200,47.6194269,-122.3628029,3.4704147076668845
2201,1728407894.319,1,220,0,0,185,0,0,3,476194269,-1223628029,0.0,0.6000000238418579,2.9797160625457764,0.0,0.0,0.0,0.0,2.9797160625457764,0.0,25,33200,47.6194269,-122.3628029,3.4328870726262037
2202,1728407895.152,1,220,0,0,185,0,0,3,476194295,-1223627962,0.0,0.6000000238418579,3.2817440032958984,0.0,0.0,0.0,0.0,3.2817440032958984,0.0,25,33300,47.6194295,-122.3627962,3.481894175854125
2203,1728407895.411,1,220,0,0,185,0,0,3,476194295,-1223627962,0.0,0.6000000238418579,3.2817440032958984,0.0,0.0,0.0,0.0,3.2817440032958984,0.0,25,33300,47.6194295,-122.3627962,3.445305731266327
2204,1728407895.691,1,220,0,0,185,0,0,3,476194224,-1223628156,0.0,0.6000000238418579,3.067275285720825,0.0,0.0,0.0,0.0,3.067275285720825,0.0,25,33200,47.6194224,-122.3628156,3.4626040073227857
2205,1728407895.9429998,1,220,0,0,185,0,0,3,476194224,-1223628156,0.0,0.6000000238418579,3.0358994007110596,0.0,0.0,0.0,0.0,3.0358994007110596,0.0,25,33200,47.6194224,-122.3628156,3.451846791412174
2206,1728407896.205,1,220,0,0,185,0,0,3,476194207,-1223628225,0.0,0.6000000238418579,3.0358994007110596,0.0,0.0,0.0,0.0,3.0358994007110596,0.0,25,33300,47.6194207,-122.3628225,3.4800765743892312
2207,1728407896.4689999,1,220,0,0,185,0,0,3,476194218,-1223628231,0.0,0.6000000238418579,3.017012596130371,0.0,0.0,0.0,0.0,3.017012596130371,0.0,25,33300,47.6194218,-122.3628231,3.4524426133721913
2208,1728407896.7129998,1,220,0,0,185,0,0,3,476194218,-1223628231,0.0,0.6000000238418579,3.017012596130371,0.0,0.0,0.0,0.0,3.017012596130371,0.0,25,33300,47.6194218,-122.3628231,3.469210834898459
2209,1728407897.0019999,1,220,0,0,185,0,0,3,476194221,-1223628226,0.0,0.6000000238418579,3.0211074352264404,0.0,0.0,0.0,0.0,3.0211074352264404,0.0,25,33300,47.6194221,-122.3628226,3.4542313140268646
2210,1728407897.243,1,220,0,0,185,0,0,3,476194221,-1223628226,0.0,0.6000000238418579,3.0211074352264404,0.0,0.0,0.0,0.0,3.0211074352264404,0.0,25,33300,47.6194221,-122.3628226,3.466204517523848
2211,1728407897.544,1,220,0,0,185,0,0,3,476194230,-1223628215,0.0,0.6000000238418579,3.0012500286102295,0.0,0.0,0.0,0.0,3.0012500286102295,0.0,25,33300,47.619423,-122.3628215,3.1397174818386424
2212,1728407897.7549999,1,220,0,0,185,0,0,3,476194230,-1223628215,0.0,0.6000000238418579,3.0012500286102295,0.0,0.0,0.0,0.0,3.0012500286102295,0.0,25,33300,47.619423,-122.3628215,3.4910107370763206
2213,1728407898.05,1,220,0,0,185,0,0,3,476194251,-1223628174,0.0,0.6000000238418579,2.98045015335083,0.0,0.0,0.0,0.0,2.98045015335083,0.0,25,33300,47.6194251,-122.3628174,3.4758429230101484
2214,1728407898.2919998,1,220,0,0,185,0,0,3,476194251,-1223628174,0.0,0.6000000238418579,2.98045015335083,0.0,0.0,0.0,0.0,2.98045015335083,0.0,25,33300,47.6194251,-122.3628174,3.4983382846440088
2215,1728407898.56,1,220,0,0,185,0,0,3,476194276,-1223628118,0.0,0.6000000238418579,2.960279941558838,0.0,0.0,0.0,0.0,2.960279941558838,0.0,25,33200,47.6194276,-122.3628118,3.4910105917941063
2216,1728407898.813,1,220,0,0,185,0,0,3,476194276,-1223628118,0.0,0.6000000238418579,2.960279941558838,0.0,0.0,0.0,0.0,2.960279941558838,0.0,25,33200,47.6194276,-122.3628118,3.4740316321033577
2217,1728407899.1,1,220,0,0,185,0,0,3,476194288,-1223628075,0.0,0.6000000238418579,2.9464433193206787,0.0,0.0,0.0,0.0,2.9464433193206787,0.0,25,33200,47.6194288,-122.3628075,3.5026269468275633
2218,1728407899.3409998,1,220,0,0,185,0,0,3,476194288,-1223628075,0.0,0.6000000238418579,2.9464433193206787,0.0,0.0,0.0,0.0,2.9464433193206787,0.0,25,33200,47.6194288,-122.3628075,3.489792244694417
2219,1728407899.605,1,220,0,0,185,0,0,3,476194303,-1223628031,0.0,0.6000000238418579,2.940443277359009,0.0,0.0,0.0,0.0,2.940443277359009,0.0,25,33200,47.6194303,-122.3628031,3.495281295583698
2220,1728407899.8609998,1,220,0,0,185,0,0,3,476194303,-1223628031,0.0,0.6000000238418579,2.940443277359009,0.0,0.0,0.0,0.0,2.940443277359009,0.0,25,33200,47.6194303,-122.3628031,3.460806484391483
2221,1728407900.689,1,220,0,0,185,0,0,3,476194334,-1223627922,0.0,0.6000000238418579,3.1812493801116943,0.0,0.0,0.0,0.0,3.1812493801116943,0.0,25,33200,47.6194334,-122.3627922,3.493449839853509
2222,1728407900.8809998,1,220,0,0,185,0,0,3,476194334,-1223627922,0.0,0.6000000238418579,3.1812493801116943,0.0,0.0,0.0,0.0,3.1812493801116943,0.0,25,33200,47.6194334,-122.3627922,3.4572168890690915
2223,1728407901.165,1,220,0,0,185,0,0,3,476194345,-1223627874,0.0,0.6000000238418579,2.9633445739746094,0.0,0.0,0.0,0.0,2.9633445739746094,0.0,25,33100,47.6194345,-122.3627874,3.481894175854125
2224,1728407901.408,1,220,0,0,185,0,0,3,476194345,-1223627874,0.0,0.6000000238418579,2.9633445739746094,0.0,0.0,0.0,0.0,2.9633445739746094,0.0,25,33100,47.6194345,-122.3627874,3.4764470584149554
2225,1728407901.672,1,220,0,0,185,0,0,3,476194353,-1223627823,0.0,0.6000000238418579,2.886504650115967,0.0,0.0,0.0,0.0,2.886504650115967,0.0,25,33100,47.6194353,-122.3627823,3.4910105917941063
2226,1728407901.962,1,220,0,0,185,0,0,3,476194293,-1223628002,0.0,0.6000000238418579,2.829648971557617,0.0,0.0,0.0,0.0,2.829648971557617,0.0,25,33100,47.6194293,-122.3628002,3.4710171010509576
2227,1728407902.179,1,220,0,0,185,0,0,3,476194293,-1223628002,0.0,0.6000000238418579,2.829648971557617,0.0,0.0,0.0,0.0,2.829648971557617,0.0,25,33100,47.6194293,-122.3628002,3.4922297898831673
2228,1728407902.444,1,220,0,0,185,0,0,3,476194293,-1223628002,0.0,0.6000000238418579,2.8174657821655273,0.0,0.0,0.0,0.0,2.8174657821655273,0.0,25,33100,47.6194293,-122.3628002,3.4710169574280916
2229,1728407902.724,1,220,0,0,185,0,0,3,476194283,-1223628062,0.0,0.6000000238418579,2.8174657821655273,0.0,0.0,0.0,0.0,2.8174657821655273,0.0,25,33100,47.6194283,-122.3628062,3.4885750378525375
2230,1728407903.0219998,1,220,0,0,185,0,0,3,476194272,-1223628120,0.0,0.6000000238418579,2.8054916858673096,0.0,0.0,0.0,0.0,2.8054916858673096,0.0,25,33200,47.6194272,-122.362812,3.4843205517022526
2231,1728407903.2689998,1,220,0,0,185,0,0,3,476194272,-1223628120,0.0,0.6000000238418579,2.8054916858673096,0.0,0.0,0.0,0.0,2.8054916858673096,0.0,25,33200,47.6194272,-122.362812,3.660322117289636
2232,1728407903.54,1,220,0,0,185,0,0,3,476194276,-1223628127,0.0,0.6000000238418579,2.817842960357666,0.0,0.0,0.0,0.0,2.817842960357666,0.0,25,33200,47.6194276,-122.3628127,3.6185994783261903
2233,1728407903.794,1,220,0,0,185,0,0,3,476194276,-1223628127,0.0,0.6000000238418579,2.817842960357666,0.0,0.0,0.0,0.0,2.817842960357666,0.0,25,33200,47.6194276,-122.3628127,3.6350418987514006
2234,1728407904.0449998,1,220,0,0,185,0,0,3,476194293,-1223628098,0.0,0.6000000238418579,2.8440423011779785,0.0,0.0,0.0,0.0,2.8440423011779785,0.0,25,33200,47.6194293,-122.3628098,3.6140224592545054
2235,1728407904.289,1,220,0,0,185,0,0,3,476194293,-1223628098,0.0,0.6000000238418579,2.8440423011779785,0.0,0.0,0.0,0.0,2.8440423011779785,0.0,25,33200,47.6194293,-122.3628098,3.6218760830461725
2236,1728407904.5749998,1,220,0,0,185,0,0,3,476194319,-1223628044,0.0,0.6000000238418579,2.90116810798645,0.0,0.0,0.0,0.0,2.90116810798645,0.0,25,33100,47.6194319,-122.3628044,3.629105479521808
2237,1728407904.827,1,220,0,0,185,0,0,3,476194319,-1223628044,0.0,0.6000000238418579,2.90116810798645,0.0,0.0,0.0,0.0,2.90116810798645,0.0,25,33100,47.6194319,-122.3628044,3.610760042613178
2238,1728407905.103,1,220,0,0,185,0,0,3,476194340,-1223627987,0.0,0.6000000238418579,2.948068618774414,0.0,0.0,0.0,0.0,2.948068618774414,0.0,25,33100,47.619434,-122.3627987,3.604253002456412
2239,1728407905.3379998,1,220,0,0,185,0,0,3,476194340,-1223627987,0.0,0.6000000238418579,2.948068618774414,0.0,0.0,0.0,0.0,2.948068618774414,0.0,25,33100,47.619434,-122.3627987,3.6245017049434782
2240,1728407905.6009998,1,220,0,0,185,0,0,3,476194340,-1223627987,0.0,0.6000000238418579,2.948068618774414,0.0,0.0,0.0,0.0,2.948068618774414,0.0,25,33100,47.619434,-122.3627987,3.6218760830461725
2241,1728407906.1529999,1,220,0,0,185,0,0,3,476194335,-1223627999,0.0,0.6000000238418579,3.311344623565674,0.0,0.0,0.0,0.0,3.311344623565674,0.0,25,33100,47.6194335,-122.3627999,3.6390101551304133
2242,1728407906.408,1,220,0,0,185,0,0,3,476194335,-1223627999,0.0,0.6000000238418579,3.311344623565674,0.0,0.0,0.0,0.0,3.311344623565674,0.0,25,33100,47.6194335,-122.3627999,3.6277888551574917
2243,1728407906.6669998,1,220,0,0,185,0,0,3,476194352,-1223627957,0.0,0.6000000238418579,3.1581687927246094,0.0,0.0,0.0,0.0,3.1581687927246094,0.0,25,32900,47.6194352,-122.3627957,3.6264731857783903
2244,1728407906.942,1,220,0,0,185,0,0,3,476194340,-1223627993,0.0,0.6000000238418579,3.118112325668335,0.0,0.0,0.0,0.0,3.118112325668335,0.0,25,32300,47.619434,-122.3627993,3.6049026044221146
2245,1728407907.194,1,220,0,0,185,0,0,3,476194340,-1223627993,0.0,0.6000000238418579,3.118112325668335,0.0,0.0,0.0,0.0,3.118112325668335,0.0,25,32300,47.619434,-122.3627993,3.6146755878506753
2246,1728407907.4729998,1,220,0,0,185,0,0,3,476194348,-1223627993,0.0,0.6000000238418579,3.095949649810791,0.0,0.0,0.0,0.0,3.095949649810791,0.0,25,32100,47.6194348,-122.3627993,3.6192544185960625
2247,1728407907.718,1,220,0,0,185,0,0,3,476194348,-1223627993,0.0,0.6000000238418579,3.095949649810791,0.0,0.0,0.0,0.0,3.095949649810791,0.0,25,32100,47.6194348,-122.3627993,3.615328952557203
2248,1728407907.993,1,220,0,0,185,0,0,3,476194368,-1223627950,0.0,0.6000000238418579,3.0641117095947266,0.0,0.0,0.0,0.0,3.0641117095947266,0.0,25,31900,47.6194368,-122.362795,3.610760042613178
2249,1728407908.2419999,1,220,0,0,185,0,0,3,476194368,-1223627950,0.0,0.6000000238418579,3.0641117095947266,0.0,0.0,0.0,0.0,3.0641117095947266,0.0,25,31900,47.6194368,-122.362795,3.600359992736281
2250,1728407908.544,1,220,0,0,185,0,0,3,476194380,-1223627908,0.0,0.6000000238418579,2.9911091327667236,0.0,0.0,0.0,0.0,2.9911091327667236,0.0,25,31800,47.619438,-122.3627908,3.2808397903074247
2251,1728407908.7649999,1,220,0,0,185,0,0,3,476194380,-1223627908,0.0,0.6000000238418579,2.9911091327667236,0.0,0.0,0.0,0.0,2.9911091327667236,0.0,25,31800,47.619438,-122.3627908,3.445899297071884
2252,1728407909.053,1,220,0,0,185,0,0,3,476194365,-1223627967,0.0,0.6000000238418579,2.9120032787323,0.0,0.0,0.0,0.0,2.9120032787323,0.0,25,31700,47.6194365,-122.3627967,3.4524426133721913
2253,1728407909.309,1,220,0,0,185,0,0,3,476194365,-1223627967,0.0,0.6000000238418579,2.9120032787323,0.0,0.0,0.0,0.0,2.9120032787323,0.0,25,31700,47.6194365,-122.3627967,3.4476813639531665
2254,1728407909.593,1,220,0,0,185,0,0,3,476194371,-1223627972,0.0,0.6000000238418579,2.895996332168579,0.0,0.0,0.0,0.0,2.895996332168579,0.0,25,31500,47.6194371,-122.3627972,3.460207629584314
2255,1728407909.822,1,220,0,0,185,0,0,3,476194371,-1223627972,0.0,0.6000000238418579,2.895996332168579,0.0,0.0,0.0,0.0,2.895996332168579,0.0,25,31500,47.6194371,-122.3627972,3.442340825640675
2256,1728407910.1009998,1,220,0,0,185,0,0,3,476194378,-1223627965,0.0,0.6000000238418579,2.8657586574554443,0.0,0.0,0.0,0.0,2.8657586574554443,0.0,25,31399,47.6194378,-122.3627965,3.46140526086388
2257,1728407910.359,1,220,0,0,185,0,0,3,476194378,-1223627965,0.0,0.6000000238418579,2.8657586574554443,0.0,0.0,0.0,0.0,2.8657586574554443,0.0,25,31399,47.6194378,-122.3627965,3.4287673906490297
2258,1728407910.642,1,220,0,0,185,0,0,3,476194380,-1223627974,0.0,0.6000000238418579,2.8535280227661133,0.0,0.0,0.0,0.0,2.8535280227661133,0.0,25,31200,47.619438,-122.3627974,3.4554250958462895
2259,1728407910.893,1,220,0,0,185,0,0,3,476194380,-1223627974,0.0,0.6000000238418579,2.8535280227661133,0.0,0.0,0.0,0.0,2.8535280227661133,0.0,25,31200,47.619438,-122.3627974,3.443526118779576
2260,1728407911.697,1,220,0,0,185,0,0,3,476194368,-1223628046,0.0,0.6000000238418579,3.1499226093292236,0.0,0.0,0.0,0.0,3.1499226093292236,0.0,25,31200,47.6194368,-122.3628046,3.469210691425033
2261,1728407911.957,1,220,0,0,185,0,0,3,476194368,-1223628077,0.0,0.6000000238418579,3.0174551010131836,0.0,0.0,0.0,0.0,3.0174551010131836,0.0,25,31200,47.6194368,-122.3628077,3.4322978403213393
2262,1728407912.201,1,220,0,0,185,0,0,3,476194368,-1223628077,0.0,0.6000000238418579,3.0174551010131836,0.0,0.0,0.0,0.0,3.0174551010131836,0.0,25,31200,47.6194368,-122.3628077,3.463803298310907
2263,1728407912.468,1,220,0,0,185,0,0,3,476194383,-1223628050,0.0,0.6000000238418579,2.9456138610839844,0.0,0.0,0.0,0.0,2.9456138610839844,0.0,25,31200,47.6194383,-122.362805,3.4470873257591395
2264,1728407912.722,1,220,0,0,185,0,0,3,476194383,-1223628050,0.0,0.6000000238418579,2.9456138610839844,0.0,0.0,0.0,0.0,2.9456138610839844,0.0,25,31200,47.6194383,-122.362805,3.47342833583746
2265,1728407913.004,1,220,0,0,185,0,0,3,476194385,-1223628062,0.0,0.6000000238418579,2.9481544494628906,0.0,0.0,0.0,0.0,2.9481544494628906,0.0,25,31200,47.6194385,-122.3628062,3.445899438623646
2266,1728407913.251,1,220,0,0,185,0,0,3,476194385,-1223628062,0.0,0.6000000238418579,2.9481544494628906,0.0,0.0,0.0,0.0,2.9481544494628906,0.0,25,31200,47.6194385,-122.3628062,3.4704147076668845
2267,1728407913.5509999,1,220,0,0,185,0,0,3,476194395,-1223628047,0.0,0.6000000238418579,2.8912785053253174,0.0,0.0,0.0,0.0,2.8912785053253174,0.0,25,31300,47.6194395,-122.3628047,3.4512511750703765
2268,1728407913.781,1,220,0,0,185,0,0,3,476194395,-1223628047,0.0,0.6000000238418579,2.8912785053253174,0.0,0.0,0.0,0.0,2.8912785053253174,0.0,25,31300,47.6194395,-122.3628047,3.4710171010509576
2269,1728407914.05,1,220,0,0,185,0,0,3,476194376,-1223628111,0.0,0.6000000238418579,2.9497761726379395,0.0,0.0,0.0,0.0,2.9497761726379395,0.0,25,31300,47.6194376,-122.3628111,3.151094944910171
2270,1728407914.309,1,220,0,0,185,0,0,3,476194376,-1223628111,0.0,0.6000000238418579,2.9497761726379395,0.0,0.0,0.0,0.0,2.9497761726379395,0.0,25,31300,47.6194376,-122.3628111,3.4632035489896524
2271,1728407914.592,1,220,0,0,185,0,0,3,476194376,-1223628134,0.0,0.6000000238418579,2.989844799041748,0.0,0.0,0.0,0.0,2.989844799041748,0.0,25,31399,47.6194376,-122.3628134,3.4746352818999493
2272,1728407914.827,1,220,0,0,185,0,0,3,476194376,-1223628134,0.0,0.6000000238418579,2.989844799041748,0.0,0.0,0.0,0.0,2.989844799041748,0.0,25,31399,47.6194376,-122.3628134,3.4674064476767725
2273,1728407915.1109998,1,220,0,0,185,0,0,3,476194379,-1223628138,0.0,0.6000000238418579,3.004439353942871,0.0,0.0,0.0,0.0,3.004439353942871,0.0,25,31399,47.6194379,-122.3628138,3.4650034203482654
2274,1728407915.3509998,1,220,0,0,185,0,0,3,476194379,-1223628138,0.0,0.6000000238418579,3.004439353942871,0.0,0.0,0.0,0.0,3.004439353942871,0.0,25,31399,47.6194379,-122.3628138,3.460806341612359
2275,1728407915.626,1,220,0,0,185,0,0,3,476194372,-1223628160,0.0,0.6000000238418579,2.9716451168060303,0.0,0.0,0.0,0.0,2.9716451168060303,0.0,25,31399,47.6194372,-122.362816,3.4788658458609185
2276,1728407915.8639998,1,220,0,0,185,0,0,3,476194372,-1223628160,0.0,0.6000000238418579,2.9716451168060303,0.0,0.0,0.0,0.0,2.9716451168060303,0.0,25,31399,47.6194372,-122.362816,3.4740316321033577
2277,1728407916.1539998,1,220,0,0,185,0,0,3,476194367,-1223628178,0.0,0.6000000238418579,2.9424118995666504,0.0,0.0,0.0,0.0,2.9424118995666504,0.0,25,31399,47.6194367,-122.3628178,3.502013678905988
2278,1728407916.4039998,1,220,0,0,185,0,0,3,476194367,-1223628178,0.0,0.6000000238418579,2.9424118995666504,0.0,0.0,0.0,0.0,2.9424118995666504,0.0,25,31399,47.6194367,-122.3628178,3.482500416806986
2279,1728407917.24,1,220,0,0,185,0,0,3,476194332,-1223628282,0.0,0.6000000238418579,3.2656614780426025,0.0,0.0,0.0,0.0,3.2656614780426025,0.0,25,31399,47.6194332,-122.3628282,3.499562607238822
2280,1728407917.472,1,220,0,0,185,0,0,3,476194332,-1223628282,0.0,0.6000000238418579,3.0950474739074707,0.0,0.0,0.0,0.0,3.0950474739074707,0.0,25,31399,47.6194332,-122.3628282,3.4855350806060903
2281,1728407917.7129998,1,220,0,0,185,0,0,3,476194319,-1223628340,0.0,0.6000000238418579,3.0950474739074707,0.0,0.0,0.0,0.0,3.0950474739074707,0.0,25,31399,47.6194319,-122.362834,3.494670742598286
2282,1728407917.9689999,1,220,0,0,185,0,0,3,476194313,-1223628382,0.0,0.6000000238418579,2.911195993423462,0.0,0.0,0.0,0.0,2.911195993423462,0.0,25,31399,47.6194313,-122.3628382,3.4429333701953877
2283,1728407918.24,1,220,0,0,185,0,0,3,476194313,-1223628382,0.0,0.6000000238418579,2.911195993423462,0.0,0.0,0.0,0.0,2.911195993423462,0.0,25,31399,47.6194313,-122.3628382,3.4794710326411122
2284,1728407918.501,1,220,0,0,185,0,0,3,476194305,-1223628423,0.0,0.6000000238418579,2.7440006732940674,0.0,0.0,0.0,0.0,2.7440006732940674,0.0,25,31399,47.6194305,-122.3628423,3.4524426133721913
2285,1728407918.753,1,220,0,0,185,0,0,3,476194305,-1223628423,0.0,0.6000000238418579,2.7440006732940674,0.0,0.0,0.0,0.0,2.7440006732940674,0.0,25,31399,47.6194305,-122.3628423,3.4554249535108497
2286,1728407919.008,1,220,0,0,185,0,0,3,476194297,-1223628461,0.0,0.6000000238418579,2.6887402534484863,0.0,0.0,0.0,0.0,2.6887402534484863,0.0,25,31500,47.6194297,-122.3628461,3.4506556222975835
2287,1728407919.2619998,1,220,0,0,185,0,0,3,476194297,-1223628461,0.0,0.6000000238418579,2.6887402534484863,0.0,0.0,0.0,0.0,2.6887402534484863,0.0,25,31500,47.6194297,-122.3628461,3.46800751032968
2288,1728407919.524,1,220,0,0,185,0,0,3,476194278,-1223628508,0.0,0.6000000238418579,2.6671626567840576,0.0,0.0,0.0,0.0,2.6671626567840576,0.0,25,31399,47.6194278,-122.3628508,3.2878512901490136
2289,1728407919.7649999,1,220,0,0,185,0,0,3,476194278,-1223628508,0.0,0.6000000238418579,2.6671626567840576,0.0,0.0,0.0,0.0,2.6671626567840576,0.0,25,31399,47.6194278,-122.3628508,3.637025023372522
2290,1728407920.047,1,220,0,0,185,0,0,3,476194268,-1223628557,0.0,0.6000000238418579,2.675036668777466,0.0,0.0,0.0,0.0,2.675036668777466,0.0,25,31399,47.6194268,-122.3628557,3.6172906206028235
2291,1728407920.3149998,1,220,0,0,185,0,0,3,476194268,-1223628557,0.0,0.6000000238418579,2.675036668777466,0.0,0.0,0.0,0.0,2.675036668777466,0.0,25,31399,47.6194268,-122.3628557,3.610760042613178
2292,1728407920.636,1,220,0,0,185,0,0,3,476194262,-1223628598,0.0,0.6000000238418579,2.728081226348877,0.0,0.0,0.0,0.0,2.728081226348877,0.0,25,31399,47.6194262,-122.3628598,3.6010081920432846
2293,1728407920.859,1,220,0,0,185,0,0,3,476194262,-1223628598,0.0,0.6000000238418579,2.728081226348877,0.0,0.0,0.0,0.0,2.728081226348877,0.0,25,31399,47.6194262,-122.3628598,3.602954500620013
2294,1728407921.1439998,1,220,0,0,185,0,0,3,476194275,-1223628579,0.0,0.6000000238418579,2.742340087890625,0.0,0.0,0.0,0.0,2.742340087890625,0.0,25,31399,47.6194275,-122.3628579,3.6120643333164972
2295,1728407921.414,1,220,0,0,185,0,0,3,476194285,-1223628571,0.0,0.6000000238418579,2.7684977054595947,0.0,0.0,0.0,0.0,2.7684977054595947,0.0,25,31600,47.6194285,-122.3628571,3.6114121479392054
2296,1728407921.6599998,1,220,0,0,185,0,0,3,476194285,-1223628571,0.0,0.6000000238418579,2.7684977054595947,0.0,0.0,0.0,0.0,2.7684977054595947,0.0,25,31600,47.6194285,-122.3628571,3.597122339177876
2297,1728407921.921,1,220,0,0,185,0,0,3,476194285,-1223628571,0.0,0.6000000238418579,2.7684977054595947,0.0,0.0,0.0,0.0,2.7684977054595947,0.0,25,31600,47.6194285,-122.3628571,3.606852971112526
2298,1728407922.487,1,220,0,0,185,0,0,3,476194285,-1223628571,0.0,0.6000000238418579,3.1337990760803223,0.0,0.0,0.0,0.0,3.1337990760803223,0.0,25,31900,47.6194285,-122.3628571,3.589375431470448
2299,1728407922.7389998,1,220,0,0,185,0,0,3,476194287,-1223628587,0.0,0.6000000238418579,3.1337990760803223,0.0,0.0,0.0,0.0,3.1337990760803223,0.0,25,32300,47.6194287,-122.3628587,3.5842292865426773
2300,1728407923.001,1,220,0,0,185,0,0,3,476194316,-1223628535,0.0,0.6000000238418579,2.9676878452301025,0.0,0.0,0.0,0.0,2.9676878452301025,0.0,25,32300,47.6194316,-122.3628535,3.6062026661095254
2301,1728407923.2519999,1,220,0,0,185,0,0,3,476194316,-1223628535,0.0,0.6000000238418579,2.9676878452301025,0.0,0.0,0.0,0.0,2.9676878452301025,0.0,25,32300,47.6194316,-122.3628535,3.6094566935100194
2302,1728407923.523,1,220,0,0,185,0,0,3,476194324,-1223628527,0.0,0.6000000238418579,2.921302080154419,0.0,0.0,0.0,0.0,2.921302080154419,0.0,25,32200,47.6194324,-122.3628527,3.633720964231625
2303,1728407923.791,1,220,0,0,185,0,0,3,476194324,-1223628527,0.0,0.6000000238418579,2.921302080154419,0.0,0.0,0.0,0.0,2.921302080154419,0.0,25,32200,47.6194324,-122.3628527,3.6159827093722297
2304,1728407924.0379999,1,220,0,0,185,0,0,3,476194325,-1223628529,0.0,0.6000000238418579,2.8705554008483887,0.0,0.0,0.0,0.0,2.8705554008483887,0.0,25,32200,47.6194325,-122.3628529,3.6212203500077984
2305,1728407924.291,1,220,0,0,185,0,0,3,476194325,-1223628529,0.0,0.6000000238418579,2.8705554008483887,0.0,0.0,0.0,0.0,2.8705554008483887,0.0,25,32200,47.6194325,-122.3628529,3.631082130354019
2306,1728407924.5679998,1,220,0,0,185,0,0,3,476194330,-1223628532,0.0,0.6000000238418579,2.7895402908325195,0.0,0.0,0.0,0.0,2.7895402908325195,0.0,25,32200,47.619433,-122.3628532,3.6343812327362617
2307,1728407924.807,1,220,0,0,185,0,0,3,476194330,-1223628532,0.0,0.6000000238418579,2.7895402908325195,0.0,0.0,0.0,0.0,2.7895402908325195,0.0,25,32200,47.619433,-122.3628532,3.62713097957608
2308,1728407925.096,1,220,0,0,185,0,0,3,476194338,-1223628523,0.0,0.6000000238418579,2.8001017570495605,0.0,0.0,0.0,0.0,2.8001017570495605,0.0,25,32200,47.6194338,-122.3628523,3.6643459513899543
2309,1728407925.345,1,220,0,0,185,0,0,3,476194338,-1223628523,0.0,0.6000000238418579,2.83858060836792,0.0,0.0,0.0,0.0,2.83858060836792,0.0,25,32200,47.6194338,-122.3628523,3.6549706786982066
2310,1728407925.593,1,220,0,0,185,0,0,3,476194351,-1223628505,0.0,0.6000000238418579,2.83858060836792,0.0,0.0,0.0,0.0,2.83858060836792,0.0,25,32200,47.6194351,-122.3628505,3.6569756135158613
2311,1728407925.856,1,220,0,0,185,0,0,3,476194351,-1223628505,0.0,0.6000000238418579,2.83858060836792,0.0,0.0,0.0,0.0,2.83858060836792,0.0,25,32200,47.6194351,-122.3628505,3.6509673970654584
2312,1728407926.1399999,1,220,0,0,185,0,0,3,476194358,-1223628494,0.0,0.6000000238418579,2.834495782852173,0.0,0.0,0.0,0.0,2.834495782852173,0.0,25,32200,47.6194358,-122.3628494,3.637025023372522
2313,1728407926.3899999,1,220,0,0,185,0,0,3,476194358,-1223628494,0.0,0.6000000238418579,2.834495782852173,0.0,0.0,0.0,0.0,2.834495782852173,0.0,25,32200,47.6194358,-122.3628494,3.654302908602088
2314,1728407926.6669998,1,220,0,0,185,0,0,3,476194371,-1223628464,0.0,0.6000000238418579,2.7912375926971436,0.0,0.0,0.0,0.0,2.7912375926971436,0.0,25,32200,47.6194371,-122.3628464,3.629764071618172
2315,1728407926.922,1,220,0,0,185,0,0,3,476194383,-1223628457,0.0,0.6000000238418579,2.788689613342285,0.0,0.0,0.0,0.0,2.788689613342285,0.0,25,32100,47.6194383,-122.3628457,3.649635023793565
2316,1728407927.1629999,1,220,0,0,185,0,0,3,476194383,-1223628457,0.0,0.6000000238418579,2.788689613342285,0.0,0.0,0.0,0.0,2.788689613342285,0.0,25,32100,47.6194383,-122.3628457,3.61990943977892
2317,1728407927.435,1,220,0,0,185,0,0,3,476194383,-1223628457,0.0,0.6000000238418579,2.788689613342285,0.0,0.0,0.0,0.0,2.788689613342285,0.0,25,32100,47.6194383,-122.3628457,3.6264731857783903
2318,1728407927.945,1,220,0,0,185,0,0,3,476194383,-1223628457,0.0,0.6000000238418579,3.0606558322906494,0.0,0.0,0.0,0.0,3.0606558322906494,0.0,25,32200,47.6194383,-122.3628457,3.6343812327362617
2319,1728407928.211,1,220,0,0,185,0,0,3,476194423,-1223628357,0.0,0.6000000238418579,3.0606558322906494,0.0,0.0,0.0,0.0,3.0606558322906494,0.0,25,32200,47.6194423,-122.3628357,3.6231884183164556
2320,1728407928.47,1,220,0,0,185,0,0,3,476194436,-1223628321,0.0,0.6000000238418579,2.881460189819336,0.0,0.0,0.0,0.0,2.881460189819336,0.0,25,32300,47.6194436,-122.3628321,3.61990943977892
2321,1728407928.73,1,220,0,0,185,0,0,3,476194436,-1223628321,0.0,0.6000000238418579,2.881460189819336,0.0,0.0,0.0,0.0,2.881460189819336,0.0,25,32300,47.6194436,-122.3628321,3.615328952557203
2322,1728407929.0219998,1,220,0,0,185,0,0,3,476194446,-1223628300,0.0,0.6000000238418579,2.8357484340667725,0.0,0.0,0.0,0.0,2.8357484340667725,0.0,25,32300,47.6194446,-122.36283,3.617944931088708
2323,1728407929.264,1,220,0,0,185,0,0,3,476194446,-1223628300,0.0,0.6000000238418579,2.8357484340667725,0.0,0.0,0.0,0.0,2.8357484340667725,0.0,25,32300,47.6194446,-122.36283,3.6159825535021453
2324,1728407929.5479999,1,220,0,0,185,0,0,3,476194452,-1223628297,0.0,0.6000000238418579,2.819248914718628,0.0,0.0,0.0,0.0,2.819248914718628,0.0,25,32300,47.6194452,-122.3628297,3.635702489855292
2325,1728407929.771,1,220,0,0,185,0,0,3,476194452,-1223628297,0.0,0.6000000238418579,2.819248914718628,0.0,0.0,0.0,0.0,2.819248914718628,0.0,25,32300,47.6194452,-122.3628297,3.6277888551574917
2326,1728407930.093,1,220,0,0,185,0,0,3,476194456,-1223628307,0.0,0.6000000238418579,2.829136848449707,0.0,0.0,0.0,0.0,2.829136848449707,0.0,25,32200,47.6194456,-122.3628307,3.6212203500077984
2327,1728407930.322,1,220,0,0,185,0,0,3,476194456,-1223628307,0.0,0.6000000238418579,2.829136848449707,0.0,0.0,0.0,0.0,2.829136848449707,0.0,25,32200,47.6194456,-122.3628307,3.625158627008024
2328,1728407930.599,1,220,0,0,185,0,0,3,476194461,-1223628315,0.0,0.6000000238418579,2.866502285003662,0.0,0.0,0.0,0.0,2.866502285003662,0.0,25,32200,47.6194461,-122.3628315,3.598416639849224
2329,1728407930.865,1,220,0,0,185,0,0,3,476194461,-1223628315,0.0,0.6000000238418579,2.8847153186798096,0.0,0.0,0.0,0.0,2.8847153186798096,0.0,25,32200,47.6194461,-122.3628315,3.6192544185960625
2330,1728407931.118,1,220,0,0,185,0,0,3,476194473,-1223628310,0.0,0.6000000238418579,2.8847153186798096,0.0,0.0,0.0,0.0,2.8847153186798096,0.0,25,32100,47.6194473,-122.362831,3.609456848818006
2331,1728407931.388,1,220,0,0,185,0,0,3,476194473,-1223628310,0.0,0.6000000238418579,2.8847153186798096,0.0,0.0,0.0,0.0,2.8847153186798096,0.0,25,32100,47.6194473,-122.362831,3.631082130354019
2332,1728407931.668,1,220,0,0,185,0,0,3,476194479,-1223628313,0.0,0.6000000238418579,2.906572103500366,0.0,0.0,0.0,0.0,2.906572103500366,0.0,25,32000,47.6194479,-122.3628313,3.6218760830461725
2333,1728407931.921,1,220,0,0,185,0,0,3,476194479,-1223628313,0.0,0.6000000238418579,2.952829122543335,0.0,0.0,0.0,0.0,2.952829122543335,0.0,25,32000,47.6194479,-122.3628313,3.6284469694282677
2334,1728407932.168,1,220,0,0,185,0,0,3,476194483,-1223628325,0.0,0.6000000238418579,2.952829122543335,0.0,0.0,0.0,0.0,2.952829122543335,0.0,25,31900,47.6194483,-122.3628325,3.6304229027939896
2335,1728407932.435,1,220,0,0,185,0,0,3,476194483,-1223628325,0.0,0.6000000238418579,3.0089073181152344,0.0,0.0,0.0,0.0,3.0089073181152344,0.0,25,31900,47.6194483,-122.3628325,3.608154440183669
2336,1728407932.6859999,1,220,0,0,185,0,0,3,476194501,-1223628305,0.0,0.6000000238418579,3.0089073181152344,0.0,0.0,0.0,0.0,3.0089073181152344,0.0,25,31800,47.6194501,-122.3628305,3.6324009893894638
2337,1728407932.952,1,220,0,0,185,0,0,3,476194501,-1223628305,0.0,0.6000000238418579,3.0089073181152344,0.0,0.0,0.0,0.0,3.0089073181152344,0.0,25,31800,47.6194501,-122.3628305,3.62713097957608
2338,1728407933.503,1,220,0,0,185,0,0,3,476194510,-1223628319,0.0,0.6000000238418579,3.372466564178467,0.0,0.0,0.0,0.0,3.372466564178467,0.0,25,31600,47.619451,-122.3628319,3.6277888551574917
2339,1728407933.737,1,220,0,0,185,0,0,3,476194510,-1223628319,0.0,0.6000000238418579,3.372466564178467,0.0,0.0,0.0,0.0,3.372466564178467,0.0,25,31600,47.619451,-122.3628319,3.642323844337459
2340,1728407934.011,1,220,0,0,185,0,0,3,476194524,-1223628297,0.0,0.6000000238418579,3.2244575023651123,0.0,0.0,0.0,0.0,3.2244575023651123,0.0,25,31500,47.6194524,-122.3628297,3.612716909881477
2341,1728407934.238,1,220,0,0,185,0,0,3,476194524,-1223628297,0.0,0.6000000238418579,3.2244575023651123,0.0,0.0,0.0,0.0,3.2244575023651123,0.0,25,31500,47.6194524,-122.3628297,3.642987243216351
2342,1728407934.544,1,220,0,0,185,0,0,3,476194519,-1223628329,0.0,0.6000000238418579,3.168100595474243,0.0,0.0,0.0,0.0,3.168100595474243,0.0,25,31399,47.6194519,-122.3628329,3.637025023372522
2343,1728407934.776,1,220,0,0,185,0,0,3,476194519,-1223628329,0.0,0.6000000238418579,3.168100595474243,0.0,0.0,0.0,0.0,3.168100595474243,0.0,25,31399,47.6194519,-122.3628329,3.6416606870284185
2344,1728407935.057,1,220,0,0,185,0,0,3,476194517,-1223628360,0.0,0.6000000238418579,3.182011604309082,0.0,0.0,0.0,0.0,3.182011604309082,0.0,25,31399,47.6194517,-122.362836,3.6192544185960625
2345,1728407935.314,1,220,0,0,185,0,0,3,476194517,-1223628360,0.0,0.6000000238418579,3.182011604309082,0.0,0.0,0.0,0.0,3.182011604309082,0.0,25,31399,47.6194517,-122.362836,3.633720964231625
2346,1728407935.599,1,220,0,0,185,0,0,3,476194525,-1223628371,0.0,0.6000000238418579,3.2074673175811768,0.0,0.0,0.0,0.0,3.2074673175811768,0.0,25,31399,47.6194525,-122.3628371,3.62713097957608
2347,1728407935.836,1,220,0,0,185,0,0,3,476194525,-1223628371,0.0,0.6000000238418579,3.2074673175811768,0.0,0.0,0.0,0.0,3.2074673175811768,0.0,25,31399,47.6194525,-122.3628371,3.633720964231625
2348,1728407936.112,1,220,0,0,185,0,0,3,476194528,-1223628383,0.0,0.6000000238418579,3.2133331298828125,0.0,0.0,0.0,0.0,3.2133331298828125,0.0,25,31399,47.6194528,-122.3628383,3.6456435739476367
2349,1728407936.356,1,220,0,0,185,0,0,3,476194528,-1223628383,0.0,0.6000000238418579,3.2133331298828125,0.0,0.0,0.0,0.0,3.2133331298828125,0.0,25,31399,47.6194528,-122.3628383,3.6192544185960625
2350,1728407936.6539998,1,220,0,0,185,0,0,3,476194532,-1223628407,0.0,0.6000000238418579,3.2051467895507812,0.0,0.0,0.0,0.0,3.2051467895507812,0.0,25,31399,47.6194532,-122.3628407,3.629764071618172
2351,1728407936.878,1,220,0,0,185,0,0,3,476194532,-1223628407,0.0,0.6000000238418579,3.2051467895507812,0.0,0.0,0.0,0.0,3.2051467895507812,0.0,25,31399,47.6194532,-122.3628407,3.6133694109958476
2352,1728407937.1669998,1,220,0,0,185,0,0,3,476194538,-1223628426,0.0,0.6000000238418579,3.187962532043457,0.0,0.0,0.0,0.0,3.187962532043457,0.0,25,31500,47.6194538,-122.3628426,3.631741440136545
2353,1728407937.4129999,1,220,0,0,185,0,0,3,476194538,-1223628426,0.0,0.6000000238418579,3.2223098278045654,0.0,0.0,0.0,0.0,3.2223098278045654,0.0,25,31500,47.6194538,-122.3628426,3.6304230599114877
2354,1728407937.694,1,220,0,0,185,0,0,3,476194537,-1223628449,0.0,0.6000000238418579,3.2223098278045654,0.0,0.0,0.0,0.0,3.2223098278045654,0.0,25,31500,47.6194537,-122.3628449,3.6390101551304133
2355,1728407937.939,1,220,0,0,185,0,0,3,476194538,-1223628474,0.0,0.6000000238418579,3.207179069519043,0.0,0.0,0.0,0.0,3.207179069519043,0.0,25,31500,47.6194538,-122.3628474,3.6192544185960625
2356,1728407938.1999998,1,220,0,0,185,0,0,3,476194538,-1223628474,0.0,0.6000000238418579,3.207179069519043,0.0,0.0,0.0,0.0,3.207179069519043,0.0,25,31500,47.6194538,-122.3628474,3.625158627008024
2357,1728407938.4559999,1,220,0,0,185,0,0,3,476194538,-1223628474,0.0,0.6000000238418579,3.207179069519043,0.0,0.0,0.0,0.0,3.207179069519043,0.0,25,31500,47.6194538,-122.3628474,3.6212203500077984
2358,1728407938.9889998,1,220,0,0,185,0,0,3,476194538,-1223628474,0.0,0.6000000238418579,3.519943952560425,0.0,0.0,0.0,0.0,3.519943952560425,0.0,25,31500,47.6194538,-122.3628474,3.6153291083709447
2359,1728407939.263,1,220,0,0,185,0,0,3,476194549,-1223628488,0.0,0.6000000238418579,3.519943952560425,0.0,0.0,0.0,0.0,3.519943952560425,0.0,25,31500,47.6194549,-122.3628488,3.6225322100439645
2360,1728407939.521,1,220,0,0,185,0,0,3,476194549,-1223628498,0.0,0.6000000238418579,3.2773940563201904,0.0,0.0,0.0,0.0,3.2773940563201904,0.0,25,31500,47.6194549,-122.3628498,3.6304229027939896
2361,1728407939.773,1,220,0,0,185,0,0,3,476194549,-1223628498,0.0,0.6000000238418579,3.2773940563201904,0.0,0.0,0.0,0.0,3.2773940563201904,0.0,25,31500,47.6194549,-122.3628498,3.6075036658362296
2362,1728407940.0509999,1,220,0,0,185,0,0,3,476194550,-1223628521,0.0,0.6000000238418579,3.194976329803467,0.0,0.0,0.0,0.0,3.194976329803467,0.0,25,31500,47.619455,-122.3628521,3.642323686188188
2363,1728407940.2849998,1,220,0,0,185,0,0,3,476194550,-1223628521,0.0,0.6000000238418579,3.194976329803467,0.0,0.0,0.0,0.0,3.194976329803467,0.0,25,31500,47.619455,-122.3628521,3.608154440183669
2364,1728407940.553,1,220,0,0,185,0,0,3,476194576,-1223628474,0.0,0.6000000238418579,3.180907964706421,0.0,0.0,0.0,0.0,3.180907964706421,0.0,25,31500,47.6194576,-122.3628474,3.629764071618172
2365,1728407940.84,1,220,0,0,185,0,0,3,476194576,-1223628474,0.0,0.6000000238418579,3.180907964706421,0.0,0.0,0.0,0.0,3.180907964706421,0.0,25,31500,47.6194576,-122.3628474,3.620564854364616
2366,1728407941.116,1,220,0,0,185,0,0,3,476194587,-1223628462,0.0,0.6000000238418579,3.2257237434387207,0.0,0.0,0.0,0.0,3.2257237434387207,0.0,25,31500,47.6194587,-122.3628462,3.629763914557708
2367,1728407941.359,1,220,0,0,185,0,0,3,476194587,-1223628462,0.0,0.6000000238418579,3.2257237434387207,0.0,0.0,0.0,0.0,3.2257237434387207,0.0,25,31500,47.6194587,-122.3628462,3.6324009893894638
2368,1728407941.6439998,1,220,0,0,185,0,0,3,476194580,-1223628493,0.0,0.6000000238418579,3.2049264907836914,0.0,0.0,0.0,0.0,3.2049264907836914,0.0,25,31500,47.619458,-122.3628493,3.1811673977486947
2369,1728407941.8769999,1,220,0,0,185,0,0,3,476194580,-1223628493,0.0,0.6000000238418579,3.2049264907836914,0.0,0.0,0.0,0.0,3.2049264907836914,0.0,25,31500,47.619458,-122.3628493,3.1928480515446966
2370,1728407942.1629999,1,220,0,0,185,0,0,3,476194596,-1223628464,0.0,0.6000000238418579,3.2364113330841064,0.0,0.0,0.0,0.0,3.2364113330841064,0.0,25,31500,47.6194596,-122.3628464,3.189792673180298
2371,1728407942.422,1,220,0,0,185,0,0,3,476194596,-1223628464,0.0,0.6000000238418579,3.290571451187134,0.0,0.0,0.0,0.0,3.290571451187134,0.0,25,31500,47.6194596,-122.3628464,3.1882671758200005
2372,1728407942.658,1,220,0,0,185,0,0,3,476194577,-1223628543,0.0,0.6000000238418579,3.290571451187134,0.0,0.0,0.0,0.0,3.290571451187134,0.0,25,31500,47.6194577,-122.3628543,3.2030749734795605
2373,1728407942.9559999,1,220,0,0,185,0,0,3,476194584,-1223628561,0.0,0.6000000238418579,3.3391714096069336,0.0,0.0,0.0,0.0,3.3391714096069336,0.0,25,31500,47.6194584,-122.3628561,3.1872509475761057
2374,1728407943.204,1,220,0,0,185,0,0,3,476194584,-1223628561,0.0,0.6000000238418579,3.3391714096069336,0.0,0.0,0.0,0.0,3.3391714096069336,0.0,25,31500,47.6194584,-122.3628561,3.192338455901543
2375,1728407943.4629998,1,220,0,0,185,0,0,3,476194572,-1223628618,0.0,0.6000000238418579,3.393961191177368,0.0,0.0,0.0,0.0,3.393961191177368,0.0,25,31500,47.6194572,-122.3628618,3.202049285158428
2376,1728407943.71,1,220,0,0,185,0,0,3,476194572,-1223628618,0.0,0.6000000238418579,3.393961191177368,0.0,0.0,0.0,0.0,3.393961191177368,0.0,25,31500,47.6194572,-122.3628618,3.2242462967287726
2377,1728407943.962,1,220,0,0,185,0,0,3,476194572,-1223628618,0.0,0.6000000238418579,3.393961191177368,0.0,0.0,0.0,0.0,3.393961191177368,0.0,25,31500,47.6194572,-122.3628618,3.2025621083273257
2378,1728407945.276,1,220,0,0,185,0,0,3,476194567,-1223628685,0.0,0.6000000238418579,4.115006446838379,0.0,0.0,0.0,0.0,4.115006446838379,0.0,25,31500,47.6194567,-122.3628685,3.2159510652679186
2379,1728407945.527,1,220,0,0,185,0,0,3,476194586,-1223628681,0.0,0.6000000238418579,4.043613910675049,0.0,0.0,0.0,0.0,4.043613910675049,0.0,25,31500,47.6194586,-122.3628681,3.2061557397666243
2380,1728407945.791,1,220,0,0,185,0,0,3,476194586,-1223628681,0.0,0.6000000238418579,4.043613910675049,0.0,0.0,0.0,0.0,4.043613910675049,0.0,25,31500,47.6194586,-122.3628681,3.211819496728129
2381,1728407946.046,1,220,0,0,185,0,0,3,476194601,-1223628669,0.0,0.6000000238418579,4.09300422668457,0.0,0.0,0.0,0.0,4.09300422668457,0.0,26,31500,47.6194601,-122.3628669,3.1943779367497322
2382,1728407946.2949998,1,220,0,0,185,0,0,3,476194601,-1223628669,0.0,0.6000000238418579,4.09300422668457,0.0,0.0,0.0,0.0,4.09300422668457,0.0,26,31500,47.6194601,-122.3628669,3.1786396347784964
2383,1728407946.56,1,220,0,0,185,0,0,3,476194624,-1223628631,0.0,0.6000000238418579,4.09735631942749,0.0,0.0,0.0,0.0,4.09735631942749,0.0,26,31500,47.6194624,-122.3628631,3.2030749734795605
2384,1728407946.8179998,1,220,0,0,185,0,0,3,476194624,-1223628631,0.0,0.6000000238418579,4.09735631942749,0.0,0.0,0.0,0.0,4.09735631942749,0.0,26,31500,47.6194624,-122.3628631,3.193357809908178
2385,1728407947.086,1,220,0,0,185,0,0,3,476194663,-1223628551,0.0,0.6000000238418579,4.1067891120910645,0.0,0.0,0.0,0.0,4.1067891120910645,0.0,26,31500,47.6194663,-122.3628551,3.2061557397666243
2386,1728407947.319,1,220,0,0,185,0,0,3,476194663,-1223628551,0.0,0.6000000238418579,4.1067891120910645,0.0,0.0,0.0,0.0,4.1067891120910645,0.0,26,31500,47.6194663,-122.3628551,3.2051283226916114
2387,1728407947.6039999,1,220,0,0,185,0,0,3,476194671,-1223628521,0.0,0.6000000238418579,4.12933349609375,0.0,0.0,0.0,0.0,4.12933349609375,0.0,26,31500,47.6194671,-122.3628521,3.0436767155869218
2388,1728407947.863,1,220,0,0,185,0,0,3,476194671,-1223628521,0.0,0.6000000238418579,4.12933349609375,0.0,0.0,0.0,0.0,4.12933349609375,0.0,26,31500,47.6194671,-122.3628521,3.6225322100439645
2389,1728407948.115,1,220,0,0,185,0,0,3,476194672,-1223628515,0.0,0.6000000238418579,4.067648887634277,0.0,0.0,0.0,0.0,4.067648887634277,0.0,26,31500,47.6194672,-122.3628515,3.608154440183669
2390,1728407948.3899999,1,220,0,0,185,0,0,3,476194672,-1223628515,0.0,0.6000000238418579,4.067648887634277,0.0,0.0,0.0,0.0,4.067648887634277,0.0,26,31500,47.6194672,-122.3628515,3.6357026474301026
2391,1728407948.6829998,1,220,0,0,185,0,0,3,476194664,-1223628526,0.0,0.6000000238418579,4.048107147216797,0.0,0.0,0.0,0.0,4.048107147216797,0.0,26,31500,47.6194664,-122.3628526,3.631082130354019
2392,1728407948.9499998,1,220,0,0,185,0,0,3,476194652,-1223628555,0.0,0.6000000238418579,4.024566173553467,0.0,0.0,0.0,0.0,4.024566173553467,0.0,26,31500,47.6194652,-122.3628555,3.633060778243268
2393,1728407949.1999998,1,220,0,0,185,0,0,3,476194652,-1223628555,0.0,0.6000000238418579,4.024566173553467,0.0,0.0,0.0,0.0,4.024566173553467,0.0,26,31500,47.6194652,-122.3628555,3.6284469694282677
2394,1728407949.467,1,220,0,0,185,0,0,3,476194673,-1223628513,0.0,0.6000000238418579,3.881671667098999,0.0,0.0,0.0,0.0,3.881671667098999,0.0,26,31500,47.6194673,-122.3628513,3.6390101551304133
2395,1728407949.701,1,220,0,0,185,0,0,3,476194673,-1223628513,0.0,0.6000000238418579,3.881671667098999,0.0,0.0,0.0,0.0,3.881671667098999,0.0,26,31500,47.6194673,-122.3628513,3.6075036658362296
2396,1728407949.9499998,1,220,0,0,185,0,0,3,476194673,-1223628513,0.0,0.6000000238418579,3.881671667098999,0.0,0.0,0.0,0.0,3.881671667098999,0.0,26,31500,47.6194673,-122.3628513,3.588731412933624
2397,1728407950.533,1,220,0,0,185,0,0,3,476194686,-1223628488,0.0,0.6000000238418579,4.101289749145508,0.0,0.0,0.0,0.0,4.101289749145508,0.0,26,31500,47.6194686,-122.3628488,3.6231884183164556
2398,1728407950.797,1,220,0,0,185,0,0,3,476194686,-1223628488,0.0,0.6000000238418579,4.101289749145508,0.0,0.0,0.0,0.0,4.101289749145508,0.0,26,31500,47.6194686,-122.3628488,3.603603634564543
2399,1728407951.07,1,220,0,0,185,0,0,3,476194687,-1223628496,0.0,0.6000000238418579,3.840672254562378,0.0,0.0,0.0,0.0,3.840672254562378,0.0,26,31500,47.6194687,-122.3628496,3.6114121479392054
2400,1728407951.2919998,1,220,0,0,185,0,0,3,476194687,-1223628496,0.0,0.6000000238418579,3.840672254562378,0.0,0.0,0.0,0.0,3.840672254562378,0.0,26,31500,47.6194687,-122.3628496,3.607503510696281
2401,1728407951.554,1,220,0,0,185,0,0,3,476194680,-1223628500,0.0,0.6000000238418579,3.687159299850464,0.0,0.0,0.0,0.0,3.687159299850464,0.0,25,31500,47.619468,-122.36285,3.638348203808547
2402,1728407951.8,1,220,0,0,185,0,0,3,476194680,-1223628500,0.0,0.6000000238418579,3.687159299850464,0.0,0.0,0.0,0.0,3.687159299850464,0.0,25,31500,47.619468,-122.36285,3.6284469694282677
2403,1728407952.072,1,220,0,0,185,0,0,3,476194672,-1223628526,0.0,0.6000000238418579,3.657194137573242,0.0,0.0,0.0,0.0,3.657194137573242,0.0,25,31500,47.6194672,-122.3628526,3.646308024278096
2404,1728407952.314,1,220,0,0,185,0,0,3,476194672,-1223628526,0.0,0.6000000238418579,3.657194137573242,0.0,0.0,0.0,0.0,3.657194137573242,0.0,25,31500,47.6194672,-122.3628526,3.6277888551574917
2405,1728407952.6299999,1,220,0,0,185,0,0,3,476194664,-1223628575,0.0,0.6000000238418579,3.5893468856811523,0.0,0.0,0.0,0.0,3.5893468856811523,0.0,25,31500,47.6194664,-122.3628575,3.61336956664073
2406,1728407952.892,1,220,0,0,185,0,0,3,476194664,-1223628575,0.0,0.6000000238418579,3.537567138671875,0.0,0.0,0.0,0.0,3.537567138671875,0.0,25,31500,47.6194664,-122.3628575,3.608154284987742
2407,1728407953.1239998,1,220,0,0,185,0,0,3,476194665,-1223628606,0.0,0.6000000238418579,3.537567138671875,0.0,0.0,0.0,0.0,3.537567138671875,0.0,25,31500,47.6194665,-122.3628606,3.6277888551574917
2408,1728407953.4129999,1,220,0,0,185,0,0,3,476194665,-1223628606,0.0,0.6000000238418579,3.4934561252593994,0.0,0.0,0.0,0.0,3.4934561252593994,0.0,25,31500,47.6194665,-122.3628606,3.644314924534089
2409,1728407953.6529999,1,220,0,0,185,0,0,3,476194663,-1223628642,0.0,0.6000000238418579,3.4934561252593994,0.0,0.0,0.0,0.0,3.4934561252593994,0.0,25,31500,47.6194663,-122.3628642,3.6409976131231696
2410,1728407953.934,1,220,0,0,185,0,0,3,476194699,-1223628563,0.0,0.6000000238418579,3.460865020751953,0.0,0.0,0.0,0.0,3.460865020751953,0.0,25,31500,47.6194699,-122.3628563,3.6337208068285434
2411,1728407954.1799998,1,220,0,0,185,0,0,3,476194699,-1223628563,0.0,0.6000000238418579,3.460865020751953,0.0,0.0,0.0,0.0,3.460865020751953,0.0,25,31500,47.6194699,-122.3628563,3.6284469694282677
2412,1728407954.462,1,220,0,0,185,0,0,3,476194710,-1223628549,0.0,0.6000000238418579,3.4874486923217773,0.0,0.0,0.0,0.0,3.4874486923217773,0.0,25,31500,47.619471,-122.3628549,3.6127167542928156
2413,1728407954.685,1,220,0,0,185,0,0,3,476194710,-1223628549,0.0,0.6000000238418579,3.4874486923217773,0.0,0.0,0.0,0.0,3.4874486923217773,0.0,25,31500,47.619471,-122.3628549,3.60555259556042
2414,1728407954.98,1,220,0,0,185,0,0,3,476194707,-1223628569,0.0,0.6000000238418579,3.4702723026275635,0.0,0.0,0.0,0.0,3.4702723026275635,0.0,25,31500,47.6194707,-122.3628569,3.6010081920432846
2415,1728407955.2359998,1,220,0,0,185,0,0,3,476194707,-1223628569,0.0,0.6000000238418579,3.4702723026275635,0.0,0.0,0.0,0.0,3.4702723026275635,0.0,25,31500,47.6194707,-122.3628569,3.642323844337459
2416,1728407955.493,1,220,0,0,185,0,0,3,476194707,-1223628569,0.0,0.6000000238418579,3.4702723026275635,0.0,0.0,0.0,0.0,3.4702723026275635,0.0,25,31500,47.6194707,-122.3628569,3.6616624663324324
2417,1728407956.046,1,220,0,0,185,0,0,3,476194707,-1223628569,0.0,0.6000000238418579,3.7449758052825928,0.0,0.0,0.0,0.0,3.7449758052825928,0.0,25,31600,47.6194707,-122.3628569,3.6094566935100194
2418,1728407956.2849998,1,220,0,0,185,0,0,3,476194697,-1223628594,0.0,0.6000000238418579,3.7449758052825928,0.0,0.0,0.0,0.0,3.7449758052825928,0.0,25,31600,47.6194697,-122.3628594,3.6536353824671313
2419,1728407956.563,1,220,0,0,185,0,0,3,476194689,-1223628629,0.0,0.6000000238418579,3.5491654872894287,0.0,0.0,0.0,0.0,3.5491654872894287,0.0,25,31600,47.6194689,-122.3628629,3.6304229027939896
2420,1728407956.796,1,220,0,0,185,0,0,3,476194689,-1223628629,0.0,0.6000000238418579,3.5491654872894287,0.0,0.0,0.0,0.0,3.5491654872894287,0.0,25,31600,47.6194689,-122.3628629,3.656307270040913
2421,1728407957.066,1,220,0,0,185,0,0,3,476194689,-1223628629,0.0,0.6000000238418579,3.5491654872894287,0.0,0.0,0.0,0.0,3.5491654872894287,0.0,25,31600,47.6194689,-122.3628629,3.6245015483380914
2422,1728407957.336,1,220,0,0,185,0,0,3,476194689,-1223628629,0.0,0.6000000238418579,3.5491654872894287,0.0,0.0,0.0,0.0,3.5491654872894287,0.0,25,31600,47.6194689,-122.3628629,3.646973033962953
2423,1728407957.619,1,220,0,0,185,0,0,3,476194643,-1223628761,0.0,0.6000000238418579,4.28997802734375,0.0,0.0,0.0,0.0,4.28997802734375,0.0,25,31600,47.6194643,-122.3628761,3.6370248656830646
2424,1728407957.868,1,220,0,0,185,0,0,3,476194643,-1223628761,0.0,0.6000000238418579,4.28997802734375,0.0,0.0,0.0,0.0,4.28997802734375,0.0,25,31600,47.6194643,-122.3628761,3.6529681001596686
2425,1728407958.1209998,1,220,0,0,185,0,0,3,476194633,-1223628815,0.0,0.6000000238418579,3.7864749431610107,0.0,0.0,0.0,0.0,3.7864749431610107,0.0,25,31500,47.6194633,-122.3628815,3.6589827491554807
2426,1728407958.3539999,1,220,0,0,185,0,0,3,476194633,-1223628815,0.0,0.6000000238418579,3.7864749431610107,0.0,0.0,0.0,0.0,3.7864749431610107,0.0,25,31500,47.6194633,-122.3628815,3.667033372568504
2427,1728407958.665,1,220,0,0,185,0,0,3,476194671,-1223628734,0.0,0.6000000238418579,3.638970375061035,0.0,0.0,0.0,0.0,3.638970375061035,0.0,24,31500,47.6194671,-122.3628734,3.6690515668640775
2428,1728407958.8869998,1,220,0,0,185,0,0,3,476194671,-1223628734,0.0,0.6000000238418579,3.638970375061035,0.0,0.0,0.0,0.0,3.638970375061035,0.0,24,31500,47.6194671,-122.3628734,3.6697247385346583
2429,1728407959.162,1,220,0,0,185,0,0,3,476194676,-1223628722,0.0,0.6000000238418579,3.6192545890808105,0.0,0.0,0.0,0.0,3.6192545890808105,0.0,24,31500,47.6194676,-122.3628722,3.66568924951545
2430,1728407959.4039998,1,220,0,0,185,0,0,3,476194676,-1223628722,0.0,0.6000000238418579,3.6192545890808105,0.0,0.0,0.0,0.0,3.6192545890808105,0.0,24,31500,47.6194676,-122.3628722,3.6523010615461295
2431,1728407959.698,1,220,0,0,185,0,0,3,476194677,-1223628702,0.0,0.6000000238418579,3.602607011795044,0.0,0.0,0.0,0.0,3.602607011795044,0.0,24,31500,47.6194677,-122.3628702,3.6503012476920196
2432,1728407959.9459999,1,220,0,0,185,0,0,3,476194680,-1223628702,0.0,0.6000000238418579,3.6038026809692383,0.0,0.0,0.0,0.0,3.6038026809692383,0.0,24,31500,47.619468,-122.3628702,3.662332929085556
2433,1728407960.184,1,220,0,0,185,0,0,3,476194680,-1223628702,0.0,0.6000000238418579,3.6038026809692383,0.0,0.0,0.0,0.0,3.6038026809692383,0.0,24,31500,47.619468,-122.3628702,3.676470549564461
2434,1728407960.455,1,220,0,0,185,0,0,3,476194680,-1223628702,0.0,0.6000000238418579,3.619913101196289,0.0,0.0,0.0,0.0,3.619913101196289,0.0,24,31500,47.619468,-122.3628702,3.6771466077909967
2435,1728407960.702,1,220,0,0,185,0,0,3,476194679,-1223628704,0.0,0.6000000238418579,3.619913101196289,0.0,0.0,0.0,0.0,3.619913101196289,0.0,24,31600,47.6194679,-122.3628704,3.660992089242827
2436,1728407960.947,1,220,0,0,185,0,0,3,476194679,-1223628704,0.0,0.6000000238418579,3.619913101196289,0.0,0.0,0.0,0.0,3.619913101196289,0.0,24,31600,47.6194679,-122.3628704,3.660992089242827
2437,1728407961.497,1,220,0,0,185,0,0,3,476194677,-1223628721,0.0,0.6000000238418579,3.9848315715789795,0.0,0.0,0.0,0.0,3.9848315715789795,0.0,24,31900,47.6194677,-122.3628721,3.6825630677723797
2438,1728407961.735,1,220,0,0,185,0,0,3,476194677,-1223628721,0.0,0.6000000238418579,3.9848315715789795,0.0,0.0,0.0,0.0,3.9848315715789795,0.0,24,31900,47.6194677,-122.3628721,3.667033372568504
2439,1728407962.0189998,1,220,0,0,185,0,0,3,476194662,-1223628758,0.0,0.6000000238418579,3.7756505012512207,0.0,0.0,0.0,0.0,3.7756505012512207,0.0,24,32000,47.6194662,-122.3628758,3.6489692017653677
2440,1728407962.2719998,1,220,0,0,185,0,0,3,476194662,-1223628758,0.0,0.6000000238418579,3.7756505012512207,0.0,0.0,0.0,0.0,3.7756505012512207,0.0,24,32000,47.6194662,-122.3628758,3.6396723473634096
2441,1728407962.5449998,1,220,0,0,185,0,0,3,476194652,-1223628795,0.0,0.6000000238418579,3.686769962310791,0.0,0.0,0.0,0.0,3.686769962310791,0.0,24,32000,47.6194652,-122.3628795,3.6737692834273554
2442,1728407962.797,1,220,0,0,185,0,0,3,476194652,-1223628795,0.0,0.6000000238418579,3.686769962310791,0.0,0.0,0.0,0.0,3.686769962310791,0.0,24,32000,47.6194652,-122.3628795,3.6737692834273554
2443,1728407963.059,1,220,0,0,185,0,0,3,476194674,-1223628757,0.0,0.6000000238418579,3.617976427078247,0.0,0.0,0.0,0.0,3.617976427078247,0.0,24,32000,47.6194674,-122.3628757,3.651634107534223
2444,1728407963.307,1,220,0,0,185,0,0,3,476194674,-1223628757,0.0,0.6000000238418579,3.617976427078247,0.0,0.0,0.0,0.0,3.617976427078247,0.0,24,32000,47.6194674,-122.3628757,3.6523009025292525
2445,1728407963.5839999,1,220,0,0,185,0,0,3,476194654,-1223628801,0.0,0.6000000238418579,3.6204469203948975,0.0,0.0,0.0,0.0,3.6204469203948975,0.0,25,32000,47.6194654,-122.3628801,3.651634107534223
2446,1728407963.817,1,220,0,0,185,0,0,3,476194654,-1223628801,0.0,0.6000000238418579,3.6204469203948975,0.0,0.0,0.0,0.0,3.6204469203948975,0.0,25,32000,47.6194654,-122.3628801,3.634381390196564
2447,1728407964.096,1,220,0,0,185,0,0,3,476194657,-1223628796,0.0,0.6000000238418579,3.6333529949188232,0.0,0.0,0.0,0.0,3.6333529949188232,0.0,25,31900,47.6194657,-122.3628796,3.4770515479882063
2448,1728407964.3409998,1,220,0,0,185,0,0,3,476194657,-1223628796,0.0,0.6000000238418579,3.6333529949188232,0.0,0.0,0.0,0.0,3.6333529949188232,0.0,25,31900,47.6194657,-122.3628796,3.4704147076668845
2449,1728407964.643,1,220,0,0,185,0,0,3,476194661,-1223628794,0.0,0.6000000238418579,3.621190309524536,0.0,0.0,0.0,0.0,3.621190309524536,0.0,25,32000,47.6194661,-122.3628794,3.489792244694417
2450,1728407964.899,1,220,0,0,185,0,0,3,476194659,-1223628819,0.0,0.6000000238418579,3.64621901512146,0.0,0.0,0.0,0.0,3.64621901512146,0.0,25,32000,47.6194659,-122.3628819,3.460806341612359
2451,1728407965.142,1,220,0,0,185,0,0,3,476194659,-1223628819,0.0,0.6000000238418579,3.64621901512146,0.0,0.0,0.0,0.0,3.64621901512146,0.0,25,32000,47.6194659,-122.3628819,3.4867503115735095
2452,1728407965.3899999,1,220,0,0,185,0,0,3,476194659,-1223628819,0.0,0.6000000238418579,3.64621901512146,0.0,0.0,0.0,0.0,3.64621901512146,0.0,25,32000,47.6194659,-122.3628819,3.47342833583746
2453,1728407965.661,1,220,0,0,185,0,0,3,476194669,-1223628801,0.0,0.6000000238418579,3.6360208988189697,0.0,0.0,0.0,0.0,3.6360208988189697,0.0,25,32000,47.6194669,-122.3628801,3.489183607682469
2454,1728407965.931,1,220,0,0,185,0,0,3,476194653,-1223628827,0.0,0.6000000238418579,3.622865915298462,0.0,0.0,0.0,0.0,3.622865915298462,0.0,25,32000,47.6194653,-122.3628827,2.818489307165214
2455,1728407966.179,1,220,0,0,185,0,0,3,476194653,-1223628827,0.0,0.6000000238418579,3.622865915298462,0.0,0.0,0.0,0.0,3.622865915298462,0.0,25,32000,47.6194653,-122.3628827,2.8352707123939567
2456,1728407966.4499998,1,220,0,0,185,0,0,3,476194653,-1223628827,0.0,0.6000000238418579,3.622865915298462,0.0,0.0,0.0,0.0,3.622865915298462,0.0,25,32000,47.6194653,-122.3628827,2.8153152790329656
2457,1728407967.2489998,1,220,0,0,185,0,0,3,476194646,-1223628846,0.0,0.6000000238418579,4.017086029052734,0.0,0.0,0.0,0.0,4.017086029052734,0.0,25,31900,47.6194646,-122.3628846,2.833262495646387
2458,1728407967.498,1,220,0,0,185,0,0,3,476194657,-1223628822,0.0,0.6000000238418579,3.798107624053955,0.0,0.0,0.0,0.0,3.798107624053955,0.0,25,31700,47.6194657,-122.3628822,2.818092103141414
2459,1728407967.75,1,220,0,0,185,0,0,3,476194657,-1223628822,0.0,0.6000000238418579,3.798107624053955,0.0,0.0,0.0,0.0,3.798107624053955,0.0,25,31700,47.6194657,-122.3628822,2.8453549402727374
2460,1728407968.0509999,1,220,0,0,185,0,0,3,476194639,-1223628856,0.0,0.6000000238418579,3.7560744285583496,0.0,0.0,0.0,0.0,3.7560744285583496,0.0,25,31700,47.6194639,-122.3628856,2.8437366730692433
2461,1728407968.281,1,220,0,0,185,0,0,3,476194639,-1223628856,0.0,0.6000000238418579,3.7560744285583496,0.0,0.0,0.0,0.0,3.7560744285583496,0.0,25,31700,47.6194639,-122.3628856,2.7326137429107606
2462,1728407968.5549998,1,220,0,0,185,0,0,3,476194630,-1223628877,0.0,0.6000000238418579,3.817711353302002,0.0,0.0,0.0,0.0,3.817711353302002,0.0,25,31600,47.619463,-122.3628877,2.7307481802109783
2463,1728407968.791,1,220,0,0,185,0,0,3,476194630,-1223628877,0.0,0.6000000238418579,3.817711353302002,0.0,0.0,0.0,0.0,3.817711353302002,0.0,25,31600,47.619463,-122.3628877,2.729630171355831
2464,1728407970.4029999,1,220,0,0,185,0,0,3,476194634,-1223628905,0.0,0.6000000238418579,5.250268459320068,0.0,0.0,0.0,0.0,5.250268459320068,0.0,25,32200,47.6194634,-122.3628905,2.737476049228574
2465,1728407970.638,1,220,0,0,185,0,0,3,476194634,-1223628905,0.0,0.6000000238418579,5.250268459320068,0.0,0.0,0.0,0.0,5.250268459320068,0.0,25,32200,47.6194634,-122.3628905,2.711129150958065
2466,1728407970.921,1,220,0,0,185,0,0,3,476194623,-1223628959,0.0,0.6000000238418579,4.597392559051514,0.0,0.0,0.0,0.0,4.597392559051514,0.0,25,32300,47.6194623,-122.3628959,2.7363524364819503
2467,1728407971.155,1,220,0,0,185,0,0,3,476194623,-1223628959,0.0,0.6000000238418579,4.597392559051514,0.0,0.0,0.0,0.0,4.597392559051514,0.0,25,32300,47.6194623,-122.3628959,2.9455080132692752
2468,1728407971.438,1,220,0,0,185,0,0,3,476194646,-1223628933,0.0,0.6000000238418579,4.335203647613525,0.0,0.0,0.0,0.0,4.335203647613525,0.0,25,32300,47.6194646,-122.3628933,2.945941950045531
2469,1728407971.672,1,220,0,0,185,0,0,3,476194646,-1223628933,0.0,0.6000000238418579,4.335203647613525,0.0,0.0,0.0,0.0,4.335203647613525,0.0,25,32300,47.6194646,-122.3628933,2.939015503969941
2470,1728407971.932,1,220,0,0,185,0,0,3,476194646,-1223628933,0.0,0.6000000238418579,4.335203647613525,0.0,0.0,0.0,0.0,4.335203647613525,0.0,25,32300,47.6194646,-122.3628933,2.9651593228148974
2471,1728407972.461,1,220,0,0,185,0,0,3,476194659,-1223628930,0.0,0.6000000238418579,4.433897495269775,0.0,0.0,0.0,0.0,4.433897495269775,0.0,25,32200,47.6194659,-122.362893,2.9502876339539426
2472,1728407972.714,1,220,0,0,185,0,0,3,476194659,-1223628930,0.0,0.6000000238418579,4.433897495269775,0.0,0.0,0.0,0.0,4.433897495269775,0.0,25,32200,47.6194659,-122.362893,2.9664787443580694
2473,1728407972.988,1,220,0,0,185,0,0,3,476194671,-1223628921,0.0,0.6000000238418579,4.032114505767822,0.0,0.0,0.0,0.0,4.032114505767822,0.0,25,32100,47.6194671,-122.3628921,2.9394473237392402
2474,1728407973.237,1,220,0,0,185,0,0,3,476194671,-1223628921,0.0,0.6000000238418579,4.032114505767822,0.0,0.0,0.0,0.0,4.032114505767822,0.0,25,32100,47.6194671,-122.3628921,3.6812073765908506
2475,1728407973.556,1,220,0,0,185,0,0,3,476194662,-1223628961,0.0,0.6000000238418579,3.883471965789795,0.0,0.0,0.0,0.0,3.883471965789795,0.0,25,32100,47.6194662,-122.3628961,3.6529681001596686
2476,1728407973.7589998,1,220,0,0,185,0,0,3,476194662,-1223628961,0.0,0.6000000238418579,3.883471965789795,0.0,0.0,0.0,0.0,3.883471965789795,0.0,25,32100,47.6194662,-122.3628961,3.6757949009535342
2477,1728407974.039,1,220,0,0,185,0,0,3,476194645,-1223629016,0.0,0.6000000238418579,3.8569955825805664,0.0,0.0,0.0,0.0,3.8569955825805664,0.0,25,32200,47.6194645,-122.3629016,3.639672505282523
2478,1728407974.287,1,220,0,0,185,0,0,3,476194645,-1223629016,0.0,0.6000000238418579,3.8569955825805664,0.0,0.0,0.0,0.0,3.8569955825805664,0.0,25,32200,47.6194645,-122.3629016,3.6596523905051206
2479,1728407974.5549998,1,220,0,0,185,0,0,3,476194655,-1223629018,0.0,0.6000000238418579,3.8761110305786133,0.0,0.0,0.0,0.0,3.8761110305786133,0.0,25,32200,47.6194655,-122.3629018,3.660322117289636
2480,1728407974.796,1,220,0,0,185,0,0,3,476194655,-1223629018,0.0,0.6000000238418579,3.8761110305786133,0.0,0.0,0.0,0.0,3.8761110305786133,0.0,25,32200,47.6194655,-122.3629018,3.6589827491554807
2481,1728407975.06,1,220,0,0,185,0,0,3,476194682,-1223628967,0.0,0.6000000238418579,3.8485147953033447,0.0,0.0,0.0,0.0,3.8485147953033447,0.0,25,32100,47.6194682,-122.3628967,3.4843205517022526
2482,1728407975.297,1,220,0,0,185,0,0,3,476194682,-1223628967,0.0,0.6000000238418579,3.8485147953033447,0.0,0.0,0.0,0.0,3.8485147953033447,0.0,25,32100,47.6194682,-122.3628967,3.4794711769644513
2483,1728407975.595,1,220,0,0,185,0,0,3,476194678,-1223628982,0.0,0.6000000238418579,3.8703901767730713,0.0,0.0,0.0,0.0,3.8703901767730713,0.0,25,32000,47.6194678,-122.3628982,3.4806821825183416
2484,1728407975.836,1,220,0,0,185,0,0,3,476194678,-1223628982,0.0,0.6000000238418579,3.8703901767730713,0.0,0.0,0.0,0.0,3.8703901767730713,0.0,25,32000,47.6194678,-122.3628982,3.477656103644218
2485,1728407976.113,1,220,0,0,185,0,0,3,476194661,-1223629030,0.0,0.6000000238418579,3.9401466846466064,0.0,0.0,0.0,0.0,3.9401466846466064,0.0,25,31900,47.6194661,-122.362903,3.5118525433610976
2486,1728407976.362,1,220,0,0,185,0,0,3,476194661,-1223629030,0.0,0.6000000238418579,3.9401466846466064,0.0,0.0,0.0,0.0,3.9401466846466064,0.0,25,31900,47.6194661,-122.362903,3.4758427789876416
2487,1728407976.6499999,1,220,0,0,185,0,0,3,476194653,-1223629062,0.0,0.6000000238418579,4.011807441711426,0.0,0.0,0.0,0.0,4.011807441711426,0.0,25,31900,47.6194653,-122.3629062,3.4782608695652173
2488,1728407976.9029999,1,220,0,0,185,0,0,3,476194646,-1223629096,0.0,0.6000000238418579,4.095320224761963,0.0,0.0,0.0,0.0,4.095320224761963,0.0,25,31900,47.6194646,-122.3629096,3.472825105298088
2489,1728407977.136,1,220,0,0,185,0,0,3,476194646,-1223629096,0.0,0.6000000238418579,4.095320224761963,0.0,0.0,0.0,0.0,4.095320224761963,0.0,25,31900,47.6194646,-122.3629096,3.4812880014618024
2490,1728407977.398,1,220,0,0,185,0,0,3,476194646,-1223629096,0.0,0.6000000238418579,4.095320224761963,0.0,0.0,0.0,0.0,4.095320224761963,0.0,25,31900,47.6194646,-122.3629096,3.465003563473909
2491,1728407978.201,1,220,0,0,185,0,0,3,476194672,-1223629073,0.0,0.6000000238418579,4.623965263366699,0.0,0.0,0.0,0.0,4.623965263366699,0.0,25,31900,47.6194672,-122.3629073,3.4764470584149554
2492,1728407978.462,1,220,0,0,185,0,0,3,476194672,-1223629073,0.0,0.6000000238418579,4.503633975982666,0.0,0.0,0.0,0.0,4.503633975982666,0.0,25,31900,47.6194672,-122.3629073,3.4560221538529485
2493,1728407978.734,1,220,0,0,185,0,0,3,476194699,-1223629027,0.0,0.6000000238418579,4.503633975982666,0.0,0.0,0.0,0.0,4.503633975982666,0.0,25,31900,47.6194699,-122.3629027,3.4849277827237715
2494,1728407978.988,1,220,0,0,185,0,0,3,476194697,-1223629023,0.0,0.6000000238418579,4.538496017456055,0.0,0.0,0.0,0.0,4.538496017456055,0.0,25,31900,47.6194697,-122.3629023,3.460207629584314
2495,1728407979.251,1,220,0,0,185,0,0,3,476194697,-1223629023,0.0,0.6000000238418579,4.538496017456055,0.0,0.0,0.0,0.0,4.538496017456055,0.0,25,31900,47.6194697,-122.3629023,3.4680076537036055
2496,1728407979.513,1,220,0,0,185,0,0,3,476194709,-1223628992,0.0,0.6000000238418579,4.5592827796936035,0.0,0.0,0.0,0.0,4.5592827796936035,0.0,25,31900,47.6194709,-122.3628992,3.466805450061266
2497,1728407979.789,1,220,0,0,185,0,0,3,476194709,-1223628992,0.0,0.6000000238418579,4.5592827796936035,0.0,0.0,0.0,0.0,4.5592827796936035,0.0,25,31900,47.6194709,-122.3628992,3.490401384542038
2498,1728407980.046,1,220,0,0,185,0,0,3,476194766,-1223628881,0.0,0.6000000238418579,4.470970630645752,0.0,0.0,0.0,0.0,4.470970630645752,0.0,25,31900,47.6194766,-122.3628881,3.482500416806986
2499,1728407980.3,1,220,0,0,185,0,0,3,476194766,-1223628881,0.0,0.6000000238418579,4.470970630645752,0.0,0.0,0.0,0.0,4.470970630645752,0.0,25,31900,47.6194766,-122.3628881,3.4506556222975835
2500,1728407980.5679998,1,220,0,0,185,0,0,3,476194782,-1223628824,0.0,0.6000000238418579,4.510190963745117,0.0,0.0,0.0,0.0,4.510190963745117,0.0,25,31900,47.6194782,-122.3628824,3.180661644178994
2501,1728407980.813,1,220,0,0,185,0,0,3,476194782,-1223628824,0.0,0.6000000238418579,4.510190963745117,0.0,0.0,0.0,0.0,4.510190963745117,0.0,25,31900,47.6194782,-122.3628824,3.460806341612359
2502,1728407981.0839999,1,220,0,0,185,0,0,3,476194772,-1223628812,0.0,0.6000000238418579,4.539777755737305,0.0,0.0,0.0,0.0,4.539777755737305,0.0,25,31900,47.6194772,-122.3628812,3.473428192014982
2503,1728407981.3339999,1,220,0,0,185,0,0,3,476194772,-1223628812,0.0,0.6000000238418579,4.539777755737305,0.0,0.0,0.0,0.0,4.539777755737305,0.0,25,31900,47.6194772,-122.3628812,3.469210834898459
2504,1728407981.616,1,220,0,0,185,0,0,3,476194758,-1223628815,0.0,0.6000000238418579,4.533017158508301,0.0,0.0,0.0,0.0,4.533017158508301,0.0,25,31900,47.6194758,-122.3628815,3.4536350167609378
2505,1728407981.8799999,1,220,0,0,185,0,0,3,476194758,-1223628815,0.0,0.6000000238418579,4.533017158508301,0.0,0.0,0.0,0.0,4.533017158508301,0.0,25,31900,47.6194758,-122.3628815,3.4590106841376107
2506,1728407982.1309998,1,220,0,0,185,0,0,3,476194763,-1223628780,0.0,0.6000000238418579,4.474091053009033,0.0,0.0,0.0,0.0,4.474091053009033,0.0,25,31900,47.6194763,-122.362878,3.465003563473909
2507,1728407982.3799999,1,220,0,0,185,0,0,3,476194763,-1223628780,0.0,0.6000000238418579,4.474091053009033,0.0,0.0,0.0,0.0,4.474091053009033,0.0,25,31900,47.6194763,-122.362878,3.4680076537036055
2508,1728407982.646,1,220,0,0,185,0,0,3,476194765,-1223628773,0.0,0.6000000238418579,4.46550989151001,0.0,0.0,0.0,0.0,4.46550989151001,0.0,25,31900,47.6194765,-122.3628773,3.465603936455643
2509,1728407982.932,1,220,0,0,185,0,0,3,476194765,-1223628773,0.0,0.6000000238418579,4.46550989151001,0.0,0.0,0.0,0.0,4.46550989151001,0.0,25,31900,47.6194765,-122.3628773,3.447681505651375
2510,1728407983.6859999,1,220,0,0,185,0,0,3,476194752,-1223628792,0.0,0.6000000238418579,4.8190765380859375,0.0,0.0,0.0,0.0,4.8190765380859375,0.0,25,31900,47.6194752,-122.3628792,3.477655959471413
2511,1728407983.98,1,220,0,0,185,0,0,3,476194749,-1223628801,0.0,0.6000000238418579,4.609908103942871,0.0,0.0,0.0,0.0,4.609908103942871,0.0,25,31900,47.6194749,-122.3628801,3.4554250958462895
2512,1728407984.22,1,220,0,0,185,0,0,3,476194749,-1223628801,0.0,0.6000000238418579,4.609908103942871,0.0,0.0,0.0,0.0,4.609908103942871,0.0,25,31900,47.6194749,-122.3628801,3.4740316321033577
2513,1728407984.4989998,1,220,0,0,185,0,0,3,476194787,-1223628728,0.0,0.6000000238418579,4.485074996948242,0.0,0.0,0.0,0.0,4.485074996948242,0.0,25,31900,47.6194787,-122.3628728,3.4464932090352054
2514,1728407984.7789998,1,220,0,0,185,0,0,3,476194787,-1223628728,0.0,0.6000000238418579,4.485074996948242,0.0,0.0,0.0,0.0,4.485074996948242,0.0,25,31900,47.6194787,-122.3628728,3.466204517523848
2515,1728407985.033,1,220,0,0,185,0,0,3,476194800,-1223628691,0.0,0.6000000238418579,4.355402946472168,0.0,0.0,0.0,0.0,4.355402946472168,0.0,25,31900,47.61948,-122.3628691,3.4782608695652173
2516,1728407985.2849998,1,220,0,0,185,0,0,3,476194800,-1223628691,0.0,0.6000000238418579,4.355402946472168,0.0,0.0,0.0,0.0,4.355402946472168,0.0,25,31900,47.61948,-122.3628691,3.4668053067867257
2517,1728407985.556,1,220,0,0,185,0,0,3,476194805,-1223628666,0.0,0.6000000238418579,4.283843040466309,0.0,0.0,0.0,0.0,4.283843040466309,0.0,25,31900,47.6194805,-122.3628666,3.342246007415121
2518,1728407985.817,1,220,0,0,185,0,0,3,476194805,-1223628666,0.0,0.6000000238418579,4.283843040466309,0.0,0.0,0.0,0.0,4.283843040466309,0.0,25,31900,47.6194805,-122.3628666,3.4524426133721913
2519,1728407986.1009998,1,220,0,0,185,0,0,3,476194805,-1223628648,0.0,0.6000000238418579,4.25330924987793,0.0,0.0,0.0,0.0,4.25330924987793,0.0,25,31900,47.6194805,-122.3628648,3.3068782536911616
2520,1728407986.319,1,220,0,0,185,0,0,3,476194805,-1223628648,0.0,0.6000000238418579,4.25330924987793,0.0,0.0,0.0,0.0,4.25330924987793,0.0,25,31900,47.6194805,-122.3628648,3.6140223035533716
2521,1728407986.6009998,1,220,0,0,185,0,0,3,476194816,-1223628615,0.0,0.6000000238418579,4.14628791809082,0.0,0.0,0.0,0.0,4.14628791809082,0.0,25,31900,47.6194816,-122.3628615,3.6350418987514006
2522,1728407986.8409998,1,220,0,0,185,0,0,3,476194816,-1223628615,0.0,0.6000000238418579,4.14628791809082,0.0,0.0,0.0,0.0,4.14628791809082,0.0,25,31900,47.6194816,-122.3628615,3.64365104206166
2523,1728407987.1369998,1,220,0,0,185,0,0,3,476194823,-1223628591,0.0,0.6000000238418579,4.023367881774902,0.0,0.0,0.0,0.0,4.023367881774902,0.0,25,31900,47.6194823,-122.3628591,3.63504174123386
2524,1728407987.386,1,220,0,0,185,0,0,3,476194823,-1223628591,0.0,0.6000000238418579,3.852987766265869,0.0,0.0,0.0,0.0,3.852987766265869,0.0,25,31900,47.6194823,-122.3628591,3.657644360853572
2525,1728407987.6299999,1,220,0,0,185,0,0,3,476194826,-1223628568,0.0,0.6000000238418579,3.852987766265869,0.0,0.0,0.0,0.0,3.852987766265869,0.0,25,31900,47.6194826,-122.3628568,3.6463081827735553
2526,1728407987.8999999,1,220,0,0,185,0,0,3,476194826,-1223628568,0.0,0.6000000238418579,3.6886484622955322,0.0,0.0,0.0,0.0,3.6886484622955322,0.0,25,31900,47.6194826,-122.3628568,3.640334938615678
2527,1728407988.3639998,1,220,0,0,185,0,0,3,476194811,-1223628596,0.0,0.6000000238418579,3.6886484622955322,0.0,0.0,0.0,0.0,3.6886484622955322,0.0,25,31900,47.6194811,-122.3628596,3.648303622631656
2528,1728407988.439,1,220,0,0,185,0,0,3,476194811,-1223628596,0.0,0.6000000238418579,3.6886484622955322,0.0,0.0,0.0,0.0,3.6886484622955322,0.0,25,31900,47.6194811,-122.3628596,3.660992089242827
2529,1728407988.98,1,220,0,0,185,0,0,3,476194811,-1223628596,0.0,0.6000000238418579,3.8456196784973145,0.0,0.0,0.0,0.0,3.8456196784973145,0.0,25,31900,47.6194811,-122.3628596,3.654302908602088
2530,1728407989.22,1,220,0,0,185,0,0,3,476194831,-1223628541,0.0,0.6000000238418579,3.8456196784973145,0.0,0.0,0.0,0.0,3.8456196784973145,0.0,25,31900,47.6194831,-122.3628541,3.6456435739476367
2531,1728407989.4819999,1,220,0,0,185,0,0,3,476194831,-1223628541,0.0,0.6000000238418579,3.5045340061187744,0.0,0.0,0.0,0.0,3.5045340061187744,0.0,25,31900,47.6194831,-122.3628541,3.650301088849234
2532,1728407989.7089999,1,220,0,0,185,0,0,3,476194831,-1223628541,0.0,0.6000000238418579,3.5045340061187744,0.0,0.0,0.0,0.0,3.5045340061187744,0.0,25,31900,47.6194831,-122.3628541,3.651634107534223
2533,1728407990.001,1,220,0,0,185,0,0,3,476194841,-1223628503,0.0,0.6000000238418579,3.3079493045806885,0.0,0.0,0.0,0.0,3.3079493045806885,0.0,25,31900,47.6194841,-122.3628503,3.654302908602088
2534,1728407990.247,1,220,0,0,185,0,0,3,476194841,-1223628503,0.0,0.6000000238418579,3.3079493045806885,0.0,0.0,0.0,0.0,3.3079493045806885,0.0,25,31900,47.6194841,-122.3628503,3.6744441875167575
2535,1728407990.518,1,220,0,0,185,0,0,3,476194857,-1223628449,0.0,0.6000000238418579,3.195460796356201,0.0,0.0,0.0,0.0,3.195460796356201,0.0,25,31900,47.6194857,-122.3628449,3.6483034639626757
2536,1728407990.7789998,1,220,0,0,185,0,0,3,476194857,-1223628449,0.0,0.6000000238418579,3.195460796356201,0.0,0.0,0.0,0.0,3.195460796356201,0.0,25,31900,47.6194857,-122.3628449,3.646973033962953
2537,1728407991.0379999,1,220,0,0,185,0,0,3,476194865,-1223628403,0.0,0.6000000238418579,3.125653028488159,0.0,0.0,0.0,0.0,3.125653028488159,0.0,25,31900,47.6194865,-122.3628403,3.7936266536048984
2538,1728407991.28,1,220,0,0,185,0,0,3,476194865,-1223628403,0.0,0.6000000238418579,3.125653028488159,0.0,0.0,0.0,0.0,3.125653028488159,0.0,25,31900,47.6194865,-122.3628403,3.671745897182634
2539,1728407991.574,1,220,0,0,185,0,0,3,476194872,-1223628347,0.0,0.6000000238418579,3.105889320373535,0.0,0.0,0.0,0.0,3.105889320373535,0.0,25,31900,47.6194872,-122.3628347,3.502013678905988
2540,1728407991.8049998,1,220,0,0,185,0,0,3,476194872,-1223628347,0.0,0.6000000238418579,3.105889320373535,0.0,0.0,0.0,0.0,3.105889320373535,0.0,25,31900,47.6194872,-122.3628347,3.4812881459359115
2541,1728407992.08,1,220,0,0,185,0,0,3,476194860,-1223628389,0.0,0.6000000238418579,3.106292486190796,0.0,0.0,0.0,0.0,3.106292486190796,0.0,25,31700,47.619486,-122.3628389,3.4910105917941063
2542,1728407992.3179998,1,220,0,0,185,0,0,3,476194860,-1223628389,0.0,0.6000000238418579,3.106292486190796,0.0,0.0,0.0,0.0,3.106292486190796,0.0,25,31700,47.619486,-122.3628389,3.4686090682501916
2543,1728407992.61,1,220,0,0,185,0,0,3,476194864,-1223628397,0.0,0.6000000238418579,3.1642377376556396,0.0,0.0,0.0,0.0,3.1642377376556396,0.0,25,31600,47.6194864,-122.3628397,3.5001750169290125
2544,1728407992.829,1,220,0,0,185,0,0,3,476194864,-1223628397,0.0,0.6000000238418579,3.1642377376556396,0.0,0.0,0.0,0.0,3.1642377376556396,0.0,25,31600,47.6194864,-122.3628397,3.472825249070627
2545,1728407993.112,1,220,0,0,185,0,0,3,476194865,-1223628398,0.0,0.6000000238418579,3.2126524448394775,0.0,0.0,0.0,0.0,3.2126524448394775,0.0,25,31600,47.6194865,-122.3628398,3.4897923898752437
2546,1728407993.3839998,1,220,0,0,185,0,0,3,476194865,-1223628398,0.0,0.6000000238418579,3.2126524448394775,0.0,0.0,0.0,0.0,3.2126524448394775,0.0,25,31600,47.6194865,-122.3628398,3.4710169574280916
2547,1728407993.636,1,220,0,0,185,0,0,3,476194821,-1223628511,0.0,0.6000000238418579,3.2617666721343994,0.0,0.0,0.0,0.0,3.2617666721343994,0.0,25,31600,47.6194821,-122.3628511,3.4782608695652173
2548,1728407993.886,1,220,0,0,185,0,0,3,476194821,-1223628511,0.0,0.6000000238418579,3.2617666721343994,0.0,0.0,0.0,0.0,3.2617666721343994,0.0,25,31600,47.6194821,-122.3628511,3.4704147076668845
2549,1728407994.691,1,220,0,0,185,0,0,3,476194822,-1223628563,0.0,0.6000000238418579,3.7658705711364746,0.0,0.0,0.0,0.0,3.7658705711364746,0.0,25,31700,47.6194822,-122.3628563,3.4965034790147262
2550,1728407994.965,1,220,0,0,185,0,0,3,476194820,-1223628597,0.0,0.6000000238418579,3.602921485900879,0.0,0.0,0.0,0.0,3.602921485900879,0.0,25,31700,47.619482,-122.3628597,3.462603864395306
2551,1728407995.211,1,220,0,0,185,0,0,3,476194820,-1223628597,0.0,0.6000000238418579,3.602921485900879,0.0,0.0,0.0,0.0,3.602921485900879,0.0,25,31700,47.619482,-122.3628597,3.4867503115735095
2552,1728407995.475,1,220,0,0,185,0,0,3,476194810,-1223628638,0.0,0.6000000238418579,3.57955265045166,0.0,0.0,0.0,0.0,3.57955265045166,0.0,25,31700,47.619481,-122.3628638,3.459608981991871
2553,1728407995.715,1,220,0,0,185,0,0,3,476194810,-1223628638,0.0,0.6000000238418579,3.57955265045166,0.0,0.0,0.0,0.0,3.57955265045166,0.0,25,31700,47.619481,-122.3628638,3.4812880014618024
2554,1728407996.0059998,1,220,0,0,185,0,0,3,476194803,-1223628685,0.0,0.6000000238418579,3.6675901412963867,0.0,0.0,0.0,0.0,3.6675901412963867,0.0,25,31800,47.6194803,-122.3628685,3.4488704801661356
2555,1728407996.2489998,1,220,0,0,185,0,0,3,476194803,-1223628685,0.0,0.6000000238418579,3.6675901412963867,0.0,0.0,0.0,0.0,3.6675901412963867,0.0,25,31800,47.6194803,-122.3628685,3.4644032553944526
2556,1728407996.541,1,220,0,0,185,0,0,3,476194803,-1223628718,0.0,0.6000000238418579,3.6737656593322754,0.0,0.0,0.0,0.0,3.6737656593322754,0.0,25,31900,47.6194803,-122.3628718,3.4788658458609185
2557,1728407996.7879999,1,220,0,0,185,0,0,3,476194803,-1223628718,0.0,0.6000000238418579,3.6737656593322754,0.0,0.0,0.0,0.0,3.6737656593322754,0.0,25,31900,47.6194803,-122.3628718,3.4710169574280916
2558,1728407997.043,1,220,0,0,185,0,0,3,476194805,-1223628739,0.0,0.6000000238418579,3.6763157844543457,0.0,0.0,0.0,0.0,3.6763157844543457,0.0,25,31900,47.6194805,-122.3628739,3.3025099106501177
2559,1728407997.294,1,220,0,0,185,0,0,3,476194805,-1223628739,0.0,0.6000000238418579,3.6763157844543457,0.0,0.0,0.0,0.0,3.6763157844543457,0.0,25,31900,47.6194805,-122.3628739,3.6324009893894638
2560,1728407997.5809999,1,220,0,0,185,0,0,3,476194782,-1223628831,0.0,0.6000000238418579,3.5999441146850586,0.0,0.0,0.0,0.0,3.5999441146850586,0.0,25,31900,47.6194782,-122.3628831,3.6376864932663664
2561,1728407997.816,1,220,0,0,185,0,0,3,476194782,-1223628831,0.0,0.6000000238418579,3.5999441146850586,0.0,0.0,0.0,0.0,3.5999441146850586,0.0,25,31900,47.6194782,-122.3628831,3.6563071106749936
2562,1728407998.099,1,220,0,0,185,0,0,3,476194771,-1223628880,0.0,0.6000000238418579,3.611206531524658,0.0,0.0,0.0,0.0,3.611206531524658,0.0,25,31900,47.6194771,-122.362888,3.6523009025292525
2563,1728407998.355,1,220,0,0,185,0,0,3,476194771,-1223628880,0.0,0.6000000238418579,3.611206531524658,0.0,0.0,0.0,0.0,3.611206531524658,0.0,25,31900,47.6194771,-122.362888,3.644979048972749
2564,1728407998.628,1,220,0,0,185,0,0,3,476194787,-1223628881,0.0,0.6000000238418579,3.5723626613616943,0.0,0.0,0.0,0.0,3.5723626613616943,0.0,25,32000,47.6194787,-122.3628881,3.648969043038489
2565,1728407998.885,1,220,0,0,185,0,0,3,476194801,-1223628875,0.0,0.6000000238418579,3.5397119522094727,0.0,0.0,0.0,0.0,3.5397119522094727,0.0,25,32200,47.6194801,-122.3628875,3.660992089242827
2566,1728407999.133,1,220,0,0,185,0,0,3,476194801,-1223628875,0.0,0.6000000238418579,3.5397119522094727,0.0,0.0,0.0,0.0,3.5397119522094727,0.0,25,32200,47.6194801,-122.3628875,3.6596523905051206
2567,1728407999.398,1,220,0,0,185,0,0,3,476194801,-1223628875,0.0,0.6000000238418579,3.5397119522094727,0.0,0.0,0.0,0.0,3.5397119522094727,0.0,25,32200,47.6194801,-122.3628875,3.6589827491554807
2568,1728407999.942,1,220,0,0,185,0,0,3,476194815,-1223628869,0.0,0.6000000238418579,3.7328884601593018,0.0,0.0,0.0,0.0,3.7328884601593018,0.0,25,32700,47.6194815,-122.3628869,3.64365104206166
2569,1728408000.197,1,220,0,0,185,0,0,3,476194815,-1223628869,0.0,0.6000000238418579,3.7328884601593018,0.0,0.0,0.0,0.0,3.7328884601593018,0.0,25,32700,47.6194815,-122.3628869,3.6357026474301026
2570,1728408000.4629998,1,220,0,0,185,0,0,3,476194784,-1223628973,0.0,0.6000000238418579,3.459519624710083,0.0,0.0,0.0,0.0,3.459519624710083,0.0,25,32700,47.6194784,-122.3628973,3.648969043038489
2571,1728408000.681,1,220,0,0,185,0,0,3,476194784,-1223628973,0.0,0.6000000238418579,3.459519624710083,0.0,0.0,0.0,0.0,3.459519624710083,0.0,25,32700,47.6194784,-122.3628973,3.647638127648428
2572,1728408000.951,1,220,0,0,185,0,0,3,476194805,-1223628953,0.0,0.6000000238418579,3.3615305423736572,0.0,0.0,0.0,0.0,3.3615305423736572,0.0,25,32600,47.6194805,-122.3628953,3.644979048972749
2573,1728408001.202,1,220,0,0,185,0,0,3,476194805,-1223628953,0.0,0.6000000238418579,3.3615305423736572,0.0,0.0,0.0,0.0,3.3615305423736572,0.0,25,32600,47.6194805,-122.3628953,3.650967555966238
2574,1728408001.487,1,220,0,0,185,0,0,3,476194798,-1223628992,0.0,0.6000000238418579,3.3558883666992188,0.0,0.0,0.0,0.0,3.3558883666992188,0.0,25,32600,47.6194798,-122.3628992,3.666361187849892
2575,1728408001.712,1,220,0,0,185,0,0,3,476194798,-1223628992,0.0,0.6000000238418579,3.3558883666992188,0.0,0.0,0.0,0.0,3.3558883666992188,0.0,25,32600,47.6194798,-122.3628992,3.6609922490174127
2576,1728408002.0059998,1,220,0,0,185,0,0,3,476194797,-1223629024,0.0,0.6000000238418579,3.3004016876220703,0.0,0.0,0.0,0.0,3.3004016876220703,0.0,25,32700,47.6194797,-122.3629024,3.6523009025292525
2577,1728408002.254,1,220,0,0,185,0,0,3,476194797,-1223629024,0.0,0.6000000238418579,3.3004016876220703,0.0,0.0,0.0,0.0,3.3004016876220703,0.0,25,32700,47.6194797,-122.3629024,3.668378642120456
2578,1728408002.5319998,1,220,0,0,185,0,0,3,476194794,-1223629056,0.0,0.6000000238418579,3.2903833389282227,0.0,0.0,0.0,0.0,3.2903833389282227,0.0,26,32799,47.6194794,-122.3629056,3.508156479036416
2579,1728408002.7949998,1,220,0,0,185,0,0,3,476194794,-1223629056,0.0,0.6000000238418579,3.2903833389282227,0.0,0.0,0.0,0.0,3.2903833389282227,0.0,26,32799,47.6194794,-122.3629056,3.4989504118122143
2580,1728408003.062,1,220,0,0,185,0,0,3,476194792,-1223629079,0.0,0.6000000238418579,3.2547457218170166,0.0,0.0,0.0,0.0,3.2547457218170166,0.0,26,32900,47.6194792,-122.3629079,3.5075411267857457
2581,1728408003.299,1,220,0,0,185,0,0,3,476194792,-1223629079,0.0,0.6000000238418579,3.2547457218170166,0.0,0.0,0.0,0.0,3.2547457218170166,0.0,26,32900,47.6194792,-122.3629079,3.4740316321033577
2582,1728408003.586,1,220,0,0,185,0,0,3,476194802,-1223629080,0.0,0.6000000238418579,3.2344839572906494,0.0,0.0,0.0,0.0,3.2344839572906494,0.0,26,32900,47.6194802,-122.362908,3.481894175854125
2583,1728408003.833,1,220,0,0,185,0,0,3,476194802,-1223629080,0.0,0.6000000238418579,3.2344839572906494,0.0,0.0,0.0,0.0,3.2344839572906494,0.0,26,32900,47.6194802,-122.362908,3.46140526086388
2584,1728408004.083,1,220,0,0,185,0,0,3,476194830,-1223629040,0.0,0.6000000238418579,3.2363297939300537,0.0,0.0,0.0,0.0,3.2363297939300537,0.0,26,32799,47.619483,-122.362904,3.4849277827237715
2585,1728408004.3479998,1,220,0,0,185,0,0,3,476194830,-1223629040,0.0,0.6000000238418579,3.2327213287353516,0.0,0.0,0.0,0.0,3.2327213287353516,0.0,26,32799,47.619483,-122.362904,3.453634874572933
2586,1728408004.609,1,220,0,0,185,0,0,3,476194842,-1223629025,0.0,0.6000000238418579,3.2327213287353516,0.0,0.0,0.0,0.0,3.2327213287353516,0.0,26,32900,47.6194842,-122.3629025,3.4818940313297113
2587,1728408004.85,1,220,0,0,185,0,0,3,476194842,-1223629025,0.0,0.6000000238418579,3.2327213287353516,0.0,0.0,0.0,0.0,3.2327213287353516,0.0,26,32900,47.6194842,-122.3629025,3.4722222279711272
2588,1728408005.643,1,220,0,0,185,0,0,3,476194849,-1223629040,0.0,0.6000000238418579,3.5223658084869385,0.0,0.0,0.0,0.0,3.5223658084869385,0.0,26,32300,47.6194849,-122.362904,3.489792244694417
2589,1728408005.9129999,1,220,0,0,185,0,0,3,476194854,-1223629048,0.0,0.6000000238418579,3.2871341705322266,0.0,0.0,0.0,0.0,3.2871341705322266,0.0,26,32000,47.6194854,-122.3629048,3.488574892772981
2590,1728408006.165,1,220,0,0,185,0,0,3,476194854,-1223629048,0.0,0.6000000238418579,3.2871341705322266,0.0,0.0,0.0,0.0,3.2871341705322266,0.0,26,32000,47.6194854,-122.3629048,3.487966535245389
2591,1728408006.438,1,220,0,0,185,0,0,3,476194860,-1223629042,0.0,0.6000000238418579,3.2109951972961426,0.0,0.0,0.0,0.0,3.2109951972961426,0.0,26,31700,47.619486,-122.3629042,3.472825249070627
2592,1728408006.695,1,220,0,0,185,0,0,3,476194860,-1223629042,0.0,0.6000000238418579,3.2109951972961426,0.0,0.0,0.0,0.0,3.2109951972961426,0.0,26,31700,47.619486,-122.3629042,3.493449839853509
2593,1728408006.98,1,220,0,0,185,0,0,3,476194866,-1223629034,0.0,0.6000000238418579,3.238227128982544,0.0,0.0,0.0,0.0,3.238227128982544,0.0,26,31600,47.6194866,-122.3629034,3.4668053067867257
2594,1728408007.2259998,1,220,0,0,185,0,0,3,476194866,-1223629034,0.0,0.6000000238418579,3.238227128982544,0.0,0.0,0.0,0.0,3.238227128982544,0.0,26,31600,47.6194866,-122.3629034,3.4764470584149554
2595,1728408007.503,1,220,0,0,185,0,0,3,476194840,-1223629101,0.0,0.6000000238418579,3.27622389793396,0.0,0.0,0.0,0.0,3.27622389793396,0.0,26,31500,47.619484,-122.3629101,3.473428192014982
2596,1728408007.75,1,220,0,0,185,0,0,3,476194840,-1223629101,0.0,0.6000000238418579,3.27622389793396,0.0,0.0,0.0,0.0,3.27622389793396,0.0,26,31500,47.619484,-122.3629101,3.4806821825183416
2597,1728408008.014,1,220,0,0,185,0,0,3,476194872,-1223629043,0.0,0.6000000238418579,3.341670274734497,0.0,0.0,0.0,0.0,3.341670274734497,0.0,26,31300,47.6194872,-122.3629043,2.9295444975788483
2598,1728408008.263,1,220,0,0,185,0,0,3,476194872,-1223629043,0.0,0.6000000238418579,3.341670274734497,0.0,0.0,0.0,0.0,3.341670274734497,0.0,26,31300,47.6194872,-122.3629043,3.1862354879733648
2599,1728408008.5279999,1,220,0,0,185,0,0,3,476194820,-1223629168,0.0,0.6000000238418579,3.401343584060669,0.0,0.0,0.0,0.0,3.401343584060669,0.0,26,31200,47.619482,-122.3629168,3.182686106961993
2600,1728408008.796,1,220,0,0,185,0,0,3,476194820,-1223629168,0.0,0.6000000238418579,3.401343584060669,0.0,0.0,0.0,0.0,3.401343584060669,0.0,26,31200,47.619482,-122.3629168,3.180155810274768
2601,1728408009.0579998,1,220,0,0,185,0,0,3,476194801,-1223629231,0.0,0.6000000238418579,3.458869457244873,0.0,0.0,0.0,0.0,3.458869457244873,0.0,26,31200,47.6194801,-122.3629231,3.192338455901543
2602,1728408009.3109999,1,220,0,0,185,0,0,3,476194801,-1223629231,0.0,0.6000000238418579,3.458869457244873,0.0,0.0,0.0,0.0,3.458869457244873,0.0,26,31200,47.6194801,-122.3629231,3.1887754723848607
2603,1728408009.602,1,220,0,0,185,0,0,3,476194802,-1223629249,0.0,0.6000000238418579,3.5237619876861572,0.0,0.0,0.0,0.0,3.5237619876861572,0.0,26,31300,47.6194802,-122.3629249,3.20512820022973
2604,1728408009.836,1,220,0,0,185,0,0,3,476194802,-1223629249,0.0,0.6000000238418579,3.5237619876861572,0.0,0.0,0.0,0.0,3.5237619876861572,0.0,26,31300,47.6194802,-122.3629249,3.1969309248483757
2605,1728408010.106,1,220,0,0,185,0,0,3,476194818,-1223629226,0.0,0.6000000238418579,3.598332405090332,0.0,0.0,0.0,0.0,3.598332405090332,0.0,26,31200,47.6194818,-122.3629226,3.2169856804658754
2606,1728408010.355,1,220,0,0,185,0,0,3,476194818,-1223629226,0.0,0.6000000238418579,3.598332405090332,0.0,0.0,0.0,0.0,3.598332405090332,0.0,26,31200,47.6194818,-122.3629226,2.949417534014906
2607,1728408011.6769998,1,220,0,0,185,0,0,3,476194868,-1223629142,0.0,0.6000000238418579,4.401515007019043,0.0,0.0,0.0,0.0,4.401515007019043,0.0,26,31200,47.6194868,-122.3629142,2.956393258643176
2608,1728408011.9199998,1,220,0,0,185,0,0,3,476194868,-1223629142,0.0,0.6000000238418579,4.401515007019043,0.0,0.0,0.0,0.0,4.401515007019043,0.0,26,31200,47.6194868,-122.3629142,2.9299736408804944
2609,1728408012.197,1,220,0,0,185,0,0,3,476194824,-1223629239,0.0,0.6000000238418579,3.970698356628418,0.0,0.0,0.0,0.0,3.970698356628418,0.0,26,31300,47.6194824,-122.3629239,2.9537733815081344
2610,1728408012.454,1,220,0,0,185,0,0,3,476194824,-1223629239,0.0,0.6000000238418579,3.821859359741211,0.0,0.0,0.0,0.0,3.821859359741211,0.0,26,31300,47.6194824,-122.3629239,2.246433817165324
2611,1728408012.7029998,1,220,0,0,185,0,0,3,476194816,-1223629262,0.0,0.6000000238418579,3.821859359741211,0.0,0.0,0.0,0.0,3.821859359741211,0.0,26,31200,47.6194816,-122.3629262,2.1240441512917787
2612,1728408012.967,1,220,0,0,185,0,0,3,476194818,-1223629263,0.0,0.6000000238418579,3.8181591033935547,0.0,0.0,0.0,0.0,3.8181591033935547,0.0,26,31200,47.6194818,-122.3629263,2.1220159258552367
2613,1728408013.22,1,220,0,0,185,0,0,3,476194818,-1223629263,0.0,0.6000000238418579,3.8181591033935547,0.0,0.0,0.0,0.0,3.8181591033935547,0.0,26,31200,47.6194818,-122.3629263,2.12901856439171
2614,1728408013.4819999,1,220,0,0,185,0,0,3,476194832,-1223629243,0.0,0.6000000238418579,3.8365120887756348,0.0,0.0,0.0,0.0,3.8365120887756348,0.0,26,31200,47.6194832,-122.3629243,2.1235931234289542
2615,1728408013.72,1,220,0,0,185,0,0,3,476194832,-1223629243,0.0,0.6000000238418579,3.8365120887756348,0.0,0.0,0.0,0.0,3.8365120887756348,0.0,26,31200,47.6194832,-122.3629243,2.1220159258552367
2616,1728408014.531,1,220,0,0,185,0,0,3,476194880,-1223629170,0.0,0.6000000238418579,4.152280807495117,0.0,0.0,0.0,0.0,4.152280807495117,0.0,26,31200,47.619488,-122.362917,2.1220159258552367
2617,1728408014.7789998,1,220,0,0,185,0,0,3,476194880,-1223629170,0.0,0.6000000238418579,4.152280807495117,0.0,0.0,0.0,0.0,4.152280807495117,0.0,26,31200,47.619488,-122.362917,2.3889153703487374
2618,1728408015.089,1,220,0,0,185,0,0,3,476194903,-1223629129,0.0,0.6000000238418579,3.900541305541992,0.0,0.0,0.0,0.0,3.900541305541992,0.0,26,31100,47.6194903,-122.3629129,2.385496165297101
2619,1728408015.299,1,220,0,0,185,0,0,3,476194903,-1223629129,0.0,0.6000000238418579,3.900541305541992,0.0,0.0,0.0,0.0,3.900541305541992,0.0,26,31100,47.6194903,-122.3629129,2.378969955146281
2620,1728408017.699,1,220,0,0,185,0,0,3,476194951,-1223629075,0.0,0.6000000238418579,4.922455787658691,0.0,0.0,0.0,0.0,4.922455787658691,0.0,26,30600,47.6194951,-122.3629075,2.377838540988281
2621,1728408018.474,1,220,0,0,185,0,0,3,476194890,-1223629180,0.0,0.6000000238418579,5.175792694091797,0.0,0.0,0.0,0.0,5.175792694091797,0.0,26,30700,47.619489,-122.362918,2.378404046078607
2622,1728408018.7359998,1,220,0,0,185,0,0,3,476194890,-1223629180,0.0,0.6000000238418579,5.175792694091797,0.0,0.0,0.0,0.0,5.175792694091797,0.0,26,30700,47.619489,-122.362918,2.3764258867508334
2623,1728408018.9959998,1,220,0,0,185,0,0,3,476194791,-1223629395,0.0,0.6000000238418579,5.050134181976318,0.0,0.0,0.0,0.0,5.050134181976318,0.0,25,30800,47.6194791,-122.3629395,2.3719165305368763
2624,1728408019.254,1,220,0,0,185,0,0,3,476194791,-1223629395,0.0,0.6000000238418579,5.050134181976318,0.0,0.0,0.0,0.0,5.050134181976318,0.0,25,30800,47.6194791,-122.3629395,2.376708269835321
2625,1728408019.531,1,220,0,0,185,0,0,3,476194761,-1223629470,0.0,0.6000000238418579,5.119081020355225,0.0,0.0,0.0,0.0,5.119081020355225,0.0,25,30800,47.6194761,-122.362947,2.236135955635591
2626,1728408019.78,1,220,0,0,185,0,0,3,476194761,-1223629470,0.0,0.6000000238418579,5.119081020355225,0.0,0.0,0.0,0.0,5.119081020355225,0.0,25,30800,47.6194761,-122.362947,2.3820867339312235
2627,1728408020.049,1,220,0,0,185,0,0,3,476194757,-1223629503,0.0,0.6000000238418579,5.128683090209961,0.0,0.0,0.0,0.0,5.128683090209961,0.0,25,30700,47.6194757,-122.3629503,2.3809523539207964
2628,1728408020.304,1,220,0,0,185,0,0,3,476194757,-1223629503,0.0,0.6000000238418579,5.128683090209961,0.0,0.0,0.0,0.0,5.128683090209961,0.0,25,30700,47.6194757,-122.3629503,2.390343052910774
2629,1728408020.6039999,1,220,0,0,185,0,0,3,476194763,-1223629517,0.0,0.6000000238418579,5.1561384201049805,0.0,0.0,0.0,0.0,5.1561384201049805,0.0,25,30700,47.6194763,-122.3629517,2.383506196041848
2630,1728408020.865,1,220,0,0,185,0,0,3,476194763,-1223629517,0.0,0.6000000238418579,5.1561384201049805,0.0,0.0,0.0,0.0,5.1561384201049805,0.0,25,30700,47.6194763,-122.3629517,3.1766200743141924
2631,1728408021.112,1,220,0,0,185,0,0,3,476194778,-1223629512,0.0,0.6000000238418579,5.073092937469482,0.0,0.0,0.0,0.0,5.073092937469482,0.0,25,30900,47.6194778,-122.3629512,3.4740316321033577
2632,1728408021.383,1,220,0,0,185,0,0,3,476194778,-1223629512,0.0,0.6000000238418579,5.073092937469482,0.0,0.0,0.0,0.0,5.073092937469482,0.0,25,30900,47.6194778,-122.3629512,3.4770514038655227
2633,1728408021.652,1,220,0,0,185,0,0,3,476194795,-1223629494,0.0,0.6000000238418579,4.957281589508057,0.0,0.0,0.0,0.0,4.957281589508057,0.0,25,31100,47.6194795,-122.3629494,3.475238853569153
2634,1728408021.8969998,1,220,0,0,185,0,0,3,476194795,-1223629494,0.0,0.6000000238418579,4.957281589508057,0.0,0.0,0.0,0.0,4.957281589508057,0.0,25,31100,47.6194795,-122.3629494,3.461405403692426
2635,1728408022.664,1,220,0,0,185,0,0,3,476194822,-1223629449,0.0,0.6000000238418579,5.123124122619629,0.0,0.0,0.0,0.0,5.123124122619629,0.0,25,31100,47.6194822,-122.3629449,3.4393808775919257
2636,1728408022.9269998,1,220,0,0,185,0,0,3,476194836,-1223629413,0.0,0.6000000238418579,4.665663719177246,0.0,0.0,0.0,0.0,4.665663719177246,0.0,25,31100,47.6194836,-122.3629413,3.465003563473909
2637,1728408023.179,1,220,0,0,185,0,0,3,476194836,-1223629413,0.0,0.6000000238418579,4.665663719177246,0.0,0.0,0.0,0.0,4.665663719177246,0.0,25,31100,47.6194836,-122.3629413,3.487966535245389
2638,1728408023.4559999,1,220,0,0,185,0,0,3,476194851,-1223629363,0.0,0.6000000238418579,4.287087440490723,0.0,0.0,0.0,0.0,4.287087440490723,0.0,25,30900,47.6194851,-122.3629363,3.463803298310907
2639,1728408023.6899998,1,220,0,0,185,0,0,3,476194851,-1223629363,0.0,0.6000000238418579,4.287087440490723,0.0,0.0,0.0,0.0,4.287087440490723,0.0,25,30900,47.6194851,-122.3629363,3.500787640995292
2640,1728408023.995,1,220,0,0,185,0,0,3,476194866,-1223629316,0.0,0.6000000238418579,4.039862632751465,0.0,0.0,0.0,0.0,4.039862632751465,0.0,25,30700,47.6194866,-122.3629316,3.49528144122159
2641,1728408024.231,1,220,0,0,185,0,0,3,476194866,-1223629316,0.0,0.6000000238418579,4.039862632751465,0.0,0.0,0.0,0.0,4.039862632751465,0.0,25,30700,47.6194866,-122.3629316,3.4252440564706186
2642,1728408024.488,1,220,0,0,185,0,0,3,476194879,-1223629275,0.0,0.6000000238418579,3.8914473056793213,0.0,0.0,0.0,0.0,3.8914473056793213,0.0,25,30700,47.6194879,-122.3629275,3.4800765743892312
2643,1728408024.751,1,220,0,0,185,0,0,3,476194879,-1223629275,0.0,0.6000000238418579,3.8914473056793213,0.0,0.0,0.0,0.0,3.8914473056793213,0.0,25,30700,47.6194879,-122.3629275,3.4281797117064055
2644,1728408025.0319998,1,220,0,0,185,0,0,3,476194809,-1223629421,0.0,0.6000000238418579,3.840980291366577,0.0,0.0,0.0,0.0,3.840980291366577,0.0,25,31200,47.6194809,-122.3629421,3.497726371616665
2645,1728408025.346,1,220,0,0,185,0,0,3,476194809,-1223629421,0.0,0.6000000238418579,3.840980291366577,0.0,0.0,0.0,0.0,3.840980291366577,0.0,25,31200,47.6194809,-122.3629421,3.648303622631656
2646,1728408025.5519998,1,220,0,0,185,0,0,3,476194789,-1223629459,0.0,0.6000000238418579,3.9255809783935547,0.0,0.0,0.0,0.0,3.9255809783935547,0.0,25,31800,47.6194789,-122.3629459,3.667705803806827
2647,1728408025.783,1,220,0,0,185,0,0,3,476194789,-1223629459,0.0,0.6000000238418579,3.9255809783935547,0.0,0.0,0.0,0.0,3.9255809783935547,0.0,25,31800,47.6194789,-122.3629459,3.6523009025292525
2648,1728408026.0779998,1,220,0,0,185,0,0,3,476194790,-1223629463,0.0,0.6000000238418579,3.925825595855713,0.0,0.0,0.0,0.0,3.925825595855713,0.0,25,32000,47.619479,-122.3629463,3.6643457913225075
2649,1728408026.317,1,220,0,0,185,0,0,3,476194790,-1223629463,0.0,0.6000000238418579,3.925825595855713,0.0,0.0,0.0,0.0,3.925825595855713,0.0,25,32000,47.619479,-122.3629463,3.642323686188188
2650,1728408026.587,1,220,0,0,185,0,0,3,476194806,-1223629442,0.0,0.6000000238418579,3.8986148834228516,0.0,0.0,0.0,0.0,3.8986148834228516,0.0,25,31900,47.6194806,-122.3629442,3.6683784817005
2651,1728408026.951,1,220,0,0,185,0,0,3,476194806,-1223629442,0.0,0.6000000238418579,3.8986148834228516,0.0,0.0,0.0,0.0,3.8986148834228516,0.0,25,31900,47.6194806,-122.3629442,3.6549708379476464
2652,1728408027.1299999,1,220,0,0,185,0,0,3,476194823,-1223629418,0.0,0.6000000238418579,3.857483148574829,0.0,0.0,0.0,0.0,3.857483148574829,0.0,25,31900,47.6194823,-122.3629418,3.6304229027939896
2653,1728408027.4859998,1,220,0,0,185,0,0,3,476194823,-1223629418,0.0,0.6000000238418579,3.857483148574829,0.0,0.0,0.0,0.0,3.857483148574829,0.0,25,31900,47.6194823,-122.3629418,3.657644520336085
2654,1728408027.615,1,220,0,0,185,0,0,3,476194823,-1223629418,0.0,0.6000000238418579,3.857483148574829,0.0,0.0,0.0,0.0,3.857483148574829,0.0,25,31900,47.6194823,-122.3629418,3.665017397303611
2655,1728408028.146,1,220,0,0,185,0,0,3,476194864,-1223629343,0.0,0.6000000238418579,4.212845325469971,0.0,0.0,0.0,0.0,4.212845325469971,0.0,25,31800,47.6194864,-122.3629343,3.7181632629632846
2656,1728408028.3799999,1,220,0,0,185,0,0,3,476194864,-1223629343,0.0,0.6000000238418579,4.212845325469971,0.0,0.0,0.0,0.0,4.212845325469971,0.0,25,31800,47.6194864,-122.3629343,3.66300363741163
2657,1728408028.655,1,220,0,0,185,0,0,3,476194900,-1223629260,0.0,0.6000000238418579,3.901174545288086,0.0,0.0,0.0,0.0,3.901174545288086,0.0,25,31800,47.61949,-122.362926,3.6589829087547296
2658,1728408028.914,1,220,0,0,185,0,0,3,476194900,-1223629260,0.0,0.6000000238418579,3.719205856323242,0.0,0.0,0.0,0.0,3.719205856323242,0.0,25,31800,47.61949,-122.362926,3.681885016586594
2659,1728408029.181,1,220,0,0,185,0,0,3,476194914,-1223629216,0.0,0.6000000238418579,3.719205856323242,0.0,0.0,0.0,0.0,3.719205856323242,0.0,25,31800,47.6194914,-122.3629216,3.6818851781900195
2660,1728408029.447,1,220,0,0,185,0,0,3,476194932,-1223629165,0.0,0.6000000238418579,3.5985641479492188,0.0,0.0,0.0,0.0,3.5985641479492188,0.0,25,31900,47.6194932,-122.3629165,3.6724200579804553
2661,1728408029.7029998,1,220,0,0,185,0,0,3,476194932,-1223629165,0.0,0.6000000238418579,3.5985641479492188,0.0,0.0,0.0,0.0,3.5985641479492188,0.0,25,31900,47.6194932,-122.3629165,3.7425150662343247
2662,1728408029.997,1,220,0,0,185,0,0,3,476194880,-1223629266,0.0,0.6000000238418579,3.5655901432037354,0.0,0.0,0.0,0.0,3.5655901432037354,0.0,25,31900,47.619488,-122.3629266,3.6812073765908506
2663,1728408030.2189999,1,220,0,0,185,0,0,3,476194880,-1223629266,0.0,0.6000000238418579,3.5655901432037354,0.0,0.0,0.0,0.0,3.5655901432037354,0.0,25,31900,47.619488,-122.3629266,3.7446170567354073
2664,1728408030.4889998,1,220,0,0,185,0,0,3,476194876,-1223629275,0.0,0.6000000238418579,3.5533437728881836,0.0,0.0,0.0,0.0,3.5533437728881836,0.0,25,32000,47.6194876,-122.3629275,3.322259146738715
2665,1728408030.725,1,220,0,0,185,0,0,3,476194876,-1223629275,0.0,0.6000000238418579,3.5533437728881836,0.0,0.0,0.0,0.0,3.5533437728881836,0.0,25,32000,47.6194876,-122.3629275,3.4758429230101484
2666,1728408031.0119998,1,220,0,0,185,0,0,3,476194889,-1223629242,0.0,0.6000000238418579,3.55415940284729,0.0,0.0,0.0,0.0,3.55415940284729,0.0,25,32100,47.6194889,-122.3629242,3.462603864395306
2667,1728408031.2489998,1,220,0,0,185,0,0,3,476194889,-1223629242,0.0,0.6000000238418579,3.55415940284729,0.0,0.0,0.0,0.0,3.55415940284729,0.0,25,32100,47.6194889,-122.3629242,3.463803298310907
2668,1728408031.51,1,220,0,0,185,0,0,3,476194884,-1223629250,0.0,0.6000000238418579,3.5461883544921875,0.0,0.0,0.0,0.0,3.5461883544921875,0.0,25,32100,47.6194884,-122.362925,3.4674064476767725
2669,1728408031.7489998,1,220,0,0,185,0,0,3,476194884,-1223629250,0.0,0.6000000238418579,3.5461883544921875,0.0,0.0,0.0,0.0,3.5461883544921875,0.0,25,32100,47.6194884,-122.362925,3.4644032553944526
2670,1728408032.033,1,220,0,0,185,0,0,3,476194889,-1223629234,0.0,0.6000000238418579,3.551997661590576,0.0,0.0,0.0,0.0,3.551997661590576,0.0,25,32200,47.6194889,-122.3629234,3.4752389975416165
2671,1728408032.2949998,1,220,0,0,185,0,0,3,476194889,-1223629234,0.0,0.6000000238418579,3.551997661590576,0.0,0.0,0.0,0.0,3.551997661590576,0.0,25,32200,47.6194889,-122.3629234,3.4602074868545984
2672,1728408032.563,1,220,0,0,185,0,0,3,476194908,-1223629196,0.0,0.6000000238418579,3.549203872680664,0.0,0.0,0.0,0.0,3.549203872680664,0.0,25,32300,47.6194908,-122.3629196,3.4861425901857652
2673,1728408032.827,1,220,0,0,185,0,0,3,476194908,-1223629196,0.0,0.6000000238418579,3.549203872680664,0.0,0.0,0.0,0.0,3.549203872680664,0.0,25,32300,47.6194908,-122.3629196,3.4578145664926687
2674,1728408033.635,1,220,0,0,185,0,0,3,476194896,-1223629206,0.0,0.6000000238418579,3.8696391582489014,0.0,0.0,0.0,0.0,3.8696391582489014,0.0,25,32400,47.6194896,-122.3629206,3.4716194162523415
2675,1728408033.8999999,1,220,0,0,185,0,0,3,476194896,-1223629206,0.0,0.6000000238418579,3.61863374710083,0.0,0.0,0.0,0.0,3.61863374710083,0.0,25,32400,47.6194896,-122.3629206,3.4524426133721913
2676,1728408034.156,1,220,0,0,185,0,0,3,476194903,-1223629184,0.0,0.6000000238418579,3.61863374710083,0.0,0.0,0.0,0.0,3.61863374710083,0.0,25,32300,47.6194903,-122.3629184,3.4572168890690915
2677,1728408034.429,1,220,0,0,185,0,0,3,476194888,-1223629212,0.0,0.6000000238418579,3.535694122314453,0.0,0.0,0.0,0.0,3.535694122314453,0.0,25,32200,47.6194888,-122.3629212,3.4470871841097677
2678,1728408034.682,1,220,0,0,185,0,0,3,476194888,-1223629212,0.0,0.6000000238418579,3.535694122314453,0.0,0.0,0.0,0.0,3.535694122314453,0.0,25,32200,47.6194888,-122.3629212,3.4596091246722156
2679,1728408034.954,1,220,0,0,185,0,0,3,476194895,-1223629205,0.0,0.6000000238418579,3.5042169094085693,0.0,0.0,0.0,0.0,3.5042169094085693,0.0,25,32200,47.6194895,-122.3629205,3.4500602750281817
2680,1728408035.202,1,220,0,0,185,0,0,3,476194895,-1223629205,0.0,0.6000000238418579,3.5042169094085693,0.0,0.0,0.0,0.0,3.5042169094085693,0.0,25,32200,47.6194895,-122.3629205,3.460207629584314
2681,1728408035.483,1,220,0,0,185,0,0,3,476194889,-1223629223,0.0,0.6000000238418579,3.4991536140441895,0.0,0.0,0.0,0.0,3.4991536140441895,0.0,25,32200,47.6194889,-122.3629223,3.46800751032968
2682,1728408035.734,1,220,0,0,185,0,0,3,476194889,-1223629223,0.0,0.6000000238418579,3.4991536140441895,0.0,0.0,0.0,0.0,3.4991536140441895,0.0,25,32200,47.6194889,-122.3629223,3.4686090682501916
2683,1728408036.003,1,220,0,0,185,0,0,3,476194898,-1223629211,0.0,0.6000000238418579,3.5106329917907715,0.0,0.0,0.0,0.0,3.5106329917907715,0.0,25,32200,47.6194898,-122.3629211,3.474635137977503
2684,1728408036.25,1,220,0,0,185,0,0,3,476194898,-1223629211,0.0,0.6000000238418579,3.5106329917907715,0.0,0.0,0.0,0.0,3.5106329917907715,0.0,25,32200,47.6194898,-122.3629211,3.650967555966238
2685,1728408036.518,1,220,0,0,185,0,0,3,476194918,-1223629169,0.0,0.6000000238418579,3.495319128036499,0.0,0.0,0.0,0.0,3.495319128036499,0.0,25,32200,47.6194918,-122.3629169,3.6697247385346583
2686,1728408036.797,1,220,0,0,185,0,0,3,476194918,-1223629169,0.0,0.6000000238418579,3.495319128036499,0.0,0.0,0.0,0.0,3.495319128036499,0.0,25,32200,47.6194918,-122.3629169,3.662332929085556
2687,1728408037.0509999,1,220,0,0,185,0,0,3,476194936,-1223629128,0.0,0.6000000238418579,3.4868004322052,0.0,0.0,0.0,0.0,3.4868004322052,0.0,25,32300,47.6194936,-122.3629128,3.665017397303611
2688,1728408037.291,1,220,0,0,185,0,0,3,476194936,-1223629128,0.0,0.6000000238418579,3.4868004322052,0.0,0.0,0.0,0.0,3.4868004322052,0.0,25,32300,47.6194936,-122.3629128,3.6703983178647848
2689,1728408037.546,1,220,0,0,185,0,0,3,476194952,-1223629088,0.0,0.6000000238418579,3.4891185760498047,0.0,0.0,0.0,0.0,3.4891185760498047,0.0,25,32300,47.6194952,-122.3629088,3.6744443484676643
2690,1728408037.813,1,220,0,0,185,0,0,3,476194952,-1223629088,0.0,0.6000000238418579,3.4891185760498047,0.0,0.0,0.0,0.0,3.4891185760498047,0.0,25,32300,47.6194952,-122.3629088,3.63504174123386
2691,1728408038.062,1,220,0,0,185,0,0,3,476194925,-1223629144,0.0,0.6000000238418579,3.5026087760925293,0.0,0.0,0.0,0.0,3.5026087760925293,0.0,25,32300,47.6194925,-122.3629144,3.6350418987514006
2692,1728408038.329,1,220,0,0,185,0,0,3,476194925,-1223629144,0.0,0.6000000238418579,3.5026087760925293,0.0,0.0,0.0,0.0,3.5026087760925293,0.0,25,32300,47.6194925,-122.3629144,3.658313512363139
2693,1728408038.583,1,220,0,0,185,0,0,3,476194925,-1223629144,0.0,0.6000000238418579,3.5026087760925293,0.0,0.0,0.0,0.0,3.5026087760925293,0.0,25,32300,47.6194925,-122.3629144,3.6536353824671313
2694,1728408039.113,1,220,0,0,185,0,0,3,476194946,-1223629109,0.0,0.6000000238418579,3.8596103191375732,0.0,0.0,0.0,0.0,3.8596103191375732,0.0,25,32400,47.6194946,-122.3629109,3.654303067793343
2695,1728408039.35,1,220,0,0,185,0,0,3,476194946,-1223629109,0.0,0.6000000238418579,3.8596103191375732,0.0,0.0,0.0,0.0,3.8596103191375732,0.0,25,32400,47.6194946,-122.3629109,3.646973033962953
2696,1728408039.6169999,1,220,0,0,185,0,0,3,476194917,-1223629179,0.0,0.6000000238418579,3.6231179237365723,0.0,0.0,0.0,0.0,3.6231179237365723,0.0,25,32300,47.6194917,-122.3629179,3.66300363741163
2697,1728408039.886,1,220,0,0,185,0,0,3,476194917,-1223629179,0.0,0.6000000238418579,3.5393946170806885,0.0,0.0,0.0,0.0,3.5393946170806885,0.0,25,32300,47.6194917,-122.3629179,3.646308024278096
2698,1728408040.1309998,1,220,0,0,185,0,0,3,476194917,-1223629189,0.0,0.6000000238418579,3.5393946170806885,0.0,0.0,0.0,0.0,3.5393946170806885,0.0,25,32300,47.6194917,-122.3629189,3.642987243216351
2699,1728408040.3969998,1,220,0,0,185,0,0,3,476194917,-1223629189,0.0,0.6000000238418579,3.5393946170806885,0.0,0.0,0.0,0.0,3.5393946170806885,0.0,25,32300,47.6194917,-122.3629189,3.632401146678224
2700,1728408040.704,1,220,0,0,185,0,0,3,476194933,-1223629169,0.0,0.6000000238418579,3.513873815536499,0.0,0.0,0.0,0.0,3.513873815536499,0.0,25,32300,47.6194933,-122.3629169,3.6463081827735553
2701,1728408040.985,1,220,0,0,185,0,0,3,476194862,-1223629333,0.0,0.6000000238418579,3.47733211517334,0.0,0.0,0.0,0.0,3.47733211517334,0.0,25,32300,47.6194862,-122.3629333,3.6350418987514006
2702,1728408041.201,1,220,0,0,185,0,0,3,476194862,-1223629333,0.0,0.6000000238418579,3.47733211517334,0.0,0.0,0.0,0.0,3.47733211517334,0.0,25,32300,47.6194862,-122.3629333,3.649635023793565
2703,1728408041.477,1,220,0,0,185,0,0,3,476194835,-1223629402,0.0,0.6000000238418579,3.477332353591919,0.0,0.0,0.0,0.0,3.477332353591919,0.0,25,32400,47.6194835,-122.3629402,3.6416606870284185
2704,1728408041.7229998,1,220,0,0,185,0,0,3,476194835,-1223629402,0.0,0.6000000238418579,3.477332353591919,0.0,0.0,0.0,0.0,3.477332353591919,0.0,25,32400,47.6194835,-122.3629402,3.6416605289367303
2705,1728408042.0019999,1,220,0,0,185,0,0,3,476194826,-1223629422,0.0,0.6000000238418579,3.4761452674865723,0.0,0.0,0.0,0.0,3.4761452674865723,0.0,25,32799,47.6194826,-122.3629422,3.6416605289367303
2706,1728408042.257,1,220,0,0,185,0,0,3,476194826,-1223629422,0.0,0.6000000238418579,3.4761452674865723,0.0,0.0,0.0,0.0,3.4761452674865723,0.0,25,32799,47.6194826,-122.3629422,3.631081973179469
2707,1728408042.536,1,220,0,0,185,0,0,3,476194841,-1223629404,0.0,0.6000000238418579,3.4800221920013428,0.0,0.0,0.0,0.0,3.4800221920013428,0.0,25,32799,47.6194841,-122.3629404,3.640334938615678
2708,1728408042.781,1,220,0,0,185,0,0,3,476194841,-1223629404,0.0,0.6000000238418579,3.4800221920013428,0.0,0.0,0.0,0.0,3.4800221920013428,0.0,25,32799,47.6194841,-122.3629404,3.6396723473634096
2709,1728408043.0519998,1,220,0,0,185,0,0,3,476194861,-1223629370,0.0,0.6000000238418579,3.4854369163513184,0.0,0.0,0.0,0.0,3.4854369163513184,0.0,25,32700,47.6194861,-122.362937,3.6456434155099497
2710,1728408043.2979999,1,220,0,0,185,0,0,3,476194861,-1223629370,0.0,0.6000000238418579,3.4854369163513184,0.0,0.0,0.0,0.0,3.4854369163513184,0.0,25,32700,47.6194861,-122.362937,3.647638127648428
2711,1728408043.564,1,220,0,0,185,0,0,3,476194883,-1223629325,0.0,0.6000000238418579,3.486530303955078,0.0,0.0,0.0,0.0,3.486530303955078,0.0,25,32700,47.6194883,-122.3629325,3.6913990519319055
2712,1728408043.809,1,220,0,0,185,0,0,3,476194883,-1223629325,0.0,0.6000000238418579,3.486530303955078,0.0,0.0,0.0,0.0,3.486530303955078,0.0,25,32700,47.6194883,-122.3629325,3.6523010615461295
2713,1728408044.0749998,1,220,0,0,185,0,0,3,476194883,-1223629325,0.0,0.6000000238418579,3.486530303955078,0.0,0.0,0.0,0.0,3.486530303955078,0.0,25,32700,47.6194883,-122.3629325,3.66300363741163
2714,1728408044.605,1,220,0,0,185,0,0,3,476194933,-1223629230,0.0,0.6000000238418579,3.847130537033081,0.0,0.0,0.0,0.0,3.847130537033081,0.0,25,32700,47.6194933,-122.362923,3.644978890592817
2715,1728408044.842,1,220,0,0,185,0,0,3,476194933,-1223629230,0.0,0.6000000238418579,3.847130537033081,0.0,0.0,0.0,0.0,3.847130537033081,0.0,25,32700,47.6194933,-122.362923,3.633060778243268
2716,1728408045.125,1,220,0,0,185,0,0,3,476194958,-1223629172,0.0,0.6000000238418579,3.6274101734161377,0.0,0.0,0.0,0.0,3.6274101734161377,0.0,25,32700,47.6194958,-122.3629172,3.658313512363139
2717,1728408045.3799999,1,220,0,0,185,0,0,3,476194958,-1223629172,0.0,0.6000000238418579,3.6274101734161377,0.0,0.0,0.0,0.0,3.6274101734161377,0.0,25,32700,47.6194958,-122.3629172,3.657644520336085
2718,1728408045.626,1,220,0,0,185,0,0,3,476194980,-1223629124,0.0,0.6000000238418579,3.581874132156372,0.0,0.0,0.0,0.0,3.581874132156372,0.0,25,32700,47.619498,-122.3629124,3.644314924534089
2719,1728408045.883,1,220,0,0,185,0,0,3,476194980,-1223629124,0.0,0.6000000238418579,3.581874132156372,0.0,0.0,0.0,0.0,3.581874132156372,0.0,25,32700,47.619498,-122.3629124,3.6343812327362617
2720,1728408046.187,1,220,0,0,185,0,0,3,476195007,-1223629065,0.0,0.6000000238418579,3.5886452198028564,0.0,0.0,0.0,0.0,3.5886452198028564,0.0,25,32700,47.6195007,-122.3629065,3.638348203808547
2721,1728408046.4029999,1,220,0,0,185,0,0,3,476195007,-1223629065,0.0,0.6000000238418579,3.5886452198028564,0.0,0.0,0.0,0.0,3.5886452198028564,0.0,25,32700,47.6195007,-122.3629065,3.6264731857783903
2722,1728408046.6769998,1,220,0,0,185,0,0,3,476195034,-1223628998,0.0,0.6000000238418579,3.602898120880127,0.0,0.0,0.0,0.0,3.602898120880127,0.0,25,32700,47.6195034,-122.3628998,3.618599634421966
2723,1728408046.937,1,220,0,0,185,0,0,3,476195034,-1223628998,0.0,0.6000000238418579,3.602898120880127,0.0,0.0,0.0,0.0,3.602898120880127,0.0,25,32700,47.6195034,-122.3628998,3.6324009893894638
2724,1728408047.21,1,220,0,0,185,0,0,3,476194952,-1223629174,0.0,0.6000000238418579,3.568850517272949,0.0,0.0,0.0,0.0,3.568850517272949,0.0,25,32700,47.6194952,-122.3629174,3.6159827093722297
2725,1728408047.507,1,220,0,0,185,0,0,3,476194925,-1223629244,0.0,0.6000000238418579,3.5980801582336426,0.0,0.0,0.0,0.0,3.5980801582336426,0.0,25,32700,47.6194925,-122.3629244,3.6107601980333457
2726,1728408047.724,1,220,0,0,185,0,0,3,476194925,-1223629244,0.0,0.6000000238418579,3.5980801582336426,0.0,0.0,0.0,0.0,3.5980801582336426,0.0,25,32700,47.6194925,-122.3629244,3.637025023372522
2727,1728408048.004,1,220,0,0,185,0,0,3,476194926,-1223629256,0.0,0.6000000238418579,3.6369400024414062,0.0,0.0,0.0,0.0,3.6369400024414062,0.0,25,32700,47.6194926,-122.3629256,3.646973033962953
2728,1728408048.2689998,1,220,0,0,185,0,0,3,476194926,-1223629256,0.0,0.6000000238418579,3.6369400024414062,0.0,0.0,0.0,0.0,3.6369400024414062,0.0,25,32700,47.6194926,-122.3629256,3.6277888551574917
2729,1728408048.5549998,1,220,0,0,185,0,0,3,476194916,-1223629289,0.0,0.6000000238418579,3.670969009399414,0.0,0.0,0.0,0.0,3.670969009399414,0.0,25,32700,47.6194916,-122.3629289,3.6225322100439645
2730,1728408048.7949998,1,220,0,0,185,0,0,3,476194916,-1223629289,0.0,0.6000000238418579,3.670969009399414,0.0,0.0,0.0,0.0,3.670969009399414,0.0,25,32700,47.6194916,-122.3629289,3.6523010615461295
2731,1728408049.079,1,220,0,0,185,0,0,3,476194936,-1223629263,0.0,0.6000000238418579,3.719249963760376,0.0,0.0,0.0,0.0,3.719249963760376,0.0,25,32700,47.6194936,-122.3629263,3.6140223035533716
2732,1728408049.336,1,220,0,0,185,0,0,3,476194936,-1223629263,0.0,0.6000000238418579,3.719249963760376,0.0,0.0,0.0,0.0,3.719249963760376,0.0,25,32700,47.6194936,-122.3629263,3.633060778243268
2733,1728408049.5809999,1,220,0,0,185,0,0,3,476194936,-1223629263,0.0,0.6000000238418579,3.719249963760376,0.0,0.0,0.0,0.0,3.719249963760376,0.0,25,32700,47.6194936,-122.3629263,3.6429874014232504
2734,1728408050.136,1,220,0,0,185,0,0,3,476194998,-1223629165,0.0,0.6000000238418579,4.152073383331299,0.0,0.0,0.0,0.0,4.152073383331299,0.0,25,32700,47.6194998,-122.3629165,3.6476382862595407
2735,1728408050.3809998,1,220,0,0,185,0,0,3,476194998,-1223629165,0.0,0.6000000238418579,4.152073383331299,0.0,0.0,0.0,0.0,4.152073383331299,0.0,25,32700,47.6194998,-122.3629165,3.644314924534089
2736,1728408050.6239998,1,220,0,0,185,0,0,3,476195037,-1223629083,0.0,0.6000000238418579,3.9511282444000244,0.0,0.0,0.0,0.0,3.9511282444000244,0.0,25,32700,47.6195037,-122.3629083,3.6456434155099497
2737,1728408050.8639998,1,220,0,0,185,0,0,3,476195037,-1223629083,0.0,0.6000000238418579,3.9511282444000244,0.0,0.0,0.0,0.0,3.9511282444000244,0.0,25,32700,47.6195037,-122.3629083,3.6416606870284185
2738,1728408051.139,1,220,0,0,185,0,0,3,476195054,-1223629039,0.0,0.6000000238418579,3.892662763595581,0.0,0.0,0.0,0.0,3.892662763595581,0.0,25,32600,47.6195054,-122.3629039,3.6523009025292525
2739,1728408051.4039998,1,220,0,0,185,0,0,3,476195054,-1223629039,0.0,0.6000000238418579,3.892662763595581,0.0,0.0,0.0,0.0,3.892662763595581,0.0,25,32600,47.6195054,-122.3629039,3.633060778243268
2740,1728408051.6629999,1,220,0,0,185,0,0,3,476195080,-1223628974,0.0,0.6000000238418579,3.8798623085021973,0.0,0.0,0.0,0.0,3.8798623085021973,0.0,25,32600,47.619508,-122.3628974,3.637686335519545
2741,1728408051.937,1,220,0,0,185,0,0,3,476195080,-1223628974,0.0,0.6000000238418579,3.823089838027954,0.0,0.0,0.0,0.0,3.823089838027954,0.0,25,32600,47.619508,-122.3628974,3.6503012476920196
2742,1728408052.182,1,220,0,0,185,0,0,3,476195080,-1223628956,0.0,0.6000000238418579,3.823089838027954,0.0,0.0,0.0,0.0,3.823089838027954,0.0,25,32700,47.619508,-122.3628956,3.6596523905051206
2743,1728408052.4269998,1,220,0,0,185,0,0,3,476195080,-1223628956,0.0,0.6000000238418579,3.7872507572174072,0.0,0.0,0.0,0.0,3.7872507572174072,0.0,25,32700,47.619508,-122.3628956,3.649635023793565
2744,1728408052.6929998,1,220,0,0,185,0,0,3,476195030,-1223629054,0.0,0.6000000238418579,3.7872507572174072,0.0,0.0,0.0,0.0,3.7872507572174072,0.0,25,32700,47.619503,-122.3629054,3.6616624663324324
2745,1728408052.995,1,220,0,0,185,0,0,3,476195028,-1223629058,0.0,0.6000000238418579,3.740260124206543,0.0,0.0,0.0,0.0,3.740260124206543,0.0,25,32700,47.6195028,-122.3629058,3.649635023793565
2746,1728408053.21,1,220,0,0,185,0,0,3,476195028,-1223629058,0.0,0.6000000238418579,3.740260124206543,0.0,0.0,0.0,0.0,3.740260124206543,0.0,25,32700,47.6195028,-122.3629058,3.61990943977892
2747,1728408053.4959998,1,220,0,0,185,0,0,3,476195048,-1223629015,0.0,0.6000000238418579,3.7363553047180176,0.0,0.0,0.0,0.0,3.7363553047180176,0.0,25,32600,47.6195048,-122.3629015,3.635702489855292
2748,1728408053.745,1,220,0,0,185,0,0,3,476195048,-1223629015,0.0,0.6000000238418579,3.7363553047180176,0.0,0.0,0.0,0.0,3.7363553047180176,0.0,25,32600,47.6195048,-122.3629015,3.603603634564543
2749,1728408054.06,1,220,0,0,185,0,0,3,476195041,-1223629025,0.0,0.6000000238418579,3.701519012451172,0.0,0.0,0.0,0.0,3.701519012451172,0.0,25,32600,47.6195041,-122.3629025,3.6396723473634096
2750,1728408054.293,1,220,0,0,185,0,0,3,476195041,-1223629025,0.0,0.6000000238418579,3.701519012451172,0.0,0.0,0.0,0.0,3.701519012451172,0.0,25,32600,47.6195041,-122.3629025,3.643650883797114
2751,1728408054.5579998,1,220,0,0,185,0,0,3,476195043,-1223629019,0.0,0.6000000238418579,3.687106132507324,0.0,0.0,0.0,0.0,3.687106132507324,0.0,25,32700,47.6195043,-122.3629019,3.640334938615678
2752,1728408054.8009999,1,220,0,0,185,0,0,3,476195043,-1223629019,0.0,0.6000000238418579,3.687106132507324,0.0,0.0,0.0,0.0,3.687106132507324,0.0,25,32700,47.6195043,-122.3629019,3.6304229027939896
2753,1728408055.0609999,1,220,0,0,185,0,0,3,476195043,-1223629019,0.0,0.6000000238418579,3.687106132507324,0.0,0.0,0.0,0.0,3.687106132507324,0.0,25,32700,47.6195043,-122.3629019,3.6238448643714087
2754,1728408055.5979998,1,220,0,0,185,0,0,3,476195023,-1223629051,0.0,0.6000000238418579,3.9683258533477783,0.0,0.0,0.0,0.0,3.9683258533477783,0.0,25,32700,47.6195023,-122.3629051,3.6277888551574917
2755,1728408055.8609998,1,220,0,0,185,0,0,3,476195023,-1223629051,0.0,0.6000000238418579,3.9683258533477783,0.0,0.0,0.0,0.0,3.9683258533477783,0.0,25,32700,47.6195023,-122.3629051,3.650301088849234
2756,1728408056.149,1,220,0,0,185,0,0,3,476195042,-1223629012,0.0,0.6000000238418579,3.7238121032714844,0.0,0.0,0.0,0.0,3.7238121032714844,0.0,25,32700,47.6195042,-122.3629012,3.6245017049434782
2757,1728408056.365,1,220,0,0,185,0,0,3,476195042,-1223629012,0.0,0.6000000238418579,3.7238121032714844,0.0,0.0,0.0,0.0,3.7238121032714844,0.0,25,32700,47.6195042,-122.3629012,3.6363636363636362
2758,1728408056.689,1,220,0,0,185,0,0,3,476195015,-1223629073,0.0,0.6000000238418579,3.600703716278076,0.0,0.0,0.0,0.0,3.600703716278076,0.0,25,32700,47.6195015,-122.3629073,3.625158627008024
2759,1728408056.899,1,220,0,0,185,0,0,3,476195023,-1223629063,0.0,0.6000000238418579,3.563506841659546,0.0,0.0,0.0,0.0,3.563506841659546,0.0,25,32799,47.6195023,-122.3629063,3.650301088849234
2760,1728408057.152,1,220,0,0,185,0,0,3,476195023,-1223629063,0.0,0.6000000238418579,3.563506841659546,0.0,0.0,0.0,0.0,3.563506841659546,0.0,25,32799,47.6195023,-122.3629063,3.6416606870284185
2761,1728408057.431,1,220,0,0,185,0,0,3,476194998,-1223629119,0.0,0.6000000238418579,3.4646694660186768,0.0,0.0,0.0,0.0,3.4646694660186768,0.0,26,32900,47.6194998,-122.3629119,3.6370248656830646
2762,1728408057.691,1,220,0,0,185,0,0,3,476194998,-1223629119,0.0,0.6000000238418579,3.4646694660186768,0.0,0.0,0.0,0.0,3.4646694660186768,0.0,26,32900,47.6194998,-122.3629119,3.6304229027939896
2763,1728408057.9459999,1,220,0,0,185,0,0,3,476195011,-1223629093,0.0,0.6000000238418579,3.3864481449127197,0.0,0.0,0.0,0.0,3.3864481449127197,0.0,26,32900,47.6195011,-122.3629093,3.61990943977892
2764,1728408058.2059999,1,220,0,0,185,0,0,3,476195011,-1223629093,0.0,0.6000000238418579,3.3864481449127197,0.0,0.0,0.0,0.0,3.3864481449127197,0.0,26,32900,47.6195011,-122.3629093,3.6317412829049123
2765,1728408058.474,1,220,0,0,185,0,0,3,476195013,-1223629093,0.0,0.6000000238418579,3.3243560791015625,0.0,0.0,0.0,0.0,3.3243560791015625,0.0,26,32799,47.6195013,-122.3629093,3.6456434155099497
2766,1728408058.728,1,220,0,0,185,0,0,3,476195013,-1223629093,0.0,0.6000000238418579,3.3243560791015625,0.0,0.0,0.0,0.0,3.3243560791015625,0.0,26,32799,47.6195013,-122.3629093,3.651634107534223
2767,1728408058.9959998,1,220,0,0,185,0,0,3,476195022,-1223629069,0.0,0.6000000238418579,3.3042004108428955,0.0,0.0,0.0,0.0,3.3042004108428955,0.0,26,32799,47.6195022,-122.3629069,3.6114121479392054
2768,1728408059.2619998,1,220,0,0,185,0,0,3,476195022,-1223629069,0.0,0.6000000238418579,3.3042004108428955,0.0,0.0,0.0,0.0,3.3042004108428955,0.0,26,32799,47.6195022,-122.3629069,3.6697247385346583
2769,1728408059.539,1,220,0,0,185,0,0,3,476194987,-1223629142,0.0,0.6000000238418579,3.269134759902954,0.0,0.0,0.0,0.0,3.269134759902954,0.0,26,32900,47.6194987,-122.3629142,3.6172906206028235
2770,1728408059.7849998,1,220,0,0,185,0,0,3,476194987,-1223629142,0.0,0.6000000238418579,3.269134759902954,0.0,0.0,0.0,0.0,3.269134759902954,0.0,26,32900,47.6194987,-122.3629142,3.6172906206028235
2771,1728408060.057,1,220,0,0,185,0,0,3,476194982,-1223629146,0.0,0.6000000238418579,3.2260680198669434,0.0,0.0,0.0,0.0,3.2260680198669434,0.0,26,32900,47.6194982,-122.3629146,3.618599634421966
2772,1728408060.31,1,220,0,0,185,0,0,3,476194982,-1223629146,0.0,0.6000000238418579,3.2260680198669434,0.0,0.0,0.0,0.0,3.2260680198669434,0.0,26,32900,47.6194982,-122.3629146,3.644979048972749
2773,1728408060.586,1,220,0,0,185,0,0,3,476194982,-1223629146,0.0,0.6000000238418579,3.2260680198669434,0.0,0.0,0.0,0.0,3.2260680198669434,0.0,26,32900,47.6194982,-122.3629146,3.6370248656830646
2774,1728408061.105,1,220,0,0,185,0,0,3,476194933,-1223629252,0.0,0.6000000238418579,3.5010554790496826,0.0,0.0,0.0,0.0,3.5010554790496826,0.0,26,32700,47.6194933,-122.3629252,3.644979048972749
2775,1728408061.347,1,220,0,0,185,0,0,3,476194933,-1223629252,0.0,0.6000000238418579,3.5010554790496826,0.0,0.0,0.0,0.0,3.5010554790496826,0.0,26,32700,47.6194933,-122.3629252,3.642987243216351
2776,1728408061.626,1,220,0,0,185,0,0,3,476194921,-1223629275,0.0,0.6000000238418579,3.26488995552063,0.0,0.0,0.0,0.0,3.26488995552063,0.0,26,32500,47.6194921,-122.3629275,3.6463081827735553
2777,1728408061.9029999,1,220,0,0,185,0,0,3,476194919,-1223629289,0.0,0.6000000238418579,3.157221555709839,0.0,0.0,0.0,0.0,3.157221555709839,0.0,26,32400,47.6194919,-122.3629289,3.6192544185960625
2778,1728408062.139,1,220,0,0,185,0,0,3,476194919,-1223629289,0.0,0.6000000238418579,3.157221555709839,0.0,0.0,0.0,0.0,3.157221555709839,0.0,26,32400,47.6194919,-122.3629289,3.625815787243145
2779,1728408062.428,1,220,0,0,185,0,0,3,476194921,-1223629298,0.0,0.6000000238418579,3.080350399017334,0.0,0.0,0.0,0.0,3.080350399017334,0.0,26,32300,47.6194921,-122.3629298,3.638348203808547
2780,1728408062.681,1,220,0,0,185,0,0,3,476194921,-1223629298,0.0,0.6000000238418579,3.080350399017334,0.0,0.0,0.0,0.0,3.080350399017334,0.0,26,32300,47.6194921,-122.3629298,3.627130822743402
2781,1728408062.958,1,220,0,0,185,0,0,3,476194927,-1223629301,0.0,0.6000000238418579,3.0454516410827637,0.0,0.0,0.0,0.0,3.0454516410827637,0.0,26,32200,47.6194927,-122.3629301,3.6212203500077984
2782,1728408063.178,1,220,0,0,185,0,0,3,476194927,-1223629301,0.0,0.6000000238418579,3.0454516410827637,0.0,0.0,0.0,0.0,3.0454516410827637,0.0,26,32200,47.6194927,-122.3629301,3.6238448643714087
2783,1728408063.445,1,220,0,0,185,0,0,3,476194933,-1223629294,0.0,0.6000000238418579,3.0195724964141846,0.0,0.0,0.0,0.0,3.0195724964141846,0.0,26,31900,47.6194933,-122.3629294,3.644979048972749
2784,1728408063.6929998,1,220,0,0,185,0,0,3,476194933,-1223629294,0.0,0.6000000238418579,3.0195724964141846,0.0,0.0,0.0,0.0,3.0195724964141846,0.0,26,31900,47.6194933,-122.3629294,3.618599634421966
2785,1728408063.964,1,220,0,0,185,0,0,3,476194930,-1223629295,0.0,0.6000000238418579,2.9845707416534424,0.0,0.0,0.0,0.0,2.9845707416534424,0.0,26,31399,47.619493,-122.3629295,3.61990943977892
2786,1728408064.2129998,1,220,0,0,185,0,0,3,476194930,-1223629295,0.0,0.6000000238418579,2.9845707416534424,0.0,0.0,0.0,0.0,2.9845707416534424,0.0,26,31399,47.619493,-122.3629295,3.61990943977892
2787,1728408064.5219998,1,220,0,0,185,0,0,3,476194927,-1223629305,0.0,0.6000000238418579,2.9843385219573975,0.0,0.0,0.0,0.0,2.9843385219573975,0.0,26,30400,47.6194927,-122.3629305,3.640334938615678
2788,1728408064.7779999,1,220,0,0,185,0,0,3,476194927,-1223629305,0.0,0.6000000238418579,2.9843385219573975,0.0,0.0,0.0,0.0,2.9843385219573975,0.0,26,30400,47.6194927,-122.3629305,3.62713097957608
2789,1728408065.036,1,220,0,0,185,0,0,3,476194921,-1223629323,0.0,0.6000000238418579,3.0084054470062256,0.0,0.0,0.0,0.0,3.0084054470062256,0.0,26,30100,47.6194921,-122.3629323,3.639672505282523
2790,1728408065.299,1,220,0,0,185,0,0,3,476194921,-1223629323,0.0,0.6000000238418579,3.0084054470062256,0.0,0.0,0.0,0.0,3.0084054470062256,0.0,26,30100,47.6194921,-122.3629323,3.6363636363636362
2791,1728408065.58,1,220,0,0,185,0,0,3,476194917,-1223629331,0.0,0.6000000238418579,3.0652523040771484,0.0,0.0,0.0,0.0,3.0652523040771484,0.0,26,30400,47.6194917,-122.3629331,3.643650883797114
2792,1728408065.829,1,220,0,0,185,0,0,3,476194917,-1223629331,0.0,0.6000000238418579,3.0652523040771484,0.0,0.0,0.0,0.0,3.0652523040771484,0.0,26,30400,47.6194917,-122.3629331,3.625815787243145
2793,1728408066.073,1,220,0,0,185,0,0,3,476194917,-1223629331,0.0,0.6000000238418579,3.0652523040771484,0.0,0.0,0.0,0.0,3.0652523040771484,0.0,26,30400,47.6194917,-122.3629331,3.602954500620013
2794,1728408066.632,1,220,0,0,185,0,0,3,476194890,-1223629380,0.0,0.6000000238418579,3.5394210815429688,0.0,0.0,0.0,0.0,3.5394210815429688,0.0,26,30700,47.619489,-122.362938,3.610760042613178
2795,1728408066.872,1,220,0,0,185,0,0,3,476194890,-1223629380,0.0,0.6000000238418579,3.5394210815429688,0.0,0.0,0.0,0.0,3.5394210815429688,0.0,26,30700,47.619489,-122.362938,3.6212203500077984
2796,1728408067.151,1,220,0,0,185,0,0,3,476194867,-1223629438,0.0,0.6000000238418579,3.434159278869629,0.0,0.0,0.0,0.0,3.434159278869629,0.0,26,30600,47.6194867,-122.3629438,3.6062026661095254
2797,1728408067.3969998,1,220,0,0,185,0,0,3,476194867,-1223629438,0.0,0.6000000238418579,3.4771504402160645,0.0,0.0,0.0,0.0,3.4771504402160645,0.0,26,30600,47.6194867,-122.3629438,3.63504174123386
2798,1728408067.6529999,1,220,0,0,185,0,0,3,476194853,-1223629474,0.0,0.6000000238418579,3.4771504402160645,0.0,0.0,0.0,0.0,3.4771504402160645,0.0,26,30600,47.6194853,-122.3629474,3.637686335519545
2799,1728408067.9229999,1,220,0,0,185,0,0,3,476194841,-1223629506,0.0,0.6000000238418579,3.524184226989746,0.0,0.0,0.0,0.0,3.524184226989746,0.0,26,30600,47.6194841,-122.3629506,3.6264733425542026
2800,1728408068.181,1,220,0,0,185,0,0,3,476194841,-1223629506,0.0,0.6000000238418579,3.524184226989746,0.0,0.0,0.0,0.0,3.524184226989746,0.0,26,30600,47.6194841,-122.3629506,3.639010312992069
2801,1728408068.447,1,220,0,0,185,0,0,3,476194828,-1223629539,0.0,0.6000000238418579,3.555143117904663,0.0,0.0,0.0,0.0,3.555143117904663,0.0,26,30700,47.6194828,-122.3629539,3.642987243216351
2802,1728408068.694,1,220,0,0,185,0,0,3,476194828,-1223629539,0.0,0.6000000238418579,3.555143117904663,0.0,0.0,0.0,0.0,3.555143117904663,0.0,26,30700,47.6194828,-122.3629539,3.649635023793565
2803,1728408068.9959998,1,220,0,0,185,0,0,3,476194842,-1223629524,0.0,0.6000000238418579,3.539973497390747,0.0,0.0,0.0,0.0,3.539973497390747,0.0,26,30700,47.6194842,-122.3629524,3.638348203808547
2804,1728408069.2319999,1,220,0,0,185,0,0,3,476194842,-1223629524,0.0,0.6000000238418579,3.539973497390747,0.0,0.0,0.0,0.0,3.539973497390747,0.0,26,30700,47.6194842,-122.3629524,3.6324009893894638
2805,1728408069.487,1,220,0,0,185,0,0,3,476194842,-1223629531,0.0,0.6000000238418579,3.4777235984802246,0.0,0.0,0.0,0.0,3.4777235984802246,0.0,26,30800,47.6194842,-122.3629531,3.6127167542928156
2806,1728408069.7589998,1,220,0,0,185,0,0,3,476194842,-1223629531,0.0,0.6000000238418579,3.4777235984802246,0.0,0.0,0.0,0.0,3.4777235984802246,0.0,26,30800,47.6194842,-122.3629531,3.642323844337459
2807,1728408070.024,1,220,0,0,185,0,0,3,476194842,-1223629534,0.0,0.6000000238418579,3.4987709522247314,0.0,0.0,0.0,0.0,3.4987709522247314,0.0,26,31000,47.6194842,-122.3629534,3.631741440136545
2808,1728408070.276,1,220,0,0,185,0,0,3,476194842,-1223629534,0.0,0.6000000238418579,3.4987709522247314,0.0,0.0,0.0,0.0,3.4987709522247314,0.0,26,31000,47.6194842,-122.3629534,3.6245015483380914
2809,1728408070.5509999,1,220,0,0,185,0,0,3,476194901,-1223629422,0.0,0.6000000238418579,3.5072996616363525,0.0,0.0,0.0,0.0,3.5072996616363525,0.0,26,31000,47.6194901,-122.3629422,3.6205646980992463
2810,1728408070.7949998,1,220,0,0,185,0,0,3,476194901,-1223629422,0.0,0.6000000238418579,3.5072996616363525,0.0,0.0,0.0,0.0,3.5072996616363525,0.0,26,31000,47.6194901,-122.3629422,3.6503012476920196
2811,1728408071.07,1,220,0,0,185,0,0,3,476194926,-1223629359,0.0,0.6000000238418579,3.5718491077423096,0.0,0.0,0.0,0.0,3.5718491077423096,0.0,26,31100,47.6194926,-122.3629359,3.62713097957608
2812,1728408071.309,1,220,0,0,185,0,0,3,476194926,-1223629359,0.0,0.6000000238418579,3.5718491077423096,0.0,0.0,0.0,0.0,3.5718491077423096,0.0,26,31100,47.6194926,-122.3629359,3.637025023372522
2813,1728408071.57,1,220,0,0,185,0,0,3,476194926,-1223629359,0.0,0.6000000238418579,3.5718491077423096,0.0,0.0,0.0,0.0,3.5718491077423096,0.0,26,31100,47.6194926,-122.3629359,3.6656890893306247
2814,1728408072.138,1,220,0,0,185,0,0,3,476194936,-1223629329,0.0,0.6000000238418579,3.9858663082122803,0.0,0.0,0.0,0.0,3.9858663082122803,0.0,26,31100,47.6194936,-122.3629329,3.6589827491554807
2815,1728408072.408,1,220,0,0,185,0,0,3,476194936,-1223629329,0.0,0.6000000238418579,3.770580291748047,0.0,0.0,0.0,0.0,3.770580291748047,0.0,26,31100,47.6194936,-122.3629329,3.6416606870284185
2816,1728408072.642,1,220,0,0,185,0,0,3,476194954,-1223629274,0.0,0.6000000238418579,3.770580291748047,0.0,0.0,0.0,0.0,3.770580291748047,0.0,26,31300,47.6194954,-122.3629274,3.6623327691939283
2817,1728408072.9039998,1,220,0,0,185,0,0,3,476194954,-1223629274,0.0,0.6000000238418579,3.679511785507202,0.0,0.0,0.0,0.0,3.679511785507202,0.0,26,31300,47.6194954,-122.3629274,3.662332929085556
2818,1728408073.171,1,220,0,0,185,0,0,3,476194963,-1223629231,0.0,0.6000000238418579,3.679511785507202,0.0,0.0,0.0,0.0,3.679511785507202,0.0,26,32500,47.6194963,-122.3629231,3.656975772940062
2819,1728408073.447,1,220,0,0,185,0,0,3,476194966,-1223629206,0.0,0.6000000238418579,3.591888189315796,0.0,0.0,0.0,0.0,3.591888189315796,0.0,26,32700,47.6194966,-122.3629206,3.6784991478191236
2820,1728408073.6599998,1,220,0,0,185,0,0,3,476194966,-1223629206,0.0,0.6000000238418579,3.591888189315796,0.0,0.0,0.0,0.0,3.591888189315796,0.0,26,32700,47.6194966,-122.3629206,3.6697247385346583
2821,1728408073.961,1,220,0,0,185,0,0,3,476194963,-1223629197,0.0,0.6000000238418579,3.4320414066314697,0.0,0.0,0.0,0.0,3.4320414066314697,0.0,26,32600,47.6194963,-122.3629197,3.6370248656830646
2822,1728408074.1929998,1,220,0,0,185,0,0,3,476194963,-1223629197,0.0,0.6000000238418579,3.4320414066314697,0.0,0.0,0.0,0.0,3.4320414066314697,0.0,26,32600,47.6194963,-122.3629197,3.6523010615461295
2823,1728408074.452,1,220,0,0,185,0,0,3,476194935,-1223629264,0.0,0.6000000238418579,3.2769649028778076,0.0,0.0,0.0,0.0,3.2769649028778076,0.0,26,32300,47.6194935,-122.3629264,3.644979048972749
2824,1728408074.698,1,220,0,0,185,0,0,3,476194935,-1223629264,0.0,0.6000000238418579,3.2769649028778076,0.0,0.0,0.0,0.0,3.2769649028778076,0.0,26,32300,47.6194935,-122.3629264,3.3495227176252342
2825,1728408074.9789999,1,220,0,0,185,0,0,3,476194975,-1223629160,0.0,0.6000000238418579,3.0913822650909424,0.0,0.0,0.0,0.0,3.0913822650909424,0.0,26,32200,47.6194975,-122.362916,3.3517680533648466
2826,1728408075.22,1,220,0,0,185,0,0,3,476194975,-1223629160,0.0,0.6000000238418579,3.0913822650909424,0.0,0.0,0.0,0.0,3.0913822650909424,0.0,26,32200,47.6194975,-122.362916,3.3372267475648125
2827,1728408075.485,1,220,0,0,185,0,0,3,476194995,-1223629104,0.0,0.6000000238418579,3.040408134460449,0.0,0.0,0.0,0.0,3.040408134460449,0.0,26,32200,47.6194995,-122.3629104,3.327786894896843
2828,1728408075.745,1,220,0,0,185,0,0,3,476194995,-1223629104,0.0,0.6000000238418579,3.040408134460449,0.0,0.0,0.0,0.0,3.040408134460449,0.0,26,32200,47.6194995,-122.3629104,3.3495227176252342
2829,1728408075.988,1,220,0,0,185,0,0,3,476195003,-1223629085,0.0,0.6000000238418579,3.005537271499634,0.0,0.0,0.0,0.0,3.005537271499634,0.0,26,31900,47.6195003,-122.3629085,3.3472803881542315
2830,1728408076.245,1,220,0,0,185,0,0,3,476195003,-1223629085,0.0,0.6000000238418579,3.005537271499634,0.0,0.0,0.0,0.0,3.005537271499634,0.0,26,31900,47.6195003,-122.3629085,3.318400426977716
2831,1728408076.569,1,220,0,0,185,0,0,3,476194956,-1223629202,0.0,0.6000000238418579,2.9864420890808105,0.0,0.0,0.0,0.0,2.9864420890808105,0.0,26,31600,47.6194956,-122.3629202,3.337783787050823
2832,1728408076.7849998,1,220,0,0,185,0,0,3,476194956,-1223629202,0.0,0.6000000238418579,2.9864420890808105,0.0,0.0,0.0,0.0,2.9864420890808105,0.0,26,31600,47.6194956,-122.3629202,3.325020723390099
2833,1728408077.057,1,220,0,0,185,0,0,3,476194956,-1223629202,0.0,0.6000000238418579,2.9864420890808105,0.0,0.0,0.0,0.0,2.9864420890808105,0.0,26,31600,47.6194956,-122.3629202,3.3233631740841467
2834,1728408078.109,1,220,0,0,185,0,0,3,476194956,-1223629202,0.0,0.6000000238418579,3.6269986629486084,0.0,0.0,0.0,0.0,3.6269986629486084,0.0,26,31600,47.6194956,-122.3629202,3.329448993109159
2835,1728408078.375,1,220,0,0,185,0,0,3,476194962,-1223629205,0.0,0.6000000238418579,3.6269986629486084,0.0,0.0,0.0,0.0,3.6269986629486084,0.0,26,31600,47.6194962,-122.3629205,3.332777778197148
2836,1728408078.635,1,220,0,0,185,0,0,3,476194958,-1223629229,0.0,0.6000000238418579,3.339545249938965,0.0,0.0,0.0,0.0,3.339545249938965,0.0,26,31600,47.6194958,-122.3629229,3.3316676202615843
2837,1728408078.914,1,220,0,0,185,0,0,3,476194960,-1223629237,0.0,0.6000000238418579,3.26469087600708,0.0,0.0,0.0,0.0,3.26469087600708,0.0,26,31600,47.619496,-122.3629237,3.332222540581507
2838,1728408079.142,1,220,0,0,185,0,0,3,476194960,-1223629237,0.0,0.6000000238418579,3.26469087600708,0.0,0.0,0.0,0.0,3.26469087600708,0.0,26,31600,47.619496,-122.3629237,3.3151002859758343
2839,1728408079.422,1,220,0,0,185,0,0,3,476194960,-1223629237,0.0,0.6000000238418579,3.3348565101623535,0.0,0.0,0.0,0.0,3.3348565101623535,0.0,26,31600,47.619496,-122.3629237,3.309066892230738
2840,1728408079.687,1,220,0,0,185,0,0,3,476194969,-1223629229,0.0,0.6000000238418579,3.3348565101623535,0.0,0.0,0.0,0.0,3.3348565101623535,0.0,26,31600,47.6194969,-122.3629229,3.3167496011431123
2841,1728408079.9529998,1,220,0,0,185,0,0,3,476194973,-1223629226,0.0,0.6000000238418579,3.396183967590332,0.0,0.0,0.0,0.0,3.396183967590332,0.0,26,31600,47.6194973,-122.3629226,3.3283409192950906
2842,1728408080.208,1,220,0,0,185,0,0,3,476194973,-1223629226,0.0,0.6000000238418579,3.396183967590332,0.0,0.0,0.0,0.0,3.396183967590332,0.0,26,31600,47.6194973,-122.3629226,3.3244680671882256
2843,1728408080.47,1,220,0,0,185,0,0,3,476194965,-1223629248,0.0,0.6000000238418579,3.4176623821258545,0.0,0.0,0.0,0.0,3.4176623821258545,0.0,26,31600,47.6194965,-122.3629248,3.3344448668952142
2844,1728408080.705,1,220,0,0,185,0,0,3,476194965,-1223629248,0.0,0.6000000238418579,3.4176623821258545,0.0,0.0,0.0,0.0,3.4176623821258545,0.0,26,31600,47.6194965,-122.3629248,3.6563071106749936
2845,1728408080.98,1,220,0,0,185,0,0,3,476194958,-1223629274,0.0,0.6000000238418579,3.428309440612793,0.0,0.0,0.0,0.0,3.428309440612793,0.0,26,31600,47.6194958,-122.3629274,3.6703983178647848
2846,1728408081.2229998,1,220,0,0,185,0,0,3,476194958,-1223629274,0.0,0.6000000238418579,3.428309440612793,0.0,0.0,0.0,0.0,3.428309440612793,0.0,26,31600,47.6194958,-122.3629274,3.6529681001596686
2847,1728408081.487,1,220,0,0,185,0,0,3,476194956,-1223629301,0.0,0.6000000238418579,3.4389824867248535,0.0,0.0,0.0,0.0,3.4389824867248535,0.0,26,31500,47.6194956,-122.3629301,3.692080612154357
2848,1728408081.7779999,1,220,0,0,185,0,0,3,476194956,-1223629301,0.0,0.6000000238418579,3.4389824867248535,0.0,0.0,0.0,0.0,3.4389824867248535,0.0,26,31500,47.6194956,-122.3629301,3.666361187849892
2849,1728408082.0319998,1,220,0,0,185,0,0,3,476194952,-1223629331,0.0,0.6000000238418579,3.3916678428649902,0.0,0.0,0.0,0.0,3.3916678428649902,0.0,26,31500,47.6194952,-122.3629331,3.68595658734159
2850,1728408082.2749999,1,220,0,0,185,0,0,3,476194952,-1223629331,0.0,0.6000000238418579,3.3916678428649902,0.0,0.0,0.0,0.0,3.3916678428649902,0.0,26,31500,47.6194952,-122.3629331,3.680530147468961
2851,1728408082.5779998,1,220,0,0,185,0,0,3,476194944,-1223629369,0.0,0.6000000238418579,3.3860085010528564,0.0,0.0,0.0,0.0,3.3860085010528564,0.0,26,31500,47.6194944,-122.3629369,3.6907177432958362
2852,1728408082.8009999,1,220,0,0,185,0,0,3,476194944,-1223629369,0.0,0.6000000238418579,3.3860085010528564,0.0,0.0,0.0,0.0,3.3860085010528564,0.0,26,31500,47.6194944,-122.3629369,3.6825630677723797
2853,1728408083.0549998,1,220,0,0,185,0,0,3,476194944,-1223629369,0.0,0.6000000238418579,3.3860085010528564,0.0,0.0,0.0,0.0,3.3860085010528564,0.0,26,31500,47.6194944,-122.3629369,3.694808883477354
2854,1728408083.579,1,220,0,0,185,0,0,3,476194964,-1223629360,0.0,0.6000000238418579,3.718153238296509,0.0,0.0,0.0,0.0,3.718153238296509,0.0,26,31500,47.6194964,-122.362936,3.676470549564461
2855,1728408083.824,1,220,0,0,185,0,0,3,476194964,-1223629360,0.0,0.6000000238418579,3.718153238296509,0.0,0.0,0.0,0.0,3.718153238296509,0.0,26,31500,47.6194964,-122.362936,3.669724899072381
2856,1728408084.11,1,220,0,0,185,0,0,3,476194976,-1223629361,0.0,0.6000000238418579,3.542905569076538,0.0,0.0,0.0,0.0,3.542905569076538,0.0,26,31500,47.6194976,-122.3629361,3.68935620474566
2857,1728408084.3309999,1,220,0,0,185,0,0,3,476194976,-1223629361,0.0,0.6000000238418579,3.542905569076538,0.0,0.0,0.0,0.0,3.542905569076538,0.0,26,31500,47.6194976,-122.3629361,3.66568924951545
2858,1728408084.597,1,220,0,0,185,0,0,3,476194966,-1223629399,0.0,0.6000000238418579,3.525820016860962,0.0,0.0,0.0,0.0,3.525820016860962,0.0,26,31399,47.6194966,-122.3629399,3.68935620474566
2859,1728408084.8479998,1,220,0,0,185,0,0,3,476194966,-1223629399,0.0,0.6000000238418579,3.525820016860962,0.0,0.0,0.0,0.0,3.525820016860962,0.0,26,31399,47.6194966,-122.3629399,3.6703981572681372
2860,1728408085.1209998,1,220,0,0,185,0,0,3,476194991,-1223629369,0.0,0.6000000238418579,3.487516403198242,0.0,0.0,0.0,0.0,3.487516403198242,0.0,26,31600,47.6194991,-122.3629369,3.6663610276063356
2861,1728408085.372,1,220,0,0,185,0,0,3,476194991,-1223629369,0.0,0.6000000238418579,3.519890546798706,0.0,0.0,0.0,0.0,3.519890546798706,0.0,26,31600,47.6194991,-122.3629369,3.6900368484266663
2862,1728408085.639,1,220,0,0,185,0,0,3,476194998,-1223629361,0.0,0.6000000238418579,3.519890546798706,0.0,0.0,0.0,0.0,3.519890546798706,0.0,26,31900,47.6194998,-122.3629361,3.665017397303611
2863,1728408085.883,1,220,0,0,185,0,0,3,476195001,-1223629355,0.0,0.6000000238418579,3.5940887928009033,0.0,0.0,0.0,0.0,3.5940887928009033,0.0,26,32100,47.6195001,-122.3629355,3.6697247385346583
2864,1728408086.145,1,220,0,0,185,0,0,3,476195001,-1223629355,0.0,0.6000000238418579,3.5940887928009033,0.0,0.0,0.0,0.0,3.5940887928009033,0.0,26,32100,47.6195001,-122.3629355,3.66568924951545
2865,1728408086.4299998,1,220,0,0,185,0,0,3,476194988,-1223629387,0.0,0.6000000238418579,3.6743075847625732,0.0,0.0,0.0,0.0,3.6743075847625732,0.0,26,32100,47.6194988,-122.3629387,3.6549706786982066
2866,1728408086.6439998,1,220,0,0,185,0,0,3,476194988,-1223629387,0.0,0.6000000238418579,3.6743075847625732,0.0,0.0,0.0,0.0,3.6743075847625732,0.0,26,32100,47.6194988,-122.3629387,3.671071983856156
2867,1728408086.9429998,1,220,0,0,185,0,0,3,476194972,-1223629439,0.0,0.6000000238418579,3.820472002029419,0.0,0.0,0.0,0.0,3.820472002029419,0.0,26,32100,47.6194972,-122.3629439,3.6483034639626757
2868,1728408087.199,1,220,0,0,185,0,0,3,476194972,-1223629439,0.0,0.6000000238418579,3.820472002029419,0.0,0.0,0.0,0.0,3.820472002029419,0.0,26,32100,47.6194972,-122.3629439,3.6489692017653677
2869,1728408087.481,1,220,0,0,185,0,0,3,476194995,-1223629422,0.0,0.6000000238418579,3.891620397567749,0.0,0.0,0.0,0.0,3.891620397567749,0.0,26,32000,47.6194995,-122.3629422,3.649635023793565
2870,1728408087.73,1,220,0,0,185,0,0,3,476194995,-1223629422,0.0,0.6000000238418579,3.891620397567749,0.0,0.0,0.0,0.0,3.891620397567749,0.0,26,32000,47.6194995,-122.3629422,3.6536352233340437
2871,1728408087.998,1,220,0,0,185,0,0,3,476194997,-1223629433,0.0,0.6000000238418579,3.974888563156128,0.0,0.0,0.0,0.0,3.974888563156128,0.0,26,32000,47.6194997,-122.3629433,3.654302908602088
2872,1728408088.258,1,220,0,0,185,0,0,3,476194997,-1223629433,0.0,0.6000000238418579,3.974888563156128,0.0,0.0,0.0,0.0,3.974888563156128,0.0,26,32000,47.6194997,-122.3629433,3.657644520336085
2873,1728408088.5049999,1,220,0,0,185,0,0,3,476194997,-1223629433,0.0,0.6000000238418579,3.974888563156128,0.0,0.0,0.0,0.0,3.974888563156128,0.0,26,32000,47.6194997,-122.3629433,3.646973033962953
2874,1728408089.0349998,1,220,0,0,185,0,0,3,476194991,-1223629472,0.0,0.6000000238418579,4.6462273597717285,0.0,0.0,0.0,0.0,4.6462273597717285,0.0,26,32000,47.6194991,-122.3629472,3.609456848818006
2875,1728408089.296,1,220,0,0,185,0,0,3,476194991,-1223629472,0.0,0.6000000238418579,4.6462273597717285,0.0,0.0,0.0,0.0,4.6462273597717285,0.0,26,32000,47.6194991,-122.3629472,3.6523009025292525
2876,1728408089.5579998,1,220,0,0,185,0,0,3,476194979,-1223629531,0.0,0.6000000238418579,4.536815643310547,0.0,0.0,0.0,0.0,4.536815643310547,0.0,26,32000,47.6194979,-122.3629531,3.6284469694282677
2877,1728408089.813,1,220,0,0,185,0,0,3,476194979,-1223629531,0.0,0.6000000238418579,4.536815643310547,0.0,0.0,0.0,0.0,4.536815643310547,0.0,26,32000,47.6194979,-122.3629531,3.6443147662118656
2878,1728408090.0779998,1,220,0,0,185,0,0,3,476194979,-1223629531,0.0,0.6000000238418579,4.536815643310547,0.0,0.0,0.0,0.0,4.536815643310547,0.0,26,32000,47.6194979,-122.3629531,3.6489692017653677
2879,1728408090.3279998,1,220,0,0,185,0,0,3,476194968,-1223629584,0.0,0.6000000238418579,4.523367404937744,0.0,0.0,0.0,0.0,4.523367404937744,0.0,26,31900,47.6194968,-122.3629584,3.6757949009535342
2880,1728408090.595,1,220,0,0,185,0,0,3,476194987,-1223629577,0.0,0.6000000238418579,4.514671802520752,0.0,0.0,0.0,0.0,4.514671802520752,0.0,26,32000,47.6194987,-122.3629577,3.660322117289636
2881,1728408090.845,1,220,0,0,185,0,0,3,476194987,-1223629577,0.0,0.6000000238418579,4.514671802520752,0.0,0.0,0.0,0.0,4.514671802520752,0.0,26,32000,47.6194987,-122.3629577,3.660322117289636
2882,1728408091.1069999,1,220,0,0,185,0,0,3,476194982,-1223629610,0.0,0.6000000238418579,4.402276039123535,0.0,0.0,0.0,0.0,4.402276039123535,0.0,26,32000,47.6194982,-122.362961,3.6489692017653677
2883,1728408091.3669999,1,220,0,0,185,0,0,3,476194982,-1223629610,0.0,0.6000000238418579,4.402276039123535,0.0,0.0,0.0,0.0,4.402276039123535,0.0,26,32000,47.6194982,-122.362961,3.6523009025292525
2884,1728408091.6859999,1,220,0,0,185,0,0,3,476195039,-1223629547,0.0,0.6000000238418579,4.40090274810791,0.0,0.0,0.0,0.0,4.40090274810791,0.0,26,32000,47.6195039,-122.3629547,3.643650883797114
2885,1728408091.906,1,220,0,0,185,0,0,3,476195039,-1223629547,0.0,0.6000000238418579,4.362636089324951,0.0,0.0,0.0,0.0,4.362636089324951,0.0,26,32000,47.6195039,-122.3629547,3.671745897182634
2886,1728408092.156,1,220,0,0,185,0,0,3,476195051,-1223629542,0.0,0.6000000238418579,4.362636089324951,0.0,0.0,0.0,0.0,4.362636089324951,0.0,26,31900,47.6195051,-122.3629542,3.654302908602088
2887,1728408092.431,1,220,0,0,185,0,0,3,476195051,-1223629542,0.0,0.6000000238418579,4.362636089324951,0.0,0.0,0.0,0.0,4.362636089324951,0.0,26,31900,47.6195051,-122.3629542,3.66300363741163
2888,1728408092.6799998,1,220,0,0,185,0,0,3,476195042,-1223629580,0.0,0.6000000238418579,4.312386512756348,0.0,0.0,0.0,0.0,4.312386512756348,0.0,26,32200,47.6195042,-122.362958,3.646308024278096
2889,1728408092.922,1,220,0,0,185,0,0,3,476195042,-1223629580,0.0,0.6000000238418579,4.181907653808594,0.0,0.0,0.0,0.0,4.181907653808594,0.0,26,32200,47.6195042,-122.362958,3.650301088849234
2890,1728408093.194,1,220,0,0,185,0,0,3,476195063,-1223629559,0.0,0.6000000238418579,4.181907653808594,0.0,0.0,0.0,0.0,4.181907653808594,0.0,26,32500,47.6195063,-122.3629559,3.6529681001596686
2891,1728408093.462,1,220,0,0,185,0,0,3,476195074,-1223629548,0.0,0.6000000238418579,4.089195251464844,0.0,0.0,0.0,0.0,4.089195251464844,0.0,26,32600,47.6195074,-122.3629548,3.6376864932663664
2892,1728408093.7389998,1,220,0,0,185,0,0,3,476195074,-1223629548,0.0,0.6000000238418579,4.089195251464844,0.0,0.0,0.0,0.0,4.089195251464844,0.0,26,32600,47.6195074,-122.3629548,3.6120643333164972
2893,1728408093.981,1,220,0,0,185,0,0,3,476195074,-1223629548,0.0,0.6000000238418579,4.089195251464844,0.0,0.0,0.0,0.0,4.089195251464844,0.0,26,32600,47.6195074,-122.3629548,3.631081973179469
2894,1728408094.524,1,220,0,0,185,0,0,3,476195105,-1223629513,0.0,0.6000000238418579,4.3350396156311035,0.0,0.0,0.0,0.0,4.3350396156311035,0.0,26,32600,47.6195105,-122.3629513,3.6563071106749936
2895,1728408094.743,1,220,0,0,185,0,0,3,476195105,-1223629513,0.0,0.6000000238418579,4.3350396156311035,0.0,0.0,0.0,0.0,4.3350396156311035,0.0,26,32600,47.6195105,-122.3629513,3.63504174123386
2896,1728408095.031,1,220,0,0,185,0,0,3,476195105,-1223629539,0.0,0.6000000238418579,4.0581817626953125,0.0,0.0,0.0,0.0,4.0581817626953125,0.0,26,32700,47.6195105,-122.3629539,3.625158627008024
2897,1728408095.273,1,220,0,0,185,0,0,3,476195105,-1223629539,0.0,0.6000000238418579,4.0581817626953125,0.0,0.0,0.0,0.0,4.0581817626953125,0.0,26,32700,47.6195105,-122.3629539,3.6343812327362617
2898,1728408095.563,1,220,0,0,185,0,0,3,476195095,-1223629582,0.0,0.6000000238418579,3.958176374435425,0.0,0.0,0.0,0.0,3.958176374435425,0.0,26,32900,47.6195095,-122.3629582,3.6396723473634096
2899,1728408095.807,1,220,0,0,185,0,0,3,476195095,-1223629582,0.0,0.6000000238418579,3.958176374435425,0.0,0.0,0.0,0.0,3.958176374435425,0.0,26,32900,47.6195095,-122.3629582,3.606852971112526
2900,1728408096.07,1,220,0,0,185,0,0,3,476195080,-1223629633,0.0,0.6000000238418579,3.9273643493652344,0.0,0.0,0.0,0.0,3.9273643493652344,0.0,26,32900,47.619508,-122.3629633,3.631741440136545
2901,1728408096.343,1,220,0,0,185,0,0,3,476195080,-1223629633,0.0,0.6000000238418579,3.9273643493652344,0.0,0.0,0.0,0.0,3.9273643493652344,0.0,26,32900,47.619508,-122.3629633,3.629764071618172
2902,1728408096.6439998,1,220,0,0,185,0,0,3,476195139,-1223629541,0.0,0.6000000238418579,3.8959460258483887,0.0,0.0,0.0,0.0,3.8959460258483887,0.0,26,32900,47.6195139,-122.3629541,3.6409976131231696
2903,1728408096.875,1,220,0,0,185,0,0,3,476195139,-1223629541,0.0,0.6000000238418579,3.8959460258483887,0.0,0.0,0.0,0.0,3.8959460258483887,0.0,26,32900,47.6195139,-122.3629541,3.6225322100439645
2904,1728408097.156,1,220,0,0,185,0,0,3,476195160,-1223629515,0.0,0.6000000238418579,3.9134013652801514,0.0,0.0,0.0,0.0,3.9134013652801514,0.0,26,32799,47.619516,-122.3629515,3.6231884183164556
2905,1728408097.408,1,220,0,0,185,0,0,3,476195175,-1223629493,0.0,0.6000000238418579,3.91461443901062,0.0,0.0,0.0,0.0,3.91461443901062,0.0,26,32900,47.6195175,-122.3629493,3.6192545747483478
2906,1728408097.6729999,1,220,0,0,185,0,0,3,476195175,-1223629493,0.0,0.6000000238418579,3.91461443901062,0.0,0.0,0.0,0.0,3.91461443901062,0.0,26,32900,47.6195175,-122.3629493,3.6376864932663664
2907,1728408097.934,1,220,0,0,185,0,0,3,476195173,-1223629504,0.0,0.6000000238418579,3.916811943054199,0.0,0.0,0.0,0.0,3.916811943054199,0.0,26,33000,47.6195173,-122.3629504,3.6343812327362617
2908,1728408098.175,1,220,0,0,185,0,0,3,476195173,-1223629504,0.0,0.6000000238418579,3.916811943054199,0.0,0.0,0.0,0.0,3.916811943054199,0.0,26,33000,47.6195173,-122.3629504,3.625815787243145
2909,1728408098.467,1,220,0,0,185,0,0,3,476195180,-1223629501,0.0,0.6000000238418579,3.908756732940674,0.0,0.0,0.0,0.0,3.908756732940674,0.0,26,33100,47.619518,-122.3629501,3.6264731857783903
2910,1728408098.701,1,220,0,0,185,0,0,3,476195180,-1223629501,0.0,0.6000000238418579,3.908756732940674,0.0,0.0,0.0,0.0,3.908756732940674,0.0,26,33100,47.619518,-122.3629501,3.6101083281073474
2911,1728408098.972,1,220,0,0,185,0,0,3,476195176,-1223629524,0.0,0.6000000238418579,3.9102094173431396,0.0,0.0,0.0,0.0,3.9102094173431396,0.0,26,33100,47.6195176,-122.3629524,3.6179450871280188
2912,1728408099.2319999,1,220,0,0,185,0,0,3,476195176,-1223629524,0.0,0.6000000238418579,3.9102094173431396,0.0,0.0,0.0,0.0,3.9102094173431396,0.0,26,33100,47.6195176,-122.3629524,3.6596522308474633
2913,1728408099.5019999,1,220,0,0,185,0,0,3,476195176,-1223629524,0.0,0.6000000238418579,3.9102094173431396,0.0,0.0,0.0,0.0,3.9102094173431396,0.0,26,33100,47.6195176,-122.3629524,3.638348203808547
2914,1728408100.044,1,220,0,0,185,0,0,3,476195254,-1223629376,0.0,0.6000000238418579,4.199576377868652,0.0,0.0,0.0,0.0,4.199576377868652,0.0,26,32900,47.6195254,-122.3629376,3.63504174123386
2915,1728408100.2689998,1,220,0,0,185,0,0,3,476195254,-1223629376,0.0,0.6000000238418579,4.199576377868652,0.0,0.0,0.0,0.0,4.199576377868652,0.0,26,32900,47.6195254,-122.3629376,3.6376864932663664
2916,1728408100.5289998,1,220,0,0,185,0,0,3,476195238,-1223629409,0.0,0.6000000238418579,3.938249111175537,0.0,0.0,0.0,0.0,3.938249111175537,0.0,26,32700,47.6195238,-122.3629409,3.6483034639626757
2917,1728408100.776,1,220,0,0,185,0,0,3,476195238,-1223629409,0.0,0.6000000238418579,3.938249111175537,0.0,0.0,0.0,0.0,3.938249111175537,0.0,26,32700,47.6195238,-122.3629409,3.625815943962123
2918,1728408101.079,1,220,0,0,185,0,0,3,476195222,-1223629455,0.0,0.6000000238418579,3.837001085281372,0.0,0.0,0.0,0.0,3.837001085281372,0.0,26,32500,47.6195222,-122.3629455,3.631082130354019
2919,1728408101.322,1,220,0,0,185,0,0,3,476195222,-1223629455,0.0,0.6000000238418579,3.837001085281372,0.0,0.0,0.0,0.0,3.837001085281372,0.0,26,32500,47.6195222,-122.3629455,3.6277888551574917
2920,1728408101.61,1,220,0,0,185,0,0,3,476195204,-1223629518,0.0,0.6000000238418579,3.798898220062256,0.0,0.0,0.0,0.0,3.798898220062256,0.0,26,32500,47.6195204,-122.3629518,3.6225322100439645
2921,1728408101.8709998,1,220,0,0,185,0,0,3,476195204,-1223629518,0.0,0.6000000238418579,3.7828590869903564,0.0,0.0,0.0,0.0,3.7828590869903564,0.0,26,32500,47.6195204,-122.3629518,3.637686335519545
2922,1728408102.109,1,220,0,0,185,0,0,3,476195186,-1223629578,0.0,0.6000000238418579,3.7828590869903564,0.0,0.0,0.0,0.0,3.7828590869903564,0.0,26,32600,47.6195186,-122.3629578,3.647638127648428
2923,1728408102.372,1,220,0,0,185,0,0,3,476195186,-1223629578,0.0,0.6000000238418579,3.7828590869903564,0.0,0.0,0.0,0.0,3.7828590869903564,0.0,26,32600,47.6195186,-122.3629578,3.6396723473634096
2924,1728408102.658,1,220,0,0,185,0,0,3,476195166,-1223629644,0.0,0.6000000238418579,3.7915170192718506,0.0,0.0,0.0,0.0,3.7915170192718506,0.0,26,32600,47.6195166,-122.3629644,3.6463081827735553
2925,1728408102.906,1,220,0,0,185,0,0,3,476195162,-1223629683,0.0,0.6000000238418579,3.806246042251587,0.0,0.0,0.0,0.0,3.806246042251587,0.0,26,32600,47.6195162,-122.3629683,3.6159825535021453
2926,1728408103.155,1,220,0,0,185,0,0,3,476195162,-1223629683,0.0,0.6000000238418579,3.806246042251587,0.0,0.0,0.0,0.0,3.806246042251587,0.0,26,32600,47.6195162,-122.3629683,3.6120641777840397
2927,1728408103.4499998,1,220,0,0,185,0,0,3,476195135,-1223629776,0.0,0.6000000238418579,3.8483870029449463,0.0,0.0,0.0,0.0,3.8483870029449463,0.0,26,32600,47.6195135,-122.3629776,3.6199095959877323
2928,1728408103.6829998,1,220,0,0,185,0,0,3,476195135,-1223629776,0.0,0.6000000238418579,3.8483870029449463,0.0,0.0,0.0,0.0,3.8483870029449463,0.0,26,32600,47.6195135,-122.3629776,3.6357026474301026
2929,1728408103.98,1,220,0,0,185,0,0,3,476195208,-1223629680,0.0,0.6000000238418579,3.8740005493164062,0.0,0.0,0.0,0.0,3.8740005493164062,0.0,26,32600,47.6195208,-122.362968,3.639010312992069
2930,1728408104.222,1,220,0,0,185,0,0,3,476195208,-1223629680,0.0,0.6000000238418579,3.8740005493164062,0.0,0.0,0.0,0.0,3.8740005493164062,0.0,26,32600,47.6195208,-122.362968,3.633060778243268
2931,1728408104.47,1,220,0,0,185,0,0,3,476195223,-1223629664,0.0,0.6000000238418579,3.910780906677246,0.0,0.0,0.0,0.0,3.910780906677246,0.0,26,32600,47.6195223,-122.3629664,3.6563071106749936
2932,1728408104.715,1,220,0,0,185,0,0,3,476195223,-1223629664,0.0,0.6000000238418579,3.910780906677246,0.0,0.0,0.0,0.0,3.910780906677246,0.0,26,32600,47.6195223,-122.3629664,3.629105479521808
2933,1728408104.997,1,220,0,0,185,0,0,3,476195223,-1223629664,0.0,0.6000000238418579,3.910780906677246,0.0,0.0,0.0,0.0,3.910780906677246,0.0,26,32600,47.6195223,-122.3629664,3.651634107534223
2934,1728408105.5289998,1,220,0,0,185,0,0,3,476195272,-1223629586,0.0,0.6000000238418579,4.339321613311768,0.0,0.0,0.0,0.0,4.339321613311768,0.0,26,32500,47.6195272,-122.3629586,3.660322117289636
2935,1728408105.8,1,220,0,0,185,0,0,3,476195272,-1223629586,0.0,0.6000000238418579,4.339321613311768,0.0,0.0,0.0,0.0,4.339321613311768,0.0,26,32500,47.6195272,-122.3629586,3.646973033962953
2936,1728408106.066,1,220,0,0,185,0,0,3,476195290,-1223629552,0.0,0.6000000238418579,4.129507541656494,0.0,0.0,0.0,0.0,4.129507541656494,0.0,26,32500,47.619529,-122.3629552,3.642323844337459
2937,1728408106.3009999,1,220,0,0,185,0,0,3,476195290,-1223629552,0.0,0.6000000238418579,4.129507541656494,0.0,0.0,0.0,0.0,4.129507541656494,0.0,26,32500,47.619529,-122.3629552,3.6483034639626757
2938,1728408106.58,1,220,0,0,185,0,0,3,476195284,-1223629574,0.0,0.6000000238418579,4.023463726043701,0.0,0.0,0.0,0.0,4.023463726043701,0.0,26,32500,47.6195284,-122.3629574,3.6456434155099497
2939,1728408106.8179998,1,220,0,0,185,0,0,3,476195284,-1223629574,0.0,0.6000000238418579,4.023463726043701,0.0,0.0,0.0,0.0,4.023463726043701,0.0,26,32500,47.6195284,-122.3629574,3.66568924951545
2940,1728408107.115,1,220,0,0,185,0,0,3,476195263,-1223629631,0.0,0.6000000238418579,4.017062664031982,0.0,0.0,0.0,0.0,4.017062664031982,0.0,26,32500,47.6195263,-122.3629631,3.651634107534223
2941,1728408107.3409998,1,220,0,0,185,0,0,3,476195263,-1223629631,0.0,0.6000000238418579,4.017062664031982,0.0,0.0,0.0,0.0,4.017062664031982,0.0,26,32500,47.6195263,-122.3629631,3.6463081827735553
2942,1728408107.62,1,220,0,0,185,0,0,3,476195280,-1223629614,0.0,0.6000000238418579,4.017047882080078,0.0,0.0,0.0,0.0,4.017047882080078,0.0,26,32600,47.619528,-122.3629614,3.6416605289367303
2943,1728408107.849,1,220,0,0,185,0,0,3,476195280,-1223629614,0.0,0.6000000238418579,4.017047882080078,0.0,0.0,0.0,0.0,4.017047882080078,0.0,26,32600,47.619528,-122.3629614,3.666361187849892
2944,1728408108.122,1,220,0,0,185,0,0,3,476195273,-1223629646,0.0,0.6000000238418579,4.014420032501221,0.0,0.0,0.0,0.0,4.014420032501221,0.0,26,32700,47.6195273,-122.3629646,3.651634107534223
2945,1728408108.3899999,1,220,0,0,185,0,0,3,476195273,-1223629646,0.0,0.6000000238418579,3.9883506298065186,0.0,0.0,0.0,0.0,3.9883506298065186,0.0,26,32700,47.6195273,-122.3629646,3.6536353824671313
2946,1728408108.646,1,220,0,0,185,0,0,3,476195293,-1223629624,0.0,0.6000000238418579,3.9883506298065186,0.0,0.0,0.0,0.0,3.9883506298065186,0.0,26,32600,47.6195293,-122.3629624,3.6529681001596686
2947,1728408108.932,1,220,0,0,185,0,0,3,476195324,-1223629572,0.0,0.6000000238418579,3.9727258682250977,0.0,0.0,0.0,0.0,3.9727258682250977,0.0,26,32600,47.6195324,-122.3629572,3.650967555966238
2948,1728408109.169,1,220,0,0,185,0,0,3,476195324,-1223629572,0.0,0.6000000238418579,3.9727258682250977,0.0,0.0,0.0,0.0,3.9727258682250977,0.0,26,32600,47.6195324,-122.3629572,3.6370248656830646
2949,1728408109.4359999,1,220,0,0,185,0,0,3,476195319,-1223629592,0.0,0.6000000238418579,3.948160409927368,0.0,0.0,0.0,0.0,3.948160409927368,0.0,26,32500,47.6195319,-122.3629592,3.6225320536087247
2950,1728408109.699,1,220,0,0,185,0,0,3,476195319,-1223629592,0.0,0.6000000238418579,3.948160409927368,0.0,0.0,0.0,0.0,3.948160409927368,0.0,26,32500,47.6195319,-122.3629592,3.6409976131231696
2951,1728408109.955,1,220,0,0,185,0,0,3,476195307,-1223629633,0.0,0.6000000238418579,3.95072340965271,0.0,0.0,0.0,0.0,3.95072340965271,0.0,26,32500,47.6195307,-122.3629633,3.627130822743402
2952,1728408110.207,1,220,0,0,185,0,0,3,476195307,-1223629633,0.0,0.6000000238418579,3.95072340965271,0.0,0.0,0.0,0.0,3.95072340965271,0.0,26,32500,47.6195307,-122.3629633,3.633060778243268
2953,1728408110.452,1,220,0,0,185,0,0,3,476195307,-1223629633,0.0,0.6000000238418579,3.95072340965271,0.0,0.0,0.0,0.0,3.95072340965271,0.0,26,32500,47.6195307,-122.3629633,3.631082130354019
2954,1728408111.0059998,1,220,0,0,185,0,0,3,476195287,-1223629706,0.0,0.6000000238418579,4.357996463775635,0.0,0.0,0.0,0.0,4.357996463775635,0.0,26,32400,47.6195287,-122.3629706,3.6277888551574917
2955,1728408111.274,1,220,0,0,185,0,0,3,476195287,-1223629706,0.0,0.6000000238418579,4.357996463775635,0.0,0.0,0.0,0.0,4.357996463775635,0.0,26,32400,47.6195287,-122.3629706,3.6284469694282677
2956,1728408111.541,1,220,0,0,185,0,0,3,476195261,-1223629802,0.0,0.6000000238418579,4.139157295227051,0.0,0.0,0.0,0.0,4.139157295227051,0.0,26,32300,47.6195261,-122.3629802,3.6343812327362617
2957,1728408111.7789998,1,220,0,0,185,0,0,3,476195261,-1223629802,0.0,0.6000000238418579,4.139157295227051,0.0,0.0,0.0,0.0,4.139157295227051,0.0,26,32300,47.6195261,-122.3629802,3.660322117289636
2958,1728408112.079,1,220,0,0,185,0,0,3,476195248,-1223629861,0.0,0.6000000238418579,4.080617427825928,0.0,0.0,0.0,0.0,4.080617427825928,0.0,26,32300,47.6195248,-122.3629861,3.633720964231625
2959,1728408112.339,1,220,0,0,185,0,0,3,476195248,-1223629861,0.0,0.6000000238418579,4.080617427825928,0.0,0.0,0.0,0.0,4.080617427825928,0.0,26,32300,47.6195248,-122.3629861,3.6363636363636362
2960,1728408112.608,1,220,0,0,185,0,0,3,476195235,-1223629919,0.0,0.6000000238418579,4.153663158416748,0.0,0.0,0.0,0.0,4.153663158416748,0.0,26,32300,47.6195235,-122.3629919,3.657644520336085
2961,1728408112.855,1,220,0,0,185,0,0,3,476195235,-1223629919,0.0,0.6000000238418579,4.153663158416748,0.0,0.0,0.0,0.0,4.153663158416748,0.0,26,32300,47.6195235,-122.3629919,3.6225322100439645
2962,1728408113.125,1,220,0,0,185,0,0,3,476195274,-1223629881,0.0,0.6000000238418579,4.217671871185303,0.0,0.0,0.0,0.0,4.217671871185303,0.0,26,32300,47.6195274,-122.3629881,3.6245017049434782
2963,1728408113.3569999,1,220,0,0,185,0,0,3,476195274,-1223629881,0.0,0.6000000238418579,4.217671871185303,0.0,0.0,0.0,0.0,4.217671871185303,0.0,26,32300,47.6195274,-122.3629881,3.616636546740109
2964,1728408113.635,1,220,0,0,185,0,0,3,476195335,-1223629803,0.0,0.6000000238418579,4.369875431060791,0.0,0.0,0.0,0.0,4.369875431060791,0.0,26,32300,47.6195335,-122.3629803,3.6120641777840397
2965,1728408113.902,1,220,0,0,185,0,0,3,476195340,-1223629798,0.0,0.6000000238418579,4.56417179107666,0.0,0.0,0.0,0.0,4.56417179107666,0.0,26,32300,47.619534,-122.3629798,3.631082130354019
2966,1728408114.149,1,220,0,0,185,0,0,3,476195340,-1223629798,0.0,0.6000000238418579,4.56417179107666,0.0,0.0,0.0,0.0,4.56417179107666,0.0,26,32300,47.619534,-122.3629798,3.61990943977892
2967,1728408114.396,1,220,0,0,185,0,0,3,476195340,-1223629798,0.0,0.6000000238418579,4.56417179107666,0.0,0.0,0.0,0.0,4.56417179107666,0.0,26,32300,47.619534,-122.3629798,3.6016566247925
2968,1728408114.6729999,1,220,0,0,185,0,0,3,476195325,-1223629831,0.0,0.6000000238418579,4.665174961090088,0.0,0.0,0.0,0.0,4.665174961090088,0.0,26,32300,47.6195325,-122.3629831,3.6409976131231696
2969,1728408114.9359999,1,220,0,0,185,0,0,3,476195323,-1223629851,0.0,0.6000000238418579,4.7596659660339355,0.0,0.0,0.0,0.0,4.7596659660339355,0.0,26,32300,47.6195323,-122.3629851,3.6489692017653677
2970,1728408115.1669998,1,220,0,0,185,0,0,3,476195323,-1223629851,0.0,0.6000000238418579,4.7596659660339355,0.0,0.0,0.0,0.0,4.7596659660339355,0.0,26,32300,47.6195323,-122.3629851,3.648303622631656
2971,1728408115.4759998,1,220,0,0,185,0,0,3,476195308,-1223629895,0.0,0.6000000238418579,4.8307013511657715,0.0,0.0,0.0,0.0,4.8307013511657715,0.0,26,32300,47.6195308,-122.3629895,3.648303622631656
2972,1728408115.725,1,220,0,0,185,0,0,3,476195308,-1223629895,0.0,0.6000000238418579,4.8307013511657715,0.0,0.0,0.0,0.0,4.8307013511657715,0.0,26,32300,47.6195308,-122.3629895,3.639672505282523
2973,1728408115.9819999,1,220,0,0,185,0,0,3,476195308,-1223629895,0.0,0.6000000238418579,4.8307013511657715,0.0,0.0,0.0,0.0,4.8307013511657715,0.0,26,32300,47.6195308,-122.3629895,3.6304229027939896
2974,1728408116.543,1,220,0,0,185,0,0,3,476195265,-1223630001,0.0,0.6000000238418579,5.411088943481445,0.0,0.0,0.0,0.0,5.411088943481445,0.0,26,32300,47.6195265,-122.3630001,3.6324009893894638
2975,1728408116.7819998,1,220,0,0,185,0,0,3,476195265,-1223630001,0.0,0.6000000238418579,5.411088943481445,0.0,0.0,0.0,0.0,5.411088943481445,0.0,26,32300,47.6195265,-122.3630001,3.6390101551304133
2976,1728408117.066,1,220,0,0,185,0,0,3,476195324,-1223629945,0.0,0.6000000238418579,5.205712795257568,0.0,0.0,0.0,0.0,5.205712795257568,0.0,26,32300,47.6195324,-122.3629945,3.620564854364616
2977,1728408117.332,1,220,0,0,185,0,0,3,476195324,-1223629945,0.0,0.6000000238418579,5.205712795257568,0.0,0.0,0.0,0.0,5.205712795257568,0.0,26,32300,47.6195324,-122.3629945,3.6304229027939896
2978,1728408117.572,1,220,0,0,185,0,0,3,476195333,-1223629953,0.0,0.6000000238418579,5.096506118774414,0.0,0.0,0.0,0.0,5.096506118774414,0.0,26,32300,47.6195333,-122.3629953,3.6396723473634096
2979,1728408117.82,1,220,0,0,185,0,0,3,476195333,-1223629953,0.0,0.6000000238418579,5.096506118774414,0.0,0.0,0.0,0.0,5.096506118774414,0.0,26,32300,47.6195333,-122.3629953,3.642323844337459
2980,1728408118.09,1,220,0,0,185,0,0,3,476195320,-1223629997,0.0,0.6000000238418579,5.038402080535889,0.0,0.0,0.0,0.0,5.038402080535889,0.0,26,32400,47.619532,-122.3629997,3.6343812327362617
2981,1728408118.337,1,220,0,0,185,0,0,3,476195320,-1223629997,0.0,0.6000000238418579,5.038402080535889,0.0,0.0,0.0,0.0,5.038402080535889,0.0,26,32400,47.619532,-122.3629997,3.0525030311763586
2982,1728408118.62,1,220,0,0,185,0,0,3,476195382,-1223629922,0.0,0.6000000238418579,4.934086322784424,0.0,0.0,0.0,0.0,4.934086322784424,0.0,26,32400,47.6195382,-122.3629922,3.0590394116334263
2983,1728408118.866,1,220,0,0,185,0,0,3,476195382,-1223629922,0.0,0.6000000238418579,4.934086322784424,0.0,0.0,0.0,0.0,4.934086322784424,0.0,26,32400,47.6195382,-122.3629922,3.053435136732692
2984,1728408119.141,1,220,0,0,185,0,0,3,476195424,-1223629860,0.0,0.6000000238418579,4.84243106842041,0.0,0.0,0.0,0.0,4.84243106842041,0.0,26,32300,47.6195424,-122.362986,3.204101319113268
2985,1728408119.398,1,220,0,0,185,0,0,3,476195424,-1223629860,0.0,0.6000000238418579,4.84243106842041,0.0,0.0,0.0,0.0,4.84243106842041,0.0,26,32300,47.6195424,-122.362986,3.1887754723848607
2986,1728408119.6729999,1,220,0,0,185,0,0,3,476195434,-1223629852,0.0,0.6000000238418579,4.816285133361816,0.0,0.0,0.0,0.0,4.816285133361816,0.0,26,32300,47.6195434,-122.3629852,3.196420025179319
2987,1728408119.905,1,220,0,0,185,0,0,3,476195434,-1223629852,0.0,0.6000000238418579,4.817193984985352,0.0,0.0,0.0,0.0,4.817193984985352,0.0,26,32300,47.6195434,-122.3629852,3.2035881252649654
2988,1728408120.168,1,220,0,0,185,0,0,3,476195419,-1223629886,0.0,0.6000000238418579,4.817193984985352,0.0,0.0,0.0,0.0,4.817193984985352,0.0,26,32300,47.6195419,-122.3629886,3.201024375667094
2989,1728408120.4269998,1,220,0,0,185,0,0,3,476195419,-1223629886,0.0,0.6000000238418579,4.754079818725586,0.0,0.0,0.0,0.0,4.754079818725586,0.0,26,32300,47.6195419,-122.3629886,3.1821797497010853
2990,1728408120.6699998,1,220,0,0,185,0,0,3,476195387,-1223629960,0.0,0.6000000238418579,4.754079818725586,0.0,0.0,0.0,0.0,4.754079818725586,0.0,26,32300,47.6195387,-122.362996,3.1959092887773273
2991,1728408122.0279999,1,220,0,0,185,0,0,3,476195427,-1223629938,0.0,0.6000000238418579,5.3109660148620605,0.0,0.0,0.0,0.0,5.3109660148620605,0.0,26,32300,47.6195427,-122.3629938,3.1806615235796274
2992,1728408122.263,1,220,0,0,185,0,0,3,476195427,-1223629938,0.0,0.6000000238418579,5.3109660148620605,0.0,0.0,0.0,0.0,5.3109660148620605,0.0,26,32300,47.6195427,-122.3629938,3.1943779367497322
2993,1728408122.5319998,1,220,0,0,185,0,0,3,476195424,-1223629972,0.0,0.6000000238418579,4.89056921005249,0.0,0.0,0.0,0.0,4.89056921005249,0.0,26,32300,47.6195424,-122.3629972,3.1882671758200005
2994,1728408122.7849998,1,220,0,0,185,0,0,3,476195424,-1223629972,0.0,0.6000000238418579,4.89056921005249,0.0,0.0,0.0,0.0,4.89056921005249,0.0,26,32300,47.6195424,-122.3629972,3.1943779367497322
2995,1728408123.054,1,220,0,0,185,0,0,3,476195398,-1223630050,0.0,0.6000000238418579,4.653976917266846,0.0,0.0,0.0,0.0,4.653976917266846,0.0,26,32300,47.6195398,-122.363005,3.1842063878187803
2996,1728408123.323,1,220,0,0,185,0,0,3,476195398,-1223630050,0.0,0.6000000238418579,4.653976917266846,0.0,0.0,0.0,0.0,4.653976917266846,0.0,26,32300,47.6195398,-122.363005,3.1994879969731405
2997,1728408123.5749998,1,220,0,0,185,0,0,3,476195442,-1223629991,0.0,0.6000000238418579,4.432114124298096,0.0,0.0,0.0,0.0,4.432114124298096,0.0,26,32300,47.6195442,-122.3629991,3.184713390304997
2998,1728408123.82,1,220,0,0,185,0,0,3,476195442,-1223629991,0.0,0.6000000238418579,4.432114124298096,0.0,0.0,0.0,0.0,4.432114124298096,0.0,26,32300,47.6195442,-122.3629991,3.1796502577573977
2999,1728408124.105,1,220,0,0,185,0,0,3,476195476,-1223629934,0.0,0.6000000238418579,4.279422760009766,0.0,0.0,0.0,0.0,4.279422760009766,0.0,26,32300,47.6195476,-122.3629934,3.1675640781070427
3000,1728408124.3479998,1,220,0,0,185,0,0,3,476195476,-1223629934,0.0,0.6000000238418579,4.279422760009766,0.0,0.0,0.0,0.0,4.279422760009766,0.0,26,32300,47.6195476,-122.3629934,3.160056882928529
3001,1728408124.625,1,220,0,0,185,0,0,3,476195490,-1223629919,0.0,0.6000000238418579,4.162744045257568,0.0,0.0,0.0,0.0,4.162744045257568,0.0,26,32300,47.619549,-122.3629919,3.6159825535021453
3002,1728408124.8809998,1,220,0,0,185,0,0,3,476195490,-1223629919,0.0,0.6000000238418579,4.162744045257568,0.0,0.0,0.0,0.0,4.162744045257568,0.0,26,32300,47.619549,-122.3629919,3.6146755878506753
3003,1728408125.139,1,220,0,0,185,0,0,3,476195503,-1223629907,0.0,0.6000000238418579,4.132073402404785,0.0,0.0,0.0,0.0,4.132073402404785,0.0,26,32300,47.6195503,-122.3629907,3.608805449365887
3004,1728408125.402,1,220,0,0,185,0,0,3,476195503,-1223629907,0.0,0.6000000238418579,4.114954471588135,0.0,0.0,0.0,0.0,4.114954471588135,0.0,26,32300,47.6195503,-122.3629907,3.6146755878506753
3005,1728408125.679,1,220,0,0,185,0,0,3,476195484,-1223629961,0.0,0.6000000238418579,4.114954471588135,0.0,0.0,0.0,0.0,4.114954471588135,0.0,26,32300,47.6195484,-122.3629961,3.6159825535021453
3006,1728408125.924,1,220,0,0,185,0,0,3,476195452,-1223630046,0.0,0.6000000238418579,4.0836286544799805,0.0,0.0,0.0,0.0,4.0836286544799805,0.0,26,32300,47.6195452,-122.3630046,3.6264733425542026
3007,1728408126.185,1,220,0,0,185,0,0,3,476195452,-1223630046,0.0,0.6000000238418579,4.0836286544799805,0.0,0.0,0.0,0.0,4.0836286544799805,0.0,26,32300,47.6195452,-122.3630046,3.61990943977892
3008,1728408126.458,1,220,0,0,185,0,0,3,476195477,-1223630018,0.0,0.6000000238418579,4.065005779266357,0.0,0.0,0.0,0.0,4.065005779266357,0.0,26,32300,47.6195477,-122.3630018,3.60555259556042
3009,1728408126.741,1,220,0,0,185,0,0,3,476195477,-1223630018,0.0,0.6000000238418579,4.065005779266357,0.0,0.0,0.0,0.0,4.065005779266357,0.0,26,32300,47.6195477,-122.3630018,3.6179450871280188
3010,1728408126.9989998,1,220,0,0,185,0,0,3,476195477,-1223630018,0.0,0.6000000238418579,4.065005779266357,0.0,0.0,0.0,0.0,4.065005779266357,0.0,26,32300,47.6195477,-122.3630018,3.6010081920432846
3011,1728408127.559,1,220,0,0,185,0,0,3,476195534,-1223629937,0.0,0.6000000238418579,4.356679916381836,0.0,0.0,0.0,0.0,4.356679916381836,0.0,26,32300,47.6195534,-122.3629937,3.6192544185960625
3012,1728408127.796,1,220,0,0,185,0,0,3,476195534,-1223629937,0.0,0.6000000238418579,4.356679916381836,0.0,0.0,0.0,0.0,4.356679916381836,0.0,26,32300,47.6195534,-122.3629937,3.608154284987742
3013,1728408128.074,1,220,0,0,185,0,0,3,476195536,-1223629944,0.0,0.6000000238418579,4.0599846839904785,0.0,0.0,0.0,0.0,4.0599846839904785,0.0,26,32300,47.6195536,-122.3629944,3.6324009893894638
3014,1728408128.3179998,1,220,0,0,185,0,0,3,476195536,-1223629944,0.0,0.6000000238418579,4.0599846839904785,0.0,0.0,0.0,0.0,4.0599846839904785,0.0,26,32300,47.6195536,-122.3629944,3.6245017049434782
3015,1728408128.585,1,220,0,0,185,0,0,3,476195536,-1223629957,0.0,0.6000000238418579,3.9632341861724854,0.0,0.0,0.0,0.0,3.9632341861724854,0.0,26,32300,47.6195536,-122.3629957,3.644979048972749
3016,1728408128.8379998,1,220,0,0,185,0,0,3,476195536,-1223629957,0.0,0.6000000238418579,3.890960216522217,0.0,0.0,0.0,0.0,3.890960216522217,0.0,26,32300,47.6195536,-122.3629957,3.6264733425542026
3017,1728408129.1,1,220,0,0,185,0,0,3,476195583,-1223629875,0.0,0.6000000238418579,3.890960216522217,0.0,0.0,0.0,0.0,3.890960216522217,0.0,26,32300,47.6195583,-122.3629875,3.6218760830461725
3018,1728408129.3669999,1,220,0,0,185,0,0,3,476195583,-1223629875,0.0,0.6000000238418579,3.892435073852539,0.0,0.0,0.0,0.0,3.892435073852539,0.0,26,32300,47.6195583,-122.3629875,3.6264733425542026
3019,1728408129.633,1,220,0,0,185,0,0,3,476195584,-1223629870,0.0,0.6000000238418579,3.892435073852539,0.0,0.0,0.0,0.0,3.892435073852539,0.0,26,32300,47.6195584,-122.362987,3.6536353824671313
3020,1728408129.902,1,220,0,0,185,0,0,3,476195584,-1223629870,0.0,0.6000000238418579,3.8940439224243164,0.0,0.0,0.0,0.0,3.8940439224243164,0.0,26,32300,47.6195584,-122.362987,3.654302908602088
3021,1728408130.151,1,220,0,0,185,0,0,3,476195586,-1223629872,0.0,0.6000000238418579,3.8940439224243164,0.0,0.0,0.0,0.0,3.8940439224243164,0.0,26,32300,47.6195586,-122.3629872,3.654303067793343
3022,1728408130.424,1,220,0,0,185,0,0,3,476195629,-1223629798,0.0,0.6000000238418579,3.8700969219207764,0.0,0.0,0.0,0.0,3.8700969219207764,0.0,26,32300,47.6195629,-122.3629798,3.6350418987514006
3023,1728408130.645,1,220,0,0,185,0,0,3,476195629,-1223629798,0.0,0.6000000238418579,3.8700969219207764,0.0,0.0,0.0,0.0,3.8700969219207764,0.0,26,32300,47.6195629,-122.3629798,3.637686335519545
3024,1728408130.9199998,1,220,0,0,185,0,0,3,476195642,-1223629772,0.0,0.6000000238418579,3.881197690963745,0.0,0.0,0.0,0.0,3.881197690963745,0.0,26,32300,47.6195642,-122.3629772,3.6396723473634096
3025,1728408131.166,1,220,0,0,185,0,0,3,476195642,-1223629772,0.0,0.6000000238418579,3.881197690963745,0.0,0.0,0.0,0.0,3.881197690963745,0.0,26,32300,47.6195642,-122.3629772,3.6140224592545054
3026,1728408131.439,1,220,0,0,185,0,0,3,476195659,-1223629740,0.0,0.6000000238418579,3.949772834777832,0.0,0.0,0.0,0.0,3.949772834777832,0.0,26,32300,47.6195659,-122.362974,3.6238448643714087
3027,1728408131.707,1,220,0,0,185,0,0,3,476195659,-1223629740,0.0,0.6000000238418579,3.949772834777832,0.0,0.0,0.0,0.0,3.949772834777832,0.0,26,32300,47.6195659,-122.362974,3.6324009893894638
3028,1728408131.9729998,1,220,0,0,185,0,0,3,476195680,-1223629697,0.0,0.6000000238418579,3.9997427463531494,0.0,0.0,0.0,0.0,3.9997427463531494,0.0,26,32300,47.619568,-122.3629697,3.6120643333164972
3029,1728408132.215,1,220,0,0,185,0,0,3,476195680,-1223629697,0.0,0.6000000238418579,3.9997427463531494,0.0,0.0,0.0,0.0,3.9997427463531494,0.0,26,32300,47.619568,-122.3629697,3.625815787243145
3030,1728408132.472,1,220,0,0,185,0,0,3,476195680,-1223629697,0.0,0.6000000238418579,3.9997427463531494,0.0,0.0,0.0,0.0,3.9997427463531494,0.0,26,32300,47.619568,-122.3629697,3.6218760830461725
3031,1728408133.0319998,1,220,0,0,185,0,0,3,476195610,-1223629846,0.0,0.6000000238418579,4.407319068908691,0.0,0.0,0.0,0.0,4.407319068908691,0.0,26,32400,47.619561,-122.3629846,3.6218762394247626
3032,1728408133.2979999,1,220,0,0,185,0,0,3,476195610,-1223629846,0.0,0.6000000238418579,4.407319068908691,0.0,0.0,0.0,0.0,4.407319068908691,0.0,26,32400,47.619561,-122.3629846,3.6264733425542026
3033,1728408133.572,1,220,0,0,185,0,0,3,476195597,-1223629901,0.0,0.6000000238418579,4.111174583435059,0.0,0.0,0.0,0.0,4.111174583435059,0.0,26,32500,47.6195597,-122.3629901,3.608154440183669
3034,1728408133.813,1,220,0,0,185,0,0,3,476195597,-1223629901,0.0,0.6000000238418579,4.111174583435059,0.0,0.0,0.0,0.0,4.111174583435059,0.0,26,32500,47.6195597,-122.3629901,3.616636546740109
3035,1728408134.119,1,220,0,0,185,0,0,3,476195610,-1223629901,0.0,0.6000000238418579,4.005104064941406,0.0,0.0,0.0,0.0,4.005104064941406,0.0,26,32700,47.619561,-122.3629901,3.616636546740109
3036,1728408134.3569999,1,220,0,0,185,0,0,3,476195610,-1223629901,0.0,0.6000000238418579,3.9868693351745605,0.0,0.0,0.0,0.0,3.9868693351745605,0.0,26,32700,47.619561,-122.3629901,3.615328952557203
3037,1728408134.606,1,220,0,0,185,0,0,3,476195617,-1223629902,0.0,0.6000000238418579,3.9868693351745605,0.0,0.0,0.0,0.0,3.9868693351745605,0.0,26,32700,47.6195617,-122.3629902,3.625158627008024
3038,1728408134.9039998,1,220,0,0,185,0,0,3,476195652,-1223629855,0.0,0.6000000238418579,3.977421998977661,0.0,0.0,0.0,0.0,3.977421998977661,0.0,26,32600,47.6195652,-122.3629855,3.6185994783261903
3039,1728408135.149,1,220,0,0,185,0,0,3,476195652,-1223629855,0.0,0.6000000238418579,3.977421998977661,0.0,0.0,0.0,0.0,3.977421998977661,0.0,26,32600,47.6195652,-122.3629855,3.6218760830461725
3040,1728408135.424,1,220,0,0,185,0,0,3,476195656,-1223629855,0.0,0.6000000238418579,3.9408583641052246,0.0,0.0,0.0,0.0,3.9408583641052246,0.0,26,32600,47.6195656,-122.3629855,3.5701535178167667
3041,1728408135.6729999,1,220,0,0,185,0,0,3,476195656,-1223629855,0.0,0.6000000238418579,3.9408583641052246,0.0,0.0,0.0,0.0,3.9408583641052246,0.0,26,32600,47.6195656,-122.3629855,3.53857029933131
3042,1728408135.939,1,220,0,0,185,0,0,3,476195652,-1223629864,0.0,0.6000000238418579,3.965362071990967,0.0,0.0,0.0,0.0,3.965362071990967,0.0,26,32600,47.6195652,-122.3629864,3.643650883797114
3043,1728408136.188,1,220,0,0,185,0,0,3,476195652,-1223629864,0.0,0.6000000238418579,3.965362071990967,0.0,0.0,0.0,0.0,3.965362071990967,0.0,26,32600,47.6195652,-122.3629864,3.638348203808547
3044,1728408136.4499998,1,220,0,0,185,0,0,3,476195659,-1223629857,0.0,0.6000000238418579,3.9931907653808594,0.0,0.0,0.0,0.0,3.9931907653808594,0.0,26,32600,47.6195659,-122.3629857,3.61336956664073
3045,1728408136.6959999,1,220,0,0,185,0,0,3,476195659,-1223629857,0.0,0.6000000238418579,3.9931907653808594,0.0,0.0,0.0,0.0,3.9931907653808594,0.0,26,32600,47.6195659,-122.3629857,3.640334938615678
3046,1728408136.971,1,220,0,0,185,0,0,3,476195686,-1223629827,0.0,0.6000000238418579,4.0269389152526855,0.0,0.0,0.0,0.0,4.0269389152526855,0.0,26,32700,47.6195686,-122.3629827,3.620564854364616
3047,1728408137.224,1,220,0,0,185,0,0,3,476195686,-1223629827,0.0,0.6000000238418579,4.0269389152526855,0.0,0.0,0.0,0.0,4.0269389152526855,0.0,26,32700,47.6195686,-122.3629827,3.6075036658362296
3048,1728408137.5,1,220,0,0,185,0,0,3,476195698,-1223629811,0.0,0.6000000238418579,4.060814380645752,0.0,0.0,0.0,0.0,4.060814380645752,0.0,26,32700,47.6195698,-122.3629811,3.63504174123386
3049,1728408137.737,1,220,0,0,185,0,0,3,476195698,-1223629811,0.0,0.6000000238418579,4.060814380645752,0.0,0.0,0.0,0.0,4.060814380645752,0.0,26,32700,47.6195698,-122.3629811,3.6192544185960625
3050,1728408138.074,1,220,0,0,185,0,0,3,476195698,-1223629811,0.0,0.6000000238418579,4.060814380645752,0.0,0.0,0.0,0.0,4.060814380645752,0.0,26,32700,47.6195698,-122.3629811,3.6264733425542026
3051,1728408138.684,1,220,0,0,185,0,0,3,476195718,-1223629783,0.0,0.6000000238418579,4.444722652435303,0.0,0.0,0.0,0.0,4.444722652435303,0.0,26,32600,47.6195718,-122.3629783,3.6245015483380914
3052,1728408138.787,1,220,0,0,185,0,0,3,476195718,-1223629783,0.0,0.6000000238418579,4.444722652435303,0.0,0.0,0.0,0.0,4.444722652435303,0.0,26,32600,47.6195718,-122.3629783,3.615328952557203
3053,1728408139.069,1,220,0,0,185,0,0,3,476195749,-1223629730,0.0,0.6000000238418579,4.164896011352539,0.0,0.0,0.0,0.0,4.164896011352539,0.0,26,32600,47.6195749,-122.362973,3.6140224592545054
3054,1728408139.3479998,1,220,0,0,185,0,0,3,476195749,-1223629730,0.0,0.6000000238418579,4.065558433532715,0.0,0.0,0.0,0.0,4.065558433532715,0.0,26,32600,47.6195749,-122.362973,3.608805449365887
3055,1728408139.613,1,220,0,0,185,0,0,3,476195758,-1223629710,0.0,0.6000000238418579,4.065558433532715,0.0,0.0,0.0,0.0,4.065558433532715,0.0,26,32600,47.6195758,-122.362971,3.608805449365887
3056,1728408139.8809998,1,220,0,0,185,0,0,3,476195758,-1223629710,0.0,0.6000000238418579,3.9996986389160156,0.0,0.0,0.0,0.0,3.9996986389160156,0.0,26,32600,47.6195758,-122.362971,3.588087625459546
3057,1728408140.1499999,1,220,0,0,185,0,0,3,476195768,-1223629691,0.0,0.6000000238418579,3.9996986389160156,0.0,0.0,0.0,0.0,3.9996986389160156,0.0,26,32600,47.6195768,-122.3629691,3.603603634564543
3058,1728408140.406,1,220,0,0,185,0,0,3,476195768,-1223629691,0.0,0.6000000238418579,3.944841146469116,0.0,0.0,0.0,0.0,3.944841146469116,0.0,26,32600,47.6195768,-122.3629691,3.6010083466250764
3059,1728408140.675,1,220,0,0,185,0,0,3,476195778,-1223629672,0.0,0.6000000238418579,3.944841146469116,0.0,0.0,0.0,0.0,3.944841146469116,0.0,26,32600,47.6195778,-122.3629672,3.5958288151183955
3060,1728408140.939,1,220,0,0,185,0,0,3,476195788,-1223629648,0.0,0.6000000238418579,3.924511671066284,0.0,0.0,0.0,0.0,3.924511671066284,0.0,26,32600,47.6195788,-122.3629648,3.643650883797114
3061,1728408141.191,1,220,0,0,185,0,0,3,476195788,-1223629648,0.0,0.6000000238418579,3.924511671066284,0.0,0.0,0.0,0.0,3.924511671066284,0.0,26,32600,47.6195788,-122.3629648,3.3795201179475005
3062,1728408141.471,1,220,0,0,185,0,0,3,476195807,-1223629608,0.0,0.6000000238418579,3.922309637069702,0.0,0.0,0.0,0.0,3.922309637069702,0.0,26,32600,47.6195807,-122.3629608,3.2867707271355213
3063,1728408141.722,1,220,0,0,185,0,0,3,476195807,-1223629608,0.0,0.6000000238418579,3.922309637069702,0.0,0.0,0.0,0.0,3.922309637069702,0.0,26,32600,47.6195807,-122.3629608,3.2900148071311746
3064,1728408141.9919999,1,220,0,0,185,0,0,3,476195742,-1223629752,0.0,0.6000000238418579,3.9151864051818848,0.0,0.0,0.0,0.0,3.9151864051818848,0.0,26,32600,47.6195742,-122.3629752,3.2976092021944416
3065,1728408142.238,1,220,0,0,185,0,0,3,476195742,-1223629752,0.0,0.6000000238418579,3.9151864051818848,0.0,0.0,0.0,0.0,3.9151864051818848,0.0,26,32600,47.6195742,-122.3629752,3.3025099106501177
3066,1728408142.5449998,1,220,0,0,185,0,0,3,476195713,-1223629825,0.0,0.6000000238418579,3.9447975158691406,0.0,0.0,0.0,0.0,3.9447975158691406,0.0,26,32600,47.6195713,-122.3629825,3.3041465885445724
3067,1728408142.774,1,220,0,0,185,0,0,3,476195713,-1223629825,0.0,0.6000000238418579,3.9447975158691406,0.0,0.0,0.0,0.0,3.9447975158691406,0.0,26,32600,47.6195713,-122.3629825,3.3195020221456626
3068,1728408143.054,1,220,0,0,185,0,0,3,476195707,-1223629853,0.0,0.6000000238418579,3.9591944217681885,0.0,0.0,0.0,0.0,3.9591944217681885,0.0,26,32600,47.6195707,-122.3629853,3.305785150021838
3069,1728408143.299,1,220,0,0,185,0,0,3,476195707,-1223629853,0.0,0.6000000238418579,3.9591944217681885,0.0,0.0,0.0,0.0,3.9591944217681885,0.0,26,32600,47.6195707,-122.3629853,3.3266799269484215
3070,1728408143.563,1,220,0,0,185,0,0,3,476195707,-1223629853,0.0,0.6000000238418579,3.9591944217681885,0.0,0.0,0.0,0.0,3.9591944217681885,0.0,26,32600,47.6195707,-122.3629853,3.3167496011431123
3071,1728408144.602,1,220,0,0,185,0,0,3,476195734,-1223629826,0.0,0.6000000238418579,4.678081035614014,0.0,0.0,0.0,0.0,4.678081035614014,0.0,25,32500,47.6195734,-122.3629826,3.3189511988110247
3072,1728408144.872,1,220,0,0,185,0,0,3,476195734,-1223629826,0.0,0.6000000238418579,4.678081035614014,0.0,0.0,0.0,0.0,4.678081035614014,0.0,25,32500,47.6195734,-122.3629826,3.325020855185067
3073,1728408145.148,1,220,0,0,185,0,0,3,476195755,-1223629796,0.0,0.6000000238418579,4.233285427093506,0.0,0.0,0.0,0.0,4.233285427093506,0.0,25,32500,47.6195755,-122.3629796,3.328340787236794
3074,1728408145.4129999,1,220,0,0,185,0,0,3,476195768,-1223629783,0.0,0.6000000238418579,4.083861827850342,0.0,0.0,0.0,0.0,4.083861827850342,0.0,25,32500,47.6195768,-122.3629783,3.3195020221456626
3075,1728408145.669,1,220,0,0,185,0,0,3,476195768,-1223629783,0.0,0.6000000238418579,4.083861827850342,0.0,0.0,0.0,0.0,4.083861827850342,0.0,25,32500,47.6195768,-122.3629783,3.318400558248385
3076,1728408145.934,1,220,0,0,185,0,0,3,476195788,-1223629752,0.0,0.6000000238418579,4.029870986938477,0.0,0.0,0.0,0.0,4.029870986938477,0.0,25,32500,47.6195788,-122.3629752,3.3195020221456626
3077,1728408146.175,1,220,0,0,185,0,0,3,476195788,-1223629752,0.0,0.6000000238418579,4.029870986938477,0.0,0.0,0.0,0.0,4.029870986938477,0.0,25,32500,47.6195788,-122.3629752,3.3300033067378454
3078,1728408146.4559999,1,220,0,0,185,0,0,3,476195747,-1223629851,0.0,0.6000000238418579,3.9938416481018066,0.0,0.0,0.0,0.0,3.9938416481018066,0.0,25,32500,47.6195747,-122.3629851,3.3316674879391694
3079,1728408146.687,1,220,0,0,185,0,0,3,476195747,-1223629851,0.0,0.6000000238418579,3.9938416481018066,0.0,0.0,0.0,0.0,3.9938416481018066,0.0,25,32500,47.6195747,-122.3629851,3.340571244067113
3080,1728408146.9689999,1,220,0,0,185,0,0,3,476195727,-1223629911,0.0,0.6000000238418579,3.99680233001709,0.0,0.0,0.0,0.0,3.99680233001709,0.0,25,32500,47.6195727,-122.3629911,3.3189511988110247
3081,1728408147.217,1,220,0,0,185,0,0,3,476195727,-1223629911,0.0,0.6000000238418579,3.99680233001709,0.0,0.0,0.0,0.0,3.99680233001709,0.0,25,32500,47.6195727,-122.3629911,3.623845020920054
3082,1728408147.4859998,1,220,0,0,185,0,0,3,476195701,-1223629988,0.0,0.6000000238418579,3.981165885925293,0.0,0.0,0.0,0.0,3.981165885925293,0.0,25,32500,47.6195701,-122.3629988,3.6304230599114877
3083,1728408147.731,1,220,0,0,185,0,0,3,476195701,-1223629988,0.0,0.6000000238418579,3.981165885925293,0.0,0.0,0.0,0.0,3.981165885925293,0.0,25,32500,47.6195701,-122.3629988,3.6416606870284185
3084,1728408148.017,1,220,0,0,185,0,0,3,476195710,-1223630002,0.0,0.6000000238418579,3.9865760803222656,0.0,0.0,0.0,0.0,3.9865760803222656,0.0,25,32500,47.619571,-122.3630002,3.6172906206028235
3085,1728408148.2649999,1,220,0,0,185,0,0,3,476195710,-1223630002,0.0,0.6000000238418579,3.9865760803222656,0.0,0.0,0.0,0.0,3.9865760803222656,0.0,25,32500,47.619571,-122.3630002,3.646973033962953
3086,1728408148.57,1,220,0,0,185,0,0,3,476195712,-1223630021,0.0,0.6000000238418579,3.9758458137512207,0.0,0.0,0.0,0.0,3.9758458137512207,0.0,25,32500,47.6195712,-122.3630021,3.6463081827735553
3087,1728408148.78,1,220,0,0,185,0,0,3,476195712,-1223630021,0.0,0.6000000238418579,3.9758458137512207,0.0,0.0,0.0,0.0,3.9758458137512207,0.0,25,32500,47.6195712,-122.3630021,3.6523009025292525
3088,1728408149.057,1,220,0,0,185,0,0,3,476195705,-1223630047,0.0,0.6000000238418579,3.9936940670013428,0.0,0.0,0.0,0.0,3.9936940670013428,0.0,25,32500,47.6195705,-122.3630047,3.662332929085556
3089,1728408149.286,1,220,0,0,185,0,0,3,476195705,-1223630047,0.0,0.6000000238418579,3.9936940670013428,0.0,0.0,0.0,0.0,3.9936940670013428,0.0,25,32500,47.6195705,-122.3630047,3.634381390196564
3090,1728408149.589,1,220,0,0,185,0,0,3,476195705,-1223630047,0.0,0.6000000238418579,3.9936940670013428,0.0,0.0,0.0,0.0,3.9936940670013428,0.0,25,32500,47.6195705,-122.3630047,3.633060778243268
3091,1728408150.1209998,1,220,0,0,185,0,0,3,476195753,-1223629973,0.0,0.6000000238418579,4.418683052062988,0.0,0.0,0.0,0.0,4.418683052062988,0.0,25,32500,47.6195753,-122.3629973,3.650967555966238
3092,1728408150.3809998,1,220,0,0,185,0,0,3,476195775,-1223629934,0.0,0.6000000238418579,4.184021949768066,0.0,0.0,0.0,0.0,4.184021949768066,0.0,25,32500,47.6195775,-122.3629934,3.644979048972749
3093,1728408150.6399999,1,220,0,0,185,0,0,3,476195775,-1223629934,0.0,0.6000000238418579,4.184021949768066,0.0,0.0,0.0,0.0,4.184021949768066,0.0,25,32500,47.6195775,-122.3629934,3.6277888551574917
3094,1728408150.942,1,220,0,0,185,0,0,3,476195770,-1223629946,0.0,0.6000000238418579,4.112910270690918,0.0,0.0,0.0,0.0,4.112910270690918,0.0,25,32600,47.619577,-122.3629946,3.648303622631656
3095,1728408151.1529999,1,220,0,0,185,0,0,3,476195770,-1223629946,0.0,0.6000000238418579,4.112910270690918,0.0,0.0,0.0,0.0,4.112910270690918,0.0,25,32600,47.619577,-122.3629946,3.6218760830461725
3096,1728408151.419,1,220,0,0,185,0,0,3,476195782,-1223629921,0.0,0.6000000238418579,4.1708550453186035,0.0,0.0,0.0,0.0,4.1708550453186035,0.0,25,32600,47.6195782,-122.3629921,3.620564854364616
3097,1728408151.651,1,220,0,0,185,0,0,3,476195782,-1223629921,0.0,0.6000000238418579,4.1708550453186035,0.0,0.0,0.0,0.0,4.1708550453186035,0.0,25,32600,47.6195782,-122.3629921,3.6127167542928156
3098,1728408151.9169998,1,220,0,0,185,0,0,3,476195795,-1223629895,0.0,0.6000000238418579,4.250850677490234,0.0,0.0,0.0,0.0,4.250850677490234,0.0,25,32500,47.6195795,-122.3629895,3.608154440183669
3099,1728408152.1899998,1,220,0,0,185,0,0,3,476195795,-1223629895,0.0,0.6000000238418579,4.250850677490234,0.0,0.0,0.0,0.0,4.250850677490234,0.0,25,32500,47.6195795,-122.3629895,3.602305600496419
3100,1728408152.474,1,220,0,0,185,0,0,3,476195795,-1223629895,0.0,0.6000000238418579,4.373615264892578,0.0,0.0,0.0,0.0,4.373615264892578,0.0,25,32500,47.6195795,-122.3629895,3.312903792593132
3101,1728408152.695,1,220,0,0,185,0,0,3,476195812,-1223629866,0.0,0.6000000238418579,4.373615264892578,0.0,0.0,0.0,0.0,4.373615264892578,0.0,25,32500,47.6195812,-122.3629866,3.4710169574280916
3102,1728408152.9729998,1,220,0,0,185,0,0,3,476195836,-1223629824,0.0,0.6000000238418579,4.42462682723999,0.0,0.0,0.0,0.0,4.42462682723999,0.0,25,32500,47.6195836,-122.3629824,3.469210691425033
3103,1728408153.244,1,220,0,0,185,0,0,3,476195836,-1223629824,0.0,0.6000000238418579,4.42462682723999,0.0,0.0,0.0,0.0,4.42462682723999,0.0,25,32500,47.6195836,-122.3629824,3.4843205517022526
3104,1728408153.4989998,1,220,0,0,185,0,0,3,476195864,-1223629770,0.0,0.6000000238418579,4.431800842285156,0.0,0.0,0.0,0.0,4.431800842285156,0.0,25,32600,47.6195864,-122.362977,3.4861425901857652
3105,1728408153.787,1,220,0,0,185,0,0,3,476195864,-1223629770,0.0,0.6000000238418579,4.431800842285156,0.0,0.0,0.0,0.0,4.431800842285156,0.0,25,32600,47.6195864,-122.362977,3.427592094129861
3106,1728408154.0939999,1,220,0,0,185,0,0,3,476195748,-1223630009,0.0,0.6000000238418579,4.386427879333496,0.0,0.0,0.0,0.0,4.386427879333496,0.0,25,32799,47.6195748,-122.3630009,3.443526118779576
3107,1728408154.316,1,220,0,0,185,0,0,3,476195748,-1223630009,0.0,0.6000000238418579,4.386427879333496,0.0,0.0,0.0,0.0,4.386427879333496,0.0,25,32799,47.6195748,-122.3630009,3.4270048179672505
3108,1728408154.6,1,220,0,0,185,0,0,3,476195699,-1223630114,0.0,0.6000000238418579,4.454563140869141,0.0,0.0,0.0,0.0,4.454563140869141,0.0,25,33000,47.6195699,-122.3630114,3.4381982949854595
3109,1728408154.8379998,1,220,0,0,185,0,0,3,476195699,-1223630114,0.0,0.6000000238418579,4.454563140869141,0.0,0.0,0.0,0.0,4.454563140869141,0.0,25,33000,47.6195699,-122.3630114,3.4322978403213393
3110,1728408155.626,1,220,0,0,185,0,0,3,476195738,-1223630083,0.0,0.6000000238418579,4.873177528381348,0.0,0.0,0.0,0.0,4.873177528381348,0.0,25,33000,47.6195738,-122.3630083,3.444119212904181
3111,1728408155.883,1,220,0,0,185,0,0,3,476195738,-1223630083,0.0,0.6000000238418579,4.873177528381348,0.0,0.0,0.0,0.0,4.873177528381348,0.0,25,33000,47.6195738,-122.3630083,3.417051128341501
3112,1728408156.146,1,220,0,0,185,0,0,3,476195732,-1223630117,0.0,0.6000000238418579,4.565603733062744,0.0,0.0,0.0,0.0,4.565603733062744,0.0,25,33000,47.6195732,-122.3630117,3.4381982949854595
3113,1728408156.3799999,1,220,0,0,185,0,0,3,476195732,-1223630117,0.0,0.6000000238418579,4.565603733062744,0.0,0.0,0.0,0.0,4.565603733062744,0.0,25,33000,47.6195732,-122.3630117,3.432297980757857
3114,1728408156.679,1,220,0,0,185,0,0,3,476195743,-1223630110,0.0,0.6000000238418579,4.360983371734619,0.0,0.0,0.0,0.0,4.360983371734619,0.0,25,33500,47.6195743,-122.363011,3.4506556222975835
3115,1728408156.988,1,220,0,0,185,0,0,3,476195750,-1223630108,0.0,0.6000000238418579,4.311734676361084,0.0,0.0,0.0,0.0,4.311734676361084,0.0,25,33800,47.619575,-122.3630108,3.4566194182248795
3116,1728408157.227,1,220,0,0,185,0,0,3,476195750,-1223630108,0.0,0.6000000238418579,4.311734676361084,0.0,0.0,0.0,0.0,4.311734676361084,0.0,25,33800,47.619575,-122.3630108,3.4958923533230846
3117,1728408157.487,1,220,0,0,185,0,0,3,476195782,-1223630065,0.0,0.6000000238418579,4.277964115142822,0.0,0.0,0.0,0.0,4.277964115142822,0.0,25,34400,47.6195782,-122.3630065,3.4560221538529485
3118,1728408157.734,1,220,0,0,185,0,0,3,476195782,-1223630065,0.0,0.6000000238418579,4.277964115142822,0.0,0.0,0.0,0.0,4.277964115142822,0.0,25,34400,47.6195782,-122.3630065,3.4849276379474134
3119,1728408158.017,1,220,0,0,185,0,0,3,476195765,-1223630105,0.0,0.6000000238418579,4.246721267700195,0.0,0.0,0.0,0.0,4.246721267700195,0.0,25,34200,47.6195765,-122.3630105,3.1725887624143407
3120,1728408158.281,1,220,0,0,185,0,0,3,476195765,-1223630105,0.0,0.6000000238418579,4.246721267700195,0.0,0.0,0.0,0.0,4.246721267700195,0.0,25,34200,47.6195765,-122.3630105,3.4710169574280916
3121,1728408158.5479999,1,220,0,0,185,0,0,3,476195758,-1223630126,0.0,0.6000000238418579,4.245728015899658,0.0,0.0,0.0,0.0,4.245728015899658,0.0,25,34099,47.6195758,-122.3630126,3.460207629584314
3122,1728408158.79,1,220,0,0,185,0,0,3,476195758,-1223630126,0.0,0.6000000238418579,4.245728015899658,0.0,0.0,0.0,0.0,4.245728015899658,0.0,25,34099,47.6195758,-122.3630126,3.460806341612359
3123,1728408159.0709999,1,220,0,0,185,0,0,3,476195770,-1223630109,0.0,0.6000000238418579,4.303807735443115,0.0,0.0,0.0,0.0,4.303807735443115,0.0,25,34099,47.619577,-122.3630109,3.443526118779576
3124,1728408159.2949998,1,220,0,0,185,0,0,3,476195770,-1223630109,0.0,0.6000000238418579,4.303807735443115,0.0,0.0,0.0,0.0,4.303807735443115,0.0,25,34099,47.619577,-122.3630109,3.4680076537036055
3125,1728408159.573,1,220,0,0,185,0,0,3,476195796,-1223630071,0.0,0.6000000238418579,4.342940807342529,0.0,0.0,0.0,0.0,4.342940807342529,0.0,25,34099,47.6195796,-122.3630071,3.510003538202038
3126,1728408159.8149998,1,220,0,0,185,0,0,3,476195796,-1223630071,0.0,0.6000000238418579,4.342940807342529,0.0,0.0,0.0,0.0,4.342940807342529,0.0,25,34099,47.6195796,-122.3630071,3.49528144122159
3127,1728408160.103,1,220,0,0,185,0,0,3,476195821,-1223630029,0.0,0.6000000238418579,4.372677803039551,0.0,0.0,0.0,0.0,4.372677803039551,0.0,25,34300,47.6195821,-122.3630029,3.4897923898752437
3128,1728408160.339,1,220,0,0,185,0,0,3,476195821,-1223630029,0.0,0.6000000238418579,4.372677803039551,0.0,0.0,0.0,0.0,4.372677803039551,0.0,25,34300,47.6195821,-122.3630029,3.469210834898459
3129,1728408161.142,1,220,0,0,185,0,0,3,476195877,-1223629935,0.0,0.6000000238418579,4.763474941253662,0.0,0.0,0.0,0.0,4.763474941253662,0.0,25,34300,47.6195877,-122.3629935,3.488574892772981
3130,1728408161.388,1,220,0,0,185,0,0,3,476195877,-1223629935,0.0,0.6000000238418579,4.763474941253662,0.0,0.0,0.0,0.0,4.763474941253662,0.0,25,34300,47.6195877,-122.3629935,3.4867503115735095
3131,1728408161.6629999,1,220,0,0,185,0,0,3,476195858,-1223629969,0.0,0.6000000238418579,4.515142917633057,0.0,0.0,0.0,0.0,4.515142917633057,0.0,25,34300,47.6195858,-122.3629969,3.475238853569153
3132,1728408161.925,1,220,0,0,185,0,0,3,476195853,-1223629982,0.0,0.6000000238418579,4.41978645324707,0.0,0.0,0.0,0.0,4.41978645324707,0.0,25,34400,47.6195853,-122.3629982,3.4704147076668845
3133,1728408162.188,1,220,0,0,185,0,0,3,476195853,-1223629982,0.0,0.6000000238418579,4.41978645324707,0.0,0.0,0.0,0.0,4.41978645324707,0.0,25,34400,47.6195853,-122.3629982,3.488574892772981
3134,1728408162.4459999,1,220,0,0,185,0,0,3,476195869,-1223629961,0.0,0.6000000238418579,4.389035701751709,0.0,0.0,0.0,0.0,4.389035701751709,0.0,25,34300,47.6195869,-122.3629961,3.436426015480821
3135,1728408162.6859999,1,220,0,0,185,0,0,3,476195869,-1223629961,0.0,0.6000000238418579,4.389035701751709,0.0,0.0,0.0,0.0,4.389035701751709,0.0,25,34300,47.6195869,-122.3629961,3.4740316321033577
3136,1728408162.949,1,220,0,0,185,0,0,3,476195894,-1223629925,0.0,0.6000000238418579,4.383031368255615,0.0,0.0,0.0,0.0,4.383031368255615,0.0,25,34099,47.6195894,-122.3629925,3.4566194182248795
3137,1728408163.218,1,220,0,0,185,0,0,3,476195894,-1223629925,0.0,0.6000000238418579,4.383031368255615,0.0,0.0,0.0,0.0,4.383031368255615,0.0,25,34099,47.6195894,-122.3629925,3.462603864395306
3138,1728408163.4989998,1,220,0,0,185,0,0,3,476195821,-1223630081,0.0,0.6000000238418579,4.36574125289917,0.0,0.0,0.0,0.0,4.36574125289917,0.0,25,34099,47.6195821,-122.3630081,3.1720857326763845
3139,1728408163.75,1,220,0,0,185,0,0,3,476195821,-1223630081,0.0,0.6000000238418579,4.36574125289917,0.0,0.0,0.0,0.0,4.36574125289917,0.0,25,34099,47.6195821,-122.3630081,3.4740316321033577
3140,1728408164.017,1,220,0,0,185,0,0,3,476195752,-1223630242,0.0,0.6000000238418579,4.3847432136535645,0.0,0.0,0.0,0.0,4.3847432136535645,0.0,25,34099,47.6195752,-122.3630242,3.4548282440979663
3141,1728408164.303,1,220,0,0,185,0,0,3,476195752,-1223630242,0.0,0.6000000238418579,4.3847432136535645,0.0,0.0,0.0,0.0,4.3847432136535645,0.0,25,34099,47.6195752,-122.3630242,3.4584125931844363
3142,1728408164.553,1,220,0,0,185,0,0,3,476195737,-1223630299,0.0,0.6000000238418579,4.410894393920898,0.0,0.0,0.0,0.0,4.410894393920898,0.0,25,33500,47.6195737,-122.3630299,3.4722222279711272
3143,1728408164.804,1,220,0,0,185,0,0,3,476195737,-1223630299,0.0,0.6000000238418579,4.410894393920898,0.0,0.0,0.0,0.0,4.410894393920898,0.0,25,33500,47.6195737,-122.3630299,3.4650034203482654
3144,1728408165.115,1,220,0,0,185,0,0,3,476195737,-1223630328,0.0,0.6000000238418579,4.442902088165283,0.0,0.0,0.0,0.0,4.442902088165283,0.0,25,33100,47.6195737,-122.3630328,3.474635137977503
3145,1728408165.33,1,220,0,0,185,0,0,3,476195737,-1223630328,0.0,0.6000000238418579,4.442902088165283,0.0,0.0,0.0,0.0,4.442902088165283,0.0,25,33100,47.6195737,-122.3630328,3.4512510330785924
3146,1728408165.6009998,1,220,0,0,185,0,0,3,476195749,-1223630328,0.0,0.6000000238418579,4.457534313201904,0.0,0.0,0.0,0.0,4.457534313201904,0.0,25,33000,47.6195749,-122.3630328,3.463203406012673
3147,1728408165.879,1,220,0,0,185,0,0,3,476195749,-1223630328,0.0,0.6000000238418579,4.457534313201904,0.0,0.0,0.0,0.0,4.457534313201904,0.0,25,33000,47.6195749,-122.3630328,3.4417484850101134
3148,1728408166.6439998,1,220,0,0,185,0,0,3,476195794,-1223630282,0.0,0.6000000238418579,4.906858444213867,0.0,0.0,0.0,0.0,4.906858444213867,0.0,25,33200,47.6195794,-122.3630282,3.460806341612359
3149,1728408166.899,1,220,0,0,185,0,0,3,476195794,-1223630282,0.0,0.6000000238418579,4.906858444213867,0.0,0.0,0.0,0.0,4.906858444213867,0.0,25,33200,47.6195794,-122.3630282,3.4596091246722156
3150,1728408167.1769998,1,220,0,0,185,0,0,3,476195781,-1223630323,0.0,0.6000000238418579,4.575726509094238,0.0,0.0,0.0,0.0,4.575726509094238,0.0,25,33200,47.6195781,-122.3630323,3.4722222279711272
3151,1728408167.4459999,1,220,0,0,185,0,0,3,476195777,-1223630344,0.0,0.6000000238418579,4.4375,0.0,0.0,0.0,0.0,4.4375,0.0,25,33200,47.6195777,-122.3630344,3.4794711769644513
3152,1728408167.685,1,220,0,0,185,0,0,3,476195777,-1223630344,0.0,0.6000000238418579,4.4375,0.0,0.0,0.0,0.0,4.4375,0.0,25,33200,47.6195777,-122.3630344,3.477656103644218
3153,1728408167.96,1,220,0,0,185,0,0,3,476195794,-1223630327,0.0,0.6000000238418579,4.365008354187012,0.0,0.0,0.0,0.0,4.365008354187012,0.0,25,33000,47.6195794,-122.3630327,3.463803298310907
3154,1728408168.202,1,220,0,0,185,0,0,3,476195794,-1223630327,0.0,0.6000000238418579,4.365008354187012,0.0,0.0,0.0,0.0,4.365008354187012,0.0,25,33000,47.6195794,-122.3630327,3.5044681864099907
3155,1728408168.481,1,220,0,0,185,0,0,3,476195826,-1223630283,0.0,0.6000000238418579,4.346320152282715,0.0,0.0,0.0,0.0,4.346320152282715,0.0,25,32900,47.6195826,-122.3630283,3.454231456263985
3156,1728408168.724,1,220,0,0,185,0,0,3,476195826,-1223630283,0.0,0.6000000238418579,4.346320152282715,0.0,0.0,0.0,0.0,4.346320152282715,0.0,25,32900,47.6195826,-122.3630283,3.4704147076668845
3157,1728408169.0289998,1,220,0,0,185,0,0,3,476195843,-1223630262,0.0,0.6000000238418579,4.3174357414245605,0.0,0.0,0.0,0.0,4.3174357414245605,0.0,25,32900,47.6195843,-122.3630262,3.1766200743141924
3158,1728408169.2779999,1,220,0,0,185,0,0,3,476195843,-1223630262,0.0,0.6000000238418579,4.3174357414245605,0.0,0.0,0.0,0.0,4.3174357414245605,0.0,25,32900,47.6195843,-122.3630262,3.469812523336707
3159,1728408169.531,1,220,0,0,185,0,0,3,476195847,-1223630262,0.0,0.6000000238418579,4.3101348876953125,0.0,0.0,0.0,0.0,4.3101348876953125,0.0,25,33000,47.6195847,-122.3630262,3.4680076537036055
3160,1728408169.777,1,220,0,0,185,0,0,3,476195847,-1223630262,0.0,0.6000000238418579,4.3101348876953125,0.0,0.0,0.0,0.0,4.3101348876953125,0.0,25,33000,47.6195847,-122.3630262,3.4837135322577297
3161,1728408170.0509999,1,220,0,0,185,0,0,3,476195946,-1223630093,0.0,0.6000000238418579,4.279763221740723,0.0,0.0,0.0,0.0,4.279763221740723,0.0,25,33000,47.6195946,-122.3630093,3.4843205517022526
3162,1728408170.304,1,220,0,0,185,0,0,3,476195946,-1223630093,0.0,0.6000000238418579,4.279763221740723,0.0,0.0,0.0,0.0,4.279763221740723,0.0,25,33000,47.6195946,-122.3630093,3.472825105298088
3163,1728408170.5779998,1,220,0,0,185,0,0,3,476196005,-1223629968,0.0,0.6000000238418579,4.281370639801025,0.0,0.0,0.0,0.0,4.281370639801025,0.0,25,33000,47.6196005,-122.3629968,3.4686092116738605
3164,1728408170.822,1,220,0,0,185,0,0,3,476196005,-1223629968,0.0,0.6000000238418579,4.281370639801025,0.0,0.0,0.0,0.0,4.281370639801025,0.0,25,33000,47.6196005,-122.3629968,3.4554249535108497
3165,1728408171.12,1,220,0,0,185,0,0,3,476196039,-1223629882,0.0,0.6000000238418579,4.319674968719482,0.0,0.0,0.0,0.0,4.319674968719482,0.0,25,33100,47.6196039,-122.3629882,3.4572168890690915
3166,1728408171.3639998,1,220,0,0,185,0,0,3,476196039,-1223629882,0.0,0.6000000238418579,4.319674968719482,0.0,0.0,0.0,0.0,4.319674968719482,0.0,25,33100,47.6196039,-122.3629882,3.4500604169220024
3167,1728408172.175,1,220,0,0,185,0,0,3,476196086,-1223629773,0.0,0.6000000238418579,4.7746734619140625,0.0,0.0,0.0,0.0,4.7746734619140625,0.0,25,32900,47.6196086,-122.3629773,3.4867503115735095
3168,1728408172.408,1,220,0,0,185,0,0,3,476196086,-1223629773,0.0,0.6000000238418579,4.527067184448242,0.0,0.0,0.0,0.0,4.527067184448242,0.0,25,32900,47.6196086,-122.3629773,3.453038641056922
3169,1728408172.666,1,220,0,0,185,0,0,3,476196118,-1223629685,0.0,0.6000000238418579,4.527067184448242,0.0,0.0,0.0,0.0,4.527067184448242,0.0,25,32600,47.6196118,-122.3629685,3.4758429230101484
3170,1728408172.918,1,220,0,0,185,0,0,3,476196118,-1223629685,0.0,0.6000000238418579,4.373162269592285,0.0,0.0,0.0,0.0,4.373162269592285,0.0,25,32600,47.6196118,-122.3629685,3.4524426133721913
3171,1728408173.1859999,1,220,0,0,185,0,0,3,476195965,-1223630017,0.0,0.6000000238418579,4.373162269592285,0.0,0.0,0.0,0.0,4.373162269592285,0.0,25,32600,47.6195965,-122.3630017,3.4698126668599163
3172,1728408173.444,1,220,0,0,185,0,0,3,476195904,-1223630144,0.0,0.6000000238418579,4.408395290374756,0.0,0.0,0.0,0.0,4.408395290374756,0.0,25,32600,47.6195904,-122.3630144,3.451846791412174
3173,1728408173.7259998,1,220,0,0,185,0,0,3,476195904,-1223630144,0.0,0.6000000238418579,4.408395290374756,0.0,0.0,0.0,0.0,4.408395290374756,0.0,25,32600,47.6195904,-122.3630144,3.4764470584149554
3174,1728408173.99,1,220,0,0,185,0,0,3,476195900,-1223630166,0.0,0.6000000238418579,4.426778793334961,0.0,0.0,0.0,0.0,4.426778793334961,0.0,25,32700,47.61959,-122.3630166,3.445899438623646
3175,1728408174.266,1,220,0,0,185,0,0,3,476195900,-1223630166,0.0,0.6000000238418579,4.426778793334961,0.0,0.0,0.0,0.0,4.426778793334961,0.0,25,32700,47.61959,-122.3630166,3.494670597011282
3176,1728408174.521,1,220,0,0,185,0,0,3,476195881,-1223630206,0.0,0.6000000238418579,4.478957176208496,0.0,0.0,0.0,0.0,4.478957176208496,0.0,25,32799,47.6195881,-122.3630206,3.4758427789876416
3177,1728408174.7649999,1,220,0,0,185,0,0,3,476195881,-1223630206,0.0,0.6000000238418579,4.478957176208496,0.0,0.0,0.0,0.0,4.478957176208496,0.0,25,32799,47.6195881,-122.3630206,3.649635023793565
3178,1728408175.07,1,220,0,0,185,0,0,3,476195879,-1223630225,0.0,0.6000000238418579,4.489881992340088,0.0,0.0,0.0,0.0,4.489881992340088,0.0,25,32799,47.6195879,-122.3630225,3.6304230599114877
3179,1728408175.2849998,1,220,0,0,185,0,0,3,476195879,-1223630225,0.0,0.6000000238418579,4.489881992340088,0.0,0.0,0.0,0.0,4.489881992340088,0.0,25,32799,47.6195879,-122.3630225,3.6549706786982066
3180,1728408175.57,1,220,0,0,185,0,0,3,476195874,-1223630253,0.0,0.6000000238418579,4.487768650054932,0.0,0.0,0.0,0.0,4.487768650054932,0.0,25,32700,47.6195874,-122.3630253,3.631082130354019
3181,1728408175.8149998,1,220,0,0,185,0,0,3,476195874,-1223630253,0.0,0.6000000238418579,4.487768650054932,0.0,0.0,0.0,0.0,4.487768650054932,0.0,25,32700,47.6195874,-122.3630253,3.649635023793565
3182,1728408176.0979998,1,220,0,0,185,0,0,3,476195887,-1223630247,0.0,0.6000000238418579,4.488766670227051,0.0,0.0,0.0,0.0,4.488766670227051,0.0,25,32600,47.6195887,-122.3630247,3.6225322100439645
3183,1728408176.3309999,1,220,0,0,185,0,0,3,476195887,-1223630247,0.0,0.6000000238418579,4.488766670227051,0.0,0.0,0.0,0.0,4.488766670227051,0.0,25,32600,47.6195887,-122.3630247,3.6409976131231696
3184,1728408176.626,1,220,0,0,185,0,0,3,476195906,-1223630223,0.0,0.6000000238418579,4.50265645980835,0.0,0.0,0.0,0.0,4.50265645980835,0.0,25,32600,47.6195906,-122.3630223,3.649635023793565
3185,1728408176.843,1,220,0,0,185,0,0,3,476195906,-1223630223,0.0,0.6000000238418579,4.50265645980835,0.0,0.0,0.0,0.0,4.50265645980835,0.0,25,32600,47.6195906,-122.3630223,3.6609922490174127
3186,1728408177.118,1,220,0,0,185,0,0,3,476195906,-1223630223,0.0,0.6000000238418579,4.50265645980835,0.0,0.0,0.0,0.0,4.50265645980835,0.0,25,32600,47.6195906,-122.3630223,3.657644520336085
3187,1728408177.655,1,220,0,0,185,0,0,3,476195957,-1223630143,0.0,0.6000000238418579,4.94747257232666,0.0,0.0,0.0,0.0,4.94747257232666,0.0,25,32600,47.6195957,-122.3630143,3.6489692017653677
3188,1728408177.9169998,1,220,0,0,185,0,0,3,476195919,-1223630216,0.0,0.6000000238418579,4.676275730133057,0.0,0.0,0.0,0.0,4.676275730133057,0.0,25,32600,47.6195919,-122.3630216,3.6697247385346583
3189,1728408178.138,1,220,0,0,185,0,0,3,476195919,-1223630216,0.0,0.6000000238418579,4.676275730133057,0.0,0.0,0.0,0.0,4.676275730133057,0.0,25,32600,47.6195919,-122.3630216,3.642987243216351
3190,1728408178.4259999,1,220,0,0,185,0,0,3,476195918,-1223630226,0.0,0.6000000238418579,4.561713695526123,0.0,0.0,0.0,0.0,4.561713695526123,0.0,25,32700,47.6195918,-122.3630226,3.6643459513899543
3191,1728408178.666,1,220,0,0,185,0,0,3,476195918,-1223630226,0.0,0.6000000238418579,4.561713695526123,0.0,0.0,0.0,0.0,4.561713695526123,0.0,25,32700,47.6195918,-122.3630226,3.658313512363139
3192,1728408178.965,1,220,0,0,185,0,0,3,476195877,-1223630313,0.0,0.6000000238418579,4.505423545837402,0.0,0.0,0.0,0.0,4.505423545837402,0.0,25,32700,47.6195877,-122.3630313,3.671745897182634
3193,1728408179.2189999,1,220,0,0,185,0,0,3,476195877,-1223630313,0.0,0.6000000238418579,4.505423545837402,0.0,0.0,0.0,0.0,4.505423545837402,0.0,25,32700,47.6195877,-122.3630313,3.6697247385346583
3194,1728408179.47,1,220,0,0,185,0,0,3,476195871,-1223630338,0.0,0.6000000238418579,4.48735237121582,0.0,0.0,0.0,0.0,4.48735237121582,0.0,25,32700,47.6195871,-122.3630338,3.668378642120456
3195,1728408179.7289999,1,220,0,0,185,0,0,3,476195871,-1223630338,0.0,0.6000000238418579,4.48735237121582,0.0,0.0,0.0,0.0,4.48735237121582,0.0,25,32700,47.6195871,-122.3630338,3.662332929085556
3196,1728408179.9889998,1,220,0,0,185,0,0,3,476195890,-1223630316,0.0,0.6000000238418579,4.464262008666992,0.0,0.0,0.0,0.0,4.464262008666992,0.0,25,32700,47.619589,-122.3630316,3.673094627218645
3197,1728408180.2459998,1,220,0,0,185,0,0,3,476195890,-1223630316,0.0,0.6000000238418579,4.464262008666992,0.0,0.0,0.0,0.0,4.464262008666992,0.0,25,32700,47.619589,-122.3630316,3.649635023793565
3198,1728408180.52,1,220,0,0,185,0,0,3,476195916,-1223630283,0.0,0.6000000238418579,4.438294410705566,0.0,0.0,0.0,0.0,4.438294410705566,0.0,25,32600,47.6195916,-122.3630283,3.6724200579804553
3199,1728408180.7749999,1,220,0,0,185,0,0,3,476195916,-1223630283,0.0,0.6000000238418579,4.438294410705566,0.0,0.0,0.0,0.0,4.438294410705566,0.0,25,32600,47.6195916,-122.3630283,3.632401146678224
3200,1728408181.0279999,1,220,0,0,185,0,0,3,476195861,-1223630400,0.0,0.6000000238418579,4.424503326416016,0.0,0.0,0.0,0.0,4.424503326416016,0.0,25,32600,47.6195861,-122.36304,3.638348203808547
3201,1728408181.2819998,1,220,0,0,185,0,0,3,476195861,-1223630400,0.0,0.6000000238418579,4.424503326416016,0.0,0.0,0.0,0.0,4.424503326416016,0.0,25,32600,47.6195861,-122.36304,3.654302908602088
3202,1728408181.5449998,1,220,0,0,185,0,0,3,476195846,-1223630439,0.0,0.6000000238418579,4.461987495422363,0.0,0.0,0.0,0.0,4.461987495422363,0.0,25,32700,47.6195846,-122.3630439,3.676470549564461
3203,1728408181.781,1,220,0,0,185,0,0,3,476195846,-1223630439,0.0,0.6000000238418579,4.461987495422363,0.0,0.0,0.0,0.0,4.461987495422363,0.0,25,32700,47.6195846,-122.3630439,3.665017397303611
3204,1728408182.0779998,1,220,0,0,185,0,0,3,476195860,-1223630424,0.0,0.6000000238418579,4.489378929138184,0.0,0.0,0.0,0.0,4.489378929138184,0.0,25,32900,47.619586,-122.3630424,3.6703983178647848
3205,1728408182.304,1,220,0,0,185,0,0,3,476195860,-1223630424,0.0,0.6000000238418579,4.489378929138184,0.0,0.0,0.0,0.0,4.489378929138184,0.0,25,32900,47.619586,-122.3630424,3.6690515668640775
3206,1728408182.563,1,220,0,0,185,0,0,3,476195860,-1223630424,0.0,0.6000000238418579,4.489378929138184,0.0,0.0,0.0,0.0,4.489378929138184,0.0,25,32900,47.619586,-122.3630424,3.663674591445599
3207,1728408183.135,1,220,0,0,185,0,0,3,476195895,-1223630378,0.0,0.6000000238418579,4.885194301605225,0.0,0.0,0.0,0.0,4.885194301605225,0.0,25,32900,47.6195895,-122.3630378,3.652967941084702
3208,1728408183.363,1,220,0,0,185,0,0,3,476195895,-1223630378,0.0,0.6000000238418579,4.885194301605225,0.0,0.0,0.0,0.0,4.885194301605225,0.0,25,32900,47.6195895,-122.3630378,3.6563071106749936
3209,1728408183.6439998,1,220,0,0,185,0,0,3,476195926,-1223630333,0.0,0.6000000238418579,4.584721088409424,0.0,0.0,0.0,0.0,4.584721088409424,0.0,25,32900,47.6195926,-122.3630333,3.6616623064993417
3210,1728408183.9229999,1,220,0,0,185,0,0,3,476195926,-1223630333,0.0,0.6000000238418579,4.475220680236816,0.0,0.0,0.0,0.0,4.475220680236816,0.0,25,32900,47.6195926,-122.3630333,3.633720964231625
3211,1728408184.139,1,220,0,0,185,0,0,3,476195965,-1223630274,0.0,0.6000000238418579,4.475220680236816,0.0,0.0,0.0,0.0,4.475220680236816,0.0,25,32900,47.6195965,-122.3630274,3.6469728754096895
3212,1728408184.405,1,220,0,0,185,0,0,3,476195965,-1223630274,0.0,0.6000000238418579,4.46359920501709,0.0,0.0,0.0,0.0,4.46359920501709,0.0,25,32900,47.6195965,-122.3630274,3.631741440136545
3213,1728408184.6759999,1,220,0,0,185,0,0,3,476196037,-1223630159,0.0,0.6000000238418579,4.46359920501709,0.0,0.0,0.0,0.0,4.46359920501709,0.0,25,32900,47.6196037,-122.3630159,3.6238448643714087
3214,1728408184.919,1,220,0,0,185,0,0,3,476196079,-1223630088,0.0,0.6000000238418579,4.490598678588867,0.0,0.0,0.0,0.0,4.490598678588867,0.0,25,32900,47.6196079,-122.3630088,3.6483034639626757
3215,1728408185.1799998,1,220,0,0,185,0,0,3,476196079,-1223630088,0.0,0.6000000238418579,4.490598678588867,0.0,0.0,0.0,0.0,4.490598678588867,0.0,25,32900,47.6196079,-122.3630088,3.6376864932663664
3216,1728408185.448,1,220,0,0,185,0,0,3,476196109,-1223630028,0.0,0.6000000238418579,4.511722564697266,0.0,0.0,0.0,0.0,4.511722564697266,0.0,25,32900,47.6196109,-122.3630028,3.631082130354019
3217,1728408185.721,1,220,0,0,185,0,0,3,476196109,-1223630028,0.0,0.6000000238418579,4.511722564697266,0.0,0.0,0.0,0.0,4.511722564697266,0.0,25,32900,47.6196109,-122.3630028,3.666361187849892
3218,1728408185.99,1,220,0,0,185,0,0,3,476196147,-1223629954,0.0,0.6000000238418579,4.543483257293701,0.0,0.0,0.0,0.0,4.543483257293701,0.0,25,32900,47.6196147,-122.3629954,3.646973033962953
3219,1728408186.237,1,220,0,0,185,0,0,3,476196147,-1223629954,0.0,0.6000000238418579,4.543483257293701,0.0,0.0,0.0,0.0,4.543483257293701,0.0,25,32900,47.6196147,-122.3629954,3.642987243216351
3220,1728408186.5319998,1,220,0,0,185,0,0,3,476196193,-1223629863,0.0,0.6000000238418579,4.569708347320557,0.0,0.0,0.0,0.0,4.569708347320557,0.0,25,32900,47.6196193,-122.3629863,3.6778227534540116
3221,1728408186.766,1,220,0,0,185,0,0,3,476196193,-1223629863,0.0,0.6000000238418579,4.569708347320557,0.0,0.0,0.0,0.0,4.569708347320557,0.0,25,32900,47.6196193,-122.3629863,3.643650883797114
3222,1728408187.0519998,1,220,0,0,185,0,0,3,476196092,-1223630060,0.0,0.6000000238418579,4.561040878295898,0.0,0.0,0.0,0.0,4.561040878295898,0.0,25,32799,47.6196092,-122.363006,3.642987243216351
3223,1728408187.3,1,220,0,0,185,0,0,3,476196092,-1223630060,0.0,0.6000000238418579,4.561040878295898,0.0,0.0,0.0,0.0,4.561040878295898,0.0,25,32799,47.6196092,-122.363006,3.660322117289636
3224,1728408187.56,1,220,0,0,185,0,0,3,476196051,-1223630143,0.0,0.6000000238418579,4.637846946716309,0.0,0.0,0.0,0.0,4.637846946716309,0.0,25,32900,47.6196051,-122.3630143,3.650301088849234
3225,1728408187.8019998,1,220,0,0,185,0,0,3,476196051,-1223630143,0.0,0.6000000238418579,4.637846946716309,0.0,0.0,0.0,0.0,4.637846946716309,0.0,25,32900,47.6196051,-122.3630143,3.646308024278096
3226,1728408188.0709999,1,220,0,0,185,0,0,3,476196051,-1223630143,0.0,0.6000000238418579,4.637846946716309,0.0,0.0,0.0,0.0,4.637846946716309,0.0,25,32900,47.6196051,-122.3630143,3.6563071106749936
3227,1728408188.59,1,220,0,0,185,0,0,3,476196058,-1223630150,0.0,0.6000000238418579,5.189829349517822,0.0,0.0,0.0,0.0,5.189829349517822,0.0,25,32900,47.6196058,-122.363015,3.66568924951545
3228,1728408188.847,1,220,0,0,185,0,0,3,476196058,-1223630150,0.0,0.6000000238418579,5.189829349517822,0.0,0.0,0.0,0.0,5.189829349517822,0.0,25,32900,47.6196058,-122.363015,3.671071983856156
3229,1728408189.1339998,1,220,0,0,185,0,0,3,476196065,-1223630156,0.0,0.6000000238418579,4.947831630706787,0.0,0.0,0.0,0.0,4.947831630706787,0.0,25,32900,47.6196065,-122.3630156,3.66568924951545
3230,1728408189.3609998,1,220,0,0,185,0,0,3,476196065,-1223630156,0.0,0.6000000238418579,4.947831630706787,0.0,0.0,0.0,0.0,4.947831630706787,0.0,25,32900,47.6196065,-122.3630156,3.6805299859844625
3231,1728408189.628,1,220,0,0,185,0,0,3,476196083,-1223630143,0.0,0.6000000238418579,4.90260124206543,0.0,0.0,0.0,0.0,4.90260124206543,0.0,25,32799,47.6196083,-122.3630143,3.6737692834273554
3232,1728408189.895,1,220,0,0,185,0,0,3,476196083,-1223630143,0.0,0.6000000238418579,4.90260124206543,0.0,0.0,0.0,0.0,4.90260124206543,0.0,25,32799,47.6196083,-122.3630143,3.6744441875167575
3233,1728408190.1399999,1,220,0,0,185,0,0,3,476196103,-1223630119,0.0,0.6000000238418579,4.905859470367432,0.0,0.0,0.0,0.0,4.905859470367432,0.0,25,32700,47.6196103,-122.3630119,3.6866359771046087
3234,1728408190.398,1,220,0,0,185,0,0,3,476196103,-1223630119,0.0,0.6000000238418579,4.905859470367432,0.0,0.0,0.0,0.0,4.905859470367432,0.0,25,32700,47.6196103,-122.3630119,3.660322117289636
3235,1728408190.665,1,220,0,0,185,0,0,3,476196081,-1223630165,0.0,0.6000000238418579,4.946062088012695,0.0,0.0,0.0,0.0,4.946062088012695,0.0,25,32700,47.6196081,-122.3630165,3.654302908602088
3236,1728408190.918,1,220,0,0,185,0,0,3,476196081,-1223630165,0.0,0.6000000238418579,5.013420104980469,0.0,0.0,0.0,0.0,5.013420104980469,0.0,25,32700,47.6196081,-122.3630165,3.6589827491554807
3237,1728408191.1769998,1,220,0,0,185,0,0,3,476196095,-1223630150,0.0,0.6000000238418579,5.013420104980469,0.0,0.0,0.0,0.0,5.013420104980469,0.0,25,32799,47.6196095,-122.363015,3.654302908602088
3238,1728408191.438,1,220,0,0,185,0,0,3,476196093,-1223630163,0.0,0.6000000238418579,5.054626941680908,0.0,0.0,0.0,0.0,5.054626941680908,0.0,25,32799,47.6196093,-122.3630163,3.660992089242827
3239,1728408191.6929998,1,220,0,0,185,0,0,3,476196093,-1223630163,0.0,0.6000000238418579,5.054626941680908,0.0,0.0,0.0,0.0,5.054626941680908,0.0,25,32799,47.6196093,-122.3630163,3.667033372568504
3240,1728408191.9659998,1,220,0,0,185,0,0,3,476196108,-1223630146,0.0,0.6000000238418579,5.05771541595459,0.0,0.0,0.0,0.0,5.05771541595459,0.0,25,32900,47.6196108,-122.3630146,3.6623327691939283
3241,1728408192.21,1,220,0,0,185,0,0,3,476196108,-1223630146,0.0,0.6000000238418579,5.05771541595459,0.0,0.0,0.0,0.0,5.05771541595459,0.0,25,32900,47.6196108,-122.3630146,3.640997771157306
3242,1728408192.495,1,220,0,0,185,0,0,3,476196143,-1223630091,0.0,0.6000000238418579,5.0729193687438965,0.0,0.0,0.0,0.0,5.0729193687438965,0.0,25,32900,47.6196143,-122.3630091,3.6616624663324324
3243,1728408192.725,1,220,0,0,185,0,0,3,476196143,-1223630091,0.0,0.6000000238418579,5.0729193687438965,0.0,0.0,0.0,0.0,5.0729193687438965,0.0,25,32900,47.6196143,-122.3630091,3.6343812327362617
3244,1728408193.024,1,220,0,0,185,0,0,3,476196183,-1223630027,0.0,0.6000000238418579,5.109384536743164,0.0,0.0,0.0,0.0,5.109384536743164,0.0,25,32900,47.6196183,-122.3630027,3.6231884183164556
3245,1728408193.2749999,1,220,0,0,185,0,0,3,476196183,-1223630027,0.0,0.6000000238418579,5.109384536743164,0.0,0.0,0.0,0.0,5.109384536743164,0.0,25,32900,47.6196183,-122.3630027,3.631741440136545
3246,1728408193.537,1,220,0,0,185,0,0,3,476196183,-1223630027,0.0,0.6000000238418579,5.109384536743164,0.0,0.0,0.0,0.0,5.109384536743164,0.0,25,32900,47.6196183,-122.3630027,3.6350418987514006
3247,1728408194.063,1,220,0,0,185,0,0,3,476196247,-1223629922,0.0,0.6000000238418579,5.643301486968994,0.0,0.0,0.0,0.0,5.643301486968994,0.0,25,32799,47.6196247,-122.3629922,3.615328952557203
3248,1728408194.31,1,220,0,0,185,0,0,3,476196247,-1223629922,0.0,0.6000000238418579,5.643301486968994,0.0,0.0,0.0,0.0,5.643301486968994,0.0,25,32799,47.6196247,-122.3629922,3.6192544185960625
3249,1728408194.5879998,1,220,0,0,185,0,0,3,476196174,-1223630045,0.0,0.6000000238418579,5.324365615844727,0.0,0.0,0.0,0.0,5.324365615844727,0.0,25,32799,47.6196174,-122.3630045,3.6218760830461725
3250,1728408194.822,1,220,0,0,185,0,0,3,476196174,-1223630045,0.0,0.6000000238418579,5.324365615844727,0.0,0.0,0.0,0.0,5.324365615844727,0.0,25,32799,47.6196174,-122.3630045,3.6159825535021453
3251,1728408195.1209998,1,220,0,0,185,0,0,3,476196064,-1223630272,0.0,0.6000000238418579,5.092557907104492,0.0,0.0,0.0,0.0,5.092557907104492,0.0,25,32799,47.6196064,-122.3630272,3.6218762394247626
3252,1728408195.3569999,1,220,0,0,185,0,0,3,476196064,-1223630272,0.0,0.6000000238418579,5.092557907104492,0.0,0.0,0.0,0.0,5.092557907104492,0.0,25,32799,47.6196064,-122.3630272,3.6212203500077984
3253,1728408195.643,1,220,0,0,185,0,0,3,476196029,-1223630348,0.0,0.6000000238418579,5.050238132476807,0.0,0.0,0.0,0.0,5.050238132476807,0.0,25,32799,47.6196029,-122.3630348,3.6075036658362296
3254,1728408195.918,1,220,0,0,185,0,0,3,476196029,-1223630348,0.0,0.6000000238418579,5.050238132476807,0.0,0.0,0.0,0.0,5.050238132476807,0.0,25,32799,47.6196029,-122.3630348,3.633060935589173
3255,1728408196.172,1,220,0,0,185,0,0,3,476196034,-1223630354,0.0,0.6000000238418579,5.029982566833496,0.0,0.0,0.0,0.0,5.029982566833496,0.0,25,32300,47.6196034,-122.3630354,3.640334938615678
3256,1728408196.4199998,1,220,0,0,185,0,0,3,476196034,-1223630354,0.0,0.6000000238418579,4.988979339599609,0.0,0.0,0.0,0.0,4.988979339599609,0.0,25,32300,47.6196034,-122.3630354,3.642987243216351
3257,1728408196.7089999,1,220,0,0,185,0,0,3,476196064,-1223630311,0.0,0.6000000238418579,4.988979339599609,0.0,0.0,0.0,0.0,4.988979339599609,0.0,25,31800,47.6196064,-122.3630311,3.6376864932663664
3258,1728408196.964,1,220,0,0,185,0,0,3,476196101,-1223630251,0.0,0.6000000238418579,4.900083541870117,0.0,0.0,0.0,0.0,4.900083541870117,0.0,25,31700,47.6196101,-122.3630251,3.642323844337459
3259,1728408197.215,1,220,0,0,185,0,0,3,476196101,-1223630251,0.0,0.6000000238418579,4.900083541870117,0.0,0.0,0.0,0.0,4.900083541870117,0.0,25,31700,47.6196101,-122.3630251,3.6509673970654584
3260,1728408197.497,1,220,0,0,185,0,0,3,476196146,-1223630180,0.0,0.6000000238418579,4.856362819671631,0.0,0.0,0.0,0.0,4.856362819671631,0.0,25,31900,47.6196146,-122.363018,3.64365104206166
3261,1728408197.7319999,1,220,0,0,185,0,0,3,476196146,-1223630180,0.0,0.6000000238418579,4.856362819671631,0.0,0.0,0.0,0.0,4.856362819671631,0.0,25,31900,47.6196146,-122.363018,3.66300363741163
3262,1728408198.018,1,220,0,0,185,0,0,3,476196170,-1223630141,0.0,0.6000000238418579,4.823968410491943,0.0,0.0,0.0,0.0,4.823968410491943,0.0,25,32100,47.619617,-122.3630141,3.652967941084702
3263,1728408198.2689998,1,220,0,0,185,0,0,3,476196170,-1223630141,0.0,0.6000000238418579,4.823968410491943,0.0,0.0,0.0,0.0,4.823968410491943,0.0,25,32100,47.619617,-122.3630141,3.6556388521969088
3264,1728408198.5289998,1,220,0,0,185,0,0,3,476196223,-1223630053,0.0,0.6000000238418579,4.788732528686523,0.0,0.0,0.0,0.0,4.788732528686523,0.0,25,32300,47.6196223,-122.3630053,3.6677059641679555
3265,1728408198.7689998,1,220,0,0,185,0,0,3,476196223,-1223630053,0.0,0.6000000238418579,4.788732528686523,0.0,0.0,0.0,0.0,4.788732528686523,0.0,25,32300,47.6196223,-122.3630053,3.6636747514544123
3266,1728408199.027,1,220,0,0,185,0,0,3,476196223,-1223630053,0.0,0.6000000238418579,4.788732528686523,0.0,0.0,0.0,0.0,4.788732528686523,0.0,25,32300,47.6196223,-122.3630053,3.6416605289367303
3267,1728408199.5609999,1,220,0,0,185,0,0,3,476196200,-1223630090,0.0,0.6000000238418579,5.187711238861084,0.0,0.0,0.0,0.0,5.187711238861084,0.0,25,32400,47.61962,-122.363009,3.665017397303611
3268,1728408199.8009999,1,220,0,0,185,0,0,3,476196200,-1223630090,0.0,0.6000000238418579,5.187711238861084,0.0,0.0,0.0,0.0,5.187711238861084,0.0,25,32400,47.61962,-122.363009,3.6523010615461295
3269,1728408200.066,1,220,0,0,185,0,0,3,476196195,-1223630105,0.0,0.6000000238418579,4.872481822967529,0.0,0.0,0.0,0.0,4.872481822967529,0.0,25,32400,47.6196195,-122.3630105,3.6569756135158613
3270,1728408200.3109999,1,220,0,0,185,0,0,3,476196195,-1223630105,0.0,0.6000000238418579,4.872481822967529,0.0,0.0,0.0,0.0,4.872481822967529,0.0,25,32400,47.6196195,-122.3630105,3.660992089242827
3271,1728408200.5809999,1,220,0,0,185,0,0,3,476196207,-1223630095,0.0,0.6000000238418579,4.7096662521362305,0.0,0.0,0.0,0.0,4.7096662521362305,0.0,25,32400,47.6196207,-122.3630095,3.6569756135158613
3272,1728408200.832,1,220,0,0,185,0,0,3,476196207,-1223630095,0.0,0.6000000238418579,4.7096662521362305,0.0,0.0,0.0,0.0,4.7096662521362305,0.0,25,32400,47.6196207,-122.3630095,3.650967555966238
3273,1728408201.1139998,1,220,0,0,185,0,0,3,476196128,-1223630272,0.0,0.6000000238418579,4.569146156311035,0.0,0.0,0.0,0.0,4.569146156311035,0.0,25,32400,47.6196128,-122.3630272,3.6623327691939283
3274,1728408201.3709998,1,220,0,0,185,0,0,3,476196128,-1223630272,0.0,0.6000000238418579,4.569146156311035,0.0,0.0,0.0,0.0,4.569146156311035,0.0,25,32400,47.6196128,-122.3630272,3.6409976131231696
3275,1728408201.6309998,1,220,0,0,185,0,0,3,476196126,-1223630293,0.0,0.6000000238418579,4.4877495765686035,0.0,0.0,0.0,0.0,4.4877495765686035,0.0,25,32400,47.6196126,-122.3630293,3.6304229027939896
3276,1728408201.912,1,220,0,0,185,0,0,3,476196158,-1223630251,0.0,0.6000000238418579,4.378889560699463,0.0,0.0,0.0,0.0,4.378889560699463,0.0,25,32400,47.6196158,-122.3630251,3.642323844337459
3277,1728408202.166,1,220,0,0,185,0,0,3,476196158,-1223630251,0.0,0.6000000238418579,4.378889560699463,0.0,0.0,0.0,0.0,4.378889560699463,0.0,25,32400,47.6196158,-122.3630251,3.637686335519545
3278,1728408202.4399998,1,220,0,0,185,0,0,3,476196142,-1223630305,0.0,0.6000000238418579,4.240082263946533,0.0,0.0,0.0,0.0,4.240082263946533,0.0,25,32400,47.6196142,-122.3630305,3.625815787243145
3279,1728408202.684,1,220,0,0,185,0,0,3,476196142,-1223630305,0.0,0.6000000238418579,4.240082263946533,0.0,0.0,0.0,0.0,4.240082263946533,0.0,25,32400,47.6196142,-122.3630305,3.629105479521808
3280,1728408202.96,1,220,0,0,185,0,0,3,476196118,-1223630373,0.0,0.6000000238418579,4.221020221710205,0.0,0.0,0.0,0.0,4.221020221710205,0.0,25,32400,47.6196118,-122.3630373,3.631741440136545
3281,1728408203.201,1,220,0,0,185,0,0,3,476196118,-1223630373,0.0,0.6000000238418579,4.221020221710205,0.0,0.0,0.0,0.0,4.221020221710205,0.0,25,32400,47.6196118,-122.3630373,3.6264731857783903
3282,1728408203.4959998,1,220,0,0,185,0,0,3,476196145,-1223630336,0.0,0.6000000238418579,4.2399444580078125,0.0,0.0,0.0,0.0,4.2399444580078125,0.0,25,32400,47.6196145,-122.3630336,3.629105479521808
3283,1728408203.73,1,220,0,0,185,0,0,3,476196145,-1223630336,0.0,0.6000000238418579,4.2399444580078125,0.0,0.0,0.0,0.0,4.2399444580078125,0.0,25,32400,47.6196145,-122.3630336,3.6192544185960625
3284,1728408204.0219998,1,220,0,0,185,0,0,3,476196157,-1223630316,0.0,0.6000000238418579,4.218285083770752,0.0,0.0,0.0,0.0,4.218285083770752,0.0,25,32400,47.6196157,-122.3630316,3.642323686188188
3285,1728408204.2779999,1,220,0,0,185,0,0,3,476196157,-1223630316,0.0,0.6000000238418579,4.218285083770752,0.0,0.0,0.0,0.0,4.218285083770752,0.0,25,32400,47.6196157,-122.3630316,3.625158470345864
3286,1728408204.518,1,220,0,0,185,0,0,3,476196157,-1223630316,0.0,0.6000000238418579,4.218285083770752,0.0,0.0,0.0,0.0,4.218285083770752,0.0,25,32400,47.6196157,-122.3630316,3.629764071618172
3287,1728408205.059,1,220,0,0,185,0,0,3,476196252,-1223630173,0.0,0.6000000238418579,4.639252185821533,0.0,0.0,0.0,0.0,4.639252185821533,0.0,25,32500,47.6196252,-122.3630173,3.6483034639626757
3288,1728408205.317,1,220,0,0,185,0,0,3,476196252,-1223630173,0.0,0.6000000238418579,4.639252185821533,0.0,0.0,0.0,0.0,4.639252185821533,0.0,25,32500,47.6196252,-122.3630173,3.6523009025292525
3289,1728408205.577,1,220,0,0,185,0,0,3,476196283,-1223630107,0.0,0.6000000238418579,4.369075775146484,0.0,0.0,0.0,0.0,4.369075775146484,0.0,25,32500,47.6196283,-122.3630107,3.6456435739476367
3290,1728408205.8179998,1,220,0,0,185,0,0,3,476196283,-1223630107,0.0,0.6000000238418579,4.369075775146484,0.0,0.0,0.0,0.0,4.369075775146484,0.0,25,32500,47.6196283,-122.3630107,3.6616624663324324
3291,1728408206.096,1,220,0,0,185,0,0,3,476196272,-1223630119,0.0,0.6000000238418579,4.274813652038574,0.0,0.0,0.0,0.0,4.274813652038574,0.0,25,32500,47.6196272,-122.3630119,3.644979048972749
3292,1728408206.343,1,220,0,0,185,0,0,3,476196272,-1223630119,0.0,0.6000000238418579,4.274813652038574,0.0,0.0,0.0,0.0,4.274813652038574,0.0,25,32500,47.6196272,-122.3630119,3.6556386928892524
3293,1728408206.6399999,1,220,0,0,185,0,0,3,476196216,-1223630242,0.0,0.6000000238418579,4.187291622161865,0.0,0.0,0.0,0.0,4.187291622161865,0.0,25,32500,47.6196216,-122.3630242,3.646973033962953
3294,1728408206.862,1,220,0,0,185,0,0,3,476196216,-1223630242,0.0,0.6000000238418579,4.187291622161865,0.0,0.0,0.0,0.0,4.187291622161865,0.0,25,32500,47.6196216,-122.3630242,3.6656890893306247
3295,1728408207.148,1,220,0,0,185,0,0,3,476196196,-1223630303,0.0,0.6000000238418579,4.134772777557373,0.0,0.0,0.0,0.0,4.134772777557373,0.0,25,32500,47.6196196,-122.3630303,3.671071983856156
3296,1728408207.422,1,220,0,0,185,0,0,3,476196194,-1223630321,0.0,0.6000000238418579,4.0937089920043945,0.0,0.0,0.0,0.0,4.0937089920043945,0.0,25,32600,47.6196194,-122.3630321,3.646973033962953
3297,1728408207.648,1,220,0,0,185,0,0,3,476196194,-1223630321,0.0,0.6000000238418579,4.0937089920043945,0.0,0.0,0.0,0.0,4.0937089920043945,0.0,25,32600,47.6196194,-122.3630321,3.3327779106077715
3298,1728408207.916,1,220,0,0,185,0,0,3,476196191,-1223630337,0.0,0.6000000238418579,4.052530765533447,0.0,0.0,0.0,0.0,4.052530765533447,0.0,25,32799,47.6196191,-122.3630337,3.336670026695403
3299,1728408208.1699998,1,220,0,0,185,0,0,3,476196191,-1223630337,0.0,0.6000000238418579,4.052530765533447,0.0,0.0,0.0,0.0,4.052530765533447,0.0,25,32799,47.6196191,-122.3630337,3.3255736952073347
3300,1728408208.422,1,220,0,0,185,0,0,3,476196191,-1223630337,0.0,0.6000000238418579,4.060939311981201,0.0,0.0,0.0,0.0,4.060939311981201,0.0,25,32799,47.6196191,-122.3630337,3.329448993109159
3301,1728408208.688,1,220,0,0,185,0,0,3,476196215,-1223630304,0.0,0.6000000238418579,4.060939311981201,0.0,0.0,0.0,0.0,4.060939311981201,0.0,25,32900,47.6196215,-122.3630304,3.325020855185067
3302,1728408208.967,1,220,0,0,185,0,0,3,476196231,-1223630289,0.0,0.6000000238418579,4.045388221740723,0.0,0.0,0.0,0.0,4.045388221740723,0.0,25,32900,47.6196231,-122.3630289,3.3211557211807587
3303,1728408209.214,1,220,0,0,185,0,0,3,476196231,-1223630289,0.0,0.6000000238418579,4.045388221740723,0.0,0.0,0.0,0.0,4.045388221740723,0.0,25,32900,47.6196231,-122.3630289,3.345600443495237
3304,1728408209.478,1,220,0,0,185,0,0,3,476196258,-1223630247,0.0,0.6000000238418579,4.0382585525512695,0.0,0.0,0.0,0.0,4.0382585525512695,0.0,25,33000,47.6196258,-122.3630247,3.325020855185067
3305,1728408209.7259998,1,220,0,0,185,0,0,3,476196258,-1223630247,0.0,0.6000000238418579,4.0382585525512695,0.0,0.0,0.0,0.0,4.0382585525512695,0.0,25,33000,47.6196258,-122.3630247,3.341687610786463
3306,1728408210.0019999,1,220,0,0,185,0,0,3,476196258,-1223630247,0.0,0.6000000238418579,4.0382585525512695,0.0,0.0,0.0,0.0,4.0382585525512695,0.0,25,33000,47.6196258,-122.3630247,3.322811068706221
3307,1728408211.06,1,220,0,0,185,0,0,3,476196249,-1223630278,0.0,0.6000000238418579,4.763219356536865,0.0,0.0,0.0,0.0,4.763219356536865,0.0,25,32900,47.6196249,-122.3630278,3.3189511988110247
3308,1728408211.3109999,1,220,0,0,185,0,0,3,476196249,-1223630278,0.0,0.6000000238418579,4.763219356536865,0.0,0.0,0.0,0.0,4.763219356536865,0.0,25,32900,47.6196249,-122.3630278,3.322259146738715
3309,1728408211.5909998,1,220,0,0,185,0,0,3,476196265,-1223630263,0.0,0.6000000238418579,4.341814041137695,0.0,0.0,0.0,0.0,4.341814041137695,0.0,25,32900,47.6196265,-122.3630263,3.3261267190978714
3310,1728408211.8249998,1,220,0,0,185,0,0,3,476196265,-1223630263,0.0,0.6000000238418579,4.341814041137695,0.0,0.0,0.0,0.0,4.341814041137695,0.0,25,32900,47.6196265,-122.3630263,3.30797221094626
3311,1728408212.1109998,1,220,0,0,185,0,0,3,476196284,-1223630246,0.0,0.6000000238418579,4.225154399871826,0.0,0.0,0.0,0.0,4.225154399871826,0.0,25,33000,47.6196284,-122.3630246,3.32170740809025
3312,1728408212.365,1,220,0,0,185,0,0,3,476196284,-1223630246,0.0,0.6000000238418579,4.225154399871826,0.0,0.0,0.0,0.0,4.225154399871826,0.0,25,33000,47.6196284,-122.3630246,3.312903792593132
3313,1728408212.618,1,220,0,0,185,0,0,3,476196222,-1223630375,0.0,0.6000000238418579,4.148927211761475,0.0,0.0,0.0,0.0,4.148927211761475,0.0,25,33000,47.6196222,-122.3630375,3.314550922360652
3314,1728408212.8769999,1,220,0,0,185,0,0,3,476196222,-1223630375,0.0,0.6000000238418579,4.0695414543151855,0.0,0.0,0.0,0.0,4.0695414543151855,0.0,25,33000,47.6196222,-122.3630375,3.304692638586116
3315,1728408213.133,1,220,0,0,185,0,0,3,476196198,-1223630438,0.0,0.6000000238418579,4.0695414543151855,0.0,0.0,0.0,0.0,4.0695414543151855,0.0,25,33000,47.6196198,-122.3630438,3.303600849028468
3316,1728408213.441,1,220,0,0,185,0,0,3,476196194,-1223630474,0.0,0.6000000238418579,3.9293456077575684,0.0,0.0,0.0,0.0,3.9293456077575684,0.0,25,33000,47.6196194,-122.3630474,3.3195020221456626
3317,1728408213.674,1,220,0,0,185,0,0,3,476196194,-1223630474,0.0,0.6000000238418579,3.9293456077575684,0.0,0.0,0.0,0.0,3.9293456077575684,0.0,25,33000,47.6196194,-122.3630474,3.629764071618172
3318,1728408213.9359999,1,220,0,0,185,0,0,3,476196196,-1223630497,0.0,0.6000000238418579,3.927030086517334,0.0,0.0,0.0,0.0,3.927030086517334,0.0,25,33000,47.6196196,-122.3630497,3.62713097957608
3319,1728408214.1829998,1,220,0,0,185,0,0,3,476196196,-1223630497,0.0,0.6000000238418579,3.927030086517334,0.0,0.0,0.0,0.0,3.927030086517334,0.0,25,33000,47.6196196,-122.3630497,3.617944931088708
3320,1728408214.468,1,220,0,0,185,0,0,3,476196198,-1223630502,0.0,0.6000000238418579,3.937739133834839,0.0,0.0,0.0,0.0,3.937739133834839,0.0,25,33000,47.6196198,-122.3630502,3.6016566247925
3321,1728408214.7089999,1,220,0,0,185,0,0,3,476196198,-1223630502,0.0,0.6000000238418579,3.937739133834839,0.0,0.0,0.0,0.0,3.937739133834839,0.0,25,33000,47.6196198,-122.3630502,3.6172906206028235
3322,1728408215.004,1,220,0,0,185,0,0,3,476196207,-1223630496,0.0,0.6000000238418579,3.864637851715088,0.0,0.0,0.0,0.0,3.864637851715088,0.0,25,33000,47.6196207,-122.3630496,3.608154440183669
3323,1728408215.248,1,220,0,0,185,0,0,3,476196207,-1223630496,0.0,0.6000000238418579,3.864637851715088,0.0,0.0,0.0,0.0,3.864637851715088,0.0,25,33000,47.6196207,-122.3630496,3.606853126196527
3324,1728408215.53,1,220,0,0,185,0,0,3,476196187,-1223630561,0.0,0.6000000238418579,3.8517253398895264,0.0,0.0,0.0,0.0,3.8517253398895264,0.0,25,33000,47.6196187,-122.3630561,3.603603634564543
3325,1728408215.78,1,220,0,0,185,0,0,3,476196187,-1223630561,0.0,0.6000000238418579,3.8517253398895264,0.0,0.0,0.0,0.0,3.8517253398895264,0.0,25,33000,47.6196187,-122.3630561,3.6101083281073474
3326,1728408216.027,1,220,0,0,185,0,0,3,476196187,-1223630561,0.0,0.6000000238418579,3.8517253398895264,0.0,0.0,0.0,0.0,3.8517253398895264,0.0,25,33000,47.6196187,-122.3630561,3.6409976131231696
3327,1728408216.57,1,220,0,0,185,0,0,3,476196174,-1223630609,0.0,0.6000000238418579,4.214142322540283,0.0,0.0,0.0,0.0,4.214142322540283,0.0,25,33000,47.6196174,-122.3630609,3.62713097957608
3328,1728408216.8249998,1,220,0,0,185,0,0,3,476196174,-1223630609,0.0,0.6000000238418579,4.214142322540283,0.0,0.0,0.0,0.0,4.214142322540283,0.0,25,33000,47.6196174,-122.3630609,3.61990943977892
3329,1728408217.119,1,220,0,0,185,0,0,3,476196195,-1223630592,0.0,0.6000000238418579,3.938291549682617,0.0,0.0,0.0,0.0,3.938291549682617,0.0,25,32900,47.6196195,-122.3630592,3.6146755878506753
3330,1728408217.378,1,220,0,0,185,0,0,3,476196195,-1223630592,0.0,0.6000000238418579,3.938291549682617,0.0,0.0,0.0,0.0,3.938291549682617,0.0,25,32900,47.6196195,-122.3630592,3.6277888551574917
3331,1728408217.6399999,1,220,0,0,185,0,0,3,476196169,-1223630669,0.0,0.6000000238418579,3.9142796993255615,0.0,0.0,0.0,0.0,3.9142796993255615,0.0,25,32900,47.6196169,-122.3630669,3.625158627008024
3332,1728408217.908,1,220,0,0,185,0,0,3,476196169,-1223630669,0.0,0.6000000238418579,3.9221861362457275,0.0,0.0,0.0,0.0,3.9221861362457275,0.0,25,32900,47.6196169,-122.3630669,3.6370248656830646
3333,1728408218.1629999,1,220,0,0,185,0,0,3,476196155,-1223630722,0.0,0.6000000238418579,3.9221861362457275,0.0,0.0,0.0,0.0,3.9221861362457275,0.0,25,33000,47.6196155,-122.3630722,3.642987243216351
3334,1728408218.4269998,1,220,0,0,185,0,0,3,476196180,-1223630699,0.0,0.6000000238418579,3.8861734867095947,0.0,0.0,0.0,0.0,3.8861734867095947,0.0,25,33000,47.619618,-122.3630699,3.625158627008024
3335,1728408218.6729999,1,220,0,0,185,0,0,3,476196180,-1223630699,0.0,0.6000000238418579,3.8861734867095947,0.0,0.0,0.0,0.0,3.8861734867095947,0.0,25,33000,47.619618,-122.3630699,3.647638127648428
3336,1728408218.934,1,220,0,0,185,0,0,3,476196187,-1223630693,0.0,0.6000000238418579,3.931034564971924,0.0,0.0,0.0,0.0,3.931034564971924,0.0,25,33100,47.6196187,-122.3630693,3.6357026474301026
3337,1728408219.188,1,220,0,0,185,0,0,3,476196187,-1223630693,0.0,0.6000000238418579,3.931034564971924,0.0,0.0,0.0,0.0,3.931034564971924,0.0,25,33100,47.6196187,-122.3630693,3.642987243216351
3338,1728408219.461,1,220,0,0,185,0,0,3,476196186,-1223630709,0.0,0.6000000238418579,3.925800085067749,0.0,0.0,0.0,0.0,3.925800085067749,0.0,25,33100,47.6196186,-122.3630709,3.6556386928892524
3339,1728408219.7159998,1,220,0,0,185,0,0,3,476196186,-1223630709,0.0,0.6000000238418579,3.925800085067749,0.0,0.0,0.0,0.0,3.925800085067749,0.0,25,33100,47.6196186,-122.3630709,3.668378642120456
3340,1728408219.981,1,220,0,0,185,0,0,3,476196175,-1223630749,0.0,0.6000000238418579,3.9621241092681885,0.0,0.0,0.0,0.0,3.9621241092681885,0.0,25,33100,47.6196175,-122.3630749,3.676470710692938
3341,1728408220.2259998,1,220,0,0,185,0,0,3,476196175,-1223630749,0.0,0.6000000238418579,3.9621241092681885,0.0,0.0,0.0,0.0,3.9621241092681885,0.0,25,33100,47.6196175,-122.3630749,3.651634107534223
3342,1728408220.503,1,220,0,0,185,0,0,3,476196164,-1223630789,0.0,0.6000000238418579,4.002258777618408,0.0,0.0,0.0,0.0,4.002258777618408,0.0,25,33100,47.6196164,-122.3630789,3.657644520336085
3343,1728408220.738,1,220,0,0,185,0,0,3,476196164,-1223630789,0.0,0.6000000238418579,4.002258777618408,0.0,0.0,0.0,0.0,4.002258777618408,0.0,25,33100,47.6196164,-122.3630789,3.6483034639626757
3344,1728408221.047,1,220,0,0,185,0,0,3,476196165,-1223630802,0.0,0.6000000238418579,4.0329742431640625,0.0,0.0,0.0,0.0,4.0329742431640625,0.0,25,33100,47.6196165,-122.3630802,3.6469728754096895
3345,1728408221.263,1,220,0,0,185,0,0,3,476196165,-1223630802,0.0,0.6000000238418579,4.0329742431640625,0.0,0.0,0.0,0.0,4.0329742431640625,0.0,25,33100,47.6196165,-122.3630802,3.6456434155099497
3346,1728408221.5279999,1,220,0,0,185,0,0,3,476196165,-1223630802,0.0,0.6000000238418579,4.0329742431640625,0.0,0.0,0.0,0.0,4.0329742431640625,0.0,25,33100,47.6196165,-122.3630802,3.638348203808547
3347,1728408222.06,1,220,0,0,185,0,0,3,476196259,-1223630659,0.0,0.6000000238418579,4.39886999130249,0.0,0.0,0.0,0.0,4.39886999130249,0.0,26,33100,47.6196259,-122.3630659,3.6304229027939896
3348,1728408222.296,1,220,0,0,185,0,0,3,476196259,-1223630659,0.0,0.6000000238418579,4.39886999130249,0.0,0.0,0.0,0.0,4.39886999130249,0.0,26,33100,47.6196259,-122.3630659,3.633720964231625
3349,1728408222.5709999,1,220,0,0,185,0,0,3,476196284,-1223630623,0.0,0.6000000238418579,4.143659591674805,0.0,0.0,0.0,0.0,4.143659591674805,0.0,26,33100,47.6196284,-122.3630623,3.6403347806390753
3350,1728408222.8179998,1,220,0,0,185,0,0,3,476196284,-1223630623,0.0,0.6000000238418579,4.143659591674805,0.0,0.0,0.0,0.0,4.143659591674805,0.0,26,33100,47.6196284,-122.3630623,3.640334938615678
3351,1728408223.1169999,1,220,0,0,185,0,0,3,476196246,-1223630702,0.0,0.6000000238418579,4.072530269622803,0.0,0.0,0.0,0.0,4.072530269622803,0.0,26,33200,47.6196246,-122.3630702,3.6416605289367303
3352,1728408223.376,1,220,0,0,185,0,0,3,476196246,-1223630702,0.0,0.6000000238418579,4.072530269622803,0.0,0.0,0.0,0.0,4.072530269622803,0.0,26,33200,47.6196246,-122.3630702,3.644979048972749
3353,1728408223.645,1,220,0,0,185,0,0,3,476196240,-1223630722,0.0,0.6000000238418579,4.088080883026123,0.0,0.0,0.0,0.0,4.088080883026123,0.0,26,33200,47.619624,-122.3630722,3.611411992462908
3354,1728408223.911,1,220,0,0,185,0,0,3,476196230,-1223630764,0.0,0.6000000238418579,4.092226505279541,0.0,0.0,0.0,0.0,4.092226505279541,0.0,26,33200,47.619623,-122.3630764,3.646973033962953
3355,1728408224.159,1,220,0,0,185,0,0,3,476196230,-1223630764,0.0,0.6000000238418579,4.092226505279541,0.0,0.0,0.0,0.0,4.092226505279541,0.0,26,33200,47.619623,-122.3630764,3.640334938615678
3356,1728408224.431,1,220,0,0,185,0,0,3,476196219,-1223630815,0.0,0.6000000238418579,4.107114791870117,0.0,0.0,0.0,0.0,4.107114791870117,0.0,26,33100,47.6196219,-122.3630815,3.6416605289367303
3357,1728408224.697,1,220,0,0,185,0,0,3,476196219,-1223630815,0.0,0.6000000238418579,4.107114791870117,0.0,0.0,0.0,0.0,4.107114791870117,0.0,26,33100,47.6196219,-122.3630815,3.6179450871280188
3358,1728408224.965,1,220,0,0,185,0,0,3,476196226,-1223630828,0.0,0.6000000238418579,4.08031702041626,0.0,0.0,0.0,0.0,4.08031702041626,0.0,26,33100,47.6196226,-122.3630828,3.6225322100439645
3359,1728408225.21,1,220,0,0,185,0,0,3,476196226,-1223630828,0.0,0.6000000238418579,4.08031702041626,0.0,0.0,0.0,0.0,4.08031702041626,0.0,26,33100,47.6196226,-122.3630828,3.61990943977892
3360,1728408225.475,1,220,0,0,185,0,0,3,476196240,-1223630822,0.0,0.6000000238418579,4.063467025756836,0.0,0.0,0.0,0.0,4.063467025756836,0.0,26,33100,47.619624,-122.3630822,3.6029543458710895
3361,1728408225.718,1,220,0,0,185,0,0,3,476196240,-1223630822,0.0,0.6000000238418579,4.063467025756836,0.0,0.0,0.0,0.0,4.063467025756836,0.0,26,33100,47.619624,-122.3630822,3.6304229027939896
3362,1728408225.99,1,220,0,0,185,0,0,3,476196250,-1223630822,0.0,0.6000000238418579,4.073853015899658,0.0,0.0,0.0,0.0,4.073853015899658,0.0,26,33100,47.619625,-122.3630822,3.6357026474301026
3363,1728408226.276,1,220,0,0,185,0,0,3,476196250,-1223630822,0.0,0.6000000238418579,4.073853015899658,0.0,0.0,0.0,0.0,4.073853015899658,0.0,26,33100,47.619625,-122.3630822,3.648303622631656
3364,1728408226.531,1,220,0,0,185,0,0,3,476196256,-1223630838,0.0,0.6000000238418579,4.081775188446045,0.0,0.0,0.0,0.0,4.081775188446045,0.0,26,33000,47.6196256,-122.3630838,3.639672505282523
3365,1728408226.757,1,220,0,0,185,0,0,3,476196256,-1223630838,0.0,0.6000000238418579,4.081775188446045,0.0,0.0,0.0,0.0,4.081775188446045,0.0,26,33000,47.6196256,-122.3630838,3.6376864932663664
3366,1728408227.02,1,220,0,0,185,0,0,3,476196256,-1223630838,0.0,0.6000000238418579,4.081775188446045,0.0,0.0,0.0,0.0,4.081775188446045,0.0,26,33000,47.6196256,-122.3630838,3.6456435739476367
3367,1728408227.5879998,1,220,0,0,185,0,0,3,476196361,-1223630664,0.0,0.6000000238418579,4.403162002563477,0.0,0.0,0.0,0.0,4.403162002563477,0.0,26,33000,47.6196361,-122.3630664,3.6245017049434782
3368,1728408227.817,1,220,0,0,185,0,0,3,476196361,-1223630664,0.0,0.6000000238418579,4.403162002563477,0.0,0.0,0.0,0.0,4.403162002563477,0.0,26,33000,47.6196361,-122.3630664,3.6390101551304133
3369,1728408228.096,1,220,0,0,185,0,0,3,476196395,-1223630595,0.0,0.6000000238418579,4.075862884521484,0.0,0.0,0.0,0.0,4.075862884521484,0.0,26,33100,47.6196395,-122.3630595,3.6350418987514006
3370,1728408228.369,1,220,0,0,185,0,0,3,476196395,-1223630595,0.0,0.6000000238418579,4.075862884521484,0.0,0.0,0.0,0.0,4.075862884521484,0.0,26,33100,47.6196395,-122.3630595,3.6357026474301026
3371,1728408228.626,1,220,0,0,185,0,0,3,476196410,-1223630567,0.0,0.6000000238418579,3.979156017303467,0.0,0.0,0.0,0.0,3.979156017303467,0.0,26,33200,47.619641,-122.3630567,3.6304229027939896
3372,1728408228.8769999,1,220,0,0,185,0,0,3,476196410,-1223630567,0.0,0.6000000238418579,3.971046209335327,0.0,0.0,0.0,0.0,3.971046209335327,0.0,26,33200,47.619641,-122.3630567,3.6159827093722297
3373,1728408229.1269999,1,220,0,0,185,0,0,3,476196419,-1223630555,0.0,0.6000000238418579,3.971046209335327,0.0,0.0,0.0,0.0,3.971046209335327,0.0,26,33200,47.6196419,-122.3630555,3.6476382862595407
3374,1728408229.406,1,220,0,0,185,0,0,3,476196419,-1223630555,0.0,0.6000000238418579,3.955624580383301,0.0,0.0,0.0,0.0,3.955624580383301,0.0,26,33200,47.6196419,-122.3630555,3.6277888551574917
3375,1728408229.6569998,1,220,0,0,185,0,0,3,476196429,-1223630544,0.0,0.6000000238418579,3.955624580383301,0.0,0.0,0.0,0.0,3.955624580383301,0.0,26,33200,47.6196429,-122.3630544,3.608805449365887
3376,1728408229.9169998,1,220,0,0,185,0,0,3,476196429,-1223630544,0.0,0.6000000238418579,3.943533182144165,0.0,0.0,0.0,0.0,3.943533182144165,0.0,26,33200,47.6196429,-122.3630544,3.6199095959877323
3377,1728408230.215,1,220,0,0,185,0,0,3,476196417,-1223630578,0.0,0.6000000238418579,3.943533182144165,0.0,0.0,0.0,0.0,3.943533182144165,0.0,26,33200,47.6196417,-122.3630578,3.6317412829049123
3378,1728408230.461,1,220,0,0,185,0,0,3,476196419,-1223630580,0.0,0.6000000238418579,3.958341360092163,0.0,0.0,0.0,0.0,3.958341360092163,0.0,26,33100,47.6196419,-122.363058,3.6390101551304133
3379,1728408230.712,1,220,0,0,185,0,0,3,476196419,-1223630580,0.0,0.6000000238418579,3.958341360092163,0.0,0.0,0.0,0.0,3.958341360092163,0.0,26,33100,47.6196419,-122.363058,3.6463081827735553
3380,1728408230.9759998,1,220,0,0,185,0,0,3,476196426,-1223630575,0.0,0.6000000238418579,3.9535629749298096,0.0,0.0,0.0,0.0,3.9535629749298096,0.0,26,33200,47.6196426,-122.3630575,3.671745897182634
3381,1728408231.227,1,220,0,0,185,0,0,3,476196426,-1223630575,0.0,0.6000000238418579,3.9535629749298096,0.0,0.0,0.0,0.0,3.9535629749298096,0.0,26,33200,47.6196426,-122.3630575,3.6489692017653677
3382,1728408231.521,1,220,0,0,185,0,0,3,476196428,-1223630586,0.0,0.6000000238418579,3.9765830039978027,0.0,0.0,0.0,0.0,3.9765830039978027,0.0,26,33200,47.6196428,-122.3630586,3.6683784817005
3383,1728408231.7589998,1,220,0,0,185,0,0,3,476196428,-1223630586,0.0,0.6000000238418579,3.9765830039978027,0.0,0.0,0.0,0.0,3.9765830039978027,0.0,26,33200,47.6196428,-122.3630586,3.635702489855292
3384,1728408232.044,1,220,0,0,185,0,0,3,476196431,-1223630598,0.0,0.6000000238418579,4.024982452392578,0.0,0.0,0.0,0.0,4.024982452392578,0.0,26,33100,47.6196431,-122.3630598,3.66300363741163
3385,1728408232.299,1,220,0,0,185,0,0,3,476196431,-1223630598,0.0,0.6000000238418579,4.024982452392578,0.0,0.0,0.0,0.0,4.024982452392578,0.0,26,33100,47.6196431,-122.3630598,3.6663610276063356
3386,1728408232.5449998,1,220,0,0,185,0,0,3,476196431,-1223630598,0.0,0.6000000238418579,4.024982452392578,0.0,0.0,0.0,0.0,4.024982452392578,0.0,26,33100,47.6196431,-122.3630598,3.6284469694282677
3387,1728408233.095,1,220,0,0,185,0,0,3,476196341,-1223630790,0.0,0.6000000238418579,4.418750762939453,0.0,0.0,0.0,0.0,4.418750762939453,0.0,26,33100,47.6196341,-122.363079,3.6825630677723797
3388,1728408233.313,1,220,0,0,185,0,0,3,476196341,-1223630790,0.0,0.6000000238418579,4.418750762939453,0.0,0.0,0.0,0.0,4.418750762939453,0.0,26,33100,47.6196341,-122.363079,3.6798528446297825
3389,1728408233.5809999,1,220,0,0,185,0,0,3,476196310,-1223630876,0.0,0.6000000238418579,4.161498546600342,0.0,0.0,0.0,0.0,4.161498546600342,0.0,26,33200,47.619631,-122.3630876,3.693444162676586
3390,1728408233.816,1,220,0,0,185,0,0,3,476196310,-1223630876,0.0,0.6000000238418579,4.161498546600342,0.0,0.0,0.0,0.0,4.161498546600342,0.0,26,33200,47.619631,-122.3630876,3.683241207019728
3391,1728408234.1069999,1,220,0,0,185,0,0,3,476196411,-1223630722,0.0,0.6000000238418579,4.064892292022705,0.0,0.0,0.0,0.0,4.064892292022705,0.0,26,33200,47.6196411,-122.3630722,3.6771466077909967
3392,1728408234.329,1,220,0,0,185,0,0,3,476196411,-1223630722,0.0,0.6000000238418579,4.064892292022705,0.0,0.0,0.0,0.0,4.064892292022705,0.0,26,33200,47.6196411,-122.3630722,3.6900368484266663
3393,1728408234.628,1,220,0,0,185,0,0,3,476196378,-1223630796,0.0,0.6000000238418579,4.036742210388184,0.0,0.0,0.0,0.0,4.036742210388184,0.0,26,33200,47.6196378,-122.3630796,3.6968576123283117
3394,1728408234.866,1,220,0,0,185,0,0,3,476196378,-1223630796,0.0,0.6000000238418579,4.036742210388184,0.0,0.0,0.0,0.0,4.036742210388184,0.0,26,33200,47.6196378,-122.3630796,3.6948087207374565
3395,1728408235.112,1,220,0,0,185,0,0,3,476196363,-1223630836,0.0,0.6000000238418579,4.053431510925293,0.0,0.0,0.0,0.0,4.053431510925293,0.0,26,33200,47.6196363,-122.3630836,3.6941264783746988
3396,1728408235.429,1,220,0,0,185,0,0,3,476196363,-1223630836,0.0,0.6000000238418579,4.0576372146606445,0.0,0.0,0.0,0.0,4.0576372146606445,0.0,26,33200,47.6196363,-122.3630836,3.7043895866328036
3397,1728408235.646,1,220,0,0,185,0,0,3,476196353,-1223630872,0.0,0.6000000238418579,4.0576372146606445,0.0,0.0,0.0,0.0,4.0576372146606445,0.0,26,33200,47.6196353,-122.3630872,3.673094627218645
3398,1728408235.896,1,220,0,0,185,0,0,3,476196353,-1223630872,0.0,0.6000000238418579,4.02681827545166,0.0,0.0,0.0,0.0,4.02681827545166,0.0,26,33200,47.6196353,-122.3630872,3.6751195006335484
3399,1728408236.1269999,1,220,0,0,185,0,0,3,476196342,-1223630910,0.0,0.6000000238418579,4.02681827545166,0.0,0.0,0.0,0.0,4.02681827545166,0.0,26,33200,47.6196342,-122.363091,3.6703981572681372
3400,1728408236.406,1,220,0,0,185,0,0,3,476196342,-1223630910,0.0,0.6000000238418579,4.02681827545166,0.0,0.0,0.0,0.0,4.02681827545166,0.0,26,33200,47.6196342,-122.363091,3.639672505282523
3401,1728408236.666,1,220,0,0,185,0,0,3,476196334,-1223630948,0.0,0.6000000238418579,4.02243709564209,0.0,0.0,0.0,0.0,4.02243709564209,0.0,26,33200,47.6196334,-122.3630948,3.6724200579804553
3402,1728408236.941,1,220,0,0,185,0,0,3,476196333,-1223630964,0.0,0.6000000238418579,4.004980087280273,0.0,0.0,0.0,0.0,4.004980087280273,0.0,26,33200,47.6196333,-122.3630964,3.642987243216351
3403,1728408237.169,1,220,0,0,185,0,0,3,476196333,-1223630964,0.0,0.6000000238418579,4.004980087280273,0.0,0.0,0.0,0.0,4.004980087280273,0.0,26,33200,47.6196333,-122.3630964,3.6724202187540866
3404,1728408237.457,1,220,0,0,185,0,0,3,476196329,-1223630980,0.0,0.6000000238418579,4.032062530517578,0.0,0.0,0.0,0.0,4.032062530517578,0.0,26,33200,47.6196329,-122.363098,3.6703983178647848
3405,1728408237.7129998,1,220,0,0,185,0,0,3,476196329,-1223630980,0.0,0.6000000238418579,4.032062530517578,0.0,0.0,0.0,0.0,4.032062530517578,0.0,26,33200,47.6196329,-122.363098,3.644979048972749
3406,1728408237.944,1,220,0,0,185,0,0,3,476196329,-1223630980,0.0,0.6000000238418579,4.032062530517578,0.0,0.0,0.0,0.0,4.032062530517578,0.0,26,33200,47.6196329,-122.363098,3.6812073765908506
3407,1728408238.54,1,220,0,0,185,0,0,3,476196384,-1223630907,0.0,0.6000000238418579,4.497692108154297,0.0,0.0,0.0,0.0,4.497692108154297,0.0,25,33200,47.6196384,-122.3630907,3.6697247385346583
3408,1728408238.7549999,1,220,0,0,185,0,0,3,476196384,-1223630907,0.0,0.6000000238418579,4.497692108154297,0.0,0.0,0.0,0.0,4.497692108154297,0.0,25,33200,47.6196384,-122.3630907,3.644979048972749
3409,1728408239.03,1,220,0,0,185,0,0,3,476196434,-1223630825,0.0,0.6000000238418579,4.227285861968994,0.0,0.0,0.0,0.0,4.227285861968994,0.0,25,33200,47.6196434,-122.3630825,3.616636546740109
3410,1728408239.3109999,1,220,0,0,185,0,0,3,476196434,-1223630825,0.0,0.6000000238418579,4.227285861968994,0.0,0.0,0.0,0.0,4.227285861968994,0.0,25,33200,47.6196434,-122.3630825,3.6343812327362617
3411,1728408239.553,1,220,0,0,185,0,0,3,476196445,-1223630801,0.0,0.6000000238418579,4.147191047668457,0.0,0.0,0.0,0.0,4.147191047668457,0.0,25,33200,47.6196445,-122.3630801,3.6416605289367303
3412,1728408239.819,1,220,0,0,185,0,0,3,476196445,-1223630801,0.0,0.6000000238418579,4.147191047668457,0.0,0.0,0.0,0.0,4.147191047668457,0.0,25,33200,47.6196445,-122.3630801,3.6376864932663664
3413,1728408240.074,1,220,0,0,185,0,0,3,476196454,-1223630790,0.0,0.6000000238418579,4.134964466094971,0.0,0.0,0.0,0.0,4.134964466094971,0.0,25,33200,47.6196454,-122.363079,3.6277888551574917
3414,1728408240.3149998,1,220,0,0,185,0,0,3,476196454,-1223630790,0.0,0.6000000238418579,4.134964466094971,0.0,0.0,0.0,0.0,4.134964466094971,0.0,25,33200,47.6196454,-122.363079,3.631082130354019
3415,1728408240.599,1,220,0,0,185,0,0,3,476196449,-1223630809,0.0,0.6000000238418579,4.129806041717529,0.0,0.0,0.0,0.0,4.129806041717529,0.0,25,33200,47.6196449,-122.3630809,3.6324009893894638
3416,1728408240.862,1,220,0,0,185,0,0,3,476196449,-1223630809,0.0,0.6000000238418579,4.136754035949707,0.0,0.0,0.0,0.0,4.136754035949707,0.0,25,33200,47.6196449,-122.3630809,3.625815787243145
3417,1728408241.096,1,220,0,0,185,0,0,3,476196499,-1223630732,0.0,0.6000000238418579,4.136754035949707,0.0,0.0,0.0,0.0,4.136754035949707,0.0,25,33200,47.6196499,-122.3630732,3.6563071106749936
3418,1728408241.383,1,220,0,0,185,0,0,3,476196499,-1223630732,0.0,0.6000000238418579,4.115256309509277,0.0,0.0,0.0,0.0,4.115256309509277,0.0,25,33200,47.6196499,-122.3630732,3.6291053225183334
3419,1728408241.6569998,1,220,0,0,185,0,0,3,476196521,-1223630688,0.0,0.6000000238418579,4.115256309509277,0.0,0.0,0.0,0.0,4.115256309509277,0.0,25,33100,47.6196521,-122.3630688,3.616636546740109
3420,1728408241.909,1,220,0,0,185,0,0,3,476196524,-1223630677,0.0,0.6000000238418579,4.104650020599365,0.0,0.0,0.0,0.0,4.104650020599365,0.0,25,33100,47.6196524,-122.3630677,3.635702489855292
3421,1728408242.158,1,220,0,0,185,0,0,3,476196524,-1223630677,0.0,0.6000000238418579,4.104650020599365,0.0,0.0,0.0,0.0,4.104650020599365,0.0,25,33100,47.6196524,-122.3630677,3.6062026661095254
3422,1728408242.439,1,220,0,0,185,0,0,3,476196514,-1223630692,0.0,0.6000000238418579,4.082469940185547,0.0,0.0,0.0,0.0,4.082469940185547,0.0,25,33000,47.6196514,-122.3630692,3.620564854364616
3423,1728408242.682,1,220,0,0,185,0,0,3,476196514,-1223630692,0.0,0.6000000238418579,4.082469940185547,0.0,0.0,0.0,0.0,4.082469940185547,0.0,25,33000,47.6196514,-122.3630692,3.585514477196533
3424,1728408242.965,1,220,0,0,185,0,0,3,476196566,-1223630609,0.0,0.6000000238418579,4.04563045501709,0.0,0.0,0.0,0.0,4.04563045501709,0.0,25,33000,47.6196566,-122.3630609,3.6029543458710895
3425,1728408243.2189999,1,220,0,0,185,0,0,3,476196566,-1223630609,0.0,0.6000000238418579,4.04563045501709,0.0,0.0,0.0,0.0,4.04563045501709,0.0,25,33000,47.6196566,-122.3630609,3.609456848818006
3426,1728408243.46,1,220,0,0,185,0,0,3,476196566,-1223630609,0.0,0.6000000238418579,4.04563045501709,0.0,0.0,0.0,0.0,4.04563045501709,0.0,25,33000,47.6196566,-122.3630609,3.604902759338441
3427,1728408244.01,1,220,0,0,185,0,0,3,476196577,-1223630591,0.0,0.6000000238418579,4.394468784332275,0.0,0.0,0.0,0.0,4.394468784332275,0.0,25,32900,47.6196577,-122.3630591,3.5958288151183955
3428,1728408244.266,1,220,0,0,185,0,0,3,476196577,-1223630591,0.0,0.6000000238418579,4.394468784332275,0.0,0.0,0.0,0.0,4.394468784332275,0.0,25,32900,47.6196577,-122.3630591,3.6218760830461725
3429,1728408244.56,1,220,0,0,185,0,0,3,476196563,-1223630634,0.0,0.6000000238418579,4.109892845153809,0.0,0.0,0.0,0.0,4.109892845153809,0.0,25,32900,47.6196563,-122.3630634,3.6159825535021453
3430,1728408244.812,1,220,0,0,185,0,0,3,476196563,-1223630634,0.0,0.6000000238418579,4.109892845153809,0.0,0.0,0.0,0.0,4.109892845153809,0.0,25,32900,47.6196563,-122.3630634,3.6049026044221146
3431,1728408245.099,1,220,0,0,185,0,0,3,476196550,-1223630674,0.0,0.6000000238418579,4.041067600250244,0.0,0.0,0.0,0.0,4.041067600250244,0.0,25,32900,47.619655,-122.3630674,3.610760042613178
3432,1728408245.343,1,220,0,0,185,0,0,3,476196550,-1223630674,0.0,0.6000000238418579,4.041067600250244,0.0,0.0,0.0,0.0,4.041067600250244,0.0,25,32900,47.619655,-122.3630674,3.6218760830461725
3433,1728408245.652,1,220,0,0,185,0,0,3,476196542,-1223630702,0.0,0.6000000238418579,4.002933025360107,0.0,0.0,0.0,0.0,4.002933025360107,0.0,25,32700,47.6196542,-122.3630702,3.61990943977892
3434,1728408245.866,1,220,0,0,185,0,0,3,476196542,-1223630702,0.0,0.6000000238418579,4.002933025360107,0.0,0.0,0.0,0.0,4.002933025360107,0.0,25,32700,47.6196542,-122.3630702,3.6146755878506753
3435,1728408246.1399999,1,220,0,0,185,0,0,3,476196530,-1223630741,0.0,0.6000000238418579,3.9959585666656494,0.0,0.0,0.0,0.0,3.9959585666656494,0.0,25,32500,47.619653,-122.3630741,3.61990943977892
3436,1728408246.4099998,1,220,0,0,185,0,0,3,476196509,-1223630814,0.0,0.6000000238418579,4.029148578643799,0.0,0.0,0.0,0.0,4.029148578643799,0.0,25,32500,47.6196509,-122.3630814,3.608154440183669
3437,1728408246.658,1,220,0,0,185,0,0,3,476196509,-1223630814,0.0,0.6000000238418579,4.029148578643799,0.0,0.0,0.0,0.0,4.029148578643799,0.0,25,32500,47.6196509,-122.3630814,3.6146755878506753
3438,1728408246.905,1,220,0,0,185,0,0,3,476196509,-1223630814,0.0,0.6000000238418579,4.029148578643799,0.0,0.0,0.0,0.0,4.029148578643799,0.0,25,32500,47.6196509,-122.3630814,3.631741440136545
3439,1728408247.188,1,220,0,0,185,0,0,3,476196511,-1223630839,0.0,0.6000000238418579,4.08242130279541,0.0,0.0,0.0,0.0,4.08242130279541,0.0,25,32500,47.6196511,-122.3630839,3.6456434155099497
3440,1728408247.457,1,220,0,0,185,0,0,3,476196475,-1223630934,0.0,0.6000000238418579,4.112668514251709,0.0,0.0,0.0,0.0,4.112668514251709,0.0,25,32500,47.6196475,-122.3630934,3.646973033962953
3441,1728408247.697,1,220,0,0,185,0,0,3,476196475,-1223630934,0.0,0.6000000238418579,4.112668514251709,0.0,0.0,0.0,0.0,4.112668514251709,0.0,25,32500,47.6196475,-122.3630934,3.6563071106749936
3442,1728408247.961,1,220,0,0,185,0,0,3,476196474,-1223630958,0.0,0.6000000238418579,4.189050197601318,0.0,0.0,0.0,0.0,4.189050197601318,0.0,25,32500,47.6196474,-122.3630958,3.6343812327362617
3443,1728408248.207,1,220,0,0,185,0,0,3,476196474,-1223630958,0.0,0.6000000238418579,4.189050197601318,0.0,0.0,0.0,0.0,4.189050197601318,0.0,25,32500,47.6196474,-122.3630958,3.6737692834273554
3444,1728408248.498,1,220,0,0,185,0,0,3,476196457,-1223631024,0.0,0.6000000238418579,4.262812614440918,0.0,0.0,0.0,0.0,4.262812614440918,0.0,25,32500,47.6196457,-122.3631024,3.6556388521969088
3445,1728408248.744,1,220,0,0,185,0,0,3,476196457,-1223631024,0.0,0.6000000238418579,4.262812614440918,0.0,0.0,0.0,0.0,4.262812614440918,0.0,25,32500,47.6196457,-122.3631024,3.6596522308474633
3446,1728408249.003,1,220,0,0,185,0,0,3,476196457,-1223631024,0.0,0.6000000238418579,4.262812614440918,0.0,0.0,0.0,0.0,4.262812614440918,0.0,25,32500,47.6196457,-122.3631024,3.6852772860330556
3447,1728408249.543,1,220,0,0,185,0,0,3,476196500,-1223630989,0.0,0.6000000238418579,4.8046135902404785,0.0,0.0,0.0,0.0,4.8046135902404785,0.0,25,32500,47.61965,-122.3630989,3.6677059641679555
3448,1728408249.773,1,220,0,0,185,0,0,3,476196500,-1223630989,0.0,0.6000000238418579,4.8046135902404785,0.0,0.0,0.0,0.0,4.8046135902404785,0.0,25,32500,47.61965,-122.3630989,3.6409976131231696
3449,1728408250.046,1,220,0,0,185,0,0,3,476196530,-1223630957,0.0,0.6000000238418579,4.596273899078369,0.0,0.0,0.0,0.0,4.596273899078369,0.0,25,32500,47.619653,-122.3630957,3.667705803806827
3450,1728408250.296,1,220,0,0,185,0,0,3,476196530,-1223630957,0.0,0.6000000238418579,4.596273899078369,0.0,0.0,0.0,0.0,4.596273899078369,0.0,25,32500,47.619653,-122.3630957,3.662332929085556
3451,1728408250.569,1,220,0,0,185,0,0,3,476196527,-1223630986,0.0,0.6000000238418579,4.5486979484558105,0.0,0.0,0.0,0.0,4.5486979484558105,0.0,25,32500,47.6196527,-122.3630986,3.651634107534223
3452,1728408250.846,1,220,0,0,185,0,0,3,476196527,-1223630986,0.0,0.6000000238418579,4.5486979484558105,0.0,0.0,0.0,0.0,4.5486979484558105,0.0,25,32500,47.6196527,-122.3630986,3.6489692017653677
3453,1728408251.096,1,220,0,0,185,0,0,3,476196530,-1223631004,0.0,0.6000000238418579,4.554227828979492,0.0,0.0,0.0,0.0,4.554227828979492,0.0,25,32500,47.619653,-122.3631004,3.64365104206166
3454,1728408251.337,1,220,0,0,185,0,0,3,476196530,-1223631004,0.0,0.6000000238418579,4.554227828979492,0.0,0.0,0.0,0.0,4.554227828979492,0.0,25,32500,47.619653,-122.3631004,3.6549706786982066
3455,1728408251.605,1,220,0,0,185,0,0,3,476196597,-1223630915,0.0,0.6000000238418579,4.589903831481934,0.0,0.0,0.0,0.0,4.589903831481934,0.0,25,32500,47.6196597,-122.3630915,3.668378642120456
3456,1728408251.837,1,220,0,0,185,0,0,3,476196597,-1223630915,0.0,0.6000000238418579,4.589903831481934,0.0,0.0,0.0,0.0,4.589903831481934,0.0,25,32500,47.6196597,-122.3630915,3.656975772940062
3457,1728408252.1109998,1,220,0,0,185,0,0,3,476196574,-1223630974,0.0,0.6000000238418579,4.626206874847412,0.0,0.0,0.0,0.0,4.626206874847412,0.0,25,32500,47.6196574,-122.3630974,3.660322117289636
3458,1728408252.398,1,220,0,0,185,0,0,3,476196574,-1223630974,0.0,0.6000000238418579,4.683383464813232,0.0,0.0,0.0,0.0,4.683383464813232,0.0,25,32500,47.6196574,-122.3630974,3.6529681001596686
3459,1728408252.641,1,220,0,0,185,0,0,3,476196575,-1223630986,0.0,0.6000000238418579,4.683383464813232,0.0,0.0,0.0,0.0,4.683383464813232,0.0,25,32500,47.6196575,-122.3630986,3.658313512363139
3460,1728408252.918,1,220,0,0,185,0,0,3,476196557,-1223631036,0.0,0.6000000238418579,4.705199718475342,0.0,0.0,0.0,0.0,4.705199718475342,0.0,25,32500,47.6196557,-122.3631036,3.6523010615461295
3461,1728408253.174,1,220,0,0,185,0,0,3,476196557,-1223631036,0.0,0.6000000238418579,4.705199718475342,0.0,0.0,0.0,0.0,4.705199718475342,0.0,25,32500,47.6196557,-122.3631036,3.632401146678224
3462,1728408253.442,1,220,0,0,185,0,0,3,476196555,-1223631060,0.0,0.6000000238418579,4.753467559814453,0.0,0.0,0.0,0.0,4.753467559814453,0.0,25,32500,47.6196555,-122.363106,3.649635023793565
3463,1728408253.6959999,1,220,0,0,185,0,0,3,476196555,-1223631060,0.0,0.6000000238418579,4.753467559814453,0.0,0.0,0.0,0.0,4.753467559814453,0.0,25,32500,47.6196555,-122.363106,3.6101083281073474
3464,1728408253.97,1,220,0,0,185,0,0,3,476196605,-1223631006,0.0,0.6000000238418579,4.789212703704834,0.0,0.0,0.0,0.0,4.789212703704834,0.0,25,32500,47.6196605,-122.3631006,3.6225320536087247
3465,1728408254.1959999,1,220,0,0,185,0,0,3,476196605,-1223631006,0.0,0.6000000238418579,4.789212703704834,0.0,0.0,0.0,0.0,4.789212703704834,0.0,25,32500,47.6196605,-122.3631006,3.6120643333164972
3466,1728408254.472,1,220,0,0,185,0,0,3,476196605,-1223631006,0.0,0.6000000238418579,4.789212703704834,0.0,0.0,0.0,0.0,4.789212703704834,0.0,25,32500,47.6196605,-122.3631006,3.5727045056852056
3467,1728408255.007,1,220,0,0,185,0,0,3,476196572,-1223631087,0.0,0.6000000238418579,5.372312545776367,0.0,0.0,0.0,0.0,5.372312545776367,0.0,25,32500,47.6196572,-122.3631087,3.608805449365887
3468,1728408255.248,1,220,0,0,185,0,0,3,476196572,-1223631087,0.0,0.6000000238418579,5.372312545776367,0.0,0.0,0.0,0.0,5.372312545776367,0.0,25,32500,47.6196572,-122.3631087,3.5977693731071048
3469,1728408255.513,1,220,0,0,185,0,0,3,476196637,-1223631013,0.0,0.6000000238418579,5.098095893859863,0.0,0.0,0.0,0.0,5.098095893859863,0.0,25,32500,47.6196637,-122.3631013,3.6075036658362296
3470,1728408255.7719998,1,220,0,0,185,0,0,3,476196637,-1223631013,0.0,0.6000000238418579,5.098095893859863,0.0,0.0,0.0,0.0,5.098095893859863,0.0,25,32500,47.6196637,-122.3631013,3.608154440183669
3471,1728408256.0749998,1,220,0,0,185,0,0,3,476196650,-1223631002,0.0,0.6000000238418579,5.040635108947754,0.0,0.0,0.0,0.0,5.040635108947754,0.0,25,32500,47.619665,-122.3631002,3.60555259556042
3472,1728408256.326,1,220,0,0,185,0,0,3,476196650,-1223631002,0.0,0.6000000238418579,5.040635108947754,0.0,0.0,0.0,0.0,5.040635108947754,0.0,25,32500,47.619665,-122.3631002,3.6029543458710895
3473,1728408256.636,1,220,0,0,185,0,0,3,476196605,-1223631097,0.0,0.6000000238418579,5.067535877227783,0.0,0.0,0.0,0.0,5.067535877227783,0.0,25,32500,47.6196605,-122.3631097,3.6101083281073474
3474,1728408256.858,1,220,0,0,185,0,0,3,476196605,-1223631097,0.0,0.6000000238418579,5.067535877227783,0.0,0.0,0.0,0.0,5.067535877227783,0.0,25,32500,47.6196605,-122.3631097,3.595182478930085
3475,1728408257.142,1,220,0,0,185,0,0,3,476196683,-1223630994,0.0,0.6000000238418579,5.032303333282471,0.0,0.0,0.0,0.0,5.032303333282471,0.0,25,32500,47.6196683,-122.3630994,3.5842292865426773
3476,1728408257.435,1,220,0,0,185,0,0,3,476196697,-1223630978,0.0,0.6000000238418579,5.095351219177246,0.0,0.0,0.0,0.0,5.095351219177246,0.0,25,32500,47.6196697,-122.3630978,3.600359992736281
3477,1728408257.6529999,1,220,0,0,185,0,0,3,476196697,-1223630978,0.0,0.6000000238418579,5.095351219177246,0.0,0.0,0.0,0.0,5.095351219177246,0.0,25,32500,47.6196697,-122.3630978,3.595182478930085
3478,1728408257.957,1,220,0,0,185,0,0,3,476196697,-1223630978,0.0,0.6000000238418579,5.091583251953125,0.0,0.0,0.0,0.0,5.091583251953125,0.0,25,32500,47.6196697,-122.3630978,3.596475383743077
3479,1728408258.185,1,220,0,0,185,0,0,3,476196750,-1223630897,0.0,0.6000000238418579,5.091583251953125,0.0,0.0,0.0,0.0,5.091583251953125,0.0,25,32400,47.619675,-122.3630897,3.581020719279637
3480,1728408258.461,1,220,0,0,185,0,0,3,476196755,-1223630882,0.0,0.6000000238418579,5.17023229598999,0.0,0.0,0.0,0.0,5.17023229598999,0.0,25,32400,47.6196755,-122.3630882,3.588731259404068
3481,1728408258.721,1,220,0,0,185,0,0,3,476196755,-1223630882,0.0,0.6000000238418579,5.17023229598999,0.0,0.0,0.0,0.0,5.17023229598999,0.0,25,32400,47.6196755,-122.3630882,3.6120641777840397
3482,1728408258.993,1,220,0,0,185,0,0,3,476196761,-1223630873,0.0,0.6000000238418579,5.226734638214111,0.0,0.0,0.0,0.0,5.226734638214111,0.0,25,32400,47.6196761,-122.3630873,3.590019834834252
3483,1728408259.2359998,1,220,0,0,185,0,0,3,476196761,-1223630873,0.0,0.6000000238418579,5.226734638214111,0.0,0.0,0.0,0.0,5.226734638214111,0.0,25,32400,47.6196761,-122.3630873,3.638348203808547
3484,1728408259.533,1,220,0,0,185,0,0,3,476196768,-1223630871,0.0,0.6000000238418579,5.298487663269043,0.0,0.0,0.0,0.0,5.298487663269043,0.0,25,32400,47.6196768,-122.3630871,3.606202821137609
3485,1728408259.776,1,220,0,0,185,0,0,3,476196768,-1223630871,0.0,0.6000000238418579,5.298487663269043,0.0,0.0,0.0,0.0,5.298487663269043,0.0,25,32400,47.6196768,-122.3630871,3.633720964231625
3486,1728408260.027,1,220,0,0,185,0,0,3,476196768,-1223630871,0.0,0.6000000238418579,5.298487663269043,0.0,0.0,0.0,0.0,5.298487663269043,0.0,25,32400,47.6196768,-122.3630871,3.6523009025292525
3487,1728408260.57,1,220,0,0,185,0,0,3,476196742,-1223630920,0.0,0.6000000238418579,5.926759719848633,0.0,0.0,0.0,0.0,5.926759719848633,0.0,25,32400,47.6196742,-122.363092,3.6291053225183334
3488,1728408260.809,1,220,0,0,185,0,0,3,476196742,-1223630920,0.0,0.6000000238418579,5.926759719848633,0.0,0.0,0.0,0.0,5.926759719848633,0.0,25,32400,47.6196742,-122.363092,3.6476382862595407
3489,1728408261.0979998,1,220,0,0,185,0,0,3,476196705,-1223630997,0.0,0.6000000238418579,5.790860652923584,0.0,0.0,0.0,0.0,5.790860652923584,0.0,25,32400,47.6196705,-122.3630997,3.646973033962953
3490,1728408261.345,1,220,0,0,185,0,0,3,476196705,-1223630997,0.0,0.6000000238418579,5.790860652923584,0.0,0.0,0.0,0.0,5.790860652923584,0.0,25,32400,47.6196705,-122.3630997,3.336670026695403
3491,1728408261.612,1,220,0,0,185,0,0,3,476196671,-1223631084,0.0,0.6000000238418579,5.7967987060546875,0.0,0.0,0.0,0.0,5.7967987060546875,0.0,25,32300,47.6196671,-122.3631084,3.337783787050823
3492,1728408261.8969998,1,220,0,0,185,0,0,3,476196671,-1223631084,0.0,0.6000000238418579,5.7967987060546875,0.0,0.0,0.0,0.0,5.7967987060546875,0.0,25,32300,47.6196671,-122.3631084,2.8388928971262555
3493,1728408262.133,1,220,0,0,185,0,0,3,476196669,-1223631117,0.0,0.6000000238418579,5.894549369812012,0.0,0.0,0.0,0.0,5.894549369812012,0.0,25,32300,47.6196669,-122.3631117,2.828054287964197
3494,1728408262.4039998,1,220,0,0,185,0,0,3,476196669,-1223631117,0.0,0.6000000238418579,5.925265789031982,0.0,0.0,0.0,0.0,5.925265789031982,0.0,25,32300,47.6196669,-122.3631117,2.7925160800216915
3495,1728408262.646,1,220,0,0,185,0,0,3,476196672,-1223631141,0.0,0.6000000238418579,5.925265789031982,0.0,0.0,0.0,0.0,5.925265789031982,0.0,25,32300,47.6196672,-122.3631141,2.8429282777251497
3496,1728408262.911,1,220,0,0,185,0,0,3,476196672,-1223631141,0.0,0.6000000238418579,5.931680202484131,0.0,0.0,0.0,0.0,5.931680202484131,0.0,25,32300,47.6196672,-122.3631141,2.836477143786626
3497,1728408263.164,1,220,0,0,185,0,0,3,476196778,-1223631024,0.0,0.6000000238418579,5.931680202484131,0.0,0.0,0.0,0.0,5.931680202484131,0.0,25,32300,47.6196778,-122.3631024,2.9647198113432602
3498,1728408263.4399998,1,220,0,0,185,0,0,3,476196778,-1223631024,0.0,0.6000000238418579,5.980766296386719,0.0,0.0,0.0,0.0,5.980766296386719,0.0,25,32300,47.6196778,-122.3631024,2.9334116265742516
3499,1728408263.669,1,220,0,0,185,0,0,3,476196872,-1223630902,0.0,0.6000000238418579,5.980766296386719,0.0,0.0,0.0,0.0,5.980766296386719,0.0,25,32200,47.6196872,-122.3630902,2.9677993406429732
3500,1728408264.455,1,220,0,0,185,0,0,3,476196895,-1223630858,0.0,0.6000000238418579,6.6951003074646,0.0,0.0,0.0,0.0,6.6951003074646,0.0,25,32200,47.6196895,-122.3630858,2.9568303046230926
3501,1728408264.7129998,1,220,0,0,185,0,0,3,476196895,-1223630858,0.0,0.6000000238418579,6.6951003074646,0.0,0.0,0.0,0.0,6.6951003074646,0.0,25,32200,47.6196895,-122.3630858,2.9529012246224404
3502,1728408266.0379999,1,220,0,0,185,0,0,3,476196820,-1223630982,0.0,0.6000000238418579,7.4603447914123535,0.0,0.0,0.0,0.0,7.4603447914123535,0.0,25,32100,47.619682,-122.3630982,2.9581422182131196
3503,1728408266.3079998,1,220,0,0,185,0,0,3,476196820,-1223630982,0.0,0.6000000238418579,7.4603447914123535,0.0,0.0,0.0,0.0,7.4603447914123535,0.0,25,32100,47.619682,-122.3630982,2.950722876466289
3504,1728408266.695,1,220,0,0,185,0,0,3,476196850,-1223630957,0.0,0.6000000238418579,6.917072296142578,0.0,0.0,0.0,0.0,6.917072296142578,0.0,25,32100,47.619685,-122.3630957,2.962962962962963
3505,1728408266.8109999,1,220,0,0,185,0,0,3,476196850,-1223630957,0.0,0.6000000238418579,6.917072296142578,0.0,0.0,0.0,0.0,6.917072296142578,0.0,25,32100,47.619685,-122.3630957,2.9594555052995744
3506,1728408267.0779998,1,220,0,0,185,0,0,3,476196860,-1223630956,0.0,0.6000000238418579,6.68821907043457,0.0,0.0,0.0,0.0,6.68821907043457,0.0,25,32100,47.619686,-122.3630956,2.9476787693117297
3507,1728408267.316,1,220,0,0,185,0,0,3,476196860,-1223630956,0.0,0.6000000238418579,6.68821907043457,0.0,0.0,0.0,0.0,6.68821907043457,0.0,25,32100,47.619686,-122.3630956,2.948113242359869
3508,1728408267.6269999,1,220,0,0,185,0,0,3,476196939,-1223630865,0.0,0.6000000238418579,6.491141319274902,0.0,0.0,0.0,0.0,6.491141319274902,0.0,25,32100,47.6196939,-122.3630865,2.9691211132391966
3509,1728408267.837,1,220,0,0,185,0,0,3,476196939,-1223630865,0.0,0.6000000238418579,6.491141319274902,0.0,0.0,0.0,0.0,6.491141319274902,0.0,25,32100,47.6196939,-122.3630865,2.953337238675619
3510,1728408268.109,1,220,0,0,185,0,0,3,476196965,-1223630824,0.0,0.6000000238418579,6.44303560256958,0.0,0.0,0.0,0.0,6.44303560256958,0.0,25,32000,47.6196965,-122.3630824,3.19081052314507
3511,1728408268.385,1,220,0,0,185,0,0,3,476196965,-1223630824,0.0,0.6000000238418579,6.44303560256958,0.0,0.0,0.0,0.0,6.44303560256958,0.0,25,32000,47.6196965,-122.3630824,3.195398593844641
3512,1728408268.658,1,220,0,0,185,0,0,3,476196964,-1223630822,0.0,0.6000000238418579,6.417906761169434,0.0,0.0,0.0,0.0,6.417906761169434,0.0,25,32000,47.6196964,-122.3630822,3.6563071106749936
3513,1728408268.911,1,220,0,0,185,0,0,3,476196936,-1223630865,0.0,0.6000000238418579,6.349963188171387,0.0,0.0,0.0,0.0,6.349963188171387,0.0,25,32100,47.6196936,-122.3630865,3.6757949009535342
3514,1728408269.1539998,1,220,0,0,185,0,0,3,476196936,-1223630865,0.0,0.6000000238418579,6.349963188171387,0.0,0.0,0.0,0.0,6.349963188171387,0.0,25,32100,47.6196936,-122.3630865,3.7558685109683068
3515,1728408269.4039998,1,220,0,0,185,0,0,3,476196936,-1223630865,0.0,0.6000000238418579,6.349963188171387,0.0,0.0,0.0,0.0,6.349963188171387,0.0,25,32100,47.6196936,-122.3630865,3.644979048972749
3516,1728408269.6959999,1,220,0,0,185,0,0,3,476196900,-1223630937,0.0,0.6000000238418579,6.281739711761475,0.0,0.0,0.0,0.0,6.281739711761475,0.0,25,32100,47.61969,-122.3630937,3.643650883797114
3517,1728408269.948,1,220,0,0,185,0,0,3,476196864,-1223631022,0.0,0.6000000238418579,6.232075214385986,0.0,0.0,0.0,0.0,6.232075214385986,0.0,25,32100,47.6196864,-122.3631022,3.6363636363636362
3518,1728408270.1759999,1,220,0,0,185,0,0,3,476196864,-1223631022,0.0,0.6000000238418579,6.232075214385986,0.0,0.0,0.0,0.0,6.232075214385986,0.0,25,32100,47.6196864,-122.3631022,3.6509673970654584
3519,1728408270.441,1,220,0,0,185,0,0,3,476196864,-1223631022,0.0,0.6000000238418579,6.128632068634033,0.0,0.0,0.0,0.0,6.128632068634033,0.0,25,32100,47.6196864,-122.3631022,3.633060778243268
3520,1728408270.7229998,1,220,0,0,185,0,0,3,476196827,-1223631116,0.0,0.6000000238418579,6.128632068634033,0.0,0.0,0.0,0.0,6.128632068634033,0.0,25,32000,47.6196827,-122.3631116,3.6238448643714087
3521,1728408270.972,1,220,0,0,185,0,0,3,476196827,-1223631116,0.0,0.6000000238418579,6.128632068634033,0.0,0.0,0.0,0.0,6.128632068634033,0.0,25,32000,47.6196827,-122.3631116,3.6245017049434782
3522,1728408271.508,1,220,0,0,185,0,0,3,476196946,-1223630979,0.0,0.6000000238418579,6.358790397644043,0.0,0.0,0.0,0.0,6.358790397644043,0.0,25,31700,47.6196946,-122.3630979,3.66300363741163
3523,1728408271.7489998,1,220,0,0,185,0,0,3,476196946,-1223630979,0.0,0.6000000238418579,6.358790397644043,0.0,0.0,0.0,0.0,6.358790397644043,0.0,25,31700,47.6196946,-122.3630979,3.631082130354019
3524,1728408272.02,1,220,0,0,185,0,0,3,476196953,-1223630975,0.0,0.6000000238418579,5.993446350097656,0.0,0.0,0.0,0.0,5.993446350097656,0.0,25,31700,47.6196953,-122.3630975,3.6443147662118656
3525,1728408272.2979999,1,220,0,0,185,0,0,3,476196953,-1223630975,0.0,0.6000000238418579,5.993446350097656,0.0,0.0,0.0,0.0,5.993446350097656,0.0,25,31700,47.6196953,-122.3630975,3.6218760830461725
3526,1728408272.567,1,220,0,0,185,0,0,3,476196937,-1223631015,0.0,0.6000000238418579,5.765035629272461,0.0,0.0,0.0,0.0,5.765035629272461,0.0,25,31700,47.6196937,-122.3631015,3.6409976131231696
3527,1728408272.816,1,220,0,0,185,0,0,3,476196937,-1223631015,0.0,0.6000000238418579,5.765035629272461,0.0,0.0,0.0,0.0,5.765035629272461,0.0,25,31700,47.6196937,-122.3631015,3.631741440136545
3528,1728408273.105,1,220,0,0,185,0,0,3,476196932,-1223631038,0.0,0.6000000238418579,5.659674167633057,0.0,0.0,0.0,0.0,5.659674167633057,0.0,25,31800,47.6196932,-122.3631038,3.6231884183164556
3529,1728408273.342,1,220,0,0,185,0,0,3,476196932,-1223631038,0.0,0.6000000238418579,5.659674167633057,0.0,0.0,0.0,0.0,5.659674167633057,0.0,25,31800,47.6196932,-122.3631038,3.600360147262427
3530,1728408273.628,1,220,0,0,185,0,0,3,476196909,-1223631097,0.0,0.6000000238418579,5.625792503356934,0.0,0.0,0.0,0.0,5.625792503356934,0.0,25,31700,47.6196909,-122.3631097,3.635702489855292
3531,1728408273.9029999,1,220,0,0,185,0,0,3,476196879,-1223631173,0.0,0.6000000238418579,5.605466842651367,0.0,0.0,0.0,0.0,5.605466842651367,0.0,25,31700,47.6196879,-122.3631173,3.6212203500077984
3532,1728408274.118,1,220,0,0,185,0,0,3,476196879,-1223631173,0.0,0.6000000238418579,5.605466842651367,0.0,0.0,0.0,0.0,5.605466842651367,0.0,25,31700,47.6196879,-122.3631173,3.17409928973892
3533,1728408274.419,1,220,0,0,185,0,0,3,476196840,-1223631269,0.0,0.6000000238418579,5.590213775634766,0.0,0.0,0.0,0.0,5.590213775634766,0.0,25,31600,47.619684,-122.3631269,3.151591457116178
3534,1728408274.642,1,220,0,0,185,0,0,3,476196840,-1223631269,0.0,0.6000000238418579,5.590213775634766,0.0,0.0,0.0,0.0,5.590213775634766,0.0,25,31600,47.619684,-122.3631269,3.1725888824023034
3535,1728408274.9259999,1,220,0,0,185,0,0,3,476196992,-1223631095,0.0,0.6000000238418579,5.4408040046691895,0.0,0.0,0.0,0.0,5.4408040046691895,0.0,25,31500,47.6196992,-122.3631095,3.170074489083611
3536,1728408275.189,1,220,0,0,185,0,0,3,476196992,-1223631095,0.0,0.6000000238418579,5.4408040046691895,0.0,0.0,0.0,0.0,5.4408040046691895,0.0,25,31500,47.6196992,-122.3631095,3.179144745466475
3537,1728408275.455,1,220,0,0,185,0,0,3,476197042,-1223631014,0.0,0.6000000238418579,5.574923515319824,0.0,0.0,0.0,0.0,5.574923515319824,0.0,25,31500,47.6197042,-122.3631014,3.1766200743141924
3538,1728408275.6959999,1,220,0,0,185,0,0,3,476197042,-1223631014,0.0,0.6000000238418579,5.574923515319824,0.0,0.0,0.0,0.0,5.574923515319824,0.0,25,31500,47.6197042,-122.3631014,3.1913196310557113
3539,1728408275.9959998,1,220,0,0,185,0,0,3,476197043,-1223631003,0.0,0.6000000238418579,5.7139506340026855,0.0,0.0,0.0,0.0,5.7139506340026855,0.0,26,31399,47.6197043,-122.3631003,3.189792673180298
3540,1728408276.224,1,220,0,0,185,0,0,3,476197043,-1223631003,0.0,0.6000000238418579,5.7139506340026855,0.0,0.0,0.0,0.0,5.7139506340026855,0.0,26,31399,47.6197043,-122.3631003,3.204101319113268
3541,1728408276.495,1,220,0,0,185,0,0,3,476197043,-1223631003,0.0,0.6000000238418579,5.7139506340026855,0.0,0.0,0.0,0.0,5.7139506340026855,0.0,26,31399,47.6197043,-122.3631003,3.206669879220366
3542,1728408277.809,1,220,0,0,185,0,0,3,476196980,-1223631112,0.0,0.6000000238418579,6.8803181648254395,0.0,0.0,0.0,0.0,6.8803181648254395,0.0,26,31500,47.619698,-122.3631112,3.167062640358796
3543,1728408278.095,1,220,0,0,185,0,0,3,476196938,-1223631207,0.0,0.6000000238418579,6.384367942810059,0.0,0.0,0.0,0.0,6.384367942810059,0.0,26,31399,47.6196938,-122.3631207,3.196420025179319
3544,1728408278.324,1,220,0,0,185,0,0,3,476196938,-1223631207,0.0,0.6000000238418579,6.384367942810059,0.0,0.0,0.0,0.0,6.384367942810059,0.0,26,31399,47.6196938,-122.3631207,3.1680659139568377
3545,1728408278.6069999,1,220,0,0,185,0,0,3,476196989,-1223631156,0.0,0.6000000238418579,6.101834774017334,0.0,0.0,0.0,0.0,6.101834774017334,0.0,26,31399,47.6196989,-122.3631156,3.195398593844641
3546,1728408278.858,1,220,0,0,185,0,0,3,476196989,-1223631156,0.0,0.6000000238418579,5.953404903411865,0.0,0.0,0.0,0.0,5.953404903411865,0.0,26,31399,47.6196989,-122.3631156,3.1928480515446966
3547,1728408279.112,1,220,0,0,185,0,0,3,476197044,-1223631081,0.0,0.6000000238418579,5.953404903411865,0.0,0.0,0.0,0.0,5.953404903411865,0.0,26,31300,47.6197044,-122.3631081,3.192338334415065
3548,1728408279.372,1,220,0,0,185,0,0,3,476197044,-1223631081,0.0,0.6000000238418579,5.891934871673584,0.0,0.0,0.0,0.0,5.891934871673584,0.0,26,31300,47.6197044,-122.3631081,3.179144745466475
3549,1728408279.612,1,220,0,0,185,0,0,3,476197048,-1223631071,0.0,0.6000000238418579,5.891934871673584,0.0,0.0,0.0,0.0,5.891934871673584,0.0,26,31300,47.6197048,-122.3631071,3.2041011967298534
3550,1728408279.87,1,220,0,0,185,0,0,3,476197032,-1223631103,0.0,0.6000000238418579,5.774045467376709,0.0,0.0,0.0,0.0,5.774045467376709,0.0,26,31200,47.6197032,-122.3631103,3.1715826226051287
3551,1728408280.1399999,1,220,0,0,185,0,0,3,476197032,-1223631103,0.0,0.6000000238418579,5.774045467376709,0.0,0.0,0.0,0.0,5.774045467376709,0.0,26,31200,47.6197032,-122.3631103,3.048780514398265
3552,1728408280.4329998,1,220,0,0,185,0,0,3,476196963,-1223631247,0.0,0.6000000238418579,5.725611209869385,0.0,0.0,0.0,0.0,5.725611209869385,0.0,26,31200,47.6196963,-122.3631247,3.639672505282523
3553,1728408280.6759999,1,220,0,0,185,0,0,3,476196963,-1223631247,0.0,0.6000000238418579,5.725611209869385,0.0,0.0,0.0,0.0,5.725611209869385,0.0,26,31200,47.6196963,-122.3631247,3.642987243216351
3554,1728408280.955,1,220,0,0,185,0,0,3,476196889,-1223631411,0.0,0.6000000238418579,5.714870929718018,0.0,0.0,0.0,0.0,5.714870929718018,0.0,26,31100,47.6196889,-122.3631411,3.6409976131231696
3555,1728408281.185,1,220,0,0,185,0,0,3,476196889,-1223631411,0.0,0.6000000238418579,5.714870929718018,0.0,0.0,0.0,0.0,5.714870929718018,0.0,26,31100,47.6196889,-122.3631411,3.63504174123386
3556,1728408281.4529998,1,220,0,0,185,0,0,3,476196819,-1223631577,0.0,0.6000000238418579,5.676307678222656,0.0,0.0,0.0,0.0,5.676307678222656,0.0,26,31100,47.6196819,-122.3631577,3.6456435739476367
3557,1728408281.72,1,220,0,0,185,0,0,3,476196819,-1223631577,0.0,0.6000000238418579,5.676307678222656,0.0,0.0,0.0,0.0,5.676307678222656,0.0,26,31100,47.6196819,-122.3631577,3.6324009893894638
3558,1728408281.987,1,220,0,0,185,0,0,3,476196763,-1223631716,0.0,0.6000000238418579,5.651268005371094,0.0,0.0,0.0,0.0,5.651268005371094,0.0,26,31100,47.6196763,-122.3631716,3.6172906206028235
3559,1728408282.238,1,220,0,0,185,0,0,3,476196763,-1223631716,0.0,0.6000000238418579,5.651268005371094,0.0,0.0,0.0,0.0,5.651268005371094,0.0,26,31100,47.6196763,-122.3631716,3.6192544185960625
3560,1728408282.53,1,220,0,0,185,0,0,3,476196763,-1223631716,0.0,0.6000000238418579,5.651268005371094,0.0,0.0,0.0,0.0,5.651268005371094,0.0,26,31100,47.6196763,-122.3631716,3.601656779429968
3561,1728408283.0549998,1,220,0,0,185,0,0,3,476196657,-1223631959,0.0,0.6000000238418579,6.2446770668029785,0.0,0.0,0.0,0.0,6.2446770668029785,0.0,26,31200,47.6196657,-122.3631959,3.6159825535021453
3562,1728408283.304,1,220,0,0,185,0,0,3,476196657,-1223631959,0.0,0.6000000238418579,6.2446770668029785,0.0,0.0,0.0,0.0,6.2446770668029785,0.0,26,31200,47.6196657,-122.3631959,3.6337208068285434
3563,1728408283.585,1,220,0,0,185,0,0,3,476196818,-1223631784,0.0,0.6000000238418579,5.79523229598999,0.0,0.0,0.0,0.0,5.79523229598999,0.0,26,31100,47.6196818,-122.3631784,3.6140223035533716
3564,1728408283.817,1,220,0,0,185,0,0,3,476196818,-1223631784,0.0,0.6000000238418579,5.79523229598999,0.0,0.0,0.0,0.0,5.79523229598999,0.0,26,31100,47.6196818,-122.3631784,3.620564854364616
3565,1728408284.109,1,220,0,0,185,0,0,3,476196888,-1223631689,0.0,0.6000000238418579,5.8084259033203125,0.0,0.0,0.0,0.0,5.8084259033203125,0.0,26,31200,47.6196888,-122.3631689,3.6218760830461725
3566,1728408284.3439999,1,220,0,0,185,0,0,3,476196888,-1223631689,0.0,0.6000000238418579,5.8084259033203125,0.0,0.0,0.0,0.0,5.8084259033203125,0.0,26,31200,47.6196888,-122.3631689,3.631081973179469
3567,1728408284.618,1,220,0,0,185,0,0,3,476196928,-1223631631,0.0,0.6000000238418579,5.829604625701904,0.0,0.0,0.0,0.0,5.829604625701904,0.0,26,31200,47.6196928,-122.3631631,3.640997771157306
3568,1728408284.901,1,220,0,0,185,0,0,3,476196954,-1223631590,0.0,0.6000000238418579,5.835249423980713,0.0,0.0,0.0,0.0,5.835249423980713,0.0,26,31200,47.6196954,-122.363159,3.6304230599114877
3569,1728408285.138,1,220,0,0,185,0,0,3,476196954,-1223631590,0.0,0.6000000238418579,5.835249423980713,0.0,0.0,0.0,0.0,5.835249423980713,0.0,26,31200,47.6196954,-122.363159,3.644314924534089
3570,1728408285.4229999,1,220,0,0,185,0,0,3,476196924,-1223631641,0.0,0.6000000238418579,5.834404945373535,0.0,0.0,0.0,0.0,5.834404945373535,0.0,26,31200,47.6196924,-122.3631641,3.6376864932663664
3571,1728408285.671,1,220,0,0,185,0,0,3,476196924,-1223631641,0.0,0.6000000238418579,5.834404945373535,0.0,0.0,0.0,0.0,5.834404945373535,0.0,26,31200,47.6196924,-122.3631641,3.6396723473634096
3572,1728408285.937,1,220,0,0,185,0,0,3,476197089,-1223631427,0.0,0.6000000238418579,5.6090617179870605,0.0,0.0,0.0,0.0,5.6090617179870605,0.0,26,31200,47.6197089,-122.3631427,3.6376864932663664
3573,1728408286.21,1,220,0,0,185,0,0,3,476197089,-1223631427,0.0,0.6000000238418579,5.6090617179870605,0.0,0.0,0.0,0.0,5.6090617179870605,0.0,26,31200,47.6197089,-122.3631427,3.6529681001596686
3574,1728408286.4789999,1,220,0,0,185,0,0,3,476197129,-1223631334,0.0,0.6000000238418579,5.698485851287842,0.0,0.0,0.0,0.0,5.698485851287842,0.0,26,31200,47.6197129,-122.3631334,3.6463081827735553
3575,1728408286.707,1,220,0,0,185,0,0,3,476197129,-1223631334,0.0,0.6000000238418579,5.698485851287842,0.0,0.0,0.0,0.0,5.698485851287842,0.0,26,31200,47.6197129,-122.3631334,3.658313512363139
3576,1728408286.961,1,220,0,0,185,0,0,3,476197115,-1223631328,0.0,0.6000000238418579,5.71560001373291,0.0,0.0,0.0,0.0,5.71560001373291,0.0,26,31200,47.6197115,-122.3631328,3.6443147662118656
3577,1728408287.2129998,1,220,0,0,185,0,0,3,476197115,-1223631328,0.0,0.6000000238418579,5.71560001373291,0.0,0.0,0.0,0.0,5.71560001373291,0.0,26,31200,47.6197115,-122.3631328,3.668378642120456
3578,1728408287.4959998,1,220,0,0,185,0,0,3,476197082,-1223631366,0.0,0.6000000238418579,5.719906806945801,0.0,0.0,0.0,0.0,5.719906806945801,0.0,26,31200,47.6197082,-122.3631366,3.639672505282523
3579,1728408287.7259998,1,220,0,0,185,0,0,3,476197082,-1223631366,0.0,0.6000000238418579,5.719906806945801,0.0,0.0,0.0,0.0,5.719906806945801,0.0,26,31200,47.6197082,-122.3631366,3.649635023793565
3580,1728408288.0279999,1,220,0,0,185,0,0,3,476197082,-1223631366,0.0,0.6000000238418579,5.719906806945801,0.0,0.0,0.0,0.0,5.719906806945801,0.0,26,31200,47.6197082,-122.3631366,3.654302908602088
3581,1728408288.55,1,220,0,0,185,0,0,3,476197020,-1223631470,0.0,0.6000000238418579,6.312873840332031,0.0,0.0,0.0,0.0,6.312873840332031,0.0,26,31200,47.619702,-122.363147,3.658313512363139
3582,1728408288.8019998,1,220,0,0,185,0,0,3,476197020,-1223631470,0.0,0.6000000238418579,6.312873840332031,0.0,0.0,0.0,0.0,6.312873840332031,0.0,26,31200,47.619702,-122.363147,3.662332929085556
3583,1728408289.06,1,220,0,0,185,0,0,3,476196995,-1223631525,0.0,0.6000000238418579,6.0064921379089355,0.0,0.0,0.0,0.0,6.0064921379089355,0.0,26,31200,47.6196995,-122.3631525,3.6751195006335484
3584,1728408289.3019998,1,220,0,0,185,0,0,3,476196995,-1223631525,0.0,0.6000000238418579,6.0064921379089355,0.0,0.0,0.0,0.0,6.0064921379089355,0.0,26,31200,47.6196995,-122.3631525,3.676470549564461
3585,1728408289.576,1,220,0,0,185,0,0,3,476196982,-1223631556,0.0,0.6000000238418579,5.867484092712402,0.0,0.0,0.0,0.0,5.867484092712402,0.0,26,31200,47.6196982,-122.3631556,3.6609922490174127
3586,1728408289.832,1,220,0,0,185,0,0,3,476196982,-1223631556,0.0,0.6000000238418579,5.807131767272949,0.0,0.0,0.0,0.0,5.807131767272949,0.0,26,31200,47.6196982,-122.3631556,3.638348203808547
3587,1728408290.07,1,220,0,0,185,0,0,3,476196972,-1223631585,0.0,0.6000000238418579,5.807131767272949,0.0,0.0,0.0,0.0,5.807131767272949,0.0,26,31100,47.6196972,-122.3631585,3.6483034639626757
3588,1728408290.396,1,220,0,0,185,0,0,3,476196969,-1223631611,0.0,0.6000000238418579,5.754542827606201,0.0,0.0,0.0,0.0,5.754542827606201,0.0,26,31100,47.6196969,-122.3631611,3.6549706786982066
3589,1728408290.618,1,220,0,0,185,0,0,3,476196969,-1223631611,0.0,0.6000000238418579,5.754542827606201,0.0,0.0,0.0,0.0,5.754542827606201,0.0,26,31100,47.6196969,-122.3631611,3.6469728754096895
3590,1728408290.896,1,220,0,0,185,0,0,3,476196947,-1223631668,0.0,0.6000000238418579,5.746002674102783,0.0,0.0,0.0,0.0,5.746002674102783,0.0,26,31000,47.6196947,-122.3631668,3.6690515668640775
3591,1728408291.138,1,220,0,0,185,0,0,3,476196947,-1223631668,0.0,0.6000000238418579,5.746002674102783,0.0,0.0,0.0,0.0,5.746002674102783,0.0,26,31000,47.6196947,-122.3631668,3.66300363741163
3592,1728408291.398,1,220,0,0,185,0,0,3,476196947,-1223631668,0.0,0.6000000238418579,5.617672920227051,0.0,0.0,0.0,0.0,5.617672920227051,0.0,26,31000,47.6196947,-122.3631668,3.6656890893306247
3593,1728408291.652,1,220,0,0,185,0,0,3,476197009,-1223631590,0.0,0.6000000238418579,5.617672920227051,0.0,0.0,0.0,0.0,5.617672920227051,0.0,26,31000,47.6197009,-122.363159,3.6529681001596686
3594,1728408291.919,1,220,0,0,185,0,0,3,476197036,-1223631551,0.0,0.6000000238418579,5.575113296508789,0.0,0.0,0.0,0.0,5.575113296508789,0.0,26,31000,47.6197036,-122.3631551,3.6409976131231696
3595,1728408292.1699998,1,220,0,0,185,0,0,3,476197036,-1223631551,0.0,0.6000000238418579,5.575113296508789,0.0,0.0,0.0,0.0,5.575113296508789,0.0,26,31000,47.6197036,-122.3631551,3.6416606870284185
3596,1728408292.458,1,220,0,0,185,0,0,3,476197059,-1223631521,0.0,0.6000000238418579,5.542965888977051,0.0,0.0,0.0,0.0,5.542965888977051,0.0,26,31000,47.6197059,-122.3631521,3.644979048972749
3597,1728408292.695,1,220,0,0,185,0,0,3,476197059,-1223631521,0.0,0.6000000238418579,5.542965888977051,0.0,0.0,0.0,0.0,5.542965888977051,0.0,26,31000,47.6197059,-122.3631521,3.620564854364616
3598,1728408292.968,1,220,0,0,185,0,0,3,476197093,-1223631473,0.0,0.6000000238418579,5.549932479858398,0.0,0.0,0.0,0.0,5.549932479858398,0.0,26,31000,47.6197093,-122.3631473,3.6757949009535342
3599,1728408293.21,1,220,0,0,185,0,0,3,476197093,-1223631473,0.0,0.6000000238418579,5.549932479858398,0.0,0.0,0.0,0.0,5.549932479858398,0.0,26,31000,47.6197093,-122.3631473,3.640334938615678
3600,1728408293.4789999,1,220,0,0,185,0,0,3,476197093,-1223631473,0.0,0.6000000238418579,5.549932479858398,0.0,0.0,0.0,0.0,5.549932479858398,0.0,26,31000,47.6197093,-122.3631473,3.658313512363139
3601,1728408294.01,1,220,0,0,185,0,0,3,476197135,-1223631401,0.0,0.6000000238418579,6.002849578857422,0.0,0.0,0.0,0.0,6.002849578857422,0.0,26,31000,47.6197135,-122.3631401,3.648303622631656
3602,1728408294.258,1,220,0,0,185,0,0,3,476197135,-1223631401,0.0,0.6000000238418579,6.002849578857422,0.0,0.0,0.0,0.0,6.002849578857422,0.0,26,31000,47.6197135,-122.3631401,3.6212203500077984
3603,1728408294.5349998,1,220,0,0,185,0,0,3,476197117,-1223631428,0.0,0.6000000238418579,5.660635471343994,0.0,0.0,0.0,0.0,5.660635471343994,0.0,26,31100,47.6197117,-122.3631428,3.6304229027939896
3604,1728408294.7949998,1,220,0,0,185,0,0,3,476197117,-1223631428,0.0,0.6000000238418579,5.660635471343994,0.0,0.0,0.0,0.0,5.660635471343994,0.0,26,31100,47.6197117,-122.3631428,3.631741440136545
3605,1728408295.0679998,1,220,0,0,185,0,0,3,476197113,-1223631440,0.0,0.6000000238418579,5.538188457489014,0.0,0.0,0.0,0.0,5.538188457489014,0.0,26,31100,47.6197113,-122.363144,3.6370248656830646
3606,1728408295.319,1,220,0,0,185,0,0,3,476197113,-1223631440,0.0,0.6000000238418579,5.538188457489014,0.0,0.0,0.0,0.0,5.538188457489014,0.0,26,31100,47.6197113,-122.363144,3.646973033962953
3607,1728408295.5939999,1,220,0,0,185,0,0,3,476197113,-1223631447,0.0,0.6000000238418579,5.508493900299072,0.0,0.0,0.0,0.0,5.508493900299072,0.0,26,31100,47.6197113,-122.3631447,3.648303622631656
3608,1728408295.837,1,220,0,0,185,0,0,3,476197113,-1223631447,0.0,0.6000000238418579,5.539434909820557,0.0,0.0,0.0,0.0,5.539434909820557,0.0,26,31100,47.6197113,-122.3631447,3.633720964231625
3609,1728408296.112,1,220,0,0,185,0,0,3,476197124,-1223631433,0.0,0.6000000238418579,5.539434909820557,0.0,0.0,0.0,0.0,5.539434909820557,0.0,26,31100,47.6197124,-122.3631433,3.6284471263747835
3610,1728408296.363,1,220,0,0,185,0,0,3,476197124,-1223631433,0.0,0.6000000238418579,5.602442741394043,0.0,0.0,0.0,0.0,5.602442741394043,0.0,26,31100,47.6197124,-122.3631433,3.617944931088708
3611,1728408296.62,1,220,0,0,185,0,0,3,476197120,-1223631448,0.0,0.6000000238418579,5.602442741394043,0.0,0.0,0.0,0.0,5.602442741394043,0.0,26,31100,47.619712,-122.3631448,3.6363636363636362
3612,1728408296.921,1,220,0,0,185,0,0,3,476197120,-1223631448,0.0,0.6000000238418579,5.645720481872559,0.0,0.0,0.0,0.0,5.645720481872559,0.0,26,31100,47.619712,-122.3631448,3.6390101551304133
3613,1728408297.161,1,220,0,0,185,0,0,3,476197118,-1223631463,0.0,0.6000000238418579,5.645720481872559,0.0,0.0,0.0,0.0,5.645720481872559,0.0,26,31100,47.6197118,-122.3631463,3.647638127648428
3614,1728408297.4259999,1,220,0,0,185,0,0,3,476197126,-1223631457,0.0,0.6000000238418579,5.645364761352539,0.0,0.0,0.0,0.0,5.645364761352539,0.0,26,31100,47.6197126,-122.3631457,3.6596522308474633
3615,1728408297.669,1,220,0,0,185,0,0,3,476197126,-1223631457,0.0,0.6000000238418579,5.645364761352539,0.0,0.0,0.0,0.0,5.645364761352539,0.0,26,31100,47.6197126,-122.3631457,3.650301088849234
3616,1728408297.942,1,220,0,0,185,0,0,3,476197146,-1223631432,0.0,0.6000000238418579,5.6767988204956055,0.0,0.0,0.0,0.0,5.6767988204956055,0.0,26,31100,47.6197146,-122.3631432,3.646973033962953
3617,1728408298.1769998,1,220,0,0,185,0,0,3,476197146,-1223631432,0.0,0.6000000238418579,5.6767988204956055,0.0,0.0,0.0,0.0,5.6767988204956055,0.0,26,31100,47.6197146,-122.3631432,3.652967941084702
3618,1728408298.472,1,220,0,0,185,0,0,3,476197160,-1223631412,0.0,0.6000000238418579,5.7107696533203125,0.0,0.0,0.0,0.0,5.7107696533203125,0.0,26,31100,47.619716,-122.3631412,3.6396723473634096
3619,1728408298.722,1,220,0,0,185,0,0,3,476197160,-1223631412,0.0,0.6000000238418579,5.7107696533203125,0.0,0.0,0.0,0.0,5.7107696533203125,0.0,26,31100,47.619716,-122.3631412,3.642987243216351
3620,1728408299.007,1,220,0,0,185,0,0,3,476197160,-1223631412,0.0,0.6000000238418579,5.7107696533203125,0.0,0.0,0.0,0.0,5.7107696533203125,0.0,26,31100,47.619716,-122.3631412,3.638348203808547
3621,1728408299.51,1,220,0,0,185,0,0,3,476197182,-1223631389,0.0,0.6000000238418579,6.2555437088012695,0.0,0.0,0.0,0.0,6.2555437088012695,0.0,26,31100,47.6197182,-122.3631389,3.6489692017653677
3622,1728408299.754,1,220,0,0,185,0,0,3,476197182,-1223631389,0.0,0.6000000238418579,6.2555437088012695,0.0,0.0,0.0,0.0,6.2555437088012695,0.0,26,31100,47.6197182,-122.3631389,3.650967555966238
3623,1728408300.018,1,220,0,0,185,0,0,3,476197194,-1223631375,0.0,0.6000000238418579,5.938753128051758,0.0,0.0,0.0,0.0,5.938753128051758,0.0,26,31100,47.6197194,-122.3631375,3.6616624663324324
3624,1728408300.26,1,220,0,0,185,0,0,3,476197194,-1223631375,0.0,0.6000000238418579,5.938753128051758,0.0,0.0,0.0,0.0,5.938753128051758,0.0,26,31100,47.6197194,-122.3631375,3.644979048972749
3625,1728408300.547,1,220,0,0,185,0,0,3,476197209,-1223631352,0.0,0.6000000238418579,5.809056758880615,0.0,0.0,0.0,0.0,5.809056758880615,0.0,26,31000,47.6197209,-122.3631352,3.6456434155099497
3626,1728408300.803,1,220,0,0,185,0,0,3,476197209,-1223631352,0.0,0.6000000238418579,5.809056758880615,0.0,0.0,0.0,0.0,5.809056758880615,0.0,26,31000,47.6197209,-122.3631352,3.6529681001596686
3627,1728408301.069,1,220,0,0,185,0,0,3,476197220,-1223631334,0.0,0.6000000238418579,5.7723069190979,0.0,0.0,0.0,0.0,5.7723069190979,0.0,26,31100,47.619722,-122.3631334,3.63504174123386
3628,1728408301.332,1,220,0,0,185,0,0,3,476197220,-1223631334,0.0,0.6000000238418579,5.7723069190979,0.0,0.0,0.0,0.0,5.7723069190979,0.0,26,31100,47.619722,-122.3631334,3.6569756135158613
3629,1728408301.602,1,220,0,0,185,0,0,3,476197129,-1223631511,0.0,0.6000000238418579,5.712067127227783,0.0,0.0,0.0,0.0,5.712067127227783,0.0,26,31100,47.6197129,-122.3631511,3.6569756135158613
3630,1728408301.86,1,220,0,0,185,0,0,3,476197092,-1223631589,0.0,0.6000000238418579,5.747910499572754,0.0,0.0,0.0,0.0,5.747910499572754,0.0,26,31100,47.6197092,-122.3631589,3.6818851781900195
3631,1728408302.1009998,1,220,0,0,185,0,0,3,476197092,-1223631589,0.0,0.6000000238418579,5.747910499572754,0.0,0.0,0.0,0.0,5.747910499572754,0.0,26,31100,47.6197092,-122.3631589,3.6589829087547296
3632,1728408302.399,1,220,0,0,185,0,0,3,476197083,-1223631620,0.0,0.6000000238418579,5.740325927734375,0.0,0.0,0.0,0.0,5.740325927734375,0.0,26,31100,47.6197083,-122.363162,3.6596523905051206
3633,1728408302.623,1,220,0,0,185,0,0,3,476197083,-1223631620,0.0,0.6000000238418579,5.740325927734375,0.0,0.0,0.0,0.0,5.740325927734375,0.0,26,31100,47.6197083,-122.363162,3.650967555966238
3634,1728408302.9129999,1,220,0,0,185,0,0,3,476197099,-1223631618,0.0,0.6000000238418579,5.749017715454102,0.0,0.0,0.0,0.0,5.749017715454102,0.0,26,31100,47.6197099,-122.3631618,3.640334938615678
3635,1728408303.155,1,220,0,0,185,0,0,3,476197099,-1223631618,0.0,0.6000000238418579,5.749017715454102,0.0,0.0,0.0,0.0,5.749017715454102,0.0,26,31100,47.6197099,-122.3631618,3.642987243216351
3636,1728408303.4169998,1,220,0,0,185,0,0,3,476197121,-1223631604,0.0,0.6000000238418579,5.829476833343506,0.0,0.0,0.0,0.0,5.829476833343506,0.0,26,31000,47.6197121,-122.3631604,3.6264733425542026
3637,1728408303.679,1,220,0,0,185,0,0,3,476197121,-1223631604,0.0,0.6000000238418579,5.829476833343506,0.0,0.0,0.0,0.0,5.829476833343506,0.0,26,31000,47.6197121,-122.3631604,3.6159827093722297
3638,1728408303.941,1,220,0,0,185,0,0,3,476197192,-1223631511,0.0,0.6000000238418579,5.823982238769531,0.0,0.0,0.0,0.0,5.823982238769531,0.0,26,30900,47.6197192,-122.3631511,3.6199095959877323
3639,1728408304.191,1,220,0,0,185,0,0,3,476197192,-1223631511,0.0,0.6000000238418579,5.823982238769531,0.0,0.0,0.0,0.0,5.823982238769531,0.0,26,30900,47.6197192,-122.3631511,3.6264733425542026
3640,1728408304.439,1,220,0,0,185,0,0,3,476197192,-1223631511,0.0,0.6000000238418579,5.823982238769531,0.0,0.0,0.0,0.0,5.823982238769531,0.0,26,30900,47.6197192,-122.3631511,3.608154440183669
3641,1728408304.9759998,1,220,0,0,185,0,0,3,476197240,-1223631442,0.0,0.6000000238418579,6.438231468200684,0.0,0.0,0.0,0.0,6.438231468200684,0.0,26,30800,47.619724,-122.3631442,3.6192544185960625
3642,1728408305.2189999,1,220,0,0,185,0,0,3,476197240,-1223631442,0.0,0.6000000238418579,6.438231468200684,0.0,0.0,0.0,0.0,6.438231468200684,0.0,26,30800,47.619724,-122.3631442,3.649635023793565
3643,1728408305.4959998,1,220,0,0,185,0,0,3,476197257,-1223631413,0.0,0.6000000238418579,6.199246406555176,0.0,0.0,0.0,0.0,6.199246406555176,0.0,26,30800,47.6197257,-122.3631413,3.5945362210261873
3644,1728408305.754,1,220,0,0,185,0,0,3,476197257,-1223631413,0.0,0.6000000238418579,6.199246406555176,0.0,0.0,0.0,0.0,6.199246406555176,0.0,26,30800,47.6197257,-122.3631413,3.633720964231625
3645,1728408306.037,1,220,0,0,185,0,0,3,476197301,-1223631345,0.0,0.6000000238418579,6.114311695098877,0.0,0.0,0.0,0.0,6.114311695098877,0.0,26,30900,47.6197301,-122.3631345,3.6264733425542026
3646,1728408306.3179998,1,220,0,0,185,0,0,3,476197301,-1223631345,0.0,0.6000000238418579,6.114311695098877,0.0,0.0,0.0,0.0,6.114311695098877,0.0,26,30900,47.6197301,-122.3631345,3.600359992736281
3647,1728408306.6,1,220,0,0,185,0,0,3,476197312,-1223631320,0.0,0.6000000238418579,6.082716464996338,0.0,0.0,0.0,0.0,6.082716464996338,0.0,26,30900,47.6197312,-122.363132,3.616636546740109
3648,1728408306.8569999,1,220,0,0,185,0,0,3,476197312,-1223631320,0.0,0.6000000238418579,6.082716464996338,0.0,0.0,0.0,0.0,6.082716464996338,0.0,26,30900,47.6197312,-122.363132,3.6245017049434782
3649,1728408307.1169999,1,220,0,0,185,0,0,3,476197308,-1223631324,0.0,0.6000000238418579,6.017873287200928,0.0,0.0,0.0,0.0,6.017873287200928,0.0,26,30900,47.6197308,-122.3631324,3.6199095959877323
3650,1728408307.4029999,1,220,0,0,185,0,0,3,476197308,-1223631324,0.0,0.6000000238418579,5.900108337402344,0.0,0.0,0.0,0.0,5.900108337402344,0.0,26,30900,47.6197308,-122.3631324,3.6133694109958476
3651,1728408307.6269999,1,220,0,0,185,0,0,3,476197361,-1223631244,0.0,0.6000000238418579,5.900108337402344,0.0,0.0,0.0,0.0,5.900108337402344,0.0,26,30800,47.6197361,-122.3631244,3.5951823248480665
3652,1728408307.879,1,220,0,0,185,0,0,3,476197361,-1223631244,0.0,0.6000000238418579,5.900108337402344,0.0,0.0,0.0,0.0,5.900108337402344,0.0,26,30800,47.6197361,-122.3631244,3.608805449365887
3653,1728408308.187,1,220,0,0,185,0,0,3,476197316,-1223631320,0.0,0.6000000238418579,5.9199981689453125,0.0,0.0,0.0,0.0,5.9199981689453125,0.0,26,30800,47.6197316,-122.363132,3.6010081920432846
3654,1728408308.4169998,1,220,0,0,185,0,0,3,476197286,-1223631380,0.0,0.6000000238418579,5.9255805015563965,0.0,0.0,0.0,0.0,5.9255805015563965,0.0,26,30800,47.6197286,-122.363138,3.609456848818006
3655,1728408308.6699998,1,220,0,0,185,0,0,3,476197286,-1223631380,0.0,0.6000000238418579,5.9255805015563965,0.0,0.0,0.0,0.0,5.9255805015563965,0.0,26,30800,47.6197286,-122.363138,3.604253002456412
3656,1728408308.972,1,220,0,0,185,0,0,3,476197287,-1223631393,0.0,0.6000000238418579,5.91497802734375,0.0,0.0,0.0,0.0,5.91497802734375,0.0,26,30800,47.6197287,-122.3631393,3.6284469694282677
3657,1728408309.2089999,1,220,0,0,185,0,0,3,476197287,-1223631393,0.0,0.6000000238418579,5.91497802734375,0.0,0.0,0.0,0.0,5.91497802734375,0.0,26,30800,47.6197287,-122.3631393,3.6357026474301026
3658,1728408309.4589999,1,220,0,0,185,0,0,3,476197308,-1223631376,0.0,0.6000000238418579,5.938547134399414,0.0,0.0,0.0,0.0,5.938547134399414,0.0,26,30800,47.6197308,-122.3631376,3.640334938615678
3659,1728408309.7159998,1,220,0,0,185,0,0,3,476197308,-1223631376,0.0,0.6000000238418579,5.938547134399414,0.0,0.0,0.0,0.0,5.938547134399414,0.0,26,30800,47.6197308,-122.3631376,3.6443147662118656
3660,1728408309.974,1,220,0,0,185,0,0,3,476197308,-1223631376,0.0,0.6000000238418579,5.938547134399414,0.0,0.0,0.0,0.0,5.938547134399414,0.0,26,30800,47.6197308,-122.3631376,3.6771464466032695
3661,1728408310.539,1,220,0,0,185,0,0,3,476197369,-1223631301,0.0,0.6000000238418579,6.532907485961914,0.0,0.0,0.0,0.0,6.532907485961914,0.0,26,30800,47.6197369,-122.3631301,3.63504174123386
3662,1728408310.761,1,220,0,0,185,0,0,3,476197369,-1223631301,0.0,0.6000000238418579,6.532907485961914,0.0,0.0,0.0,0.0,6.532907485961914,0.0,26,30800,47.6197369,-122.3631301,3.6218760830461725
3663,1728408311.05,1,220,0,0,185,0,0,3,476197205,-1223631668,0.0,0.6000000238418579,6.077732086181641,0.0,0.0,0.0,0.0,6.077732086181641,0.0,26,30800,47.6197205,-122.3631668,3.6596523905051206
3664,1728408311.2949998,1,220,0,0,185,0,0,3,476197205,-1223631668,0.0,0.6000000238418579,6.077732086181641,0.0,0.0,0.0,0.0,6.077732086181641,0.0,26,30800,47.6197205,-122.3631668,3.643650883797114
3665,1728408311.586,1,220,0,0,185,0,0,3,476197234,-1223631648,0.0,0.6000000238418579,6.106353759765625,0.0,0.0,0.0,0.0,6.106353759765625,0.0,26,30800,47.6197234,-122.3631648,3.643650883797114
3666,1728408311.83,1,220,0,0,185,0,0,3,476197234,-1223631648,0.0,0.6000000238418579,6.106353759765625,0.0,0.0,0.0,0.0,6.106353759765625,0.0,26,30800,47.6197234,-122.3631648,3.620564854364616
3667,1728408312.1009998,1,220,0,0,185,0,0,3,476197240,-1223631658,0.0,0.6000000238418579,6.079636096954346,0.0,0.0,0.0,0.0,6.079636096954346,0.0,26,30800,47.619724,-122.3631658,3.6218760830461725
3668,1728408312.3509998,1,220,0,0,185,0,0,3,476197240,-1223631658,0.0,0.6000000238418579,6.079636096954346,0.0,0.0,0.0,0.0,6.079636096954346,0.0,26,30800,47.619724,-122.3631658,3.6029543458710895
3669,1728408312.605,1,220,0,0,185,0,0,3,476197244,-1223631665,0.0,0.6000000238418579,6.130619049072266,0.0,0.0,0.0,0.0,6.130619049072266,0.0,26,30800,47.6197244,-122.3631665,3.6127167542928156
3670,1728408312.842,1,220,0,0,185,0,0,3,476197244,-1223631665,0.0,0.6000000238418579,6.130619049072266,0.0,0.0,0.0,0.0,6.130619049072266,0.0,26,30800,47.6197244,-122.3631665,3.6120643333164972
3671,1728408313.129,1,220,0,0,185,0,0,3,476197262,-1223631655,0.0,0.6000000238418579,6.1604228019714355,0.0,0.0,0.0,0.0,6.1604228019714355,0.0,26,30800,47.6197262,-122.3631655,3.642323844337459
3672,1728408313.401,1,220,0,0,185,0,0,3,476197212,-1223631766,0.0,0.6000000238418579,6.137106418609619,0.0,0.0,0.0,0.0,6.137106418609619,0.0,26,30800,47.6197212,-122.3631766,3.6245017049434782
3673,1728408313.652,1,220,0,0,185,0,0,3,476197212,-1223631766,0.0,0.6000000238418579,6.137106418609619,0.0,0.0,0.0,0.0,6.137106418609619,0.0,26,30800,47.6197212,-122.3631766,3.6264733425542026
3674,1728408313.906,1,220,0,0,185,0,0,3,476197241,-1223631744,0.0,0.6000000238418579,6.1332244873046875,0.0,0.0,0.0,0.0,6.1332244873046875,0.0,26,30800,47.6197241,-122.3631744,3.631741440136545
3675,1728408314.159,1,220,0,0,185,0,0,3,476197241,-1223631744,0.0,0.6000000238418579,6.1332244873046875,0.0,0.0,0.0,0.0,6.1332244873046875,0.0,26,30800,47.6197241,-122.3631744,3.651634107534223
3676,1728408314.4959998,1,220,0,0,185,0,0,3,476197262,-1223631730,0.0,0.6000000238418579,6.134156227111816,0.0,0.0,0.0,0.0,6.134156227111816,0.0,26,30800,47.6197262,-122.363173,3.644314924534089
3677,1728408314.731,1,220,0,0,185,0,0,3,476197262,-1223631730,0.0,0.6000000238418579,6.134156227111816,0.0,0.0,0.0,0.0,6.134156227111816,0.0,26,30800,47.6197262,-122.363173,3.6337208068285434
3678,1728408315.01,1,220,0,0,185,0,0,3,476197279,-1223631719,0.0,0.6000000238418579,6.13423490524292,0.0,0.0,0.0,0.0,6.13423490524292,0.0,26,30800,47.6197279,-122.3631719,3.6483034639626757
3679,1728408315.2519999,1,220,0,0,185,0,0,3,476197279,-1223631719,0.0,0.6000000238418579,6.13423490524292,0.0,0.0,0.0,0.0,6.13423490524292,0.0,26,30800,47.6197279,-122.3631719,3.639672505282523
3680,1728408315.511,1,220,0,0,185,0,0,3,476197279,-1223631719,0.0,0.6000000238418579,6.13423490524292,0.0,0.0,0.0,0.0,6.13423490524292,0.0,26,30800,47.6197279,-122.3631719,3.629764071618172
3681,1728408316.03,1,220,0,0,185,0,0,3,476197284,-1223631731,0.0,0.6000000238418579,6.6970953941345215,0.0,0.0,0.0,0.0,6.6970953941345215,0.0,26,30800,47.6197284,-122.3631731,3.644314924534089
3682,1728408316.2789998,1,220,0,0,185,0,0,3,476197284,-1223631731,0.0,0.6000000238418579,6.6970953941345215,0.0,0.0,0.0,0.0,6.6970953941345215,0.0,26,30800,47.6197284,-122.3631731,3.625815943962123
3683,1728408316.5649998,1,220,0,0,185,0,0,3,476197284,-1223631745,0.0,0.6000000238418579,6.326225757598877,0.0,0.0,0.0,0.0,6.326225757598877,0.0,26,30800,47.6197284,-122.3631745,3.6324009893894638
3684,1728408316.8019998,1,220,0,0,185,0,0,3,476197284,-1223631745,0.0,0.6000000238418579,6.326225757598877,0.0,0.0,0.0,0.0,6.326225757598877,0.0,26,30800,47.6197284,-122.3631745,3.606852971112526
3685,1728408317.063,1,220,0,0,185,0,0,3,476197289,-1223631755,0.0,0.6000000238418579,6.165853500366211,0.0,0.0,0.0,0.0,6.165853500366211,0.0,26,30800,47.6197289,-122.3631755,3.611411992462908
3686,1728408317.3179998,1,220,0,0,185,0,0,3,476197289,-1223631755,0.0,0.6000000238418579,6.165853500366211,0.0,0.0,0.0,0.0,6.165853500366211,0.0,26,30800,47.6197289,-122.3631755,3.6616623064993417
3687,1728408317.605,1,220,0,0,185,0,0,3,476197344,-1223631691,0.0,0.6000000238418579,6.034215927124023,0.0,0.0,0.0,0.0,6.034215927124023,0.0,26,30800,47.6197344,-122.3631691,3.6556388521969088
3688,1728408317.833,1,220,0,0,185,0,0,3,476197344,-1223631691,0.0,0.6000000238418579,6.034215927124023,0.0,0.0,0.0,0.0,6.034215927124023,0.0,26,30800,47.6197344,-122.3631691,3.6596523905051206
3689,1728408318.1,1,220,0,0,185,0,0,3,476197282,-1223631823,0.0,0.6000000238418579,5.9099016189575195,0.0,0.0,0.0,0.0,5.9099016189575195,0.0,26,30800,47.6197282,-122.3631823,3.6563071106749936
3690,1728408318.352,1,220,0,0,185,0,0,3,476197282,-1223631823,0.0,0.6000000238418579,5.873226165771484,0.0,0.0,0.0,0.0,5.873226165771484,0.0,26,30800,47.6197282,-122.3631823,3.6589827491554807
3691,1728408318.6169999,1,220,0,0,185,0,0,3,476197397,-1223631678,0.0,0.6000000238418579,5.873226165771484,0.0,0.0,0.0,0.0,5.873226165771484,0.0,26,30800,47.6197397,-122.3631678,3.644314924534089
3692,1728408318.9169998,1,220,0,0,185,0,0,3,476197315,-1223631830,0.0,0.6000000238418579,5.877013683319092,0.0,0.0,0.0,0.0,5.877013683319092,0.0,26,30800,47.6197315,-122.363183,3.648969043038489
3693,1728408319.158,1,220,0,0,185,0,0,3,476197315,-1223631830,0.0,0.6000000238418579,5.877013683319092,0.0,0.0,0.0,0.0,5.877013683319092,0.0,26,30800,47.6197315,-122.363183,3.602305445803232
3694,1728408319.451,1,220,0,0,185,0,0,3,476197296,-1223631874,0.0,0.6000000238418579,5.941725730895996,0.0,0.0,0.0,0.0,5.941725730895996,0.0,26,30800,47.6197296,-122.3631874,3.647638127648428
3695,1728408319.697,1,220,0,0,185,0,0,3,476197296,-1223631874,0.0,0.6000000238418579,5.941725730895996,0.0,0.0,0.0,0.0,5.941725730895996,0.0,26,30800,47.6197296,-122.3631874,3.6284471263747835
3696,1728408319.958,1,220,0,0,185,0,0,3,476197300,-1223631888,0.0,0.6000000238418579,6.007432460784912,0.0,0.0,0.0,0.0,6.007432460784912,0.0,26,30800,47.61973,-122.3631888,3.644979048972749
3697,1728408320.202,1,220,0,0,185,0,0,3,476197300,-1223631888,0.0,0.6000000238418579,6.007432460784912,0.0,0.0,0.0,0.0,6.007432460784912,0.0,26,30800,47.61973,-122.3631888,3.656307270040913
3698,1728408320.475,1,220,0,0,185,0,0,3,476197316,-1223631880,0.0,0.6000000238418579,6.047779560089111,0.0,0.0,0.0,0.0,6.047779560089111,0.0,26,30800,47.6197316,-122.363188,3.61990943977892
3699,1728408320.722,1,220,0,0,185,0,0,3,476197316,-1223631880,0.0,0.6000000238418579,6.047779560089111,0.0,0.0,0.0,0.0,6.047779560089111,0.0,26,30800,47.6197316,-122.363188,3.629105479521808
3700,1728408320.977,1,220,0,0,185,0,0,3,476197316,-1223631880,0.0,0.6000000238418579,6.047779560089111,0.0,0.0,0.0,0.0,6.047779560089111,0.0,26,30800,47.6197316,-122.363188,3.62713097957608
3701,1728408321.518,1,220,0,0,185,0,0,3,476197466,-1223631689,0.0,0.6000000238418579,6.6933441162109375,0.0,0.0,0.0,0.0,6.6933441162109375,0.0,26,30800,47.6197466,-122.3631689,3.608805449365887
3702,1728408321.76,1,220,0,0,185,0,0,3,476197466,-1223631689,0.0,0.6000000238418579,6.6933441162109375,0.0,0.0,0.0,0.0,6.6933441162109375,0.0,26,30800,47.6197466,-122.3631689,3.6443147662118656
3703,1728408322.1169999,1,220,0,0,185,0,0,3,476197498,-1223631635,0.0,0.6000000238418579,6.406879425048828,0.0,0.0,0.0,0.0,6.406879425048828,0.0,26,30800,47.6197498,-122.3631635,3.64365104206166
3704,1728408322.2849998,1,220,0,0,185,0,0,3,476197498,-1223631635,0.0,0.6000000238418579,6.406879425048828,0.0,0.0,0.0,0.0,6.406879425048828,0.0,26,30800,47.6197498,-122.3631635,3.654302908602088
3705,1728408322.5749998,1,220,0,0,185,0,0,3,476197534,-1223631571,0.0,0.6000000238418579,6.275146007537842,0.0,0.0,0.0,0.0,6.275146007537842,0.0,26,30800,47.6197534,-122.3631571,3.6549708379476464
3706,1728408322.8049998,1,220,0,0,185,0,0,3,476197534,-1223631571,0.0,0.6000000238418579,6.275146007537842,0.0,0.0,0.0,0.0,6.275146007537842,0.0,26,30800,47.6197534,-122.3631571,3.649635023793565
3707,1728408323.0749998,1,220,0,0,185,0,0,3,476197563,-1223631517,0.0,0.6000000238418579,6.209037780761719,0.0,0.0,0.0,0.0,6.209037780761719,0.0,26,30800,47.6197563,-122.3631517,3.6396723473634096
3708,1728408323.358,1,220,0,0,185,0,0,3,476197563,-1223631517,0.0,0.6000000238418579,6.209037780761719,0.0,0.0,0.0,0.0,6.209037780761719,0.0,26,30800,47.6197563,-122.3631517,3.6489692017653677
3709,1728408323.6109998,1,220,0,0,185,0,0,3,476197586,-1223631475,0.0,0.6000000238418579,6.15973424911499,0.0,0.0,0.0,0.0,6.15973424911499,0.0,26,30800,47.6197586,-122.3631475,3.6409976131231696
3710,1728408323.866,1,220,0,0,185,0,0,3,476197586,-1223631475,0.0,0.6000000238418579,6.15973424911499,0.0,0.0,0.0,0.0,6.15973424911499,0.0,26,30800,47.6197586,-122.3631475,3.639672505282523
3711,1728408324.159,1,220,0,0,185,0,0,3,476197594,-1223631455,0.0,0.6000000238418579,6.152116775512695,0.0,0.0,0.0,0.0,6.152116775512695,0.0,26,30800,47.6197594,-122.3631455,3.642987243216351
3712,1728408324.405,1,220,0,0,185,0,0,3,476197625,-1223631403,0.0,0.6000000238418579,6.183966159820557,0.0,0.0,0.0,0.0,6.183966159820557,0.0,26,30900,47.6197625,-122.3631403,3.61336956664073
3713,1728408324.6469998,1,220,0,0,185,0,0,3,476197625,-1223631403,0.0,0.6000000238418579,6.183966159820557,0.0,0.0,0.0,0.0,6.183966159820557,0.0,26,30900,47.6197625,-122.3631403,3.6948087207374565
3714,1728408324.924,1,220,0,0,185,0,0,3,476197625,-1223631403,0.0,0.6000000238418579,6.220788478851318,0.0,0.0,0.0,0.0,6.220788478851318,0.0,26,30900,47.6197625,-122.3631403,3.6363636363636362
3715,1728408325.169,1,220,0,0,185,0,0,3,476197646,-1223631366,0.0,0.6000000238418579,6.220788478851318,0.0,0.0,0.0,0.0,6.220788478851318,0.0,26,31000,47.6197646,-122.3631366,3.648969043038489
3716,1728408325.438,1,220,0,0,185,0,0,3,476197595,-1223631453,0.0,0.6000000238418579,6.201228141784668,0.0,0.0,0.0,0.0,6.201228141784668,0.0,26,31000,47.6197595,-122.3631453,3.63504174123386
3717,1728408325.697,1,220,0,0,185,0,0,3,476197595,-1223631453,0.0,0.6000000238418579,6.201228141784668,0.0,0.0,0.0,0.0,6.201228141784668,0.0,26,31000,47.6197595,-122.3631453,3.6192544185960625
3718,1728408325.9559999,1,220,0,0,185,0,0,3,476197604,-1223631448,0.0,0.6000000238418579,6.212817192077637,0.0,0.0,0.0,0.0,6.212817192077637,0.0,26,31000,47.6197604,-122.3631448,3.657644520336085
3719,1728408326.215,1,220,0,0,185,0,0,3,476197604,-1223631448,0.0,0.6000000238418579,6.212817192077637,0.0,0.0,0.0,0.0,6.212817192077637,0.0,26,31000,47.6197604,-122.3631448,3.646308024278096
3720,1728408326.472,1,220,0,0,185,0,0,3,476197604,-1223631448,0.0,0.6000000238418579,6.212817192077637,0.0,0.0,0.0,0.0,6.212817192077637,0.0,26,31000,47.6197604,-122.3631448,3.643650883797114
3721,1728408327.008,1,220,0,0,185,0,0,3,476197604,-1223631448,0.0,0.6000000238418579,6.748807907104492,0.0,0.0,0.0,0.0,6.748807907104492,0.0,26,30900,47.6197604,-122.3631448,3.651634107534223
3722,1728408327.2949998,1,220,0,0,185,0,0,3,476197515,-1223631615,0.0,0.6000000238418579,6.748807907104492,0.0,0.0,0.0,0.0,6.748807907104492,0.0,26,30900,47.6197515,-122.3631615,3.6324009893894638
3723,1728408327.53,1,220,0,0,185,0,0,3,476197547,-1223631591,0.0,0.6000000238418579,6.497325420379639,0.0,0.0,0.0,0.0,6.497325420379639,0.0,26,30900,47.6197547,-122.3631591,3.635702489855292
3724,1728408327.7849998,1,220,0,0,185,0,0,3,476197547,-1223631591,0.0,0.6000000238418579,6.497325420379639,0.0,0.0,0.0,0.0,6.497325420379639,0.0,26,30900,47.6197547,-122.3631591,3.62713097957608
3725,1728408328.056,1,220,0,0,185,0,0,3,476197528,-1223631642,0.0,0.6000000238418579,6.387149333953857,0.0,0.0,0.0,0.0,6.387149333953857,0.0,26,30900,47.6197528,-122.3631642,3.617944931088708
3726,1728408328.307,1,220,0,0,185,0,0,3,476197528,-1223631642,0.0,0.6000000238418579,6.387149333953857,0.0,0.0,0.0,0.0,6.387149333953857,0.0,26,30900,47.6197528,-122.3631642,3.6284471263747835
3727,1728408328.6009998,1,220,0,0,185,0,0,3,476197537,-1223631648,0.0,0.6000000238418579,6.320024490356445,0.0,0.0,0.0,0.0,6.320024490356445,0.0,26,30900,47.6197537,-122.3631648,3.623845020920054
3728,1728408328.826,1,220,0,0,185,0,0,3,476197537,-1223631648,0.0,0.6000000238418579,6.320024490356445,0.0,0.0,0.0,0.0,6.320024490356445,0.0,26,30900,47.6197537,-122.3631648,3.638348203808547
3729,1728408329.096,1,220,0,0,185,0,0,3,476197447,-1223631839,0.0,0.6000000238418579,6.232112884521484,0.0,0.0,0.0,0.0,6.232112884521484,0.0,26,30900,47.6197447,-122.3631839,3.633060778243268
3730,1728408329.355,1,220,0,0,185,0,0,3,476197447,-1223631839,0.0,0.6000000238418579,6.232112884521484,0.0,0.0,0.0,0.0,6.232112884521484,0.0,26,30900,47.6197447,-122.3631839,3.644979048972749
3731,1728408329.636,1,220,0,0,185,0,0,3,476197422,-1223631910,0.0,0.6000000238418579,6.2712507247924805,0.0,0.0,0.0,0.0,6.2712507247924805,0.0,26,31000,47.6197422,-122.363191,3.6062026661095254
3732,1728408329.911,1,220,0,0,185,0,0,3,476197422,-1223631910,0.0,0.6000000238418579,6.255643844604492,0.0,0.0,0.0,0.0,6.255643844604492,0.0,26,31000,47.6197422,-122.363191,3.6337208068285434
3733,1728408330.148,1,220,0,0,185,0,0,3,476197429,-1223631926,0.0,0.6000000238418579,6.255643844604492,0.0,0.0,0.0,0.0,6.255643844604492,0.0,26,31100,47.6197429,-122.3631926,3.6199095959877323
3734,1728408330.438,1,220,0,0,185,0,0,3,476197429,-1223631926,0.0,0.6000000238418579,6.219705581665039,0.0,0.0,0.0,0.0,6.219705581665039,0.0,26,31100,47.6197429,-122.3631926,3.6291053225183334
3735,1728408330.697,1,220,0,0,185,0,0,3,476197444,-1223631926,0.0,0.6000000238418579,6.219705581665039,0.0,0.0,0.0,0.0,6.219705581665039,0.0,26,31200,47.6197444,-122.3631926,3.6212203500077984
3736,1728408330.9499998,1,220,0,0,185,0,0,3,476197432,-1223631968,0.0,0.6000000238418579,6.221748352050781,0.0,0.0,0.0,0.0,6.221748352050781,0.0,26,31200,47.6197432,-122.3631968,3.631082130354019
3737,1728408331.2159998,1,220,0,0,185,0,0,3,476197432,-1223631968,0.0,0.6000000238418579,6.221748352050781,0.0,0.0,0.0,0.0,6.221748352050781,0.0,26,31200,47.6197432,-122.3631968,3.6403347806390753
3738,1728408331.4529998,1,220,0,0,185,0,0,3,476197449,-1223631966,0.0,0.6000000238418579,6.233491897583008,0.0,0.0,0.0,0.0,6.233491897583008,0.0,26,31100,47.6197449,-122.3631966,3.6238448643714087
3739,1728408331.72,1,220,0,0,185,0,0,3,476197449,-1223631966,0.0,0.6000000238418579,6.233491897583008,0.0,0.0,0.0,0.0,6.233491897583008,0.0,26,31100,47.6197449,-122.3631966,3.615328952557203
3740,1728408331.9589999,1,220,0,0,185,0,0,3,476197449,-1223631966,0.0,0.6000000238418579,6.233491897583008,0.0,0.0,0.0,0.0,6.233491897583008,0.0,26,31100,47.6197449,-122.3631966,3.6075036658362296
3741,1728408332.554,1,220,0,0,185,0,0,3,476197484,-1223631936,0.0,0.6000000238418579,6.772318363189697,0.0,0.0,0.0,0.0,6.772318363189697,0.0,26,31100,47.6197484,-122.3631936,3.642987243216351
3742,1728408332.799,1,220,0,0,185,0,0,3,476197484,-1223631936,0.0,0.6000000238418579,6.772318363189697,0.0,0.0,0.0,0.0,6.772318363189697,0.0,26,31100,47.6197484,-122.3631936,3.644314924534089
3743,1728408333.0549998,1,220,0,0,185,0,0,3,476197519,-1223631897,0.0,0.6000000238418579,6.401194095611572,0.0,0.0,0.0,0.0,6.401194095611572,0.0,26,31100,47.6197519,-122.3631897,3.6159827093722297
3744,1728408333.296,1,220,0,0,185,0,0,3,476197519,-1223631897,0.0,0.6000000238418579,6.401194095611572,0.0,0.0,0.0,0.0,6.401194095611572,0.0,26,31100,47.6197519,-122.3631897,3.642323844337459
3745,1728408333.579,1,220,0,0,185,0,0,3,476197556,-1223631853,0.0,0.6000000238418579,6.243265628814697,0.0,0.0,0.0,0.0,6.243265628814697,0.0,26,31300,47.6197556,-122.3631853,3.629105479521808
3746,1728408333.8149998,1,220,0,0,185,0,0,3,476197556,-1223631853,0.0,0.6000000238418579,6.243265628814697,0.0,0.0,0.0,0.0,6.243265628814697,0.0,26,31300,47.6197556,-122.3631853,3.6212203500077984
3747,1728408334.095,1,220,0,0,185,0,0,3,476197587,-1223631815,0.0,0.6000000238418579,6.248098373413086,0.0,0.0,0.0,0.0,6.248098373413086,0.0,26,31399,47.6197587,-122.3631815,3.6403347806390753
3748,1728408334.345,1,220,0,0,185,0,0,3,476197587,-1223631815,0.0,0.6000000238418579,6.248098373413086,0.0,0.0,0.0,0.0,6.248098373413086,0.0,26,31399,47.6197587,-122.3631815,3.599064139529911
3749,1728408334.628,1,220,0,0,185,0,0,3,476197613,-1223631784,0.0,0.6000000238418579,6.300273418426514,0.0,0.0,0.0,0.0,6.300273418426514,0.0,26,31399,47.6197613,-122.3631784,3.6231884183164556
3750,1728408334.899,1,220,0,0,185,0,0,3,476197527,-1223631953,0.0,0.6000000238418579,6.201981544494629,0.0,0.0,0.0,0.0,6.201981544494629,0.0,26,31399,47.6197527,-122.3631953,3.6127167542928156
3751,1728408335.126,1,220,0,0,185,0,0,3,476197527,-1223631953,0.0,0.6000000238418579,6.201981544494629,0.0,0.0,0.0,0.0,6.201981544494629,0.0,26,31399,47.6197527,-122.3631953,3.6489692017653677
3752,1728408335.399,1,220,0,0,185,0,0,3,476197527,-1223631953,0.0,0.6000000238418579,6.201981544494629,0.0,0.0,0.0,0.0,6.201981544494629,0.0,26,31399,47.6197527,-122.3631953,3.639010312992069
3753,1728408335.679,1,220,0,0,185,0,0,3,476197500,-1223632015,0.0,0.6000000238418579,6.156684875488281,0.0,0.0,0.0,0.0,6.156684875488281,0.0,26,31399,47.61975,-122.3632015,3.6277888551574917
3754,1728408335.929,1,220,0,0,185,0,0,3,476197520,-1223632001,0.0,0.6000000238418579,6.169311046600342,0.0,0.0,0.0,0.0,6.169311046600342,0.0,26,31399,47.619752,-122.3632001,3.6350418987514006
3755,1728408336.208,1,220,0,0,185,0,0,3,476197520,-1223632001,0.0,0.6000000238418579,6.169311046600342,0.0,0.0,0.0,0.0,6.169311046600342,0.0,26,31399,47.619752,-122.3632001,3.625815787243145
3756,1728408336.4729998,1,220,0,0,185,0,0,3,476197556,-1223631963,0.0,0.6000000238418579,6.207189083099365,0.0,0.0,0.0,0.0,6.207189083099365,0.0,26,31399,47.6197556,-122.3631963,3.6140223035533716
3757,1728408336.71,1,220,0,0,185,0,0,3,476197556,-1223631963,0.0,0.6000000238418579,6.207189083099365,0.0,0.0,0.0,0.0,6.207189083099365,0.0,26,31399,47.6197556,-122.3631963,3.629764071618172
3758,1728408337.01,1,220,0,0,185,0,0,3,476197572,-1223631950,0.0,0.6000000238418579,6.274723529815674,0.0,0.0,0.0,0.0,6.274723529815674,0.0,26,31500,47.6197572,-122.363195,3.642323844337459
3759,1728408337.24,1,220,0,0,185,0,0,3,476197572,-1223631950,0.0,0.6000000238418579,6.274723529815674,0.0,0.0,0.0,0.0,6.274723529815674,0.0,26,31500,47.6197572,-122.363195,3.644314924534089
3760,1728408337.495,1,220,0,0,185,0,0,3,476197572,-1223631950,0.0,0.6000000238418579,6.274723529815674,0.0,0.0,0.0,0.0,6.274723529815674,0.0,26,31500,47.6197572,-122.363195,3.6563071106749936
3761,1728408338.0349998,1,220,0,0,185,0,0,3,476197650,-1223631852,0.0,0.6000000238418579,6.888933181762695,0.0,0.0,0.0,0.0,6.888933181762695,0.0,26,31600,47.619765,-122.3631852,3.6146755878506753
3762,1728408338.2949998,1,220,0,0,185,0,0,3,476197650,-1223631852,0.0,0.6000000238418579,6.888933181762695,0.0,0.0,0.0,0.0,6.888933181762695,0.0,26,31600,47.619765,-122.3631852,3.6370248656830646
3763,1728408338.5679998,1,220,0,0,185,0,0,3,476197676,-1223631812,0.0,0.6000000238418579,6.579004287719727,0.0,0.0,0.0,0.0,6.579004287719727,0.0,26,31700,47.6197676,-122.3631812,3.6390101551304133
3764,1728408338.7979999,1,220,0,0,185,0,0,3,476197676,-1223631812,0.0,0.6000000238418579,6.579004287719727,0.0,0.0,0.0,0.0,6.579004287719727,0.0,26,31700,47.6197676,-122.3631812,3.6370248656830646
3765,1728408339.095,1,220,0,0,185,0,0,3,476197703,-1223631770,0.0,0.6000000238418579,6.536924362182617,0.0,0.0,0.0,0.0,6.536924362182617,0.0,26,31800,47.6197703,-122.363177,3.644979048972749
3766,1728408339.349,1,220,0,0,185,0,0,3,476197703,-1223631770,0.0,0.6000000238418579,6.536924362182617,0.0,0.0,0.0,0.0,6.536924362182617,0.0,26,31800,47.6197703,-122.363177,3.642987243216351
3767,1728408339.605,1,220,0,0,185,0,0,3,476197688,-1223631794,0.0,0.6000000238418579,6.54994010925293,0.0,0.0,0.0,0.0,6.54994010925293,0.0,26,32000,47.6197688,-122.3631794,3.633060935589173
3768,1728408339.836,1,220,0,0,185,0,0,3,476197688,-1223631794,0.0,0.6000000238418579,6.54994010925293,0.0,0.0,0.0,0.0,6.54994010925293,0.0,26,32000,47.6197688,-122.3631794,3.6563071106749936
3769,1728408340.116,1,220,0,0,185,0,0,3,476197591,-1223631991,0.0,0.6000000238418579,6.475393772125244,0.0,0.0,0.0,0.0,6.475393772125244,0.0,26,32000,47.6197591,-122.3631991,3.646973033962953
3770,1728408340.369,1,220,0,0,185,0,0,3,476197591,-1223631991,0.0,0.6000000238418579,6.475393772125244,0.0,0.0,0.0,0.0,6.475393772125244,0.0,26,32000,47.6197591,-122.3631991,3.640334938615678
3771,1728408340.659,1,220,0,0,185,0,0,3,476197522,-1223632133,0.0,0.6000000238418579,6.487310409545898,0.0,0.0,0.0,0.0,6.487310409545898,0.0,26,31800,47.6197522,-122.3632133,3.1928479300194295
3772,1728408340.898,1,220,0,0,185,0,0,3,476197522,-1223632133,0.0,0.6000000238418579,6.487310409545898,0.0,0.0,0.0,0.0,6.487310409545898,0.0,26,31800,47.6197522,-122.3632133,3.1959091670189164
3773,1728408341.175,1,220,0,0,185,0,0,3,476197461,-1223632267,0.0,0.6000000238418579,6.494400501251221,0.0,0.0,0.0,0.0,6.494400501251221,0.0,26,31600,47.6197461,-122.3632267,3.209757567991287
3774,1728408341.428,1,220,0,0,185,0,0,3,476197461,-1223632267,0.0,0.6000000238418579,6.5243916511535645,0.0,0.0,0.0,0.0,6.5243916511535645,0.0,26,31600,47.6197461,-122.3632267,3.184713390304997
3775,1728408341.695,1,220,0,0,185,0,0,3,476197441,-1223632323,0.0,0.6000000238418579,6.5243916511535645,0.0,0.0,0.0,0.0,6.5243916511535645,0.0,26,31500,47.6197441,-122.3632323,3.20564201015719
3776,1728408341.9629998,1,220,0,0,185,0,0,3,476197460,-1223632319,0.0,0.6000000238418579,6.57347297668457,0.0,0.0,0.0,0.0,6.57347297668457,0.0,26,31800,47.619746,-122.3632319,3.198464726194393
3777,1728408342.215,1,220,0,0,185,0,0,3,476197460,-1223632319,0.0,0.6000000238418579,6.57347297668457,0.0,0.0,0.0,0.0,6.57347297668457,0.0,26,31800,47.619746,-122.3632319,3.197953336215146
3778,1728408342.48,1,220,0,0,185,0,0,3,476197493,-1223632289,0.0,0.6000000238418579,6.58782434463501,0.0,0.0,0.0,0.0,6.58782434463501,0.0,26,32000,47.6197493,-122.3632289,3.1887754723848607
3779,1728408342.724,1,220,0,0,185,0,0,3,476197493,-1223632289,0.0,0.6000000238418579,6.58782434463501,0.0,0.0,0.0,0.0,6.58782434463501,0.0,26,32000,47.6197493,-122.3632289,3.2076985303129057
3780,1728408342.9889998,1,220,0,0,185,0,0,3,476197493,-1223632289,0.0,0.6000000238418579,6.58782434463501,0.0,0.0,0.0,0.0,6.58782434463501,0.0,26,32000,47.6197493,-122.3632289,3.194888183780963
3781,1728408344.299,1,220,0,0,185,0,0,3,476197546,-1223632229,0.0,0.6000000238418579,7.691157817840576,0.0,0.0,0.0,0.0,7.691157817840576,0.0,26,32000,47.6197546,-122.3632229,3.2237266299641427
3782,1728408344.553,1,220,0,0,185,0,0,3,476197599,-1223632159,0.0,0.6000000238418579,7.043468952178955,0.0,0.0,0.0,0.0,7.043468952178955,0.0,26,32000,47.6197599,-122.3632159,3.194888183780963
3783,1728408344.799,1,220,0,0,185,0,0,3,476197599,-1223632159,0.0,0.6000000238418579,7.043468952178955,0.0,0.0,0.0,0.0,7.043468952178955,0.0,26,32000,47.6197599,-122.3632159,3.20512820022973
3784,1728408345.0779998,1,220,0,0,185,0,0,3,476197623,-1223632127,0.0,0.6000000238418579,6.757254600524902,0.0,0.0,0.0,0.0,6.757254600524902,0.0,26,32000,47.6197623,-122.3632127,3.1862354879733648
3785,1728408345.3339999,1,220,0,0,185,0,0,3,476197623,-1223632127,0.0,0.6000000238418579,6.757254600524902,0.0,0.0,0.0,0.0,6.757254600524902,0.0,26,32000,47.6197623,-122.3632127,3.1959092887773273
3786,1728408345.602,1,220,0,0,185,0,0,3,476197631,-1223632122,0.0,0.6000000238418579,6.656757354736328,0.0,0.0,0.0,0.0,6.656757354736328,0.0,26,32000,47.6197631,-122.3632122,3.2035880029207515
3787,1728408345.859,1,220,0,0,185,0,0,3,476197631,-1223632122,0.0,0.6000000238418579,6.656757354736328,0.0,0.0,0.0,0.0,6.656757354736328,0.0,26,32000,47.6197631,-122.3632122,3.1959092887773273
3788,1728408346.108,1,220,0,0,185,0,0,3,476197670,-1223632073,0.0,0.6000000238418579,6.567104339599609,0.0,0.0,0.0,0.0,6.567104339599609,0.0,26,32000,47.619767,-122.3632073,3.2046146774085043
3789,1728408346.3509998,1,220,0,0,185,0,0,3,476197670,-1223632073,0.0,0.6000000238418579,6.567104339599609,0.0,0.0,0.0,0.0,6.567104339599609,0.0,26,32000,47.619767,-122.3632073,3.187251068675685
3790,1728408346.629,1,220,0,0,185,0,0,3,476197643,-1223632122,0.0,0.6000000238418579,6.475179672241211,0.0,0.0,0.0,0.0,6.475179672241211,0.0,26,32000,47.6197643,-122.3632122,3.0637254355914303
3791,1728408346.863,1,220,0,0,185,0,0,3,476197643,-1223632122,0.0,0.6000000238418579,6.475179672241211,0.0,0.0,0.0,0.0,6.475179672241211,0.0,26,32000,47.6197643,-122.3632122,3.667033372568504
3792,1728408347.158,1,220,0,0,185,0,0,3,476197643,-1223632130,0.0,0.6000000238418579,6.48681116104126,0.0,0.0,0.0,0.0,6.48681116104126,0.0,26,32000,47.6197643,-122.363213,3.648303622631656
3793,1728408347.415,1,220,0,0,185,0,0,3,476197643,-1223632130,0.0,0.6000000238418579,6.509880542755127,0.0,0.0,0.0,0.0,6.509880542755127,0.0,26,32000,47.6197643,-122.363213,3.6476382862595407
3794,1728408347.705,1,220,0,0,185,0,0,3,476197655,-1223632124,0.0,0.6000000238418579,6.509880542755127,0.0,0.0,0.0,0.0,6.509880542755127,0.0,26,32000,47.6197655,-122.3632124,3.649635023793565
3795,1728408347.9529998,1,220,0,0,185,0,0,3,476197553,-1223632335,0.0,0.6000000238418579,6.478037357330322,0.0,0.0,0.0,0.0,6.478037357330322,0.0,26,31900,47.6197553,-122.3632335,3.652967941084702
3796,1728408348.2059999,1,220,0,0,185,0,0,3,476197553,-1223632335,0.0,0.6000000238418579,6.478037357330322,0.0,0.0,0.0,0.0,6.478037357330322,0.0,26,31900,47.6197553,-122.3632335,3.639010312992069
3797,1728408348.4729998,1,220,0,0,185,0,0,3,476197523,-1223632406,0.0,0.6000000238418579,6.563377380371094,0.0,0.0,0.0,0.0,6.563377380371094,0.0,26,31900,47.6197523,-122.3632406,3.642987243216351
3798,1728408348.721,1,220,0,0,185,0,0,3,476197523,-1223632406,0.0,0.6000000238418579,6.563377380371094,0.0,0.0,0.0,0.0,6.563377380371094,0.0,26,31900,47.6197523,-122.3632406,3.6350418987514006
3799,1728408348.9989998,1,220,0,0,185,0,0,3,476197523,-1223632406,0.0,0.6000000238418579,6.563377380371094,0.0,0.0,0.0,0.0,6.563377380371094,0.0,26,31900,47.6197523,-122.3632406,3.6317412829049123
3800,1728408349.517,1,220,0,0,185,0,0,3,476197566,-1223632365,0.0,0.6000000238418579,7.401449680328369,0.0,0.0,0.0,0.0,7.401449680328369,0.0,26,32000,47.6197566,-122.3632365,3.6284469694282677
3801,1728408349.753,1,220,0,0,185,0,0,3,476197566,-1223632365,0.0,0.6000000238418579,7.401449680328369,0.0,0.0,0.0,0.0,7.401449680328369,0.0,26,32000,47.6197566,-122.3632365,3.6357026474301026
3802,1728408350.0349998,1,220,0,0,185,0,0,3,476197612,-1223632315,0.0,0.6000000238418579,7.16074275970459,0.0,0.0,0.0,0.0,7.16074275970459,0.0,26,31900,47.6197612,-122.3632315,3.6363636363636362
3803,1728408350.2819998,1,220,0,0,185,0,0,3,476197612,-1223632315,0.0,0.6000000238418579,7.16074275970459,0.0,0.0,0.0,0.0,7.16074275970459,0.0,26,31900,47.6197612,-122.3632315,3.648303622631656
3804,1728408350.5579998,1,220,0,0,185,0,0,3,476197657,-1223632263,0.0,0.6000000238418579,7.097731113433838,0.0,0.0,0.0,0.0,7.097731113433838,0.0,26,31900,47.6197657,-122.3632263,3.6757949009535342
3805,1728408350.809,1,220,0,0,185,0,0,3,476197657,-1223632263,0.0,0.6000000238418579,7.097731113433838,0.0,0.0,0.0,0.0,7.097731113433838,0.0,26,31900,47.6197657,-122.3632263,3.3439223175608612
3806,1728408351.0979998,1,220,0,0,185,0,0,3,476197582,-1223632414,0.0,0.6000000238418579,7.0353169441223145,0.0,0.0,0.0,0.0,7.0353169441223145,0.0,26,31900,47.6197582,-122.3632414,3.352891783468452
3807,1728408351.349,1,220,0,0,185,0,0,3,476197582,-1223632414,0.0,0.6000000238418579,7.0353169441223145,0.0,0.0,0.0,0.0,7.0353169441223145,0.0,26,31900,47.6197582,-122.3632414,3.3506449424166616
3808,1728408351.61,1,220,0,0,185,0,0,3,476197565,-1223632455,0.0,0.6000000238418579,7.145901679992676,0.0,0.0,0.0,0.0,7.145901679992676,0.0,26,31900,47.6197565,-122.3632455,2.928257719386286
3809,1728408351.858,1,220,0,0,185,0,0,3,476197565,-1223632455,0.0,0.6000000238418579,7.145901679992676,0.0,0.0,0.0,0.0,7.145901679992676,0.0,26,31900,47.6197565,-122.3632455,2.9620852670561706
3810,1728408352.141,1,220,0,0,185,0,0,3,476197594,-1223632426,0.0,0.6000000238418579,7.237920761108398,0.0,0.0,0.0,0.0,7.237920761108398,0.0,26,31900,47.6197594,-122.3632426,3.0609121893488704
3811,1728408352.3639998,1,220,0,0,185,0,0,3,476197594,-1223632426,0.0,0.6000000238418579,7.237920761108398,0.0,0.0,0.0,0.0,7.237920761108398,0.0,26,31900,47.6197594,-122.3632426,3.0543678117142754
3812,1728408352.658,1,220,0,0,185,0,0,3,476197633,-1223632380,0.0,0.6000000238418579,7.305373191833496,0.0,0.0,0.0,0.0,7.305373191833496,0.0,26,31900,47.6197633,-122.363238,3.069367694977897
3813,1728408352.8969998,1,220,0,0,185,0,0,3,476197633,-1223632380,0.0,0.6000000238418579,7.355009078979492,0.0,0.0,0.0,0.0,7.355009078979492,0.0,26,31900,47.6197633,-122.363238,3.0651340548177837
3814,1728408353.146,1,220,0,0,185,0,0,3,476197675,-1223632327,0.0,0.6000000238418579,7.355009078979492,0.0,0.0,0.0,0.0,7.355009078979492,0.0,26,31900,47.6197675,-122.3632327,3.069367694977897
3815,1728408353.934,1,220,0,0,185,0,0,3,476197751,-1223632226,0.0,0.6000000238418579,7.885207653045654,0.0,0.0,0.0,0.0,7.885207653045654,0.0,26,32000,47.6197751,-122.3632226,3.0755036037941514
3816,1728408354.171,1,220,0,0,185,0,0,3,476197751,-1223632226,0.0,0.6000000238418579,7.885207653045654,0.0,0.0,0.0,0.0,7.885207653045654,0.0,26,32000,47.6197751,-122.3632226,3.0764496984303946
3817,1728408354.442,1,220,0,0,185,0,0,3,476197751,-1223632226,0.0,0.6000000238418579,7.885207653045654,0.0,0.0,0.0,0.0,7.885207653045654,0.0,26,32000,47.6197751,-122.3632226,3.087372681330526
3818,1728408355.5509999,1,220,0,0,185,0,0,3,476197630,-1223632441,0.0,0.6000000238418579,8.551684379577637,0.0,0.0,0.0,0.0,8.551684379577637,0.0,26,31900,47.619763,-122.3632441,3.071253031672326
3819,1728408355.751,1,220,0,0,185,0,0,3,476197630,-1223632441,0.0,0.6000000238418579,8.551684379577637,0.0,0.0,0.0,0.0,8.551684379577637,0.0,26,31900,47.619763,-122.3632441,3.0731407984824446
3820,1728408356.0509999,1,220,0,0,185,0,0,3,476197698,-1223632361,0.0,0.6000000238418579,8.158477783203125,0.0,0.0,0.0,0.0,8.158477783203125,0.0,26,31900,47.6197698,-122.3632361,2.653575714063966
3821,1728408356.3009999,1,220,0,0,185,0,0,3,476197698,-1223632361,0.0,0.6000000238418579,8.158477783203125,0.0,0.0,0.0,0.0,8.158477783203125,0.0,26,31900,47.6197698,-122.3632361,2.6420078661121917
3822,1728408356.5509999,1,220,0,0,185,0,0,3,476197750,-1223632292,0.0,0.6000000238418579,7.963005065917969,0.0,0.0,0.0,0.0,7.963005065917969,0.0,26,31900,47.619775,-122.3632292,2.2535211267605635
3823,1728408356.807,1,220,0,0,185,0,0,3,476197750,-1223632292,0.0,0.6000000238418579,7.963005065917969,0.0,0.0,0.0,0.0,7.963005065917969,0.0,26,31900,47.619775,-122.3632292,2.2454249303227263
3824,1728408357.074,1,220,0,0,185,0,0,3,476197915,-1223632117,0.0,0.6000000238418579,7.8212199211120605,0.0,0.0,0.0,0.0,7.8212199211120605,0.0,26,32000,47.6197915,-122.3632117,2.244165185445755
3825,1728408357.312,1,220,0,0,185,0,0,3,476197915,-1223632117,0.0,0.6000000238418579,7.8212199211120605,0.0,0.0,0.0,0.0,7.8212199211120605,0.0,26,32000,47.6197915,-122.3632117,2.386065386878661
3826,1728408357.599,1,220,0,0,185,0,0,3,476198008,-1223631977,0.0,0.6000000238418579,7.75227689743042,0.0,0.0,0.0,0.0,7.75227689743042,0.0,26,32000,47.6198008,-122.3631977,2.3705108349050112
3827,1728408357.827,1,220,0,0,185,0,0,3,476198008,-1223631977,0.0,0.6000000238418579,7.75227689743042,0.0,0.0,0.0,0.0,7.75227689743042,0.0,26,32000,47.6198008,-122.3631977,2.3789698876798084
3828,1728408358.122,1,220,0,0,185,0,0,3,476197878,-1223632220,0.0,0.6000000238418579,7.55046272277832,0.0,0.0,0.0,0.0,7.55046272277832,0.0,26,31900,47.6197878,-122.363222,2.6448029495045406
3829,1728408358.366,1,220,0,0,185,0,0,3,476197878,-1223632220,0.0,0.6000000238418579,7.55046272277832,0.0,0.0,0.0,0.0,7.55046272277832,0.0,26,31900,47.6197878,-122.363222,2.626740187098148
3830,1728408359.678,1,220,0,0,185,0,0,3,476197881,-1223632187,0.0,0.6000000238418579,8.75484561920166,0.0,0.0,0.0,0.0,8.75484561920166,0.0,26,31800,47.6197881,-122.3632187,2.630540601825196
3831,1728408359.934,1,220,0,0,185,0,0,3,476197881,-1223632187,0.0,0.6000000238418579,8.75484561920166,0.0,0.0,0.0,0.0,8.75484561920166,0.0,26,31800,47.6197881,-122.3632187,2.6298487770992263
3832,1728408361.533,1,220,0,0,185,0,0,3,476197968,-1223632048,0.0,0.6000000238418579,9.699338912963867,0.0,0.0,0.0,0.0,9.699338912963867,0.0,26,31700,47.6197968,-122.3632048,2.6263952691993095
3833,1728408361.804,1,220,0,0,185,0,0,3,476197968,-1223632048,0.0,0.6000000238418579,9.699338912963867,0.0,0.0,0.0,0.0,9.699338912963867,0.0,26,31700,47.6197968,-122.3632048,2.62536097661858
3834,1728408362.0579998,1,220,0,0,185,0,0,3,476198029,-1223631945,0.0,0.6000000238418579,8.977055549621582,0.0,0.0,0.0,0.0,8.977055549621582,0.0,26,31700,47.6198029,-122.3631945,2.6360879996141056
3835,1728408362.316,1,220,0,0,185,0,0,3,476198029,-1223631945,0.0,0.6000000238418579,8.977055549621582,0.0,0.0,0.0,0.0,8.977055549621582,0.0,26,31700,47.6198029,-122.3631945,2.6315789803903855
3836,1728408362.608,1,220,0,0,185,0,0,3,476197960,-1223632042,0.0,0.6000000238418579,8.390982627868652,0.0,0.0,0.0,0.0,8.390982627868652,0.0,26,31700,47.619796,-122.3632042,2.6322716332538625
3837,1728408362.849,1,220,0,0,185,0,0,3,476197960,-1223632042,0.0,0.6000000238418579,8.390982627868652,0.0,0.0,0.0,0.0,8.390982627868652,0.0,26,31700,47.619796,-122.3632042,2.6288117632366887
3838,1728408363.113,1,220,0,0,185,0,0,3,476197944,-1223632050,0.0,0.6000000238418579,8.172815322875977,0.0,0.0,0.0,0.0,8.172815322875977,0.0,26,31700,47.6197944,-122.363205,2.4624476793479695
3839,1728408363.365,1,220,0,0,185,0,0,3,476197944,-1223632050,0.0,0.6000000238418579,8.172815322875977,0.0,0.0,0.0,0.0,8.172815322875977,0.0,26,31700,47.6197944,-122.363205,2.4597220387142977
3840,1728408363.6539998,1,220,0,0,185,0,0,3,476197968,-1223632005,0.0,0.6000000238418579,8.092996597290039,0.0,0.0,0.0,0.0,8.092996597290039,0.0,26,31700,47.6197968,-122.3632005,2.8248587875027713
3841,1728408363.906,1,220,0,0,185,0,0,3,476197968,-1223632005,0.0,0.6000000238418579,8.092996597290039,0.0,0.0,0.0,0.0,8.092996597290039,0.0,26,31700,47.6197968,-122.3632005,2.8172982200990053
3842,1728408364.166,1,220,0,0,185,0,0,3,476197965,-1223631995,0.0,0.6000000238418579,8.012153625488281,0.0,0.0,0.0,0.0,8.012153625488281,0.0,26,31800,47.6197965,-122.3631995,3.491620157075723
3843,1728408364.425,1,220,0,0,185,0,0,3,476197965,-1223631995,0.0,0.6000000238418579,7.982305526733398,0.0,0.0,0.0,0.0,7.982305526733398,0.0,26,31800,47.6197965,-122.3631995,3.493449839853509
3844,1728408364.661,1,220,0,0,185,0,0,3,476198006,-1223631929,0.0,0.6000000238418579,7.982305526733398,0.0,0.0,0.0,0.0,7.982305526733398,0.0,26,31800,47.6198006,-122.3631929,3.4782608695652173
3845,1728408364.912,1,220,0,0,185,0,0,3,476198006,-1223631929,0.0,0.6000000238418579,7.982305526733398,0.0,0.0,0.0,0.0,7.982305526733398,0.0,26,31800,47.6198006,-122.3631929,3.4812881459359115
3846,1728408365.197,1,220,0,0,185,0,0,3,476198056,-1223631852,0.0,0.6000000238418579,7.9630818367004395,0.0,0.0,0.0,0.0,7.9630818367004395,0.0,26,31700,47.6198056,-122.3631852,3.484320665959558
3847,1728408365.435,1,220,0,0,185,0,0,3,476198056,-1223631852,0.0,0.6000000238418579,7.9630818367004395,0.0,0.0,0.0,0.0,7.9630818367004395,0.0,26,31700,47.6198056,-122.3631852,3.4535687584192134
3848,1728408366.244,1,220,0,0,185,0,0,3,476198139,-1223631718,0.0,0.6000000238418579,8.44139289855957,0.0,0.0,0.0,0.0,8.44139289855957,0.0,26,31600,47.6198139,-122.3631718,3.4357316405164333
3849,1728408366.497,1,220,0,0,185,0,0,3,476198009,-1223631953,0.0,0.6000000238418579,7.701425075531006,0.0,0.0,0.0,0.0,7.701425075531006,0.0,26,31500,47.6198009,-122.3631953,3.4071551265758484
3850,1728408366.758,1,220,0,0,185,0,0,3,476198009,-1223631953,0.0,0.6000000238418579,7.701425075531006,0.0,0.0,0.0,0.0,7.701425075531006,0.0,26,31500,47.6198009,-122.3631953,3.403675919961905
3851,1728408367.033,1,220,0,0,185,0,0,3,476197988,-1223631967,0.0,0.6000000238418579,7.6647233963012695,0.0,0.0,0.0,0.0,7.6647233963012695,0.0,26,31300,47.6197988,-122.3631967,3.3694344395668576
3852,1728408367.261,1,220,0,0,185,0,0,3,476197988,-1223631967,0.0,0.6000000238418579,7.6647233963012695,0.0,0.0,0.0,0.0,7.6647233963012695,0.0,26,31300,47.6197988,-122.3631967,3.337612339835662
3853,1728408367.5289998,1,220,0,0,185,0,0,3,476198000,-1223631931,0.0,0.6000000238418579,7.546813488006592,0.0,0.0,0.0,0.0,7.546813488006592,0.0,26,31300,47.6198,-122.3631931,3.300330107447702
3854,1728408367.8079998,1,220,0,0,185,0,0,3,476198000,-1223631931,0.0,0.6000000238418579,7.546813488006592,0.0,0.0,0.0,0.0,7.546813488006592,0.0,26,31300,47.6198,-122.3631931,3.235294253768399
3855,1728408368.0609999,1,220,0,0,185,0,0,3,476198028,-1223631872,0.0,0.6000000238418579,7.382717132568359,0.0,0.0,0.0,0.0,7.382717132568359,0.0,26,31200,47.6198028,-122.3631872,0.0
